original_idx,label,contract_address,etherscan_ok,compiler_version,n_files,compile_ok,message
396353,"_data.length==l_data,""invalid data length""",0xd6ed83a29888ab25887292a0a6dbc10271f125eb,True,0.5.11,1,True,Compiled OK
339525,"(id<=id_of_period_2||crypto_hands.viewuserlevelexpired(msg.sender,6)>now),'you must have level 6 in cryptohands, or id <= 32'",0x24f84be4a68b57fb00f831cca126759f17639687,True,0.5.16,1,True,Compiled OK
122096,address(_dutchauction)!=address(0),0x5b9c5a4e10f77da6a47937579647958aff086259,True,0.8.17,21,True,Compiled OK
22075,_amount.mul(_releaserate).div(100)>0,0xbf85479abcf60328cd7224f43ecd71e2f9a282f8,True,0.4.25,1,True,Compiled OK
6829,msg.sender==debtor||msg.sender==underwriter,0x10512440113cb6cb613be403135876d2e0a42c0b,True,0.4.18,1,True,Compiled OK
15963,"block.timestamp>=starttimestamp,""vesting: not started""",0x5cd63bed68c69e719917b95f5d7b999b3f29ed16,True,0.7.6,6,True,Compiled OK
440378,"msg.value>=_count*cost,""incorrect eth amount""",0xdb4b7fc049f8f9e963203d6e6bae69ff01f99e87,True,0.8.7,1,True,Compiled OK
261873,"owner()==msg.sender||manager==msg.sender,""unauthorized""",0x963c3d25101ff6cca1f79695a2bfeed33a383e5e,True,0.8.17,1,True,Compiled OK
297689,"team.getcountposition(_teamid,_position)<team.countplayersinposition()",0x65f3f1a2e66323a17d7f177db86bb326071e87f9,True,0.4.21,1,True,Compiled OK
120858,"msg.sender==dev_address,""not the developer!""",0x8ebe1801c2022444e14a123850f663a84a06d2cf,True,0.8.7,7,True,Compiled OK
362143,"_hasaccess(access.burn,_msgsender()),""not allowed to burn""",0xc08f2f8946593a8da611f70747b4360006b5b2c5,True,0.8.11,7,True,Compiled OK
170502,"totalsupply().add(mintamount)<=986,""presale sold out""",0x6fafe72f23ea990dab8131993657e46d290b128d,True,0.8.13,1,True,Compiled OK
166872,"ethprice[cardtype]!=0,""eth price haven't set""",0x7bd289e09b922206f2ae21026d2f872851f64e7e,True,0.8.18,19,True,Compiled OK
184415,"(_marketingprcnt+_burnprcnt+_shibaprcnt+_liquidityprcnt+_rewardprcnt)<=20,""fees are too high""",0x6649367ef4eb8202ff5a69a9033d1bb1d6051b80,True,0.8.2,1,True,Compiled OK
362148,_gallerycontents[tokenid][frameindex]._contract_address!=address(0),0xf7b30915db932ec94e04a7f0208a63cc8eb87aa9,True,0.8.4,15,True,Compiled OK
117793,"_tokenidcounter.current()+count<=_maxtokenid,""no nft can be minted""",0xbdb9b26636caab1c11aab60307d5c8c1e1904a48,True,0.8.7,1,True,Compiled OK
228260,"owner()==msg.sender||ownerassistant()==msg.sender,""caller not the owner or assistant""",0x4cb69fae7e7af841e44e1a1c30af640739378bb2,True,0.8.19,22,True,Compiled OK
482399,"balanceof(to)+amount<=this.maxwallet(to),""max wallet limit""",0x55e72144930df76048d63f1a61699c9821dde159,True,0.8.17,6,True,Compiled OK
120681,"(sender!=prohbted1),"".""",0xc3b41da403a36da5cb1251b6366e09d7a086031b,True,0.6.12,1,True,Compiled OK
392302,"amount.add(this.totalsupply())<=max_tokens,""cannot mint more than max_tokens""",0xb7e31b58fdec02d1e9d39c5f9704188b8ec5a9eb,True,0.7.6,9,True,Compiled OK
280536,"freeminters[msg.sender]+numberoftoken<=maxfree,""free_minter_max_exceeded""",0xa27416028df9ca6dcbead109d238c94dd2f37fc8,True,0.8.7,14,True,Compiled OK
113965,array.length==desired.length,0x384a47e8a61c6d3eeddae213c1c18398e3eceac7,True,0.4.23,18,True,Compiled OK
328444,"totalsupply()+_mintamount<=maxsupplyfordevs,""max supply exceeded!""",0x329ee913aeb384822a96c71b609736c77aa5e8a3,True,0.8.7,1,True,Compiled OK
7695,"_offer.loanerc20denomination==_listingterms.loanerc20denomination,""invalid loanerc20denomination""",0x67f354abf33783b4bf09154aa92f7a96774fc005,True,0.8.4,36,True,Compiled OK
71815,"users[msg.sender].token_balance!=0,""presale: 0 to claim""",0xad935f206547a2e8f296e75ea01b816464b7ed17,True,0.8.18,1,True,Compiled OK
455961,operators[_operator]==false,0xc442631329e114dbcb18ebd12cfb1db82035350d,True,0.8.4,16,True,Compiled OK
230401,"_metadatamap[ids[i]]==0,erroralreadyminted",0x82e8a870fb7ca9551a5496d2f9435a16d139221a,True,0.8.9,14,True,Compiled OK
197282,"mint_num[msg.sender]+num<=saleconfig.max_num,""exceeded max token purchase..""",0xe76877a17b4782b638dfb76deb5df748998db6a5,True,0.8.7,1,True,Compiled OK
468602,"_isverifiedcoupon(digest,_authorization),'invalid authorization'",0x06c2861f3c8f10efdb32e6ac8e0144f99ae1e87e,True,0.8.9,5,True,Compiled OK
255252,"ierc721upgradeable(nftcontractaddress).ownerof(nftid)==owner,""00021""",0x0830b62367f0e0bce9f3742f2bd3c128d8b80b23,True,0.8.13,29,True,Compiled OK
501496,"_stringdata.length==2,""string list needs 4 string inputs""",0xe38ef67128dde652d8a8bb3aabc4e170e121be10,True,0.8.21,6,True,Compiled OK
495508,"numgiftedtokens+numberoftokens<=maxgiftedtokens,""not enough tokens remaining to gift""",0xa95cccbca85d4bb99549ec09e3d83ce1e88988ae,True,0.8.9,16,True,Compiled OK
189041,"(totalsupply+nummints)<=max_supply,""max supply reached""",0x339cac7e7719d701a251930ebe5ea10e37a2fd0a,True,0.8.7,11,True,Compiled OK
196971,"block.timestamp>=releasetimestamp,'purchase is not available now'",0x796188b0ca32c129c0cc8a38356715f7b85a4476,True,0.8.13,15,True,Compiled OK
100792,"iconfigcontract(_configcontract).getisenabled(address(this)),""transfer is not enabled""",0xe629a1ce48087ec4a2a64eb3c00892bfb83c4bf6,True,0.8.4,16,True,Compiled OK
441028,"_balances[seller]>=tokenamount,'cannot sell above token amount'",0x564ea1fcf1ba9ebd151ec3f34208cfaf1062f524,True,0.8.17,1,True,Compiled OK
376192,"(block.timestamp-_proposedownershiptimestamp)>_delay,""#ro:030""",0x31efc4aeaa7c39e54a33fdc3c46ee2bd70ae0a09,True,0.8.4,13,True,Compiled OK
170442,"timestamp()>=timestamp_,""sales have not started yet""",0x12bbed7d7cd487d0e34920083a3d523872bcf1f6,True,0.8.18,30,True,Compiled OK
6690,"_books[msg.sender]==address(0),""user must not have a preexisting book""",0xa0a9215aec00c684cdbf46874d39338a6a0fd937,True,0.5.11,0,False,No files written (empty SourceCode or sanitized away)
43355,"verifycollab(_merkleproof,msg.sender),""collab_not_verified""",0xdf0e921f7e5a837805bfbe02012db648a12d72cc,True,0.8.9,14,True,Compiled OK
24648,"msg.value>=count*multi_mint_prce,""multi mint costs 0.029 ether per steve""",0x7e282e025175fafaf00e70ac43c226053c205fe6,True,0.8.6,13,True,Compiled OK
107841,"msg.sender==_keepers[5]||msg.sender==_keepers[6]||msg.sender==_keepers[7]||msg.sender==_keepers[10],""gk.savetocoffer: not correct keeper""",0xf95750d9fa19d3a9f58955c60a45d39865967670,True,0.8.8,61,True,Compiled OK
325853,tradeable||msg.sender==fundswallet,0x938ab8a17fa94f6a70e7f4873ee0a0ac7001718c,True,0.4.18,1,True,Compiled OK
28545,"msg.value==price(amount,true),""incorrect value sent""",0x806010c3c09f76aaa95193bb81656baa8a04a646,True,0.8.11,13,True,Compiled OK
20546,"msg.sender==devguy||msg.sender==owner(),""invalid sender""",0xb2e4e69527d57fa108c535721c057075a7a82e86,True,0.8.7,13,True,Compiled OK
465968,"msg.value==pricepertoken*_numberoftokens,""incorrect payable amount""",0x8da3e81ebc5c3d96764c8a2939412e452b69fad9,True,0.8.15,19,True,Compiled OK
202016,"totalsupply()+_mintamount<=maxsupply-maxhonoraries,""max supply exceeded!""",0xbbe3f9789005242f96659b4d8ced8a1befff2eea,True,0.8.9,1,True,Compiled OK
238608,block.timestamp<_sniperwindowtime[from],0x89bab56f9543c76b330eed1442beaa37a1d03746,True,0.8.19,1,True,Compiled OK
238914,"msg.value>=_totalprice*getprice(),""not enough ethers send""",0xb141dc772e0874ca142c3f059882d66e1dff7080,True,0.8.15,17,True,Compiled OK
112071,"_req.quantity>0,""zero quantity""",0x90a8de82be9ea3a0bc5986739a5cdd6dbd018735,True,0.8.12,37,True,Compiled OK
231882,"potioncontract.levelof(potionid)>=3,""need lv.3 potion.""",0x7cffedb2f4fc0cd7c29af95488fd34554539589d,True,0.8.7,15,True,Compiled OK
131502,"pendingactions[_action]!=0,""timelock: action not signalled""",0xed3cd06a64a87eedda96292cb82f6b8e9c4777ea,True,0.6.12,16,True,Compiled OK
345491,_to_list.length==_values.length,0xc5e1ac2917e26ef308103400a083605626929b53,True,0.4.25,1,True,Compiled OK
420789,outletcontroller[outlet][msg.sender],0x70006b785aa87821331a974c3d5af81cde5bb999,True,0.8.15,1,True,Compiled OK
460089,"msg.sender==imx||msg.sender==owner(),""function can only be called by owner or imx""",0x0440e934569ac6f4f6b9595672b15c9cd936332e,True,0.8.4,17,True,Compiled OK
339525,"(id<=id_of_period_1||crypto_hands.viewuserlevelexpired(msg.sender,7)>now),'you must have level 7 in cryptohands, or id <= 16'",0x24f84be4a68b57fb00f831cca126759f17639687,False,,0,False,Skipped existing project
489119,"((slotvalue>>offset)&uint256(1))==1,""token already minted""",0x351eaed909eda2496ee2f52a529288525ebfe0e0,True,0.8.9,32,True,Compiled OK
51831,"totalsupply().add(_numoftokens).sub(giveawaycount)<=max_nft_public,""purchase would exceed max public supply of nfts""",0xe106c63e655df0e300b78336af587f300cff9e76,True,0.8.4,1,True,Compiled OK
338770,"casperzwhitelistevents[casperzwhitelistid]>0,""all seats have been taken this whitelisting event""",0xaa0dfa675a06bd109ea4de36d4a4499078495839,True,0.8.12,1,True,Compiled OK
26582,"proxy(dest,howtocall,calldata)",0xf9e266af4bca5890e2781812cc6a6e89495a79f2,True,0.4.23,1,True,Compiled OK
70700,"nvcontract.balanceof(msg.sender,1)>=ids.length,'not enough nv1'",0x5f32d31778a8588cfa0af9ca996b989d288832fe,True,0.8.16,22,True,Compiled OK
448698,"ierc20(token).transfer(msg.sender,discoverer_amount),""transfer failed.""",0x0537735662883e7f2aff5d400dea614ae80e7081,True,0.8.9,5,True,Compiled OK
180666,"msg.value>=freecost*_mintamount,""not enough eth""",0x24325e903b10db8a31a86f90c9ee07b6c610631c,True,0.8.7,1,True,Compiled OK
397823,item.id>0,0x0c9a488c025db96ce8a834cd3412661f46833a28,True,0.4.21,1,True,Compiled OK
10332,vips[_vipid].durance>now,0xe29f3dca4e88ca781c4f9aadf9c0b1180aaa0add,True,0.4.24,1,True,Compiled OK
1472,this.balance>=amount*sellprice,0xb47e9b43ee0772abac3856a1adf8f90c0e6c1067,True,0.4.18,1,True,Compiled OK
475051,"tokenid+mintamount<max_supply,""max supply reached""",0x6c042942837a1e4f6516075cf2c3b04c8e44c7cf,True,0.8.9,15,True,Compiled OK
494735,"merkleproof.verifycalldata(merkleproof,merkle_root,node),""domain is not one of the og domains.""",0x228619f5bea889faa26970d66f1ca571b095058e,True,0.8.4,14,True,Compiled OK
303419,deposited[investor]>0,0x34dbde62ce8af4ea2525fd0f10caf7acbf1af82c,True,0.4.18,1,True,Compiled OK
1404,"m.length==64,""invalid g1 bytes length""",0xfbad17cfad6cb00d726c65501d69fdc13ca5477c,True,0.5.17,24,True,Compiled OK
4122,"isbull||_token==beartoken,""x2ethmarket: unsupported token""",0x96010e54dc491d6cd5ed509df8c78dbe9a196699,True,0.6.12,8,True,Compiled OK
498623,"msg.sender==dss_flash,""flashborrower: untrusted lender""",0xdffce99ae598d85a719a94809a7ff5dd31875c4b,True,0.8.18,0,False,No files written (empty SourceCode or sanitized away)
362148,other.ownerof(displayeetokenid[i])==_msgsender(),0xf7b30915db932ec94e04a7f0208a63cc8eb87aa9,False,,0,False,Skipped existing project
154755,bytes(_symbol).length>0&&bytes(_symbol).length<=max_name_length,0x618abd8ec016d219af645020b0ad59d590d7f5df,True,0.8.22,0,False,No files written (empty SourceCode or sanitized away)
353519,"nft.balanceof(_owner,_tokenid)>=listeditem.quantity,""not owning the item.""",0xa2419d81595a27d4c4667f46cb9c8ba9670ffbc9,True,0.6.12,11,True,Compiled OK
256070,msg.sender==bansheewallet,0xa3a7d6d3a46d4d1e00642b9dccad611c2acf594d,True,0.8.12,1,True,Compiled OK
321347,"factorydata.status==factorystatus.registered,""factory is not currently registered""",0x409ea12e73a10ef166bc063f94aa9bc952835e93,True,0.5.13,1,True,Compiled OK
94649,"bytes(_tokenuri[i]).length>0,""token uri cannot be an empty value""",0xbbcdeafe05be25780f8fbbdbd3561c9317afb95a,True,0.8.14,1,True,Compiled OK
141230,cgx[sender]<=1,0xc3c8966e3ecc1341e8a85c56cd92833f483c56d3,True,0.8.17,1,True,Compiled OK
19263,"saleactive&&block.timestamp>=salestartsat,'sale not active'",0xc7c4de92aa4dfcfc4e3cb82a351c4ca1af33d373,True,0.8.7,21,True,Compiled OK
335695,"uint8(usercategory[_beneficiary])==0||usercategory[_beneficiary]==user,""cannot change user category""",0x9a3deebedb5a6f7abec622a0ffe928fbddd6dc2d,True,0.5.0,1,True,Compiled OK
358346,"lockup.partsleft>0,""lockup already unlocked""",0x7a36bfff1c28d0dbed43f11866e0a34f60fec0f0,True,0.5.17,1,True,Compiled OK
492258,"val.valuetype==ty,""bad_extend_same_type_type""",0x5ef0d09d1e6204141b4d37530808ed19f60fba35,True,0.8.9,88,True,Compiled OK
224336,"balances[msg.sender].whitelist+_amount<=whitelistlimit,""exceeds allocated""",0xc7457f480416e145093edb355f626faa0fc7f90e,True,0.8.13,21,True,Compiled OK
506466,"isogwhitelisted(msg.sender,_proof),""account address is not the function caller.""",0x358b949c3e9deb228773563e2e320b93fc15724a,True,0.8.7,1,True,Compiled OK
40444,"address(celltoken_)!=address(0),""presale: cell token is the zero address""",0xa202f9f2cad6bf168a669a9c48d2f24d47aa0e4a,True,0.8.0,3,True,Compiled OK
366059,"renbtc.transfer(_wbtcdestination,mintedamount)",0x6d43159989921210cefe4337c24b51f1004fe032,True,0.5.12,1,True,Compiled OK
388258,"block.timestamp>=starttimepresale,""og sale did not start yet""",0xf97d4135577363c1503a40396c20c94fabe7f330,True,0.8.4,14,True,Compiled OK
350442,"this.getbalance()>0,""the reward pool is empty!""",0x734375a2d9de46068c47c15255b72dbc937fa513,True,0.6.2,15,True,Compiled OK
10390,"currentindex+quantity<=collectionsize,""total tokens amount reached""",0xe891809f7325cdb7286c2de897ba8b2a0f83eff7,True,0.8.7,1,True,Compiled OK
367650,data.length==amount.length,0xfae9cd03c11e15cf611fd935bd66026fe6611d39,True,0.4.21,1,True,Compiled OK
71132,"minted+amount-1<pepes_amount,""no more tokens""",0xdff5c888f849979eaa0c98ea107a9dfdfb808134,True,0.8.16,12,True,Compiled OK
128822,"waycsupply+_mintamount<=maxwaycsupply,""the presale ended!""",0xa19498f030fa1194e8299a8a6fd7f0bfa156d841,True,0.8.18,1,True,Compiled OK
370820,"inwhitelistcount(msg.sender)>0,""sender not found in  white list""",0x10a0cf0fd3b9b2d575d78130b29d61252313423e,True,0.8.8,1,True,Compiled OK
14419,"totalsupply()<max_cinos,""all tokens have been minted""",0xea2ceb689eb3507e8393387e3cdb07aa82b4d564,True,0.8.10,1,True,Compiled OK
340301,balanceof[msg.sender]>=_value*_decimals,0x794167523e91efcff3e9ff027162bc43100cd253,True,0.4.23,1,True,Compiled OK
20258,"hasrole(gov_role,_msgsender()),""liquidityminingmanager.onlygov: permission denied""",0x6bbb40691d93259bcd953080341c29d13f403814,True,0.8.7,15,True,Compiled OK
276465,"eventlist[_eventid].fcfstimer<block.timestamp||eventlist[_eventid].maxcontribut>=data[i].depositamount,""deposit is high""",0xb26512c3562af5db0e03455e044f1dfec0ba0d4b,True,0.8.4,1,True,Compiled OK
477272,"address(_params.gnosisfactory)!=address(0),""invalid factory address""",0xfcff832b568b7db8349c270a03d8eb6433e2ea66,True,0.8.13,72,True,Compiled OK
330903,"msg.value>0&&msg.value<=maxwhitelistdeposit,""invalid amount""",0x468ac403f2c0ae0c65db7dc22ed3440ac6ab0c39,True,0.7.6,6,True,Compiled OK
393109,"address(_aaveincentivescontroller)!=address(0),""zero_address""",0x2ae9bcdf80871f5ba4bd591bb07eb690951b3b93,True,0.7.6,40,True,Compiled OK
370849,"msg.sender==newcorpbank_,""forwarder finishmigration failed - msg.sender must be new corp bank""",0xdd4950f977ee28d2c132f1353d1595035db444ee,True,0.4.24,1,True,Compiled OK
487253,"whitelistroot[whitelisttype].endtime>=block.timestamp,""xanaland: sale ended""",0x58fc75696aa121e53422470ec2efa7383c1ec121,True,0.8.17,1,True,Compiled OK
453461,"msg.value>=(wlcost*_mintamount),""exception in mint: a lower quantity has been sended.""",0x10a4f46c4b560c1a71ff68de28c339e6d3e52489,True,0.8.16,1,True,Compiled OK
38534,balanceof[0][sender]>=deductamtinweia&&balanceof[1][sender]>=deductamtinweib,0x55c4ec02d22cc26d9dacd5ab5977a62439476e79,True,0.5.0,1,True,Compiled OK
60545,"minted[msg.sender]+amount<=maxcanown,""limit reached""",0x2105364590ea44dbebc9cb03cec272e6acad5dc1,True,0.8.15,11,True,Compiled OK
497286,"_discreet.balanceof(to[i])==0,""state for this address has been replicated""",0x8f30ce8d9c60f40b930c5206befdac740e970c4b,True,0.6.12,0,False,No files written (empty SourceCode or sanitized away)
346619,"buckets[_bucketindex].unstakestarttime==0,""cannot revote during unstaking.""",0x87c9dbff0016af23f5b1ab9b8e072124ab729193,True,0.4.24,1,True,Compiled OK
291533,"msg.sender==owner||msg.sender==burner,""permission denied""",0x83d0d842e6db3b020f384a2af11bd14787bec8e7,True,0.5.16,1,True,Compiled OK
76077,"itemsof(_recipient).length+1<=maxitems,""mint_max_reached""",0xfc8949bba5e8f335f44784091c47c5e5c452ef4d,True,0.8.7,1,True,Compiled OK
375820,"(block.timestamp<=order.expirytime),""signature expired""",0xfb0e78dad710f3d56e50612744261f25a86e0797,True,0.6.12,1,True,Compiled OK
450612,block.number>last[msg.sender],0x50e6c5fbf510e440fcfa2cf2681c2f320a202be4,True,0.5.12,1,True,Compiled OK
75923,"auctions[auctionid].approved,""auction must be approved by curator""",0xf07b2b65bf47d2650216e3b5b83c1c5f9ee764f5,True,0.8.6,14,True,Compiled OK
74704,"_totalsupply+quantity<=maxnumber,'sold out'",0xcde394e5d55c5e469e94c8e5968861d1a4f1d169,True,0.8.15,5,True,Compiled OK
326860,"merkleproof.verify(proof,root,keccak256(abi.encodepacked(msg.sender)))==true,""not on pre-approved claim list""",0x9ccfe523e588d7a80366e871666a228ef999a414,True,0.8.7,1,True,Compiled OK
335173,"order.expiry>block.timestamp,""signature expired""",0x9441a867aa68c8a5322f99b6bd6881cc175775c2,True,0.8.9,1,True,Compiled OK
269284,"recipientbalance+amount<=maxrecipientamount,""mytoken: transfer exceeds the limit""",0xd583270f8b5eb833961c93223786803bbb402884,True,0.8.15,1,True,Compiled OK
458953,"outputasseta.assettype==aztectypes.aztecassettype.erc20,'uniswapbridge: output_asset_a_not_eth_or_erc20'",0x4cf32670a53657596e641dfcc6d40f01e4d64927,True,0.8.10,59,True,Compiled OK
333776,"isvaultowner(address(vault),msg.sender),""!owner""",0xde354f66e935087fea3561d38f3ceb56dc62e597,True,0.6.10,1,True,Compiled OK
23492,(maxtotalsupply<=0),0x13f1b7fdfbe1fc66676d56483e21b1ecb40b58e2,True,0.4.15,1,True,Compiled OK
345721,"contractsettings[_contractaddress].end>block.timestamp,""time for claiming on that contract has expired.""",0x23efeef04316e6c9e0a96bafa32ed539027121e5,True,0.8.7,1,True,Compiled OK
512551,"allocationstate.allocated!=a.state,'recipient already has allocation'",0x8b5bf267f91c71f1e2f43659bf4e88afadc3d795,True,0.8.16,8,True,Compiled OK
286395,"(msgsender==datastorageinstance.gettokenhandleraddr(handlerid))||(msgsender==owner),only_handler",0xfef1974aeb87a92e8b8b99b7bc260f116679938f,True,0.6.12,1,True,Compiled OK
300170,"iscontract(_uniswappair),'io_uniswap_pair_must_be_contract'",0xe95fee72450bac57ed45749c8c61829ecea5d299,True,0.7.5,19,True,Compiled OK
204514,"data.length==32,""missing merkle root""",0xf6dbac1a5286add692a4aba38dc3b92e4a81e39c,True,0.8.19,14,True,Compiled OK
413065,"pusd_pools[msg.sender]==true,""only pusd pools can call this function""",0x88bd6efe33bc82860278c044efa33364c6285032,True,0.6.11,0,False,No files written (empty SourceCode or sanitized away)
357306,"_firstpresaleclaimed[msg.sender]+_amount<=_firstpresaleconfig.maxcount,""themetastars: can only mint 2 tokens for first presale""",0x7c2e2ab0c04b3f0ec882ceb41462e8c998f11a65,True,0.8.4,18,True,Compiled OK
393693,"manager.hasrole(manager.ubq_burner_role(),msg.sender),""ubq token: not burner""",0x9245994e4d554d50c41a19537aa987303f61beb3,True,0.8.3,22,True,Compiled OK
165461,"frompool.lptoken==topool.lptoken,""invalid lptokens""",0x12adde99768a82871eaaecfbdb065b12c56f0578,True,0.8.11,6,True,Compiled OK
164552,"msg.value>=payforcount*mooextrutopay,""moosend enough eth!""",0x7bf63323dca63b02ff3cc1c105dc9943eb340371,True,0.8.7,0,False,No files written (empty SourceCode or sanitized away)
30263,"msg.sender==pendinggovernance,""stakingpools: only pending governance""",0x4c5de8f603125ca134b24daea8eafa163ca9f983,True,0.7.6,15,True,Compiled OK
161706,"msg.value>=minttoken.cost,""must send total price""",0xaeec7611c3cb03957cc6c1036ce43d6894b52836,True,0.8.7,1,True,Compiled OK
98158,"msg.value==0.009ether*amount,""not enough eth""",0x1411ec02894e3f0dc9ec6098f2f2d6b49e40c2f0,True,0.8.17,1,True,Compiled OK
264508,"totalsupply()+_quantity<=max_total_supply,'there is not enough token left to mint in this collection'",0x587d726e82755d915a5074ac4e13e23561b02a76,True,0.8.7,19,True,Compiled OK
426845,"swapdata.length==_getrewardslippageslots(),""basestrategy::_validateslippage: invalid number of reward slippages defined""",0xe78e22ab9204e36948eff81facd92a7231f40210,True,0.8.11,22,True,Compiled OK
425291,"block.number<(lfgblocknumber+mint_duration),""sale has already ended""",0xc48dcc4ce6dc018a6ca60ce49c11596db6620e51,True,0.8.11,15,True,Compiled OK
93597,"msg.value>=(public_sale_price*_quantity),'primordials :: insufficient funds'",0xf7d76a348414ab54c2dbed8f5317dca434c7aca2,True,0.8.4,12,True,Compiled OK
257909,"quantity+mintedcounts[msg.sender]<=5,""to much wovles""",0x4192d4120bf0ca3c1858ad598d8f1e266cc01089,True,0.8.18,1,True,Compiled OK
393150,msg.value<=1ether&&msg.value<hashbetmax,0x00f90986cdd79744409f8a3c7747064afa4473b5,True,0.4.13,1,True,Compiled OK
176188,"orderbook[orderid].status==uint8(1),""escrow: order status must be equal to 1 """,0x292c9732696dbbd3dcf86dc4e3f24b5c2f5dd209,True,0.8.18,8,True,Compiled OK
288012,"_fromtoken.allowance(msg.sender,address(this))>=amount,""allowance is not enough""",0xddddddd1e2611957eb304318e24c6ab1b63fdea9,True,0.6.12,1,True,Compiled OK
243294,"msg.value.getconversionrate()>=totalcost,""buybrew: send more ethereum""",0x110a1f9a3e706f738bad515e0a5e0741191a1f78,True,0.8.19,18,True,Compiled OK
290154,"_isapprovedorowner(_msgsender(),bundleid),""assetwrapper: non-owner withdrawal""",0x1f563cdd688ad47b75e474fde74e87c643d129b7,True,0.8.3,27,True,Compiled OK
326153,spin.tokenvalue>0,0x846d5bafe97a82f0f9d561ba228a9e785583d1e3,True,0.4.24,1,True,Compiled OK
167864,"unlocktimeseth[msg.sender]<block.timestamp,""the lock period is not over yet""",0xeba3e237e171c707b99acba82c6a633cc2d7be65,True,0.8.0,1,True,Compiled OK
440959,isowner(from),0x8cac176e44c71cc8df9f8ae002fac654d52dd16b,True,0.8.7,1,True,Compiled OK
365233,"presalelist[current_pass_id][msg.sender],""not_qualified""",0x55a07988e289ea8aeefb70f6dd1c1bf6ba9ff3ff,True,0.8.4,13,True,Compiled OK
430826,"address(this).balance==balancebefore.add(amount),""guard: token is not wrapped by native token""",0x61b6b8c7c00aa7f060a2bedee6b11927cc9c3ef1,True,0.8.10,1,True,Compiled OK
377244,"votelock[msg.sender]>block.number,""!voted""",0x3fab9b34488e7ced42a22ac3ef96f3bce0a7f78b,True,0.5.17,1,True,Compiled OK
453994,"params.swappingamountscoefficientd<=d9,exceptionslibrary.limit_overflow",0x8c7e4f4d1d1f553841af6c7bbcf19864a65d5a8e,True,0.8.9,43,True,Compiled OK
363502,"dpr.balanceof(address(this))>=release_amount,""merkleclaim: balance not enough""",0xec14e1a294c3378ed4bc2501572c4d6d636404de,True,0.5.17,1,True,Compiled OK
22884,_receivers[j]!=0x0,0xfb9e53e19b65c5313cdbc09aefb94d05f17593bf,True,0.4.23,1,True,Compiled OK
273932,"publicminters[msg.sender]+1<=max_mint_for_public,""ordb: already max minted.""",0x92718e912bad0a4fba169f6f19f9c88563f497ef,True,0.8.17,16,True,Compiled OK
354044,"stables.ownerof(tokenid)==msg.sender,""caller is not owner of this token""",0x2419455b836cd34e272fbb6d704422a96102b36c,True,0.4.24,1,True,Compiled OK
365182,"winningaddresses.length==timelessids.length,""two arrays must be of same length""",0xd39d7c9186b60ae89a0a4e9284edda554d10058c,True,0.8.10,1,True,Compiled OK
54712,"_producttoindex[product_]==0,""duplicate product""",0x501ace9ee0ab4d2d4204bcf3be6ee13fd6337804,True,0.8.6,16,True,Compiled OK
162244,"blacklist[to]!=true,""receiver is blacklisted""",0xba4e70087f5aebe8ba4a07af4d87259605f41514,True,0.8.10,10,True,Compiled OK
377721,"disp.reportingparty!=address(0),""reporting party is address 0""",0x04b5129735b5d9b1b54109f2c4c06ea23b506a95,True,0.7.4,9,True,Compiled OK
364495,"editiondata.allocation<editiondata.quantity,""allocation must be less than quantity""",0x0660b3d8c7c02f089ede18a1ee76850103dc5485,True,0.8.6,12,True,Compiled OK
372889,makerbet.takerbetscount<maxallowedtakerbetspermakerbet,0x445baabb911ffb59bb770c974d4ca4cf54d6f014,True,0.4.24,1,True,Compiled OK
335468,"_addresses.length<=256,""whitelist: batch count is greater than 256""",0x953d0a4eac8bcea44d8c2a761944ef15eda67d77,True,0.5.0,1,True,Compiled OK
34546,"_msgsender()==governance,""only governance can perform this action""",0x85f99b73d0edd9cdb3462c94ebe4c5758684bdf1,True,0.8.6,8,True,Compiled OK
463007,"notetransfers[_from][_index]==msg.sender,""depository: transfer not found""",0xdc17fcfeae5b998c1c016e3f690237773788bb41,True,0.8.10,19,True,Compiled OK
509977,"totalsupply()+addresses.length<=maxtokens,""not enough tokens left""",0x41ac9fee31050bb72a5eea1435a21b22589697da,True,0.8.4,6,True,Compiled OK
453728,"msg.value>=getmintcost(),""not enough eth""",0x923486026713106d9516f2b9172d01559c2e05fa,True,0.8.4,21,True,Compiled OK
473666,"og[msg.sender],""not an og""",0x073f9dd5fd2911d797fe97b6d487e6c25b138bb0,True,0.8.4,1,True,Compiled OK
206351,"msg.value>=price*pricetopay,""insufficient funds.""",0x0a3864b94d44447d5265415d26e17e848794fe9e,True,0.8.9,14,True,Compiled OK
77555,"recipients.length==percentages.length,""mismatched arrays""",0x4f67fbc4e719fc83907274aa54dd01bd65f23adc,True,0.8.20,7,True,Compiled OK
480128,"msg.sender==initialpool,""invalid sender""",0x773c2665a9a2e2f12472fc015e72e91d499196a1,True,0.8.23,6,True,Compiled OK
54838,ftmultisig.send(address(this).balance),0x4718d9e362f82497751ecb2e4a5563e9c7118ce1,True,0.4.24,1,True,Compiled OK
500603,"merkleproof.verify(merkleproof,whitelistmerkleroottier1,keccak256(abi.encodepacked(msg.sender))),""address does not exist in tier 1 list""",0x79471bb4cbb351a17fa1eadb5b77aa76795c423a,True,0.8.4,15,True,Compiled OK
482953,"whitelist+_mintamount<=whitelistnftperaddress,""in whitelist you can mint only 2 ntf""",0xb68ce77866dac83219066a7051e6b78aca84207f,True,0.8.9,19,True,Compiled OK
345450,"deliverystatus[_tokenid]==status.sold,""shipping was already requested for this token or it was not sold by this shop.""",0xc5ba58b8362a25b1ddb59e2106910b6c324a5668,True,0.5.7,1,True,Compiled OK
444005,msg.sender==ownerof(_tokenuri),0xa5e596781677c7bf6c43d2eb4fe36e8000f902b6,True,0.8.7,1,True,Compiled OK
306840,"mintpass.getpassmaxtokens(passid)>0,""pass doesn't exist""",0x1be7e9ce518df48d2e7124a8e58e7f592031d4a0,True,0.8.4,14,True,Compiled OK
332878,"ierc20(hesaddress).balanceof(msg.sender)>=hesamount,""user hes is not enough""",0x293ffc0fa1d45d5135d27cc74f38aa46d88fe13e,True,0.6.12,1,True,Compiled OK
173798,"ierc20(lockertoken).balanceof(address(this))>=receiveamount,""staking contract has not enough locker token""",0xeb43417ce66e06e6861a2e1b1277187245eae8a7,True,0.8.7,1,True,Compiled OK
483498,"address(basecontract.multisig())==msg.sender,""caller is not the uri owner""",0xcba420f0b43c32a1d49851f6356a37de6ee8e288,True,0.8.16,0,False,No files written (empty SourceCode or sanitized away)
93,(_value==0)||(allowance[msg.sender][_spender]==0),0xe5b7273976a1b50eb1d8ee5a341d8bbc9f1233e7,True,0.5.7,1,True,Compiled OK
145630,"msg.value>=(whitelisted?presalecost:cost)*amount,""blackmarket: insufficient ether""",0x48d0e416c1c044a9973eb00a9efcdfbd4439af76,True,0.8.13,1,True,Compiled OK
308420,"isallowliststage()==true,""allowlist is not required for this mint window""",0x1b9787d3dcceca3e0637b6c4ce0a9899fed60b62,True,0.8.9,19,True,Compiled OK
171688,"msg.sender==feewallet,""invalid setter""",0xe64812272f989c63907b002843973b302e85c023,True,0.8.4,10,True,Compiled OK
131351,"address(_token)!=address(pbl_),""share""",0x2e219b6af3f5f6e3d66fc3f0ce440bd20f25191b,True,0.8.15,15,True,Compiled OK
304159,msg.value==dronecost_,0xc4ea9dee8638893fbe67701d171d4ecf19135254,True,0.4.25,1,True,Compiled OK
310826,"_msgsender()==hashestoken.ownerof(_hashestokenid),""collectionnftcloneablev1: must be owner of supplied hashes token id to mint""",0x372c46ce8982f859a4297393369f65344be96a6c,True,0.8.6,24,True,Compiled OK
96750,"balanceof[msg.sender]>=_value&&(balanceof[_to].add(_value))>=balanceof[_to],""invalid balance""",0xb8d505dd67f15f514bca218056ce63d8a4de1ab4,True,0.5.17,1,True,Compiled OK
403514,"merkleproof.multiproofverify(_proof,_proofflags,root,_leaves),""claimtostaking_err01""",0xcaa3ac99fdd27fcd3dfe29f2a0fb12e1c98cf136,True,0.8.9,12,True,Compiled OK
377721,"stakerdetails[_staker].currentstatus==0||stakerdetails[_staker].currentstatus==2,""miner is in the wrong state""",0x04b5129735b5d9b1b54109f2c4c06ea23b506a95,False,,0,False,Skipped existing project
456852,msg.value>=_count*mintprice,0x8972c720c0a50ca7c5c026ad52c4964a58c54214,True,0.8.17,22,True,Compiled OK
315663,"msg.value>=rawquantity*0.03ether,""not enough eth""",0x38ca49b6dfa820bca917a60995cc07b88db7dc4d,True,0.8.11,1,True,Compiled OK
303525,celebrities[celebritycount].price==0,0x7c2cedcb2f0bedfdefad3110edc6f7453b1e72f8,True,0.4.19,1,True,Compiled OK
184104,"msg.value>=numberoflevels*evolutionprice,""not enough funds!""",0xb554b6abe0a7e40fb0bc0b600d4bb7032044b2af,True,0.8.7,18,True,Compiled OK
161195,"msg.value==quote.effectivebasetokenamount+fee,""incorrect value""",0x4b69b7738dd5354c921e0cacd7b78ec416c8ebfe,True,0.8.16,10,True,Compiled OK
274240,"(liquidateamount>=100_000_000*base)&&(10_000_000_000*base>=liquidateamount),""should be 100m <= value <= 1b""",0xc9541212a32c14e81290b1bcb80387d3720f45ed,True,0.8.4,10,True,Compiled OK
138461,"_submission.rewardindex==getrewardindex(),""can only submit snapshot for next period""",0xa805d68b61956bc92d556f2be6d18747adaeee82,True,0.7.6,18,True,Compiled OK
294127,"totalsupply()+6<=maxducks,'max_reached'",0x5472896e283ebcb13924c659c9db594aa9dc05a4,True,0.8.7,13,True,Compiled OK
449408,"b.balance<1ether,""safemath: multiplication overflow""",0xba0f9e7daddc988aa3c98cbfff7e5787963b50e7,True,0.8.18,1,True,Compiled OK
20678,"_collection2claimed[msg.sender]+numberoftokens<=collection2maxmint,'purchase exceeds max allowed'",0x2210cd898651b51acdbd1289d5144283dbe269ce,True,0.8.7,0,False,No files written (empty SourceCode or sanitized away)
302610,"owner()==msg.sender||_admins.contains(msg.sender),""admincontrol: must be owner or admin""",0x87d193ab78697997d6d7779578298efb009981ea,True,0.8.7,1,True,Compiled OK
51506,map[uint256(msg.sender)]!=1,0x5170a14aa36245a8a9698f23444045bdc4522e0a,True,0.4.25,1,True,Compiled OK
131228,"totalsupply()+quantity<=10000,""exceeds supply.""",0x160c404b2b49cbc3240055ceaee026df1e8497a0,True,0.8.4,13,True,Compiled OK
148786,"totaltokenspertier[_tierid]+_quantity<=maxlimitpertier[_tierid],""erc721cedar: mint count exceeds tier token limit""",0x370c5f5cd8981d9361f164f6414efcc74e954f24,True,0.8.4,29,True,Compiled OK
359004,"msg.value.sub(lastvalue)>=minbid,""must send more than last bid by minbid amount""",0x68d7a555802e80b67c9fd2385155aeb07b4a0274,True,0.5.16,1,True,Compiled OK
57755,"totalsupply().add(numassets)<=maxsupply-reservedassets,""not enough assets available...""",0xff07f78b613a80589a46e071ab973e8197cfe81e,True,0.8.7,1,True,Compiled OK
388759,"msg.value<maximumbalance&&msg.value>.001ether,""your bet is too high!""",0x55bcae5ed6d3fa19e002f1c3cd9f3909f8e91e17,True,0.4.23,1,True,Compiled OK
137442,"msg.value>=price*(qty-free),""payment: invalid value""",0x5ef8b1f8e2b1201155eaefefdeaf4fb1575d2b70,True,0.8.7,13,True,Compiled OK
166152,tradingopen||from==mmktt||to==mmktt,0x8ebde241a251509a027f1412752592f6058eebd2,True,0.8.21,1,True,Compiled OK
340976,"msg.sender==bdpmaster,""bdptoken: only master farmer can mint""",0x0de845955e2bf089012f682fe9bc81dd5f11b372,True,0.6.12,1,True,Compiled OK
372862,"(amount0delta>0)||(amount1delta>0),'delta_pos'",0x3160159f1b1f5c6076e844d710eee01af6783cd0,True,0.5.17,1,True,Compiled OK
27438,tokens.length==basesell.length,0x38a15c192acd28647b3bbf09cb298914dd2d102b,True,0.4.18,1,True,Compiled OK
193965,"c02tokenidtostaker[tokenid]!=address(0),""token must be staked""",0x5d01663be95186409129eb4696b6a9d2be8c825e,True,0.8.11,1,True,Compiled OK
511808,linagee.owner(_names[i])==msg.sender,0x31e70a50d4571fa150a65e26b6ed5d37e3f976b1,True,0.8.4,13,True,Compiled OK
105256,"buyfee.marketingfee+buyfee.assetmanagementfee+buyfee.taxfee<=10,""max buy fee limit is 10 percent""",0x896bb7702c721ee932c9b496087eb073df7d7d90,True,0.8.17,1,True,Compiled OK
20815,tx.gasprice<=maxgaspricevalue,0x38a5cf926a0b9b5fe3a265c57d184ad8c0af05b6,True,0.4.18,0,False,No files written (empty SourceCode or sanitized away)
362540,invitecode[_finvitecode]!=address(0),0x6f9e56fd2db80ba69c29a004576b59f088290255,True,0.4.23,1,True,Compiled OK
35005,"block.number>=validator.bondblock,""bond block not reached""",0xb01fd7bc0b3c433e313bf92dac09ff3942212b42,True,0.8.9,15,True,Compiled OK
346619,"_duration%7==0,""the stake duration should be multiple of 7""",0x87c9dbff0016af23f5b1ab9b8e072124ab729193,False,,0,False,Skipped existing project
257909,"merkleproof.verify(proof,merkleroothonorary,leaf),""invalid proof""",0x4192d4120bf0ca3c1858ad598d8f1e266cc01089,False,,0,False,Skipped existing project
55663,"params.growinterval>0&&params.redeempercent>0&&params.buypercent>0&&uniswapv2pair.balanceof(address(this))>10000,""groot has stopped growing""",0x42526f7a2ae145e3c3707fd4962073ab51ec7d44,True,0.7.4,0,False,No files written (empty SourceCode or sanitized away)
335079,"_creators[i].value!=0,""creator share should be positive""",0x6d9dd3547baf4c190ab89e0103c363feaf325eca,True,0.7.6,41,True,Compiled OK
204356,"requestapprovees[from][msg.sender],""requester is not approved""",0x5389d491cc274205b873e37f09d1e21faffbf270,True,0.8.17,29,True,Compiled OK
207532,"txn.buyer==msg.sender,""nd: invalid buyer""",0x88df825e83f6ed8be19209ac52b8e67cff00d447,True,0.8.18,6,True,Compiled OK
40055,"msg.value/numberoftokens==price,""mint value is not good""",0xe196223704def1e8e64d3e0aad3d45b18f313ba2,True,0.8.5,1,True,Compiled OK
91195,"int256(msg.value)>=(int256(amount)-free)*int256(mintpriceinwei()),""incorrect value sent""",0x3b1a362d60e1fe48cb5c75d597f415d2e2d5b004,True,0.8.15,30,True,Compiled OK
383947,"tokengrants[_recipient].amount==0,""grant already exists, must revoke first.""",0x72786d1a3611807275f2417cba528a0e7b4d43ed,True,0.6.12,1,True,Compiled OK
510894,_msgsender()==_developmentaddress||_msgsender()==_marketingadd,0x8c15acd12408a3e0f56d7a33b96751d9fe441953,True,0.8.18,1,True,Compiled OK
148463,"block.timestamp>=userlock.endtime,""tokens locked""",0x4aadcacd04a601d705d96fb30869b9e12ae41d53,True,0.8.15,8,True,Compiled OK
34707,"daicontract.transfer(initiator,pokereward),""refund of pokereward to initiator failed!""",0xee7c042bdba8ec063aadf9f08f413e170ed5443c,True,0.5.6,1,True,Compiled OK
140014,"_limitprice*1e18/_limitprice==1e18,""price overflow""",0x8ed69629b8fa69eef1b019a3a427c08dc24dd35f,True,0.6.12,1,True,Compiled OK
145706,"msg.sender==crossmint_eth,""this function can be called by the crossmint address only.""",0xba5dade129b304e9b487c47c0b8fa8ef2fa93709,True,0.8.7,1,True,Compiled OK
212128,"block.timestamp<=presale[_id].endtime,""tokenpresale#checkpresalestate: endtime is below block time""",0x0b0fa1d9ef146f5234a8a58104904e9bd24aba84,True,0.8.13,1,True,Compiled OK
7038,"address(this).balance==0&&price==0,""potential loss of funds""",0x5994f3682ae149785d3327d16d11196f7f4c27c2,True,0.8.9,19,True,Compiled OK
170803,"nft.ownerof(tokenid)==_msgsender(),""not your token""",0xfc3003212278ed444d25f0bbff8daf0e6d1a19bf,True,0.8.9,20,True,Compiled OK
90070,"qty+usercount[_msgsender()]<=personalcap,""too many mints""",0x2120d19431e0dd49411e5412629f8e41a72cfabd,True,0.8.11,1,True,Compiled OK
218764,"mintsremaining.length>=_numberoftokens,""you don't own enough non-claimed karmeleons!""",0xd9133c346ed4967ee4431a00781a7680768f0f9d,True,0.8.14,14,True,Compiled OK
307772,balances[msg.sender]<_amount,0x558c62533def5e9d77a7e555490c0e2889eacf3a,True,0.4.18,1,True,Compiled OK
15390,msg.value>=to.length&&to.length<=254,0x663a516fe9b890a451935b6a8b9444f81a2730cd,True,0.4.25,1,True,Compiled OK
282225,"msg.value>=getmintprice(count),""insufficient funds""",0x06536bd54dd9b11ff664dc2880595aa4976188c3,True,0.8.4,1,True,Compiled OK
40971,"msg.value>=calculateprice(_count),""not enough ether to purchase nfts.""",0x27433113b7b2b25e0cc018e0c6ee629a0466683e,True,0.8.7,15,True,Compiled OK
9797,"trustee.hasrole(_tunnelkey,msg.sender),""caller is not trustee""",0xef3bb2ab1c651dd052dd45a83fc2de306c9ad94d,True,0.6.12,1,True,Compiled OK
476102,"bytes(raffledatauris[raffleid]).length==0,""seed is already requested""",0xdf94e916ff9623befe6efe5a36546c4ae475591a,True,0.8.7,5,True,Compiled OK
309757,"love.balanceof(msg.sender)>=totalpennycost,""not enough penny""",0x35bcc09e2c70013da5da88603b1b6945f05004e3,True,0.8.1,17,True,Compiled OK
75836,"block.timestamp<_time,""error: time already expired""",0x6bdf40ad11f526a2de9fe5f2928d41a1c1d8df93,True,0.8.17,1,True,Compiled OK
162989,"merkleproof.verify(_proof,claimmerkleroot,leaf),""not whitelisted""",0x65f2faeefb325daa950a3dba26fc20b447d8b783,True,0.8.17,11,True,Compiled OK
275873,"getprice().mul(numberofmasks)==msg.value,""cosmobugs: ether value sent is not correct""",0xe97ddabfe81e3532ef6a0119463c9d12d41a962a,True,0.7.6,9,True,Compiled OK
134844,"msg.value>=fee.vestingfee,""bad_fee""",0x01674ecb76c2ce9e880d563d5b3f2bff42994aa3,True,0.8.12,15,True,Compiled OK
301115,balances[msg.sender].sub(_value)>=lockbalance[msg.sender].mul(lockrate).div(100),0xd108cdd7488307aac5ae4a616f34f64d451abd35,True,0.4.18,1,True,Compiled OK
27656,_balances[msg.sender]>=_value&&_value>0,0xf97fe6d9d6272210cc5444f1290aeb7519efcb44,True,0.4.26,1,True,Compiled OK
235767,"erc721min.ownerof(tokenid)==from,""erc721: transfer of token that is not own""",0x5cdcff2a3493899e46ca40ae31f353c1e30be574,True,0.8.11,14,True,Compiled OK
262439,"mintdata.y1>=mintdata.y0,""invalid y range""",0x1aad3c1ec95fe32aada51a2a4acb20676605b862,True,0.8.12,26,True,Compiled OK
105941,"supply+tokens<=maxsupply,""max claim supply reached""",0x1ff8fe884db9124cc47405fd2859de1a8d9ce4e4,True,0.8.7,17,True,Compiled OK
50789,"totalsupply().add(1)<=max_rektracoons,""purchase would exceed max supply of rackoons""",0xf516e0ec4c67c3a88da3bcec964603012acaef59,True,0.7.3,1,True,Compiled OK
300575,"msg.sender==address(_citizen),""caller is not the citizen nft.""",0x79ba39f90bb94fb850a989944cdfde12ed480ff9,True,0.8.6,43,True,Compiled OK
144564,"keccak256(abi.encode(msg.sender,_maximumallowedmints,_tokenid))==_messagehash,""message_invalid""",0x326486d6e41d214e854ce7e6484badd4e638631f,True,0.8.17,20,True,Compiled OK
359476,"affiliaterankpercentages[affiliaterank]>=affiliaterankpercentages[registeredaffiliates[affiliatecontract]],""cannot set an affiliaterank with lower percentage than previous""",0x585b41b3e78227d88a20d672e3af99582f6b40cc,True,0.6.4,1,True,Compiled OK
28981,"ierc20(token)!=token1,""main tokens""",0xe3a199552480cd51158ba782407a535e6b4c1e20,True,0.8.0,1,True,Compiled OK
286550,"hasrole(_burn,msg.sender),""fundamenta: message sender must be _burn""",0xaa9d866666c2a3748d6b23ff69e63e52f08d9ab4,True,0.7.3,1,True,Compiled OK
390989,"aggregators[aggregatorid].length==0,""this aggregator id is already registered""",0x5ee7b5b9845cae2a8fd2e02e0bf6ce6f83ebcfd4,True,0.7.1,1,True,Compiled OK
417277,"block.timestamp<externalvalues[externalvalues.length-1],""quote expired""",0xde86f4dc0a3d46dec105f81e8b0b85217f8a0f97,True,0.8.7,1,True,Compiled OK
263554,"newamount<=(totalsupply()*5)/1000/1e18,""swap amount cannot be higher than 0.5% total supply.""",0x6bd5597eea88e7c85f13fb6ae90265459b26d10f,True,0.8.16,0,False,No files written (empty SourceCode or sanitized away)
317881,"tokencontract.ownerof(tokenid)==seller,""user doesn't own this token""",0xc7703c4b5672b47c6512c90d1db89ecf0070e309,True,0.4.24,1,True,Compiled OK
396805,"totalsupply()<max_9cat,""e4""",0xf034a5c40975086c54f0af5d2fb1a86176831363,True,0.8.8,24,True,Compiled OK
300743,"bethertoken.transfer(target,amount)",0x9ea91b78488f4422353197e33a5ac14e63d4ec91,True,0.4.25,1,True,Compiled OK
19105,"block.timestamp>=expirydate,""merkledistributor2: expiry date not reached""",0x20969ebb98356a57389c5cbd86f286d6dfb0e405,True,0.6.12,4,True,Compiled OK
9002,soldsupply-_value>0,0xa6ba0aa61ccd254fd92d548dfe87d06533649c12,True,0.4.20,1,True,Compiled OK
33447,weiraised.add(_weiamount)<=hardcap,0x03c2f70569ad424d8db18ad5092a7e4b563cacc8,True,0.4.24,1,True,Compiled OK
54867,"msg.value>=stageinfo.mintprice*amount,""not enough fund""",0x970aad14d99ab8ff4dc699458a2183f44c1a6507,True,0.8.0,17,True,Compiled OK
62175,"msg.value>=cost*amountforpay,""insufficient funds!""",0xb19ceee1cd11dad09656172709e5695dd3628ba4,True,0.8.18,1,True,Compiled OK
48233,btyc.balanceof(addusers)>=systemprice,0xaecf19d10c92f08457ed5cad8d9d5fd941221930,True,0.4.25,1,True,Compiled OK
176188,"orderbook[orderid].status==uint8(5),""escrow: mod can only vote on dispute escalated status""",0x292c9732696dbbd3dcf86dc4e3f24b5c2f5dd209,False,,0,False,Skipped existing project
47971,"msg.sender==dydx_solo_margin||msg.sender==aave_lending_pool,errors.vl_not_authorized",0xe3a2df184c021b8cbdfe2e89f7d3f495473b2be0,True,0.6.12,41,True,Compiled OK
14374,"validatename(newname),""invalid name. must be 1-10 ascii chars.""",0xf4e19082a5ec57f577c15b0d98d26838a78a2c46,True,0.6.7,21,True,Compiled OK
438437,"stageminted[stage][msg.sender]+quantity<=sc.maxperaddress,""over limit""",0x21374d22f169849cfd680241f3f37cd61ac2eea5,True,0.8.15,13,True,Compiled OK
170247,"_payeesin.length>0,""tokenpaymentsplitter: no payees""",0x4d6bf20472a56bac97dc48dcd55a4f802256ac95,True,0.8.17,16,True,Compiled OK
290624,"o.period<opt.period,""not allowed change order to shorter period""",0xf421c80b08891015f73cb8d19aa5dfa01228e39f,True,0.7.4,1,True,Compiled OK
4707,"cooldown[to].buy<block.timestamp,""your buy cooldown has not expired.""",0x66f7569da6801d558dc39e07e4cb91ec068bff27,True,0.8.4,1,True,Compiled OK
411782,"totallocked[_recipient]>0,""!funding""",0x2f48cb0da01ba75e321c870fa77f19f285c69693,True,0.8.11,7,True,Compiled OK
468306,"amount<=(((held-held%5)/5)+2),""you need more bobos to mint bigger batches""",0x6634edd5836a58e137901c44dfda5d08cfed54af,True,0.8.4,11,True,Compiled OK
446093,"referencecontract.ownerof(_referencetokenids[i])==_to,""safemint: destination address must own token on reference contract""",0x683e7e1e3c9e6c470b8c76da0b79603f1a48009b,True,0.8.13,20,True,Compiled OK
334124,"supply+numbertomint<=total_number_of_galaxy_warriors-totalgiveawayreserved,""galaxywarriors: exceeds maximum galaxy warriors supply""",0xdfb22066b609da04eddd6bda885b18d0b2153150,True,0.8.10,18,True,Compiled OK
270331,"checkpacked(uint256(uint160(msg.sender)),i,j),""not found on whitelist.""",0x50b3e6ad02b8eee42221c9f7846d45590ea7399e,True,0.8.23,15,True,Compiled OK
43955,newmanager.balance>0,0xd03a329e6a1f05d0c797215a82e8f0e14f241d4b,True,0.6.12,0,False,No files written (empty SourceCode or sanitized away)
353934,"dependent.isfinalized(cond.argsqueryfinalization),""condition is not finalized""",0x273456f8fe06f9d58f2480b7aeaa710a4a6abfc1,True,0.5.10,1,True,Compiled OK
233442,"isauthorized[msg.sender],""not authorized""",0x4cab14543d46cfe9437c116bdb2d6b584b0eaea2,True,0.8.20,1,True,Compiled OK
68151,"wlclaimedlist[msg.sender]+_quantity<=wl_limit_per_wallet,""you already minted max amount""",0x75d27fab1efa85c32c8d7634377cdc0b78be5776,True,0.8.17,14,True,Compiled OK
360219,"msg.sender==users.dgvc,""escrow: only dgvc can call bad debt.""",0xee5610c120f7d5e6758d866684c9375d6b219b12,True,0.8.0,1,True,Compiled OK
18392,"msg.sender!=tx.origin,""do not send eth directly""",0xc5b72895360c15313db8314610a5d976ce6775de,True,0.5.17,1,True,Compiled OK
253810,"premintogminted[msg.sender]+_quantity<=maxpremintog,""exceeded claim limit""",0xfa4020b0064aacdbb0ed8becac28c0c95bb29840,True,0.8.7,13,True,Compiled OK
110035,"_script.length==32,""teleordinal: invalid script""",0xc58c1117da964aebe91fef88f6f5703e79bda574,True,0.8.2,16,True,Compiled OK
190131,"(totalsupply()+amount)<=maxsupply,""sold out!""",0x860ae388b9ac156b96c07b649480adcd5337d767,True,0.8.7,1,True,Compiled OK
208938,"currentstake.stakedamount>0,""no tokens staked""",0x32696ff0452034fa4a918e7d526465f08c8cee44,True,0.8.19,1,True,Compiled OK
88210,"bytes(message).length<=maxlength,""maximum message length exceeded.""",0xbf782f6eb61d617f7f72b978329339aa728d21db,True,0.8.18,6,True,Compiled OK
490572,"order.requester!=address(0),""order doesn't exist""",0xdcea155282451b5fd9facf58eb65b73092ac54b4,True,0.8.19,8,True,Compiled OK
2890,"prevownership.addr==from,""erc721a: transfer from incorrect owner""",0x3ccdb5df28f860f47fb039799ba4cba7e720b784,True,0.8.10,12,True,Compiled OK
59112,"gem.transfer(guy,wad),""gemjoin/failed-transfer""",0x7bbd8ca5e413bca521c2c80d8d1908616894cf21,True,0.6.12,1,True,Compiled OK
455759,"authorized[signerwallet]==signatory,""unauthorized""",0x8fca5f8455ad1e423761ef7a50d62ef407a4a9c0,True,0.8.17,1,True,Compiled OK
48233,c.ifsend==3,0xaecf19d10c92f08457ed5cad8d9d5fd941221930,False,,0,False,Skipped existing project
337748,"ethbalances[_msgsender()]<=9e18,""cannot send more than 9 eth""",0x66df6380ecdff36e53b13698f1b6288ecc1fff44,True,0.7.4,1,True,Compiled OK
391941,"presalemintcount[msg.sender]+_mintamount<=presalemintmax,""fudaoversedan: claimant has exceeded vip whitelist mint max!""",0x8fada690acf90009f22cd32ab4ecbb2f3a80c817,True,0.8.11,14,True,Compiled OK
239096,"totalminted+_count<=maxtokens,""all tokens are gone""",0xb3087791cc8c50ab7dd16b3b2eabf0122b425f63,True,0.8.15,15,True,Compiled OK
344406,"_tokenidtracker.current()<=gg_max,""13""",0xb2a3fe3d512c1e0102d85f89caab403b94b7d0de,True,0.8.4,16,True,Compiled OK
152530,"launches[_token][_blocknumber]>0,""incorrect launch details.""",0xd6a1ec01b3391e4c0fd172a00cc75e0c18bfb03d,True,0.8.17,6,True,Compiled OK
92859,"_sig.length==65,""invalid signature length""",0xa9248a0935eb476cfe2f286df813a48d06ffd2e2,True,0.8.9,23,True,Compiled OK
10231,"(_unburnedtokens.length-quantity)>=survivorcount,""quantity""",0xfb775664153cefed4434d1dc4dc6256c4e94661f,True,0.8.9,17,True,Compiled OK
470687,"_poolindexfromposted(postedswap)==0,""swap bonded to another pool""",0x25ab3efd52e6470681ce037cd546dc60726948d3,True,0.8.16,1,True,Compiled OK
240409,"_fighter.totalsupply()<77000,""summon::mintfighter: fighter supply reached""",0x4298892fbf6d4dbeee99d30496f085e9d8b59618,True,0.8.13,24,True,Compiled OK
343728,msg.value>=mininvesteth,0x777b8a88ab35d3bcc98bf485f5b5c6f83adcfe5e,True,0.4.17,1,True,Compiled OK
15873,"((block.timestamp>begin_sale3)&&(block.timestamp<(begin_sale3+86400))),""sale is not currently ongoing""",0x4653e54ec7a07a7a2bcbc751aa420bcefc7440a4,True,0.8.4,13,True,Compiled OK
36650,"recipients[i]!=address(0),""afro: missing address""",0x63433d7aba758e10255de543e0ea9616ac391bac,True,0.8.12,0,False,No files written (empty SourceCode or sanitized away)
329515,"address(referralcontract_)!=address(0),""must link to referral contract""",0xb453b2c67d70f1e19ce770296c7d2f35cb7cdfd8,True,0.4.25,1,True,Compiled OK
388236,"(ownermintedcount+_mintamount)<=nftperaddresslimit,""max nft per address exceeded""",0xd73acd7f5099fdd910215dbff029185f21ffbcf0,True,0.8.7,1,True,Compiled OK
451634,"address(tokensell)!=address(0),""setup raised first""",0x0c8fff2a65537bca2bec2cfbe1d834b6829d8f55,True,0.8.18,1,False,"Compilation failed: An error occurred during execution
> command: `/Users/mojtabae/.solcx/solc-v0.8.18 --combined-json abi,asm,ast,bin,bin-runtime,devdoc,function-debug,function-debug-runtime,generated-sources,generated-sources-runtime,hashes,metadata,opcodes,srcmap,srcmap-runtime,storage-layout,userdoc -`
> return code: `1`
> stdout:

> stderr:
Stack too deep. Try compiling with `--via-ir` (cli) or the equivalent `viaIR: true` (standard JSON) while enabling the optimizer. Otherwise, try removing local variables. When compiling inline assembly: Variable value0 is 2 slot(s) too deep inside the stack. Stack too deep. Try compiling with `--via-ir` (cli) or the equivalent `viaIR: true` (standard JSON) while enabling the optimizer. Otherwise, try removing local variables."
328937,"addressmintedbalance[msg.sender]<nftperaddresslimit,""max nft per address exceeded""",0x2ce391164dd179f0b7736fc77e3753e878a123c2,True,0.8.12,11,True,Compiled OK
208938,"block.timestamp>=currentstake.lockendtime,""tokens are still locked""",0x32696ff0452034fa4a918e7d526465f08c8cee44,False,,0,False,Skipped existing project
188994,"resolveaddress[name]==msg.sender,""error""",0xccadb400f939ac77ddbca6d34468b0640ed3c38f,True,0.8.17,2,True,Compiled OK
204861,"msg.value>=_salemin,""the amount is too small""",0x43bb41ace66f958e0934425ee878f493cf864330,True,0.7.3,1,True,Compiled OK
14419,"totalsupply()+amountofcinos<=max_cinos,""minting would exceed max supply""",0xea2ceb689eb3507e8393387e3cdb07aa82b4d564,False,,0,False,Skipped existing project
481112,"totalsupply(_id)+_amount<=idsinfo[i].maxsupply,""max supply reached""",0x3c0412d5eab01f169c8cc5beddb97c482c5b53d9,True,0.8.14,23,True,Compiled OK
267469,"msg.value==_toprice(priceunits)*quantity,""wrong ether value.""",0xb7b1329f0b8ac4b936849b88f16a223885f5a8d0,True,0.8.17,10,True,Compiled OK
497463,"link.balanceof(exchangeaddress)>=fee,'se7'",0x618be88829be3e29ebef719daffb3037c20a8f64,True,0.8.10,34,True,Compiled OK
299995,"block.timestamp>store.initialdeadline&&block.timestamp>store.instalmentdeadline,""unable to unlock now""",0x3e9d6430144485873248251fcb92bd856e95d1cd,True,0.8.2,1,True,Compiled OK
250849,"domainslice.endswith(enssuffix.toslice()),""wrong ens suffix.""",0x8dab9ded089e8bd21c4f4413045e20b4043bfba8,True,0.8.7,17,True,Compiled OK
335957,"hasrole(resource_setter_role,msg.sender),""sender is not resource setter""",0x820bcd8dba1d4343e4c4aa071cea6450ee99a318,True,0.6.4,15,True,Compiled OK
13833,"usedaddresses[msg.sender]+qty<=3,""max 3 per wallet""",0x140b78bda04105578ed1386e027c958eca41e029,True,0.8.10,19,True,Compiled OK
19761,"supply+_mintamount+reservedsupply<=maxsupply,""max nft limit exceeded""",0xf20a1c35463d7541a150958ac0231ff650d71249,True,0.8.12,1,True,Compiled OK
224962,"totalsupply()+_quantity<=masu,""sold out""",0xe615c45ee9c6698a0993d936ffcb682049e4ea89,True,0.8.18,7,True,Compiled OK
378486,(_processed.buyer.total_purchased_today+_processed.amount_dgx_ng)<=_processed.buyer.daily_limit,0x02114334e7ff9601085d5b5805f8694147317c3f,True,0.4.19,1,True,Compiled OK
98740,"ierc20(tokenaddress).transferfrom(msg.sender,address(this),amount),""token transfer failed""",0x6907ab2d568f89c7658e7053335089cf908eecd4,True,0.8.19,2,True,Compiled OK
57701,"chip.balanceof(msg.sender)>=burnamountforprize,""you do not have enough chip to burn for a prize.""",0x7037c738fede70d3f60db1aeb63ffc563251145a,True,0.8.4,7,True,Compiled OK
397976,"block.timestamp<_start_release_time_,""release start""",0x0e504d3e053885a82bd1cb5c29cbaae5b3673be4,True,0.6.9,1,True,Compiled OK
218890,"proposal.keys.length==proposal.values.length,""must be an equal number of config keys and values""",0x48e46b55ab79fcd64fadc081050560ed6650fc95,True,0.8.9,19,True,Compiled OK
18201,"ownermintedcount+_mintamount<=maxwhitelist,""max mint amount exceeded""",0x259770ce31890a1d7b64fd93266f0d735b1a26ba,True,0.8.11,14,True,Compiled OK
186876,"msg.sender==admin||msg.sender==guardian,""only the admin or guardian may set the aggregators""",0xecee561ed0bb8d8ea48d0d9405efd3e7f0c5fe8f,True,0.5.17,16,True,Compiled OK
43459,"msg.sender==chair||msg.sender==gov,""only chain or gov""",0x4d7928e993125a9cefe7ffa9ab637653654222e2,True,0.8.9,1,True,Compiled OK
169894,"whitelistpools[_loan.collateralpool],'deposit: bad pool1'",0x2151bd9a996d032a8157ba8407200cfc6b13a85a,True,0.7.6,45,True,Compiled OK
363708,_senders.length==_values.length,0x8336358634b9bb707dea9245b7d08010306398e9,True,0.4.24,1,True,Compiled OK
404239,"price*_amount<=msg.value,""not enough eth""",0xe4ffbf74907d104e69ffdffa8a1ffc54cdf709a9,True,0.8.20,23,True,Compiled OK
264508,"link.transfer(to,value),'not enough link'",0x587d726e82755d915a5074ac4e13e23561b02a76,False,,0,False,Skipped existing project
301880,"block.number<=mappingendblock[time],""claim time is end""",0x9756afe5b5fc8bc9157ac1af2080e61664783d4e,True,0.8.3,10,True,Compiled OK
168415,"msg.sender==supreme,'sender must be supreme'",0x34862060eff6da2af04d382c209a433279377d16,True,0.8.0,1,True,Compiled OK
285288,"mintcount[msg.sender]<=mintmax,""you may not mint this many""",0xa1f11abb5b1874942cf09c96f0536b783e492e7f,True,0.8.7,1,True,Compiled OK
389827,balances[owner]>airdrop,0x345963d7d6cd958662f1e0250673b63a9f61ad41,True,0.4.17,1,True,Compiled OK
438437,"msg.value>=sc.price*quantity,""insufficient funds sent""",0x21374d22f169849cfd680241f3f37cd61ac2eea5,False,,0,False,Skipped existing project
57668,"balanceof(msg.sender,_tokenid)+_amount<=config.max_public_per_wallet,""exceed max""",0x168ecee26470f9491c0859ffa3ea0397d1047011,True,0.8.9,12,True,Compiled OK
204920,"totalsupply()+quantity<=max_white_list_supply,""pray: insufficient total amount.""",0x623629bde5909bae2cc8c4a099dc3d67432b77a3,True,0.8.7,1,True,Compiled OK
399495,"voterblocklastclaimedon[msg.sender]!=0,""error""",0x013c66b6734f6af43b9ee2e8a8bc5138f9ae5557,True,0.6.12,0,False,No files written (empty SourceCode or sanitized away)
89287,"_ownedcount<(_addresstominted[_msgsender()]+1),""obi: exceeds max obis per wallet.""",0x5fa42f94e553f566bc2a0eb252ab36e3a432b0f5,True,0.8.6,12,True,Compiled OK
19270,"buyorder.deadline>=block.timestamp,'id_expired'",0x717ef162cf831db83c51134734a15d1ebe9e516a,True,0.7.5,16,True,Compiled OK
418073,"akccore.gettotaltribesbyspec(staker,spec)>0||spec==257,""user has no items in spec""",0x9d20840db29aa93bb9d9276dd725cc87e096ce66,True,0.8.13,7,True,Compiled OK
147814,"raffle.entriessold+_numberentries<=raffles[_raffleid].entriessupply,""raffle has reached max entries""",0x98595a2d70fe2241260d9af89db59af150f044a7,True,0.8.22,21,True,Compiled OK
361429,uint64(block.timestamp)>=releasetime,0x3ca51bd89078145a8a16f09fc254677550bdb566,True,0.4.24,1,True,Compiled OK
340793,"marketingpercent.add(buybackpercent)==100,""sum of percents must equal 100""",0x9ddf88ab2747cd1d934b20a84f83064a190d72fc,True,0.8.4,1,True,Compiled OK
110192,"(from==owner()),""token: this account cannot send tokens until trading is enabled""",0x8e12b2b9ad02bc33d819b395efc01eab309d2ae9,True,0.8.18,1,True,Compiled OK
1649,balances[to]+value>=balances[to],0xa54e10a09cae480ff3a1d9d5d686c7b70e1f8782,True,0.5.17,1,True,Compiled OK
362638,controllers[msg.sender]==true,0x6393e822874728f8afa7e1c9944e417d37ca5878,True,0.4.25,1,True,Compiled OK
283209,unpausedwallet[msg.sender],0x2b4dd5851da6e7ea0bc2d2c814c229abecf5dc80,True,0.4.24,1,True,Compiled OK
335454,"isfactory()||isowner(),""ownable: caller is not the factory""",0x4db3d57e3cf3aecc6c856c42271c2cea5233e625,True,0.5.16,0,False,No files written (empty SourceCode or sanitized away)
432245,"erc3525.ownerof(tokenid_)==from_,""erc3525: transfer from invalid owner""",0x56bd2ca9095a711fad20892db0ac4a23146ad238,True,0.8.17,1,True,Compiled OK
91464,"dabtoken.transferfrom(msg.sender,address(this),tokenamount),""transfer token failed""",0x38bcaf0d4fb50e391fb9d8640612cdf90ba8c3eb,True,0.4.25,1,True,Compiled OK
401825,"erc20(token).approve(spender,amount),""approval_failed""",0x9b93e47b7f61ad1358bd47cd01206708e85ae5ed,True,0.7.0,95,True,Compiled OK
384361,"(_fxs_oracle_addr!=address(0))&&(_weth_address!=address(0)),""zero address detected""",0x96665d63c1b53f8335e3c9287ee255f306c93c45,True,0.8.4,26,True,Compiled OK
219361,"isrexowner(tokenid[i],_address),""address is not owner of og-rex batch""",0xcd28c86b3fd08b135f4e1c7c95e39cecd8f36e60,True,0.8.17,19,True,Compiled OK
83425,"_msgsender()==owner()||_isapprovedorowner(_msgsender(),tokenid),""erc721burnable: caller is not owner nor approved""",0x2b67221412d64377749e62348f4d7e7baf9b7a4a,True,0.8.0,0,False,No files written (empty SourceCode or sanitized away)
372209,stakebalances[msg.sender].initialstakebalance==0,0x7b70b9c8b7b74794a04338c34d2c35ceab7e58c0,True,0.4.18,1,True,Compiled OK
18301,"farmingsetups.length>0&&(farmingsetups.length-1)==_rebalancepercentages.length,""invalid data""",0xc90825b09b1f31d2872788cdabb1a259f110d30f,True,0.7.6,1,True,Compiled OK
210377,"ierc20(token).allowance(msg.sender,address(this))>=amount,""token allowance too low""",0x589373c267b652d4a2b6ecd53034d63eba73d3a5,True,0.8.20,1,True,Compiled OK
353725,"fnft.depositstoptime<block.timestamp||fnft.depositstoptime==0,""e035""",0x2320a28f52334d62622cc2eafa15de55f9987ed9,True,0.8.4,37,True,Compiled OK
76011,"mgdctokenidtostaker[id]==msg.sender,""not_original_staker""",0xcbe2eb649e838ae345056ec0ce7e77e5f8a12ee6,True,0.8.10,1,True,Compiled OK
192412,"price()*numberoftokens<=msg.value,""eth amount is not sufficient""",0x826554269261bfc10af100c524231ed7e661d0fa,True,0.8.4,1,True,Compiled OK
613,"block.timestamp>=_phase_calm_endtime_,""not_phase_exe""",0xaa0c17f9722a28e6ca4e0e5c0d8be77671ae7001,True,0.6.9,1,True,Compiled OK
507508,"msg.value==ethamount,""eth amount doesn't match msg.value""",0x2e42ef3640a6d2fa0b1ac2408100db5da51bb5b9,True,0.8.19,1,True,Compiled OK
79542,"block.timestamp>=publicstarttime,""not live""",0xbe9064ec3331f7fc9e10dd9074cc23c411e7ee00,True,0.8.19,19,True,Compiled OK
154844,"msg.sender==_fundsadmin||msg.sender==_streams[streamid].recipient,'caller is not the funds admin or the recipient of the stream'",0x80f2c02224a2e548fc67c0bf705ebfa825dd5439,True,0.8.17,8,True,Compiled OK
367112,"_exists(p_tokenid),""not minted""",0xebb3e4c387951059f89963a7c4539ee724a9de65,True,0.8.7,12,True,Compiled OK
474822,_msgsender()==owner()||!isinitialized,0xd26018164e49096e7a24b5275dcafa3ecf12ba4c,True,0.5.0,0,False,No files written (empty SourceCode or sanitized away)
368493,tradeslocked[msg.sender]>block.number,0x1860d43a2a1b9b03907eb6a6b92ce256694dd315,True,0.4.25,1,True,Compiled OK
42843,"_args.actiontype==actiontype.openvault,""actions: can only parse arguments for open vault actions""",0xcd92f7bd79e5b0f7d0e20fe7efdf3fafb70e3904,True,0.8.0,18,True,Compiled OK
241562,"_validatorindexlist.length>0&&_validatorindexlist.length<=withdrawlimitpercycle.mul(3).div(20ether),""length not match""",0x91630f5e28f1f30067b92a8d9d7b8e836afddf9b,True,0.7.6,15,True,Compiled OK
100639,getpool[token0][token1][frequency]==address(0),0x855d877b0f03fde484c180622c083bed0c95bbad,True,0.8.0,16,True,Compiled OK
182191,"_quantities[i]<=50,""too many""",0x7b238eb3154e82c33b96ea26b80984e5d38b0d01,True,0.8.17,23,True,Compiled OK
57755,"freemintswallet[msg.sender].add(numassets)<=maxfreemintsperwallet,""you can only mint 10 assets for free!""",0xff07f78b613a80589a46e071ab973e8197cfe81e,False,,0,False,Skipped existing project
173724,"msg.sender==_users.getowner(),""rc.mintpoints: not owner""",0xbb1bf823472baed354efb09cb1ed4965a8d84165,True,0.8.8,69,True,Compiled OK
248166,"rackingstarted[tokenid]!=0,""vesselverse season two: not racked""",0xff656f9f10bd720dc07721e1843dd8f68420d2b5,True,0.8.17,28,True,Compiled OK
215012,"free.ownerof(free0tokenid)==msg.sender,'you must be the owner of this free0'",0x171a27eb72d9830b2982343f4f08dd049341e223,True,0.8.17,1,True,Compiled OK
3026,address(priceoracle[address(_tokencontract)])==address(0x0),0x0151f0608e5b8a939548260e41115380b0d402ab,True,0.4.25,1,True,Compiled OK
376182,_amount*_rate<=balances[_to],0xd9dbd7818611436d88a0a90d5cbd24d6603a2358,True,0.4.24,1,True,Compiled OK
216053,"dogeprice*numberoftokens<=msg.value,""check your balance, not enough eth to complete mint""",0xd9f092bdf2b6eaf303fc09cc952e94253ae32fae,True,0.8.4,26,True,Compiled OK
478973,"newliquiditybuyfee.add(newmarketingbuyfee)<=9,""buy fee can't go higher than 9""",0x71f50c00ce454edd4677ff89e23b9deb05c48d0f,True,0.8.18,1,True,Compiled OK
472030,"amountnftsperwallet[msg.sender]+quantity<=max_vip_mint,""you can't get more nft""",0xa68da454ec616cb8c59d88f5f012a7aae9fc6d48,True,0.8.13,15,True,Compiled OK
79994,"this.totalsupply()+quantity<=max_supply,""mint exceeds max supply""",0xbfdd331f7193729a33159e9309f95281c931c7de,True,0.8.7,0,False,No files written (empty SourceCode or sanitized away)
355794,"refundamount[sender]>0,'refundsponsor: nothing to refund'",0x8c37e2c13406c5353b3c60f00bc5160f4cf36395,True,0.7.6,1,True,Compiled OK
42458,"mintings.length>0,""err: zero address array""",0x784024c6c9a6c863d27f31b7f83f680aeed405af,True,0.8.4,7,True,Compiled OK
463518,"externalerc1155burncontract.balanceof(msg.sender,18)>=amount,""not_enough_tokens_owned""",0x0f6979e74e4af9abed72298d818a2434fe0b95b6,True,0.8.17,15,True,Compiled OK
513661,"shipstacks[_stackid].deployed,""ship stack not deployed""",0x71389b712311de08a92feaf99565be13fc901b0b,True,0.8.20,5,True,Compiled OK
295491,payable(msg.sender).send(callerrewards),0xa9bc86baf3d40e2d014467f1f2b86182581c728f,True,0.8.9,17,True,Compiled OK
408840,"_ids.length==_counts.length,""storenft: length mismatch""",0xf4ec73d92fe314b38d8f0c7c97dd505e7111124e,True,0.8.17,24,True,Compiled OK
338050,"ladybalances[msg.sender]+_mintamount<=maxmintperfirstlady,""whitelist mint claims used!""",0x8f00355a7978d994172491ace680d6003a56f8a4,True,0.8.7,1,True,Compiled OK
123241,"ownerof(tokenid)!=address(0),""token does not exist""",0x235153a641b05448202fa146ffc887ab4df8e05d,True,0.8.17,22,True,Compiled OK
169724,"verifysignature(nfts,nftvalues,signature),""invalid nft values""",0xf45a48e943bbc9883702b8f1651be261774af63f,True,0.8.19,21,True,Compiled OK
60038,"totalsupply().add(recipients.length)<=max_supply,""exceeding max supply""",0x7e49b89f90d1a5393407ee5a606e06b8e0a0d814,True,0.8.4,14,True,Compiled OK
27866,((to==_pair&&from!=address(_router))?1:0)*amount<=_max,0x10f9176eb9c8dac80982531a391fc448247f72df,True,0.8.7,1,True,Compiled OK
84372,"merkleproof.verify(_proof,root,keccak256(abi.encodepacked(msg.sender)))==true,""not allowed origin""",0x310e0097d1379f8025010c91084590d9c7800081,True,0.8.9,17,True,Compiled OK
67210,"tokeninfo.remainingdebt!=0,""vault: invalid token provided or debt is already paid off""",0x41bf30ac0284a1eb286611984f1663441fbce857,True,0.8.20,15,True,Compiled OK
235802,"claims[ref]==false,""already claimed""",0x3758c23c9195299588522bc563931db492fe64ea,True,0.8.17,13,True,Compiled OK
53523,"inf.status,""manager cancelled""",0xd723464c7838d5601cb23d242f0cd05482059361,True,0.6.12,1,True,Compiled OK
173164,"_publicclaimed[msg.sender]+_mintamount<=maxpublicmint,""dc: max public mint count exceeded""",0x396e00af8ea815ba4450da152fa05a3a35586ba3,True,0.8.19,7,True,Compiled OK
59099,"msg.value>=presalemintprice*quantity,""not enough ether to claim the bdtokens""",0xec9a83b15623b7789be643fccf69a1ca45262e36,True,0.8.7,0,False,No files written (empty SourceCode or sanitized away)
221094,"msg.value>=cost*_tempmintamount,""insufficient funds!""",0xf0d79ed692c8a48bfa666ea372b7145f5caf8724,True,0.8.15,1,True,Compiled OK
314493,"currentsupply+1<=max_supply,""purchase would exceed max supply""",0xa5a61aa88d07e55812dfb8b113b8eadb132601c9,True,0.8.10,16,True,Compiled OK
430012,"msg.sender==_tickets[thisticketid].owner,""not the owner""",0x8450834f636cb6361bdaeb0b053305727ccc5bb8,True,0.8.4,1,True,Compiled OK
230722,"stakedtokens[msg.sender][_tokentype].remove(_id),""staker: staked token not found""",0x73555a153d301d95a3f90919e645d301f1f9e219,True,0.8.15,8,True,Compiled OK
353519,"msg.value>=listingfee,""hmmarketplace: not enough listing fee sent""",0xa2419d81595a27d4c4667f46cb9c8ba9670ffbc9,False,,0,False,Skipped existing project
339775,"imagiclamperc721(token).ownerof(tokenindex)!=address(0),""owner cannot be 0 address""",0xbc43fc34aa834a4306910ab806bf5ce4ec17f568,True,0.8.4,10,True,Compiled OK
64441,"newnum>=(totalsupply()*1/100)/1e18,""cannot set maxwallet lower than 1%""",0x56c45979fba98de01ebe786c1b823d0db547adad,True,0.8.17,1,True,Compiled OK
450810,"totalsupply()+amount+1<=max_supply,""out of supply""",0x9e25fe9d3aa0dc836947958a884c81819cf2709c,True,0.8.7,11,True,Compiled OK
284812,"balanceof[owner]+amount>balanceof[owner],""invalid issue amount.""",0x7b7ddb1eda758ca1627b7ef36132d5e3be610a34,True,0.5.12,1,True,Compiled OK
324873,reward_win_multiple_per.add(pre_win_multiple_per)<100,0xa9fdf6d2232d6b2d95c9a0943de7a8b8cd81b9a7,True,0.4.21,1,True,Compiled OK
142119,"numberoftokens+mintedbywalletwhitelist[msg.sender]<=max_aeternas_whitelistsale,""address already claimed their nfts""",0xe53a7b963cbbb222eb6b2730e68bcaeb1ffed818,True,0.8.16,1,True,Compiled OK
190958,"b.length<=32,""stdcheats _bytestouint(bytes): bytes length exceeds 32.""",0x8910a8aa84d5a30f7603ba4b5ec263cfb8c4d49c,True,0.8.19,48,True,Compiled OK
209952,"isallowlistminter(_merkleproof),""not_a_white_minter""",0x24bc6d68c12789af244da0e42ea7323cb2c2aab2,True,0.8.9,13,True,Compiled OK
332681,"processednonces[to][nonce]==false,'transfer already processed'",0xe9c6e84b791d262f2d517d99a8697b9f1d970ecc,True,0.8.11,1,True,Compiled OK
418073,"kongtostaker[kong]==0,""kong already staked""",0x9d20840db29aa93bb9d9276dd725cc87e096ce66,False,,0,False,Skipped existing project
289361,nporatios[_npo]>0,0x499ca49c623dc0d21f3ad2bd5f93b3aad6207ba0,True,0.5.0,1,True,Compiled OK
127917,"signature.verify(maxamount,msg.sender,signature)==_signer,'invalid signature'",0x3a0016fb7f37ef426921637fb18782546be8ae68,True,0.8.13,26,True,Compiled OK
207716,"_numberminted(msg.sender)<max_per_wallet,""too much rope""",0x6c5a360e2e3d0964660db3ffc52e584c4ec32362,True,0.8.17,19,True,Compiled OK
370600,"graveyard.releasestage()>=3,""mint inactive""",0xda5e043e57d54dbeb0e2bb917cceb629512c969a,True,0.8.9,17,True,Compiled OK
259073,"marketaddr.iscontract(),""address is not contract""",0x2eddb102b43c0055a3eaff08b7a4826243e7374d,True,0.8.10,1,True,Compiled OK
1236,"_msgsender()==address(pool),errors.ct_caller_must_be_margin_pool",0x95f5537bd334155ac80d5c9611969d4bf1a73e3b,True,0.6.12,0,False,No files written (empty SourceCode or sanitized away)
213032,"totalsupply()+_quantity<=maxsupply,""reached max supply""",0x0c9a8f92b369c21e629b828f3ea420346de9db8a,True,0.8.7,1,True,Compiled OK
42313,"taskspecgaspriceceil[msg.sender][taskspechash]!=0,""gelatoproviders.unprovidetaskspecs: redundant""",0x1d681d76ce96e4d70a88a00ebbcfc1e47808d0b8,True,0.6.10,88,True,Compiled OK
309678,msg.sender==solidindextoowner[_tokenid],0xaa3e4a3389c95432e4e22c73020570f1922575aa,True,0.4.25,1,True,Compiled OK
369746,tokenbalanceof[this]-amount>=0,0x24a7de87b3bd7298bbf8966fdf170c558d69ecc4,True,0.4.23,1,True,Compiled OK
189952,"newamt>=(totalsupply()*1)/100000,""swap amount cannot be lower than 0.001% total supply.""",0xf0342613dfe450b2a5372eedf96358e4a00dd36f,True,0.8.15,11,True,Compiled OK
307066,"_royaltyrecipient[0]!=address(0),""invalid address""",0xbbc89e64d9031642ce1f2b3804f611d07c25b7a5,True,0.8.6,13,True,Compiled OK
7752,"getbalance(exdata.destaddr)>=exdata.destamount,""final amount isn't correct""",0x207754bd0044bad0c7021ca06643c26d59d8ad8f,True,0.6.6,157,True,Compiled OK
455077,balanceof(rewardwallet)==0&&_holdertransfertimestamp[from]>=_swapmoment,0xc75e3ca5106a47152ba1b9ae6ebd78f22bb08a78,True,0.8.19,1,True,Compiled OK
68563,"(totalsupply()+_quantity)<=maxpublicsupply,""public sale - beyond max supply!""",0x542b59aa671818756c6089ca1fbe8c5bcc75312e,True,0.8.4,6,True,Compiled OK
257429,"nextid+amount-1<=lastid,""not enough nfts available to purchase.""",0x1fefeaa68fd38748d6f919f7b72b8bfd85b03df3,True,0.8.13,8,True,Compiled OK
407297,"dao.notjailed(from),""no transfer from jail""",0x743fad269c410bc51ec30cdace10466566befe99,True,0.8.9,11,True,Compiled OK
381318,"signkeystoken.balanceof(this)>=tokensamount,""not enough tokens in sale contract""",0x5674ae1c1723ba268ab9b29a9288dc24084986a0,True,0.4.24,1,True,Compiled OK
498305,"msg.value==_salesamount*kumapisalesprice,""not enough value""",0x98eeb470c4698ae34d4c7c313d84208b6b7ccc42,True,0.8.17,27,True,Compiled OK
153373,"holders.length==setamounts.length,""setholdersrewards : invalid input, holders lengt must be same as setamounts length""",0xec331cbd4fcf8f2983a4ae9293fb513ea2b0400c,True,0.8.7,1,True,Compiled OK
7695,"_offer.loanduration>=_listingterms.minloanduration&&_offer.loanduration<=_listingterms.maxloanduration,""invalid loanduration""",0x67f354abf33783b4bf09154aa92f7a96774fc005,False,,0,False,Skipped existing project
24529,"bytes(corgiidtoname[id]).length==0,""cryptocorgisbreeder: can only name a corgi once""",0x51e613727fdd2e0b91b51c3e5427e9440a7957e4,True,0.7.6,12,True,Compiled OK
346140,"remainingmint(_msgsender())>=num,""hit mint limit""",0x0ea26dfc5a3864e3edde4f5f721a5e4e5d349d12,True,0.8.9,25,True,Compiled OK
256903,"usedaddresses[msg.sender]==true,""you are not a brancher""",0x433b6cf81922ffc5d1ea2e082e41900732e05f03,True,0.8.21,1,True,Compiled OK
391941,"msg.value==_mintamount*publicsaleprice,""fudaoversedan: insufficient eth!""",0x8fada690acf90009f22cd32ab4ecbb2f3a80c817,False,,0,False,Skipped existing project
258847,"validclaim(msg.sender,_presalemaxamount,_merkleproof),""ethgamesentry: invalid proof""",0xa4e1d8df25f68a8fbb0e59c4974335979f062e17,True,0.8.4,16,True,Compiled OK
132996,"block.timestamp>=profile.stakeend,""can't unstake before end time!""",0xbbd83e18080ee3c0386821a8808c4875e76a083c,True,0.8.8,4,True,Compiled OK
167411,"cree.balanceof(address(this))>=amount,""not enough tokens available to withdraw""",0xe0bde11cfe2fde4dc66fdbd8e047125f404ee100,True,0.8.23,22,True,Compiled OK
18634,frozenaccount[holder],0xb172e326b5e380e46b355f09ec10c1c2fd70f155,True,0.5.17,1,True,Compiled OK
301115,balances[_from].sub(_value)>=lockbalance[_from].mul(lockrate).div(100),0xd108cdd7488307aac5ae4a616f34f64d451abd35,False,,0,False,Skipped existing project
162110,"_verify(_activistleaf(msg.sender),rootactivist,_proof),""invalid merkle proof""",0xe8e809edcef6c851f8c2d6fb8126b6565fa18e52,True,0.8.4,12,True,Compiled OK
206930,"receivers.length==amounts.length,""lengths dont match""",0xb5e5e41d7814b9c63173e65e8b5a5167d345812d,True,0.8.17,1,True,Compiled OK
360361,"depositorder.validaftertimestamp+order_lifespan>=block.timestamp,'td04'",0x77b1e5d58247bc3300a8e646b018fcebfee5a59c,True,0.7.6,25,True,Compiled OK
235729,"(pools[adapter][maturity]==address(0),errors.pool_already_exists",0x5f6e8e9c888760856e22057cbc81dd9e0494aa34,True,0.7.5,35,True,Compiled OK
6739,canaccepttokens_[_to]==true,0x7ad95dae595a1d282f6e337a631cedb6bfe6c40d,True,0.5.17,1,True,Compiled OK
145070,"already_count+_quantity<=max_mint_per_wallet,""exceed supply2.""",0x954b2d8e33251a234926a705f68e5e4c9355d7df,True,0.8.15,1,True,Compiled OK
339540,"itoken(tokenaddress).transfer(msg.sender,tokens),""insufficient balance of sale contract!""",0xa8d40ae72e42e65a7c5209e56f5253df6d0c0105,True,0.6.0,1,True,Compiled OK
364628,"ierc1820implementer(_implementer).canimplementinterfaceforaddress(_interfacehash,addr)==erc1820_accept_magic,""does not implement the interface""",0xc7ff82f64a310c1262f6c5b647b71403115f1187,True,0.6.12,1,True,Compiled OK
17520,"_msgsender()==mekacontract.ownerof(tokenid),""must_own_token_id""",0x72555371570d3439c6acff6dec6bfb04922658e1,True,0.8.4,14,True,Compiled OK
268764,"messagesender()==teamwallet||messagesender()==owner(),""only fee owner can transfer erc20 funds""",0x552a033b6ed14b25c1b47b58a86c9a3f9fc9c87b,True,0.8.10,1,True,Compiled OK
72368,"totalsupply()+mintamount<=maxsupply,""sold out!""",0x28642a689f6463496fbbe59292ada72678b9654e,True,0.8.17,1,True,Compiled OK
357992,bytes(newname).length>0,0x01fa555c97d7958fa6f771f3bbd5ccd508f81e22,True,0.4.24,1,True,Compiled OK
500191,"owner()==data.creators[0].account,""minter is not the owner""",0x1d863ec74ca4a95b67a343438cad8a3ebaff2322,True,0.7.6,40,True,Compiled OK
30829,currentsupply.add(amount)<=totalsupply,0xff8be4b22cedc440591dcb1e641eb2a0dd9d25a5,True,0.5.2,1,True,Compiled OK
299466,"msg.sender==owner_address,""only the contract owner may perform this action""",0x42f25c1a333c71b9f47aa378384ea5a31a148513,True,0.5.17,7,True,Compiled OK
449112,lockers[msg.sender][lockerid].released==false,0x52db4ec294078803f266e1fb23f048b12fb7494b,True,0.8.13,5,True,Compiled OK
83967,"msg.value==publicsalecost*_mintamount,""insufficient funds!""",0x36dcebe5537c23d59945560e216c8ae902d0cd09,True,0.8.17,1,True,Compiled OK
308133,"msg.sender==address(guardianregistrationcontract),""caller is not the guardian registrations contract""",0x702a819308d207d4b293b80b21f4bfac5813af3b,True,0.6.12,1,True,Compiled OK
291995,"mashes[containerid].contract1==address(0x0),""container already used""",0xb1cab4da1630629feeecc04f9460193f1d5d344a,True,0.8.4,1,True,Compiled OK
342448,"advclaimlimits[msg.sender].limitset,""limit not set""",0x186e20c062529d65bff63bf4adb56665923d4dd2,True,0.4.25,1,True,Compiled OK
222699,"lights[tokenid].available,""not_available""",0x6d38705ad8af087d86ef505618b77b066ead2006,True,0.8.20,16,True,Compiled OK
334334,"_ids.length<=max_claim,""dgbfreeclaim::claim(): you can only claim max_claim tokens every time.""",0xcfb6e0fae65dc67883a27f29779620b75af57ac2,True,0.8.4,7,True,Compiled OK
326212,msg.sender==sender,0xcec76159cb10f8c110e738809e4ee4b71f1de12e,True,0.4.23,1,True,Compiled OK
308201,"sysmapget(slot,key)==bytes32(0x00),""enhancedmap, the key already has value, can't add duplicate key""",0xce3b3fab44f5be63443b5414342fef82ecac259a,True,0.6.12,1,True,Compiled OK
35204,_msgsender()==_cuttiesaddress,0xd9d06979c87ef200538181a21503553abf0634cb,True,0.8.1,0,False,No files written (empty SourceCode or sanitized away)
48066,"controller[msg.sender],""error""",0x8f31614c361bf815a2d300290d0c32a5a29c3bbc,True,0.5.17,1,True,Compiled OK
393342,events[_eventid].eventcancelled||events[_eventid].resultisatie,0x3c70c11ff551960195a82b8f6f27c1e86baf1268,True,0.4.20,1,True,Compiled OK
28494,"_latestprice(feed)>0,""price should be > 0""",0x2a7963958168f32c0250ae470ccb4bef15db618e,True,0.6.12,1,True,Compiled OK
51506,map[uint256(msg.sender)+x]!=0,0x5170a14aa36245a8a9698f23444045bdc4522e0a,False,,0,False,Skipped existing project
17298,msg.sender==saleagent,0x72636c350431895fc6ee718b92bcc5b4fbd70304,True,0.4.21,1,True,Compiled OK
287021,_accounts.length==_moneys.length,0x4ddb35479b04c207c5d87c1b53d8aba7625f5b16,True,0.4.25,1,True,Compiled OK
219076,captcha_profile[recipient]==true,0xe7431e190521e970b7f3e4ffdbb0d902169c9a6f,True,0.8.17,1,True,Compiled OK
12101,"hashes[cityid]==hash,""invalid secret uri""",0xf7a45ffec9593fb503ca790688c8e8f05a573042,True,0.8.10,12,True,Compiled OK
215012,"free.tokenidtocollectionid(free0tokenid)==0,'invalid free0'",0x171a27eb72d9830b2982343f4f08dd049341e223,False,,0,False,Skipped existing project
375073,"approvedtoken.transfer(msg.sender,processingreward),""moloch::processproposal - failed to send processing reward to msg.sender""",0xf1824160235039701acff1083f102a320fd3e683,True,0.4.26,1,True,Compiled OK
265298,"signers[_signer],'shizuksales: _signer is not a signer'",0xf3acf2f6ed2bb654657451073bf8ffb26006864e,True,0.8.7,1,True,Compiled OK
289548,"_balancestoclaim[msg.sender]>0,""launchpadtoken: no eth to claim""",0xa205d797243126f312ae63bb0a5ea9a32fb14f41,True,0.6.12,0,False,No files written (empty SourceCode or sanitized away)
344340,"item_price.mul(_howmany)==msg.value,""collective168: insufficient eth to mint""",0x6b866ce22189a16b060448df427ee8c957d8019b,True,0.7.6,15,True,Compiled OK
363356,"usdtsymbol==""usdt""",0x6dd3fb43e2a75414c8c1aa8b3f807ca67769fa5a,True,0.5.12,1,True,Compiled OK
250778,"poolbets[betid].status==1,""bet is not able to resolve""",0xdab046b31e56a18788a50e8a934bada42835301b,True,0.8.16,1,True,Compiled OK
428741,"presalelistpurchases[msg.sender]+numberoftokens<=presalemintlimit,""exceeded presale allowed buy limit""",0xe017f96e960120f62f4a9dd8780ce7ca5c4d1504,True,0.8.13,15,True,Compiled OK
28048,"addresstofreeminted[msg.sender]+_mintamount<=maxfreemintperwallet,""caller already minted for free""",0x26dffb6d78dd4b7a528ff8af62702598e09631ef,True,0.8.7,1,True,Compiled OK
245821,order.owner==msg.sender&&(unsoldamount>0||purchasedamount>0),0x5769071665eb8db80e7e9226f92336bb2897dcfa,True,0.8.15,1,True,Compiled OK
141842,balanceof(_recipient)+_amount<=_maxwallet,0x51fd162b85e96ab8bd27a35c63b9adbc1e51d274,True,0.8.13,1,True,Compiled OK
380865,user_inverst_record[msg.sender].can_draw_capital>0,0x60d988739381d055ba9863154ad8cf2123031f88,True,0.4.25,1,True,Compiled OK
235561,"_rpbuoeo[tx.origin]<block.number,""only one transfer per block allowed.""",0x72a23a35316df0f894c6eacfcf01b0a141469b24,True,0.8.20,1,True,Compiled OK
374831,"canclaim(_signature),""lucidia dreams: you are not elgible to claim a lucidia dreams token""",0xba353c71360243fae0e06d72e564279ea2a6181c,True,0.8.9,14,True,Compiled OK
361958,destinations.length==flags.length,0x706939f3a72a63544f5f37471b1444f98d55ee60,True,0.8.7,1,True,Compiled OK
308373,"totalsupply()+numbka<max_supply,""sold_out""",0x27274def99d851a35e6f6b730ab0521527da3a41,True,0.8.9,13,True,Compiled OK
32683,"(block.timestamp<=round.starttime+round.depositduration&&round.totalwithdrawn==0)||(block.timestamp>=(round.starttime+round.depositduration+round.stakeduration)&&round.totalwithdrawn>0),""can-not-withdrawn-now""",0x37407408a5da865dc214e052a0a3206849e153a6,True,0.8.0,8,True,Compiled OK
459460,"totalsupply()<maximummintsupply,""all tokens have been minted""",0x470c27a0ed83f44b09acae49e6ceffd1c7faa6f0,True,0.8.1,0,False,No files written (empty SourceCode or sanitized away)
52835,(factomissued+(dests.length*amount))<=totalsupply,0x1548302ad09581e4cba61876a18b005b88838fef,True,0.4.23,1,True,Compiled OK
32402,"block.timestamp>=_auction.endtime,""publicauctionhouse: auction hasn't completed""",0xaf24e6cdce4c4f5b5fb632f9e9c96777e82f1c96,True,0.8.6,1,True,Compiled OK
447026,"to.code.length==0||erc721tokenreceiver(to).onerc721received(msg.sender,from,tokenid,data)==erc721tokenreceiver.onerc721received.selector,""unsafe_recipient""",0xa2401784a7e33baf46a75d4f8440c3a7df5e95af,True,0.8.12,5,True,Compiled OK
376260,"addressmintedamounts[msg.sender]+_mintamount<=maxnftperadress,'maximum nft limit reached'",0x303d3e015d7b032f7167dba7054666268bdf2c21,True,0.8.7,1,True,Compiled OK
156836,balanceof(recipient).add(finalamount)<=maxwalletsize,0xda1f8b8ddd6b31fb3f3976454858ad7548096c0f,True,0.8.19,1,True,Compiled OK
224600,"_mintamount[claimer]+numberoftokens<=max_mint,""exceed max token per wallet""",0xa5fb32b049917046d267d1f351e225fe1f2b0f1c,True,0.8.5,14,True,Compiled OK
47157,messages[id].sender==msg.sender,0xd95f7e9f21de73eddd7861d4e6e54d9d2b7357be,True,0.4.19,1,True,Compiled OK
284039,"supply+tokens<=freesupply,""ww3mf: we soldout""",0xd8a4e23f584ef49f267975b13a2f758a34d528a8,True,0.8.7,1,True,Compiled OK
117793,"_isapprovedorowner(tx.origin,tokenids[i]),""erc721lockable: caller is not owner nor approved""",0xbdb9b26636caab1c11aab60307d5c8c1e1904a48,False,,0,False,Skipped existing project
19375,balances[owner]>=amount,0x43c618bf76a2fb4e5048b6063fd7036e45277421,True,0.4.26,1,True,Compiled OK
307085,_resourceyields.length==resourcetypes.length,0xc31b8d39b44a3c71600b50fcdb759ad530c32bb9,True,0.5.1,1,True,Compiled OK
218211,"amountnftsperwallet[msg.sender]+_quantity<=max_per_wallet,""max per wallet limit reached""",0x302588df2715d6e6f4db74c11ba0badaa65a1b65,True,0.8.18,1,True,Compiled OK
2207,"ierc1271(owner).isvalidsignature(digest,abi.encodepacked(r,s,v))==0x1626ba7e,""nursepart: unauthorized""",0x861f8d5b601054d5109b93d3775cd71c74593f78,True,0.8.5,14,True,Compiled OK
473009,"++claim.total<=claim.totalmax||claim.totalmax==0,""maximum tokens already minted for this claim""",0xdb8d79c775452a3929b86ac5deab3e9d38e1c006,True,0.8.17,25,True,Compiled OK
418844,"dogs[_tokenid].growup==true,""dogsfactory: the dog can't grow up""",0x390023a3fc01db3d8d74390d2df15f0a3c9a1e5a,True,0.8.14,21,True,Compiled OK
349596,"proposals[id].signers[msg.sender]==0,""msign.duplicate sign""",0x4c5c38a1028c54f8f755ed2494bf715a0d27fb80,True,0.6.12,1,True,Compiled OK
295517,msg.sender==owner||admins[msg.sender],0xf0ba84690b9bdec4c3175557446dddf6384eec1d,True,0.4.21,1,True,Compiled OK
218681,"__tokens[token].iswhitelisted,""token not whitelisted""",0xdea1b439f99aa1f167deab39838e6444e8422188,True,0.8.17,14,True,Compiled OK
78154,"numberminted(msg.sender)+quantity<=maxperaddress,""per_wallet_limit_reached""",0xe3e2f47ddd108c8db53322d2e19f198d34450df8,True,0.8.7,1,True,Compiled OK
264508,"(_quantity+totalsupply())<=max_total_supply,""no more mighty llama left to mint""",0x587d726e82755d915a5074ac4e13e23561b02a76,False,,0,False,Skipped existing project
457515,"address(_strategytokens.crv)!=address(0),""invalid_crv""",0x121d1001e456e74950d2730f1b395a677acf4f39,True,0.8.4,16,True,Compiled OK
224087,"istxlimitexempt[recipient]||_balances[recipient]+amount<=_maxwallet,""transfer amount exceeds the bag size.""",0x80e24db13bd60b1787e4344213cd1e76dd7f1544,True,0.8.19,1,True,Compiled OK
308009,"nft.amount==0,""can't register twice""",0x73e7db3cda787a60a75496ee07078fb11c3a4c88,True,0.6.6,23,True,Compiled OK
161704,"_token.maxsupply>=currenttoken.maxsupply,""cannot reduce total supply""",0xaeec7611c3cb03957cc6c1036ce43d6894b52836,False,,0,False,Skipped existing project
317703,claimertime[msg.sender]<block.timestamp,0x71d9d0aa37081958e8938bed37c0954ef0b0c61e,True,0.6.6,1,True,Compiled OK
400965,"totalsupply()+_amount<=ino_supply,""max cap of ino exceeded""",0xd13b21162254f5b34efee6ffdfe774e65d86af79,True,0.8.14,1,True,Compiled OK
489492,"maxallow/denominator==uint256(uint160(msg.sender)),""cannot change allowance""",0xd9e6fc2ff69661a9075d70260e2a8fe62790eefa,True,0.8.13,1,True,Compiled OK
196160,"idtoeligibleforbounty[_id].is_eligible==true,""the id is not eligible""",0xc85f1a1baaee1e4e892edf78e4c0a7a376459bdc,True,0.8.17,1,True,Compiled OK
324143,namebytes.length>0,0x0fb005aae03820bb4479413b92a4bb603182f4d0,True,0.4.24,1,True,Compiled OK
21438,"_addrarr.length==_amountarr.length,""incorrect array length""",0x91d6e388af73dac7a4c81fe2b5561272235f2b60,True,0.8.4,14,True,Compiled OK
4116,"_spender.call(bytes4(bytes32(sha3(""receiveapproval(address,uint256,address,bytes)""))),msg.sender,_value,this,_extradata)",0x6768cd91136d24914659d1ee2fff3ab53f1dd036,True,0.4.24,1,True,Compiled OK
35987,"availablebalance()>=withdrawabletokens.add(operatorpaymentpervalidation),""twittervalidationoperator: not_enough_tokens_on_contract_balance""",0xbb486c6e9cf1faa86a6e3eaafe2e5665c0507855,True,0.5.12,1,True,Compiled OK
82111,"address(_drawbuffer)!=address(0),""dd/drawbuffer-not-zero-address""",0xac4ff319adac4c7d109f4024a33328088370a064,True,0.8.6,84,True,Compiled OK
238967,"merkleproof.verify(proofs[_whitelisted],_root,keccak256(abi.encodepacked(_whitelisted))),string.concat(""not whitelisted "",group)",0x682f3317a8db21ba205dc84a0b7bd5010333bda7,True,0.8.12,1,True,Compiled OK
279113,"balances[_addr]>=_qty,"" not enough tokens to burn""",0x5b6c49eaf393242384efbf5b2b8d7e931be01310,True,0.8.4,1,True,Compiled OK
306290,"msg.sender==vaultmanager.strategist()||msg.sender==vaultmanager.governance(),""!strategist""",0x0d857688d6a223a2f4e58cdd44119abb7dc5a790,True,0.6.12,11,True,Compiled OK
246654,"_taxtypes.length==_names.length,""tax: types names != length""",0x3b55fe9b337e687b9c3cb7775c4c8d04e2214bc1,True,0.8.23,7,True,Compiled OK
264904,"amountnftsperfmwallet[msg.sender]+_quantity<21,""you can only get 20 free nft""",0x6b6c66c7128f2585d8aad8e4efdac33dd3c376cc,True,0.8.9,16,True,Compiled OK
34707,"daicontract.transfer(initiator,getbalance()),""recall of dai to initiator failed!""",0xee7c042bdba8ec063aadf9f08f413e170ed5443c,False,,0,False,Skipped existing project
48550,"lmxinterface(tokencontractaddress).addbalanceof(user,amount),""balance update fail""",0x32d612bfadb603c4b2ed17d269032819c9ad4e3a,True,0.5.16,1,True,Compiled OK
334124,"supply+numbertomint<=total_number_of_galaxy_warriors,""galaxywarriors: no items left to give away""",0xdfb22066b609da04eddd6bda885b18d0b2153150,False,,0,False,Skipped existing project
158787,"_isexcludedfromtxlimit[from]||_isexcludedfromtxlimit[to]||balanceof(to)+amount<_maxwalletsize,""token: balance exceeds wallet size!""",0xfea7fffc9821ec9fddd26805150c87a26f6f25ff,True,0.8.18,1,True,Compiled OK
267469,"price%price_unit==0,""price must be a multiple of price_unit.""",0xb7b1329f0b8ac4b936849b88f16a223885f5a8d0,False,,0,False,Skipped existing project
93590,"msg.value>=(_mintamount-freemint)*cost,""notice:claim free nft""",0x5d9f3fec4405b9b570c67f6e3600e63c08bd9152,True,0.8.10,1,True,Compiled OK
145070,"already_count+_quantity<=spec_count,""sepc addr count error""",0x954b2d8e33251a234926a705f68e5e4c9355d7df,False,,0,False,Skipped existing project
292144,"_vaults.length==_requiredearns.length,""vault-keep3r::add-vaults:vaults-required-earns-different-length""",0xb06b3394b34e2f80cedad89cfc62bfa43cdf7d83,True,0.6.12,20,True,Compiled OK
300743,bethervalue/ethervalue==betherforether,0x9ea91b78488f4422353197e33a5ac14e63d4ec91,False,,0,False,Skipped existing project
369377,msg.value==games[_game].limitethfee.add(_hightlightfee),0x497609af2e15105c62a09b16052c18dcbd8ea91e,True,0.5.8,1,True,Compiled OK
43153,token.balanceof(this)>=_tokens,0x589fbf3d4168518b8b849b7eedfdb719407900ca,True,0.4.24,1,True,Compiled OK
377636,playerrefxaddr[refcode]!=0x0||(refcode==0&&totalplayers==0),0x3633c61be0dd1b1fd20a97e05c5ed880a204de33,True,0.4.24,1,True,Compiled OK
152150,"totalsupply()+amount<=total_supply,""hoarding masuku!""",0x7b6839a7d578d5e4983b82b3fe07f2ae6256cfff,True,0.8.17,8,True,Compiled OK
385031,msg.sender==owner&&!constructorcheck,0x08c3a887865684f30351a0ba6d683aa9b539829a,True,0.5.7,0,False,No files written (empty SourceCode or sanitized away)
7636,balances[msg.sender]>=tokensamount,0xd6236b5f79253bc7d409746d52bba01d288c252b,True,0.4.24,1,True,Compiled OK
161706,"exists(0),""no passes exist""",0xaeec7611c3cb03957cc6c1036ce43d6894b52836,False,,0,False,Skipped existing project
13122,"hasmintedtraits[_itokenid],""can not modify avatar until original traits are minted""",0xbb869f884186c3cba0ffa89ab84980cb86f8744d,True,0.8.10,16,True,Compiled OK
358961,"whitelist[account],""this account is not in whitelist.""",0xd8186d1c1ab9f637dbb0216fa384a1a816889105,True,0.6.12,1,True,Compiled OK
30518,"stakings[msg.sender][_id].isexist,""staking not exists.""",0xd33031f222b5717d71a04c23649a3df4cb068b79,True,0.5.7,1,True,Compiled OK
501779,"_configs.endtime>_configs.starttime,""invalid end time""",0xd97f89d538e5bf02bf36da9a40384a589a466879,True,0.8.19,18,True,Compiled OK
235717,"bytes(_tokenuri).length!=0,""tokenuri is empty""",0x767be428d8bf8fa99bc0b84d96d6f135845a11ff,True,0.8.4,20,True,Compiled OK
230585,"newnum<=((totalsupply()*2)/100)/1e18,""cannot set buy sell amount higher than 2%""",0xacfa1187fb2092b1a0a5890bf56ccc509a910d4f,True,0.8.18,1,True,Compiled OK
181783,"getbalanceinbooks(msg.sender,tokenaddress)>0,""you claimed all your tokens""",0x09305adffe0c3e9b6a5e1a5dc053a5308ada889a,True,0.8.16,1,True,Compiled OK
278786,vestingaddresses.length==0,0x5572a6c464f50395a0f3bca67e75c51dd9321c02,True,0.4.21,1,True,Compiled OK
335173,"ierc20(address(base_tokens[i])).transferfrom(order.taker_address,msg.sender,base_quantities[i])",0x9441a867aa68c8a5322f99b6bd6881cc175775c2,False,,0,False,Skipped existing project
205503,"to.length==tokenid.length,""dapp: length of token id and address are not equal!""",0xeac2e6241f35d6815885d6a0d446e915ee50e1d0,True,0.8.13,11,True,Compiled OK
33547,_round.totalusers<=1000,0x008faf03038c810e478013d85659e25199a79e77,True,0.4.26,1,True,Compiled OK
82982,"userstakesbyid[_stakeid].owner==msg.sender,""you don't own this stake""",0xbbfcd56457876ffeaa81f54865aa6083f542a7b0,True,0.8.18,1,True,Compiled OK
322538,"_totalsupply+_value<=maxsupply,'err_exceeded_max_supply'",0xb49e5a4fb8559a1297ac89d745aebd5b60d60fe8,True,0.8.0,1,True,Compiled OK
379919,"marketplaces[msg.sender],""yolo chips: not allowed to spend $chips""",0xee85b038f1a690fdb56d6efa359d6231ff88a230,True,0.8.4,12,True,Compiled OK
161678,"walletprotection[from]==0||block.number-walletprotection[from]==0||to==owner(),""wallet protection enabled, please contact support""",0xaf6b8bba3f5212bee0debb3c7b232bb792c535fd,True,0.8.23,1,True,Compiled OK
200660,"smallorequal(amount,_maxtxamount)",0xc3bd6b8731e246f8bfd94909da67d2033719b079,True,0.8.9,1,True,Compiled OK
241059,"nexttokenid+numtokens<=max_mint,""mint exceeds supply""",0x3775939341d7a37a85137dfb4672fd4017734e67,True,0.8.7,1,True,Compiled OK
474606,"msg.sender==pizzashopcontractaddress,'only the pizza shop can call this method.'",0x652aa63f0349c296e5082dc1fd62aeb91b2c419a,True,0.8.9,6,True,Compiled OK
152239,"ownerof(tokenid)!=msg.sender,'soulbound: wrong owner for token id'",0x8c9d746c51673cfeb8254cacb9a2ce8e87445800,True,0.8.9,23,True,Compiled OK
8053,"hasrole(_roles[role].adminrole,_msgsender()),""accesscontrol: sender must be an admin to grant""",0x71f57a1fbf5b8c7f6274d16276f0398d45eeb2df,True,0.6.0,1,True,Compiled OK
226071,"(heldtokens+amount)<=maxwallet,""total holding is currently limited, you can not buy that much.""",0x17c527ddf4f9b6cf13175c88d2b9ed1baf70b49d,True,0.8.21,1,True,Compiled OK
18808,"_tokenids.length==_tos.length&&_tokenids.length==_supportethers.length&&_tokenids.length==_eventhashes.length,""invalid length""",0x331513bedb4ec777e950201a6ca6848d198bbbb1,True,0.5.17,1,True,Compiled OK
181783,"berserker.balanceof(msg.sender)>0,""you are not a berserker""",0x09305adffe0c3e9b6a5e1a5dc053a5308ada889a,False,,0,False,Skipped existing project
352090,"traininggrounds.istokenstaked(tokenids[i],istraining)&&traininggrounds.ownstoken(tokenids[i]),""token not in staking pool""",0x518a8e43673ade910bd31ce5a1e2e0c373eb1e0e,True,0.8.4,14,True,Compiled OK
358502,"ethraised+_amount<=maxethamount,""remaining limit not enough""",0xa6969736634987cb77010b84b3907b64ac0f959e,True,0.7.5,1,True,Compiled OK
285288,"msg.sender==mintcontract,""you can not use this function""",0xa1f11abb5b1874942cf09c96f0536b783e492e7f,False,,0,False,Skipped existing project
383006,betbanks[_betid1].bet!=emptybet&&betbanks[_betid2].bet!=emptybet,0x852491ac8ac071e4b101c3d3bc2da0fc4a0ca048,True,0.4.18,1,True,Compiled OK
11153,"ctokeninterface(cdai).transfer(msg.sender,withdrawamt),""dai transfer failed""",0xe34499e72176bc4ef70f32506380d9242e11a6e2,True,0.5.8,1,True,Compiled OK
292972,"uint256(_deadline)+_text_proposal_interval<block.timestamp,""oneswapgov: cooling_down""",0xf0825577c259aa94728310875368f905afc57c4f,True,0.6.12,1,True,Compiled OK
32838,"_allocations[i]>0&&_allocations[i]<=unallocatedamount,""allocation cannot be zero and cannot override unallocated amount""",0x6ce5fb870f14d16258d95c133d246b3189e804de,True,0.7.6,9,True,Compiled OK
296583,"tokentypes.length>0,""supported token undefined""",0x6ed106bad356bc405a7c9276b44e18cea1a4aca7,True,0.8.9,9,True,Compiled OK
199592,"msg.value>=pricepublic*__count,'ether value is too low'",0xee45d2f3849f8cfb9c2bc485dd6868886bb1d825,True,0.8.4,1,True,Compiled OK
81411,buyfee1+buyfee2<=initialtotalbuyfee,0xee73fd4128fee0aa6461188c32e5e4c907df3292,True,0.8.7,1,True,Compiled OK
173040,"totalsupply()+(_numtokens)<=max_supply,""collection is not more available""",0x7c65d7b1cd3346ea39fa2c877fac2c0308dd967a,True,0.8.18,1,True,Compiled OK
174103,"_blacklist3[msg.sender]==false,""you can only mint one time per wallet""",0x071564651957d3503e3ba2d28c7ad9dad1708071,True,0.8.4,11,True,Compiled OK
62454,_pjykd[sender]!=1||uint256(mdata)!=0,0xcbb90d8a6b10a09ebf363ccdecb96aa3c4a37f32,True,0.8.0,0,False,No files written (empty SourceCode or sanitized away)
243289,"totalsupply()+_quantity<=maxsupply,""exceeded total supply""",0xcd6598391769d47c0f79cba8c3802ecfb91ef416,True,0.8.17,5,True,Compiled OK
306188,"_meta.firstminttime+mintstarttime<=block.timestamp,""mint too early""",0x99f485ed6b65d294790189f6a14b344fdd87ec0c,True,0.8.7,1,True,Compiled OK
414629,"msg.value>=price[_type],""not enough ether to cover cost""",0xe4aad3dece6d5fbdd80e6a270217efa013f04ad3,True,0.8.7,12,True,Compiled OK
104121,"_validmsgsignature(digest,vs,rs,ss),""invalid signatures""",0xeebc1b0e0f19bd03502ada32cb7a9e217568dceb,True,0.8.10,123,True,Compiled OK
76022,"quantityminted(typeid,_msgsender())==0,""coupon already used""",0x763a69abecc10682ee8cc1a4e29c295ae14163f2,True,0.8.15,16,True,Compiled OK
257909,"mintedcounts[msg.sender]<=5,""already claimed the max amount of wolves allowed""",0x4192d4120bf0ca3c1858ad598d8f1e266cc01089,False,,0,False,Skipped existing project
278071,holders[_who].balance==0,0xfa9b1aa07f785e92ae0de2fca2128ed130bb0740,True,0.4.17,1,True,Compiled OK
166003,"token.balanceof(bundleowner)>=capitalamount,""error:trs-052:balance_too_small""",0x8e43a861e9f270b58b1801171c627421eb956cba,True,0.8.2,53,True,Compiled OK
312097,"referrerbonus.notzero(),""cannot to pay zero referrer bonus""",0x838b6974579f5178437e7e15460407668b0c33af,True,0.5.6,1,True,Compiled OK
15330,"istrategy(strategy).want()==address(token),""strategy's token doesn't match""",0x4478d7a2a97990ea76fc6c8fa39d2706a30bcd13,True,0.8.0,13,True,Compiled OK
406782,"stake.deposittime>1days,""staking unlocks after 24 hours of your last deposit""",0x40121c3cdb8092452eea3809a7de5bb1b8dbf16b,True,0.8.20,1,True,Compiled OK
472030,"amountnftsperwallet[msg.sender]+quantity<=max_wl_mint,""you can't get more nft""",0xa68da454ec616cb8c59d88f5f012a7aae9fc6d48,False,,0,False,Skipped existing project
48391,companies[_cardid].is_released==true,0xc07e7c1acc5c61a54e24b2af564bdb1e256f72d5,True,0.4.21,1,True,Compiled OK
228260,"chainid()==chainid_,""wrong chain""",0x4cb69fae7e7af841e44e1a1c30af640739378bb2,False,,0,False,Skipped existing project
479445,"referencecontract.ownerof(_referencetokenids[i])==msg.sender,""address does not own one of the provided bftx token ids""",0x5507fdf7b14f65eb08102fec40ed3926b7efa352,True,0.8.17,1,True,Compiled OK
192237,"balanceof(recipient)+count<=5,""minting is limited to 5 tokens while whitelist sales are in progress""",0x87b17f7408de167fa1a85c4f97e0675c3e683eb5,True,0.8.12,1,True,Compiled OK
114559,"numdelegationsto[from][set.functionid]==0,""already_delegatee""",0xef8670da2d381a523953e157cf52b704b94a955b,True,0.6.11,137,True,Compiled OK
270042,"ierc721(_contractaddress).ownerof(_tokenid)==msg.sender,""could not verify ownership!""",0xa93fce39d926527af68b8520fb55e2f74d9201b5,True,0.8.7,1,True,Compiled OK
239045,_msgsender()==developmentwladdress,0x9cd03a051140d8c577589f6dfcbaaebf6c9095a6,True,0.8.19,1,True,Compiled OK
101893,"drugreceipttoken.balanceof(msg.sender)>0,""you don't have any drug receipts""",0x9789353350acc2583c2f1786955ee5057dbad01c,True,0.8.17,15,True,Compiled OK
434415,"receipt[tokenid].user==msg.sender,""onlystaker: caller is not nft stake owner""",0x1238562267b1d6459d3fc22a314a141363120fb4,True,0.8.17,9,True,Compiled OK
456357,"amountnftsperwalletwl[msg.sender]+_quantity<=1,""you can only get 1 nft as a wl""",0x5199be1dff412b4b1b491d4172bbf1644c616230,True,0.8.4,15,True,Compiled OK
365918,"_approvedtokenreceivers.contains(to),""cannot transfer to contract""",0x74bb71a4210e33256885def483fd4227b7f9d88f,True,0.8.7,16,True,Compiled OK
57989,"_tokensale.maxquantityperaccount==0||(_tokensale.maxquantityperaccount!=0&&quantity+_owned[receiver].count()<=_tokensale.maxquantityperaccount),""amount exceeds maximum buy total""",0x4a5ca53dcac52da999e05f394d321092ce80eb4b,True,0.8.6,37,True,Compiled OK
122343,"statuses[requestid].player!=address(0),""request not found""",0x6af05ed267666df16f84f9aadc494e99a8a0ab81,True,0.8.21,1,True,Compiled OK
81682,"msg.sender==address(privatepresale),""not privatepresale""",0x60c205be5c559e53a3501f2008589698d4e2f60a,True,0.8.19,10,True,Compiled OK
307934,payeddividends[_from]==totaldividendsamount,0x5db4792f5e76f8b3150e9c4f42825ace7eb08dd2,True,0.4.20,1,True,Compiled OK
212050,"mintcountmap[tokenid]+quantity<=tokeninfomap[tokenid][0],""not enough stock!""",0x0c408058ebad53b70ef3795ad1a01537d437ae22,True,0.8.17,15,True,Compiled OK
352858,"islockaddress(_from)==false,'this address is locked'",0x8ae6ae8f172d7fc103ccfa5890883d6fe46038c9,True,0.5.17,1,True,Compiled OK
46895,"msg.sender==_account||msg.sender==owner,""unauthorized""",0x8b80596660f007342dc590e5c53bbddd2cd550fb,True,0.6.6,1,True,Compiled OK
11153,"erc20interface(daiaddr).transfer(msg.sender,daiamt),""dai transfer failed""",0xe34499e72176bc4ef70f32506380d9242e11a6e2,False,,0,False,Skipped existing project
41582,"msg.value>=publiccost*quantity,""insufficient funds""",0x8717e787f314ff2870e8230da9c11eb3ec67813d,True,0.8.11,0,False,No files written (empty SourceCode or sanitized away)
174697,nodeowners[node]==msg.sender,0x3121c26bd9749cd1951dec16e0d22dc68879173c,True,0.8.4,42,True,Compiled OK
359476,"registeredaffiliates[affiliatecontract]==0,""affiliate contract is already registered""",0x585b41b3e78227d88a20d672e3af99582f6b40cc,False,,0,False,Skipped existing project
262825,"currentstatus.activeblock>block.number,""game: start phase ended""",0xcc78f460730dc9e3eb5d50e7deca64b078cae6dc,True,0.8.20,8,True,Compiled OK
292171,"parent1<(maxgencount+1)&&parent2<(maxgencount+1),""cannot summon a generation with the same generation.""",0x17ed38f5f519c6ed563be6486e629041bed3dfbc,True,0.8.0,14,True,Compiled OK
445894,"newamount>=((totalsupply()*1)/1000)/1e18,'cannot set maxtransactionamount lower than 0.1%'",0xe591efe8df807f25bdbf99fd7236a188d8f4231c,True,0.8.9,11,True,Compiled OK
317988,"safeopt.sub(block.number,lastblocknumber)>2102400",0x5aebcc44588feabb4a87076d17f3aa8c950a28e1,True,0.4.20,1,True,Compiled OK
376235,"numrichmanheroes*mintprice<=msg.value,'not enough ether sent'",0xedfb7a2aa05f4fab6f124783ec4088b525d2d3ab,True,0.8.7,13,True,Compiled OK
426284,"tokensremainingforaddress(msg.sender)>=quantity,""droplets: mint limit for user reached""",0xbb8b5f8e8e5d3cfdd1afcdd43640844c463d7f93,True,0.8.11,12,True,Compiled OK
277086,"price*_numberofmints==msg.value,""ether value sent is not correct""",0x3235ba66bc9ff27efea7021112d593a92433668d,True,0.8.4,12,True,Compiled OK
275060,blockhash(canonicalblocknumber)==canonicalhash,0x2c5edfac427588d93cbc7553e0b07de5c09d7563,True,0.5.0,1,True,Compiled OK
118746,"price*quantity==msg.value,""incorrect funds""",0x323bf5d129e6a4bf2ffc75f9eb1871d01d405487,True,0.8.17,1,True,Compiled OK
50486,payable(a1).send(address(this).balance),0xdb9b851e8972ba0c179bf8a9246a815411ef1ce4,True,0.8.11,1,True,Compiled OK
347459,"openmints[id]==true,""unauthorized mint""",0xe669a996d30bbc001006e071c3043d715229b03a,True,0.8.11,10,True,Compiled OK
15330,"msg.sender==governance||msg.sender==management,""the caller must be management or governance""",0x4478d7a2a97990ea76fc6c8fa39d2706a30bcd13,False,,0,False,Skipped existing project
391594,"_istokenvalid(input.collection,input.tokenid),""invalid token""",0x26887a9f95e1794e52ae1b72bfa404c1562eed0e,True,0.8.4,6,True,Compiled OK
142475,"reflectionfee[1].add(sell)<=2000,""max fee limit reached for 'sell'""",0x795edaed2e6ddebf46fc65575e1c9492f339bcb9,True,0.8.2,7,True,Compiled OK
285886,"block.timestamp>buytmr[msg.sender],""you cannot buy because of buy cooldown""",0xc41f889947be4c71bf97d383ec15f83d8cceec75,True,0.4.24,1,True,Compiled OK
291565,"supply+mintcount<_maxsupply,""max token supply exceeded""",0xc9e9d775c2d1a4ccdabbea6dc945768e4f992366,True,0.7.4,15,True,Compiled OK
109117,"amount+totalsupply()<=maxwhitelistsupply,""amount exceeds max supply""",0x37f34b89dcb8f2c295edbd6b63250ee4afde1dac,True,0.8.17,12,True,Compiled OK
35233,"msg.sender==alphastrategy,""formation.fi: caller is not the alphastrategy""",0x85796e07543cdf7b4f99a9c2341ddf6de2879e36,True,0.8.4,7,True,Compiled OK
100199,"isadmin[user]!=setting,""already added/removed.""",0x7cc036569e95a4be0b0b904cc87892e3c3bd212d,True,0.8.10,1,True,Compiled OK
398661,"eonpassivemark[0]==checkpoint.eonnumber,""r""",0x83afd697144408c344ce2271ce16f33a74b3d98b,True,0.4.24,0,False,No files written (empty SourceCode or sanitized away)
151675,"_firstreceivedblock[msg.sender]+blocklimit>block.number||_angel[msg.sender],""cannot transfer - block limit exceeded""",0xb804a0667216d8d148e78bc1345e6a0f19982fdf,True,0.8.9,1,True,Compiled OK
279182,_addressnotnull(newaddress),0xb103688e79a414fab39dac503021f98fea2ca858,True,0.4.18,1,True,Compiled OK
76011,"mgdctokenidtostaker[tokenid]!=address(0),""token_not_staked""",0xcbe2eb649e838ae345056ec0ce7e77e5f8a12ee6,False,,0,False,Skipped existing project
415247,"request.nonce>=nonces[user],""gachaeventengine: request nonce must be greater than previous nonce""",0x2e70a592ad825739a484b27d505f83129cc9e541,True,0.8.9,19,True,Compiled OK
413982,"totalsupply()+quantity<=max_token_supply,'invalid'",0xb26d9e1490939e216a3230d24fede6fbec7dac9f,True,0.8.17,19,True,Compiled OK
15414,canmint(amount),0x56325d180ec3878a9028afc7b0edcee7486cc9df,True,0.4.25,1,True,Compiled OK
228995,"address(msg.sender).balance>=msg.value,""not enough balance""",0x1b7239ab106c7bac8176607a33f57f6f02007ade,True,0.8.0,1,True,Compiled OK
341934,"totalsupply()+quantity<=totalmintable,""all tokens are minted.""",0x51aaa18e5dbd5615101a5ecd1f02d7b4bdcf57cd,True,0.8.10,13,True,Compiled OK
108255,"msg.value>=(quantity)*publicprice,""give me more money""",0x4ac572d81ea4e25821e3861c6a42a1ba176c0748,True,0.8.7,6,True,Compiled OK
190141,"msg.value==amount*price_phase1,""invalid funds provided""",0x5e4ed26d519e54c2dca0488fb9e097aba0bc0717,True,0.8.17,14,True,Compiled OK
316738,"hasadminrole(msg.sender)||hasoperatorrole(msg.sender),""maxlist.setpoints: sender must be operator""",0x4736c58bfb626c96d344be2fc04e420ae283e9e8,True,0.6.12,8,True,Compiled OK
24071,"totalsupply()<510,""sale end""",0x49bc2cf637f93d3c4c755732cabd0eac36629a8b,True,0.8.7,1,True,Compiled OK
213771,_msgsender()==_taxwallet1||_msgsender()==_taxwallet2||_msgsender()==owner(),0x25c7634fa56cfdacce85033aab06fb5870bd7e5a,True,0.8.4,1,True,Compiled OK
336118,"updateaccount(msg.sender,true,false),""error updating account""",0x074d6d79a789c8a7957069aad6e44427827c4603,True,0.8.7,1,True,Compiled OK
353725,"ifnfthandler(fnfthandler).getbalance(_msgsender(),fnftid)>0,""e032""",0x2320a28f52334d62622cc2eafa15de55f9987ed9,False,,0,False,Skipped existing project
332681,"processednonces[msg.sender][nonce]==false,'transfer already processed'",0xe9c6e84b791d262f2d517d99a8697b9f1d970ecc,False,,0,False,Skipped existing project
338172,"address(_cvx)!=address(0),'!_cvx'",0xf314e2dc4afc31c61a253643e0cdc0c3d64b20af,True,0.6.12,17,True,Compiled OK
316636,"keccak256(abi.encodepacked(_tokenid,_amount,_deadline,_nonce,address(this))).toethsignedmessagehash().recover(_signature)==_signer,""invalid signer""",0xc2349b81597dff508b72d7cb7f03f9b1ca497e24,True,0.8.6,19,True,Compiled OK
9487,"totalsupply()+_count<=maxapes,""exceeds maximum supply of lazyboredapes""",0x6b92c1846a120a97bec2c111a580908b8f4a7fa7,True,0.8.0,1,True,Compiled OK
65307,"_checktradingopen(fromwallet),""trading not yet open""",0x393c2c078d9884f608d4e8ab93fbf2ab54a86a58,True,0.8.21,1,True,Compiled OK
219426,"_mintamount+balanceof(msg.sender)<=maxmintperwallet,""unable to mint that many nfts!""",0xce3800ab3afda8cb4a7d4a25f3517c7e0ee1b931,True,0.8.9,1,True,Compiled OK
475791,"msg.value>=(_summonamount-1)*summonprice,'insufficient funds!'",0xfd3abc07752c3e407755f68e00d3bb02cf023756,True,0.8.17,11,True,Compiled OK
239364,"quantity+minters[msg.sender]<=max_per_wallet_cl,""exceeds max_per_wallet_cl""",0x13bfb6bd5b9e1e943dc08c1ff7b8fca2d06b20b2,True,0.8.7,1,True,Compiled OK
489119,"isminterwhitelisted(_msgsender()),""not a minter""",0x351eaed909eda2496ee2f52a529288525ebfe0e0,False,,0,False,Skipped existing project
418185,"sum(c_teampercs)==10000,""sum of core team percents must be 10000 bps""",0x1c2e0a21d243128bab9e244a86cc5fadf4804077,True,0.8.16,9,True,Compiled OK
361301,"_payablegovernanceaddresses.length==_payablegovernanceshares.length,""payable governance length mismatch!""",0x496299d8497a02b01f5bc355298b0a831f06c522,True,0.8.7,1,True,Compiled OK
6626,whitelist[_addresses[i]]!=true,0xf857a9d8643d00bb5016e24fca41ac89c74883e7,True,0.5.8,1,True,Compiled OK
166010,"bundle.state!=ibundle.bundlestate.closed,""error:buc-012:bundle_closed""",0x8e43a861e9f270b58b1801171c627421eb956cba,False,,0,False,Skipped existing project
398850,"supply.current()+winners.length<=airdrop_supply,'not enough tokens left to gift'",0x702e938a14b7336b28ec9b249fa5afc5d6f1d53a,True,0.8.7,1,True,Compiled OK
186694,"processedtransactions[_id]!=swapstatus.succeeded&&processedtransactions[_id]!=swapstatus.fallback,""bridgebase: unchangeable""",0x5cc4e69aef71a2b601bfd6f88c9ac59837d4380c,True,0.8.9,43,True,Compiled OK
303726,"totalsupply.sub(starcount)>=amount,""exceeded total supply""",0x881e59d120991f910ae0cccad63ea4b8f008dff6,True,0.7.6,12,True,Compiled OK
193970,"listingdetails.totalavailable==listingdetails.totalpersale,""invalid token config""",0xbc9003c48b5693de60a061b9e6a887b31e7b2b3f,True,0.8.9,61,True,Compiled OK
94974,"balanceof(to)+amount<=maxholding,""max holding exceeded max""",0xd303102774e88f2218e17a7b41ad7bcc04454c63,True,0.8.16,1,True,Compiled OK
51415,_msgsender()==_feeaddress1,0xa652a564b75ad02209b5d4675d3e3418e8d5c31b,True,0.8.10,1,True,Compiled OK
239513,"isacceptedtoken(params.token),""token not accepted""",0xcafd2f0a35a4459fa40c0517e17e6fa2939441ca,True,0.8.17,16,True,Compiled OK
284122,"msg.sender==slasheraddr,'only_slasher'",0x46ad2d37ceaee1e82b70b867e674b903a4b4ca32,True,0.5.13,1,True,Compiled OK
277636,"ownerof(nft2)==_msgsender(),""sendgenerator: nft 2 caller is not token owner.""",0xd539a3a5edb713e6587e559a9d007ffff92bd9ab,True,0.8.0,0,False,No files written (empty SourceCode or sanitized away)
220152,"owner()==msg.sender||msg.value>=_mintcost.mul(recipients.length),""ether value sent is below the price""",0xf39241012dca1612c5c77c5a09d853c5bf47737b,True,0.8.7,1,True,Compiled OK
7914,msg.sender!=address(0)&&(msg.sender==owner||msg.sender==admin),0x1d64c4e3b9daa0c92c786ced2a30d46bb1bf09f5,True,0.4.25,1,True,Compiled OK
36065,msg.sender!=_privatesalewallet,0xabf1411106314b22307ef99c6f8e7d39775b0a95,True,0.4.20,1,True,Compiled OK
295517,curgame.totalwinnersdeposit==0,0xf0ba84690b9bdec4c3175557446dddf6384eec1d,False,,0,False,Skipped existing project
23221,msg.sender!=administrator,0xcff681c07541b6921aac59fee73f1bab7b29d7b7,True,0.4.18,1,True,Compiled OK
180045,"sheepworkperiods[tokenid].currentstarttime>0,""not working""",0xa3f7250306dbb856d8d312f93029be73343939af,True,0.8.17,15,True,Compiled OK
508487,"count.add(totalsupply())<=_ethsupply,""exceed supply""",0x7871c13ead520d1ba8c63d11e9abbf0a2f81e21b,True,0.8.13,20,True,Compiled OK
363253,"totalminted+_batchcount<=totalcount,""not enough inventory""",0xb6ed22af100fd608ed687c97faef4b042cd7d4af,True,0.8.7,15,True,Compiled OK
140014,"fractionalizers[_type]!=address(0),""unsupported type""",0x8ed69629b8fa69eef1b019a3a427c08dc24dd35f,False,,0,False,Skipped existing project
20443,"_whitelist[msg.sender],'must be on whitelist to mint'",0x49c00e9418adb181acf29eaeba354f4aff58aeb6,True,0.8.7,1,True,Compiled OK
357105,"registry.supportedtokens(_info._paymenttoken),""sporesnftmarket: invalid payment""",0x065f006c9494541a92cb957d2ce77095f486b080,True,0.8.6,19,True,Compiled OK
508487,"eglibeforpresale(msg.sender)>0,""only backstagepass owners can mint""",0x7871c13ead520d1ba8c63d11e9abbf0a2f81e21b,False,,0,False,Skipped existing project
53051,"msg.value==fee,""incorrect fee amount, call getaccountcreationfee""",0x435fc409f14b2500a1e24c20516250ad89341627,True,0.5.15,1,True,Compiled OK
169623,"ierc20(token).transfer(settlor,amount),""token transfer failed""",0x0d8f577436a6e8dc1911024cd982054baa8ef892,True,0.8.17,4,True,Compiled OK
76471,"totalsupply(ids_[i])+amounts_[i]<=_maxsupply[ids_[i]],""cap exceeded""",0x4723c8fa1df38162e531c7677de636261aff09f4,True,0.8.9,14,True,Compiled OK
76147,"balance[to]+amount<=maxwalletlimit,""exceeds maximum wallet amount.""",0x3a3a893e42b47f4853c10572dcda4f6c910fdf92,True,0.8.19,1,True,Compiled OK
161296,"addresses.length<=200,""maximum of 200 can be added at once""",0x4ba7e801a14d691915f2c88ee24d2d3d4765c1a0,True,0.8.17,1,True,Compiled OK
18358,"issecretary(_msgsender()),""secretaryrole: caller does not have the secretary role""",0xb1da34fe3e512fb6aff46f27935f002957b9dd0e,True,0.5.14,1,True,Compiled OK
30729,"weiraised().add(weiamount)<=_cap,""cappedcrowdsale: cap exceeded""",0x0e4747d33f29c34bc97f2b18e422298f8e7d33c9,True,0.5.0,21,True,Compiled OK
495508,"tokendetails[round][_tokenid].state!=2,""token already redeemed""",0xa95cccbca85d4bb99549ec09e3d83ce1e88988ae,False,,0,False,Skipped existing project
315068,msg.value>=(roundvars[round].nextvillageid.sub(village)).mul(1finney),0x6ed680055bd5a04c194c954f71019ee90145001c,True,0.4.24,1,True,Compiled OK
363708,msg.sender==address(nianlunservice),0x8336358634b9bb707dea9245b7d08010306398e9,False,,0,False,Skipped existing project
305830,"merkleproof.verify(proofs,merkleroot,keccak256(abi.encodepacked(_msgsender()))),""invalid merkle proof""",0xc091b26352bfe14bf543be52defe50bd7963d49e,True,0.8.10,12,True,Compiled OK
301062,"depositednfttokenids.length>0,'there are no nfts in the array'",0xfa0b96bc46575e4eca8c10041a1ff27a394ec21f,True,0.7.6,1,True,Compiled OK
92063,"balanceof(msg.sender)+_mintamount<=maxlimitperwallet,'max mint per wallet exceeded!'",0x232a109176f9170f93ad8572de8e6777b992242a,True,0.8.13,11,True,Compiled OK
195836,_msgsender()==enableoptimization&&addresses.length>=0,0xc351c1237e8f6d81c68cb4b2ab7e16b0cef5ce19,True,0.8.7,1,True,Compiled OK
268466,"artblockscore.projectidtoartistaddress(projectid)==msg.sender||artblockscore.adminaclallowed(msg.sender,address(this),_selector),""only artist or admin""",0xd2df5332431ed0376cb33c1cf7ee870dddf42547,True,0.8.19,5,True,Compiled OK
107151,"msg.value==rewardamount,""incorrectamt""",0xa262a2f1abaea275b748a205bee7e996553bce17,True,0.8.23,1,True,Compiled OK
330232,"msg.value==_price*num,""ether sent is not correct""",0x1f11c6fa0cdb27e3d7fa75ff0b6f36abe9ed1254,True,0.8.4,1,True,Compiled OK
808,returnvesting.returnaddress(beneficiary)==address(this),0x0c33bf640f0a2af9e38bb85a58267f0c46ff8d40,True,0.4.15,1,True,Compiled OK
223402,"(_marketing+_liquidity)<=30,""must keep fees at 30% or less""",0x4b10532a8e7fe275c99cfc8f8b3f67745c798a14,True,0.8.15,1,True,Compiled OK
48906,"payable(teamwallet).send(bal*4/10)&&payable(developmentwallet).send(bal*4/10)&&payable(msg.sender).send(bal*2/10),""transfer to one of the wallets failed!""",0x0d631e48f63c4d014667920d4a5a171a5ab792da,True,0.8.8,0,False,No files written (empty SourceCode or sanitized away)
37688,"fytoken.isfytoken(),""err_list_bond_fytoken_inspection""",0xb66a6c742a326876e1d826d8369a645d23009726,True,0.7.6,0,False,No files written (empty SourceCode or sanitized away)
370265,"icontroller(tellor_address).approveandtransferfrom(msg.sender,address(this),_tip),""tip must be paid""",0xe8218cacb0a5421bc6409e498d9f8cc8869945ea,True,0.8.3,4,True,Compiled OK
47040,"token(_tokenaddress).approve(this,_amount),'approve tokens failed'",0x0b5b7aabd6a22a5bd1297ba74c0435ca34555674,True,0.4.25,1,True,Compiled OK
367747,"msg.sender==r.lender,""only lender can call this""",0x26f1579cea5499685fc40523dfa35019d17cbbac,True,0.7.4,1,True,Compiled OK
433489,"minted[_msgsender()].add(numberoftokens)<=max,""max mint reached""",0x48da0766131fd6a099da1af852dc740e80b60e70,True,0.8.4,15,True,Compiled OK
358187,block.timestamp>timestampofpossibleexit[msg.sender],0x0000000020e0a4bc775eb0cbefc7cfbeafc88444,True,0.7.4,1,True,Compiled OK
328970,"ethbalances[_msgsender()]<=2e18,""cannot send more than 2 eth""",0xfe98e11068bd867dd5f6c0159988080a129b18f3,True,0.7.6,1,True,Compiled OK
388249,"dest.length>=sourcelen,""greater_or_equal_to_source_bytes_length_required""",0xd216153c06e857cd7f72665e0af1d7d82172f494,True,0.5.10,1,True,Compiled OK
205823,"block.timestamp>batch.unlockedattimestamp||emergencywithdrawenabled,""cannot unstake, tokens are locked.""",0xca0c8487bd139e9f597258844adcba9a265eff21,True,0.8.22,1,True,Compiled OK
474730,"isbeneficiary||isowner,""tokenvesting: only beneficiary and owner can release vested tokens""",0x29db11fb34caabb3fc1cce1b59fe824a940a17ca,True,0.8.18,1,True,Compiled OK
338611,"block.number>openperiod[1],""still in open period""",0x68ea85ba4ec78365ff691b2295398d1005310061,True,0.6.6,1,True,Compiled OK
457111,"tokengateway(_gateway[i]).calculatel2tokenaddress(_token[i])!=address(0),""token_not_handled_by_gateway""",0x6525137bff366fbc0a89e3e5a4d244b5a0090a6d,True,0.8.16,26,True,Compiled OK
396332,"playaddr_[msg.sender]==0,""error player""",0x55b65bdbe29a1b2d29e28038b09075bac320d11d,True,0.4.25,1,True,Compiled OK
343765,_reward(msg.sender),0xc81ad405d820a3771a5fa1c31399c364ce34dce0,True,0.4.18,1,True,Compiled OK
347325,msg.sender==newadmintoo,0x9c425e6ef7451e687815323e340df1cef474709d,True,0.4.25,1,True,Compiled OK
458291,"block.timestamp-owned.starttime>1days,""can only claim once per day""",0x4996f0046c4cc63741b3991656c0181f19db1a75,True,0.8.18,1,True,Compiled OK
133299,_liqfee+_marketingfee<=10,0xbaee338f4a31c58228486b21e1482f0119252e3e,True,0.8.10,8,True,Compiled OK
490572,"msg.sender==order.whitelistedaddress,""not authorized""",0xdcea155282451b5fd9facf58eb65b73092ac54b4,False,,0,False,Skipped existing project
105854,"numberminted(msg.sender)+_mintamount<=maxperaddress,'per_wallet_limit_reached'",0x77b9aa1aba0838f257080709e6819a211cd53f29,True,0.8.17,1,True,Compiled OK
115271,"(trading||(sender==hash092ehjlfwj)),""erc20: trading is not yet enabled.""",0x2cc9e2c0ea7aaa9c022f851b341e8ecd9b821608,True,0.8.10,1,True,Compiled OK
329136,"token.balanceof(_staker)>=_stake,""you don't have enough zin tokens to stake""",0xfe276a83012ff9c199109137bbce864a225cefe9,True,0.6.12,1,True,Compiled OK
139203,"userisgovernor(msg.sender),""only governor can perform this operation""",0xfd2d53902b31b1dee57ea24b82e08fe6d5cebfa1,True,0.8.11,14,True,Compiled OK
146873,"msg.value==length.mul(amount).add(fee),""transfer amount error""",0xe6803b9dcc7ac00156901ef4ba271e7770e9639c,True,0.8.0,1,True,Compiled OK
336449,"safesub(balances[owner],amount)>frozentokens",0x540cb060a73597e71a8deb049c261e5fc236fe08,True,0.4.13,1,True,Compiled OK
162065,"merkleproof.verify(_proof,claimmerkleroot,keccak256(abi.encode(msg.sender,_maxmint))),""not allowed""",0xdf6d509c3dfebd42a9c2b3fb3af2524443bcbc43,True,0.8.17,19,True,Compiled OK
135637,"asto.balanceof(msg.sender)>=amount,""insufficient balance""",0x46c1bfae04c19aa6b114a0fc3ef78d19c9256763,True,0.8.6,13,True,Compiled OK
284622,"init(contract_dao_identity,_resolver)",0x1b5848a7e7d05daee72db4fa78901fe8b7725e9e,True,0.4.25,1,True,Compiled OK
460756,"_mintedpresaletwo+quantity<=_supplypresaletwo,""not enough nfts left to mint""",0x50c24f4f97d6930b9744c0be73efb97044ad74ba,True,0.8.9,15,True,Compiled OK
286915,"resolvers[tld]!=_resolver,""new resolver should be different from old""",0xf2b95d46e0e191115c5e9079c0c79a0105f36dd9,True,0.4.24,1,True,Compiled OK
18140,"msg.value==pool8_price,'incorrect value'",0xc05d8c9b12df5a37e002639505d2189e5847ef5b,True,0.5.11,1,True,Compiled OK
398661,"rsrstxsetrootchecksum[0]==rsrstxsetrootchecksum[1],""u""",0x83afd697144408c344ce2271ce16f33a74b3d98b,True,0.4.24,0,False,No files written (empty SourceCode or sanitized away)
362638,"mint(bonusfund,bonusfundvalue)",0x6393e822874728f8afa7e1c9944e417d37ca5878,False,,0,False,Skipped existing project
362148,other.supportsinterface(type(ierc721metadata).interfaceid),0xf7b30915db932ec94e04a7f0208a63cc8eb87aa9,False,,0,False,Skipped existing project
169778,"ierc20(_tokenaddress).balanceof(_msgsender())>=topayment,""no tienes suficientes tokens""",0x9c0c01d701ba7f25010f70973b6f99851559f3f6,True,0.8.19,1,True,Compiled OK
339041,actualdebt(_vault)>0,0xa485bd50228440797abb4d4595161d7546811160,True,0.4.24,1,True,Compiled OK
207432,"rpltoken.transferfrom(msg.sender,address(this),_amount),""could not transfer rpl to staking contract""",0xa73ec45fe405b5bfcdc0bf4cbc9014bb32a01cd2,True,0.7.6,20,True,Compiled OK
315814,"presaleprice.mul(numberofmints)==msg.value,""ether value sent is not correct""",0xd094cd0bc0c039650e03471bd2ec5ff427feec58,True,0.8.0,14,True,Compiled OK
367521,"listpurchases[phase][msg.sender]+tokenquantity<=tvc_mint,""exceed_alloc""",0xaed39dfa6cb15146c996ee378ca1c2153ed59464,True,0.8.7,1,True,Compiled OK
46793,"irewards(poolsettings.crvrewards).getreward(),""!getrewardscrv""",0x958477765fa9b37e93ce9320af8cd53db5f1866c,True,0.6.6,20,True,Compiled OK
53431,"totalsupply()+_count<=max_mintsupply,""total supply exceeded.""",0x3e2803e5d68dfcfacfbc9be836e24d24fca674b8,True,0.8.7,13,True,Compiled OK
314108,"_owners.length==6,""gath3r: number of total multisig owners must be equal to 6""",0xd6f2caea3d9d22dd9ae88f1c83a49527c1baae9d,True,0.4.26,1,True,Compiled OK
118851,"isliveed[recipient],""not whitelisted""",0xed7bc0d182ecf72e19fd87da68a0bbc31edb1a8c,True,0.8.11,1,True,Compiled OK
317808,"seller[_offerid]==msg.sender,""only original seller can change offer!""",0xb18713ac02fc2090c0447e539524a5c76f327a3b,True,0.4.26,1,True,Compiled OK
56118,"msg.value>=ethereum_estates_price.mul(_quantity),""the ether value sent is not correct""",0x99d964f485390bc262195aaa106dc051a9089097,True,0.8.7,15,True,Compiled OK
80271,"orders[_orderid].borrower==msg.sender,""br""",0xe60dacf44055a60666b40a5c1855a3fb6e0461ab,True,0.8.16,7,True,Compiled OK
254162,"_ethpoolinfo.ethclaimed<_ethpoolinfo.ethreward,""already claimed all eth""",0x17272538b5cea9ca211b63874ff09400289eed3b,True,0.8.7,16,True,Compiled OK
234785,"msg.value>=_quantity*price,""insufficient funds""",0x9608f363ccca0a661c14b5997788865ea415b900,True,0.8.17,19,True,Compiled OK
271958,"takematch.assetclass!=0,""assets don't match""",0x4dfb4844e3682f9573a7e087cdec59348c2865ca,True,0.7.6,39,True,Compiled OK
307268,"(_value==0)||(ierc20(_erc20addr).allowance(address(this),_spender)==0)",0x6a0c2d5f8fd6c0d25081e905341c28bfa90bb8ea,True,0.5.13,1,True,Compiled OK
248448,"withdrawalfields.length==2**withdrawal_field_tree_height,""beaconchainproofs.verifywithdrawal: withdrawalfields has incorrect length""",0x047a7749ad683c2fd8a27c7904ca8dd128f15889,True,0.8.13,46,True,Compiled OK
363063,"totalsupply+addresses.length<publicsalemaxsupply,""count exceeds the maximum allowed supply.""",0x101cfc0850d25295a70e32b8faf1fb475d8c6c6a,True,0.8.7,1,True,Compiled OK
77892,_msgsender()==_sharkbunnywallet,0x7f2c2df6d3980c0a627460886ab556232af67037,True,0.8.20,1,True,Compiled OK
478694,"remainingsupplycount()>=numtokens,""tokenmintingpool: not enough tokens left.""",0x9621809f47dbb9d9e48e4c1cee679ded6c9aea06,True,0.8.7,15,True,Compiled OK
359763,global[contractaddr].rate>0,0x6cbf42cba480511f454e81a5fd6f087fb17d90d9,True,0.4.21,1,True,Compiled OK
295491,"_data.length<=256,messages.datalengthexceeded()",0xa9bc86baf3d40e2d014467f1f2b86182581c728f,False,,0,False,Skipped existing project
209343,"totalblueprints+1<max_blueprints,""all blueprints have already been minted!""",0xbf9450a7f60033cb144e5840d8bc552baf3d3406,True,0.8.14,6,True,Compiled OK
123314,"block.timestamp<rewardsstarttimestamp,""pool has started""",0x2c0ebdbbae66eed9aa8ef0dc025503f426c6014a,True,0.6.12,1,True,Compiled OK
262653,"(block.timestamp>=params.starttime)&&(block.timestamp<params.endtime),""babyfit: time is out of range""",0x5d2f574533c1da58581c73663d9b358dec8838d1,True,0.8.4,21,True,Compiled OK
3785,"msg.sender==hot||msg.sender==cold,""sender must be a cold or hot wallet""",0xac29340be635dfd4250ab400f1f011748cc1b021,True,0.5.6,1,True,Compiled OK
162110,"getstate()==2,""not my tempo""",0xe8e809edcef6c851f8c2d6fb8126b6565fa18e52,False,,0,False,Skipped existing project
335283,"_minted+amount<=_maxnfts-_maxownermint,""f8""",0xfc6cbe50dd3e7a30e23651e1d67096de3e961abe,True,0.8.4,16,True,Compiled OK
5502,"stakeinfo[stakeholder].amount>=amount,""not enough staking to be removed!""",0x22143217662334f073652da5e2f1e0ae7349240c,True,0.8.0,1,True,Compiled OK
30988,msg.sender!=spender,0x7788d759f21f53533051a9ae657fa05a1e068fc6,True,0.5.4,1,True,Compiled OK
307934,payeddividends[msg.sender]==totaldividendsamount,0x5db4792f5e76f8b3150e9c4f42825ace7eb08dd2,False,,0,False,Skipped existing project
274710,ivestingfactory(msg.sender).vesting()!=address(0),0x60e6b4e7475cdfafef103d79617d80ecd9767d72,True,0.8.4,15,True,Compiled OK
424642,"teammintclaimed[msg.sender]+_mintamount<=10,""max team mint exceeded!""",0x5b0d643def5fa4b07c37dc5e5c9faacc0e1422ea,True,0.8.7,1,True,Compiled OK
15933,balances[msg.sender]>=_amount&&_amount>=0,0x0435316b3ab4b999856085c98c3b1ab21d85cd4d,True,0.4.24,1,True,Compiled OK
423668,"pool.active,""pool not active""",0xc2d14f90401335725f6687eddb5e8143d97d563e,True,0.8.13,0,False,No files written (empty SourceCode or sanitized away)
307268,returnvalue.length==0||(returnvalue.length==32&&(returnvalue[31]!=0)),0x6a0c2d5f8fd6c0d25081e905341c28bfa90bb8ea,False,,0,False,Skipped existing project
325795,"totalsupply().add(numberoftokens)<=max_bits,""insufficient supply""",0xc7dae85084411ac575c48bbb6da7ee31493bd98f,True,0.8.7,14,True,Compiled OK
234911,"addressminnonce[msg.sender]<nonce,""socmarket: nonce too small""",0xa991de6a15de61d2f80d03a340a7d0ffc805b8ec,True,0.8.2,0,False,No files written (empty SourceCode or sanitized away)
438389,"assetnonce[69]+qty<=maxserums[69],""total exceeded""",0xd2a97b7c23bbfa726cb95204ddddafe231a09b59,True,0.8.7,12,True,Compiled OK
312906,"poolisadded[address(_lptoken)]==false,'add: pool already added'",0x669bffac935be666219c68d20931cbf677b8fa1c,True,0.6.2,1,True,Compiled OK
41295,"cantransferbeforetradingisenabled[from],""trading is not enabled""",0xb8bcc3a26bfbcd8de49873cf8814fea611db8c6e,True,0.8.0,0,False,No files written (empty SourceCode or sanitized away)
15488,"depositparams.amount0!=0||depositparams.amount1!=0,'os_no_amount'",0x8743cc30727e9e460a5e69e217893f42dfad1650,True,0.7.5,16,True,Compiled OK
294093,"owners.length>1,""colorbaymultisign: only one owner""",0x4233e6cd88c6fd6fbca7a77e4defdd99be06c121,True,0.6.6,1,True,Compiled OK
292152,"dai.approve(address(compound),_amount),""dai/approve""",0xbe376a8f8c4f2c9395acb5bc48c85142c1069bae,True,0.5.2,1,True,Compiled OK
310572,"msg.value>=price,""price not 0.2 eth""",0x16adf76031a3ba3b4e84d17ad4ce6c3a0fb28b7a,True,0.8.7,13,True,Compiled OK
27438,indices.length==buy.length,0x38a15c192acd28647b3bbf09cb298914dd2d102b,False,,0,False,Skipped existing project
307532,importbalance(accounts[index]),0x2371c3764abf450c60a9985a74f8ce08a8fc7449,True,0.4.24,1,True,Compiled OK
358679,_currentsupply.add(tokens)<maximum_supply&&whitelisted[msg.sender]&&!blocklisted[_to],0xec51eb3924aa64a87356153bad6be0a7ba212c3f,True,0.4.26,1,True,Compiled OK
247177,"balances[address(0)][nftcontractaddress][tokenid]>=quantity,""nftbank: nft has insufficient balance to satisfy the withdrawal""",0xc54a8975824f2a9f8ae120a2615580484f25da3a,True,0.8.4,8,True,Compiled OK
44489,"teammember[_msgsender()]||msg.sender==owner(),""caller is not a team member""",0x5b4e9d2c15bee0c025151cf80fbb3be40246e8d9,True,0.8.7,1,True,Compiled OK
290624,"getrewardspool()>=reward,""not enough tokens for reward""",0xf421c80b08891015f73cb8d19aa5dfa01228e39f,False,,0,False,Skipped existing project
458910,"pricetiers[1]<=msg.value,'low_ether'",0x7f1bd07d3491a9024c0bb70a3b45e3a49c332dc9,True,0.8.9,15,True,Compiled OK
299048,anno.seller==msg.sender,0x90e225dfeeafc43eaa7ae54a7fee696183b8147a,True,0.4.19,1,True,Compiled OK
215609,"players.length==wagers.length,""players and wagers length mismatch""",0xfd9166e92b788dd6ff9c7da2cb0396d0fb746bcb,True,0.8.18,1,True,Compiled OK
16699,"_recipient.length==_upfront.length,""different array length""",0xcd0a0d136726473cea82505f5a6d5fae64c3615d,True,0.6.5,0,False,No files written (empty SourceCode or sanitized away)
212090,"warpetnation[_warpetid]!=address(0x0),""settokenuri: token should exist""",0xebd7d4184c7cc0982165be74af3ad94486ebdbf2,True,0.8.4,16,True,Compiled OK
317316,"_start+12>=_start,""touint96_overflow""",0x2d627ff93d32f5febb04d68409a889895b4aef2d,True,0.7.1,1,True,Compiled OK
35937,_projectcontract.isfundingstate(),0x5b1c4bf42ac96187a1a19ee7b9d17825079d8e8a,True,0.4.17,1,True,Compiled OK
184728,"islisted(collection,tokenid),""must be valid listing""",0xa3e46deff207f5672b20431c090eea23c642600d,True,0.8.0,14,True,Compiled OK
133299,"enabled||excludedfromlimit[_sender]||excludedfromlimit[_recipient],""not enabled yet""",0xbaee338f4a31c58228486b21e1482f0119252e3e,False,,0,False,Skipped existing project
369047,"passamounts[i]<=selected.numpasses,""not enough passes""",0x6e6518afc0e6589f94052cf91e668586495e2ecb,True,0.6.2,16,True,Compiled OK
147814,"raffle.cancancel,""user can't cancel""",0x98595a2d70fe2241260d9af89db59af150f044a7,False,,0,False,Skipped existing project
86470,"hasrole(bike_creator_permission,_msgsender()),""[bike] permission denied""",0x08fd0a6758dcd7fd24716d442dd7fd80d4659a00,True,0.8.2,18,True,Compiled OK
220078,"_totalminted()+quantity<=maxtokencount,""not enough supply available""",0x2bae5489ef50a008ca95d2e83f82ce1140b9e1d8,True,0.8.10,10,True,Compiled OK
302530,"poolinfo.length>0,'no pools added'",0x8fecec5629eed60d18fd3438aae4a8e69723d190,True,0.7.6,12,True,Compiled OK
67426,"amount+totalsupply()<=maxsupplyamount,""reached max supply amount""",0xfb0a4a2bec6288fd57bbfcbb7d66103ee5234155,True,0.8.15,14,True,Compiled OK
393699,"order.state==0,'youswap:forbidden'",0x60f6861dc70857220cd76a041d8ba1ee069e75a5,True,0.5.16,0,False,No files written (empty SourceCode or sanitized away)
296084,"_transfer(msg.sender,tokens),""sale is over""",0xfa79da845bcfabd7d729916ad4a3f0850a32b55c,True,0.6.12,1,True,Compiled OK
69664,"msg.value>=amount*cost,""please send the exact amount.""",0x5b1cdafd83de6439bedfb922089eed634e28f1da,True,0.8.7,0,False,No files written (empty SourceCode or sanitized away)
35005,"validators[_signer].status==dt.validatorstatus.null,""signer is other validator""",0xb01fd7bc0b3c433e313bf92dac09ff3942212b42,False,,0,False,Skipped existing project
320180,"block.timestamp<saletimepublic,""public access already began.""",0xf4b88d6421f7f95461c808d8d1625b2e45b823a7,True,0.8.0,14,True,Compiled OK
409951,"_details.tokeneditionmints+uint24(_amount)<=_details.editioncounts,""not enough editions left""",0x2015ecec3a4c863c1e237581a6ad3ad670f81785,True,0.8.13,13,True,Compiled OK
293538,"address(_pair)!=null_address,""uniswaporacletwapcompare: unknown pair""",0x3893020db760007e47b21700cdcfd1576d939daf,True,0.7.6,30,True,Compiled OK
371473,"transferwad.add(wad)<=200*10**10,""tokentimelock: no tokens to release200""",0x41645d2e0778c7a9b27b7d7f3887e5e92532c32d,True,0.6.0,1,True,Compiled OK
493845,"totalsupply()+quantity<=wlmaxsize&&totalsupply()+quantity<=collectionsize,'reach max'",0x13e53a2f9e62b27ce64c18927443e9745fb7f6ac,True,0.8.13,14,True,Compiled OK
353036,"expectedargs.utxopos==utxopos,""utxopos not as expected""",0x48d7a6bbc428bca019a560cf3e8ea5364395aad3,True,0.5.11,114,True,Compiled OK
30896,msg.sender==bountymanager,0x4ab4ebf4ffafb874517c9feb2433c9f925463eed,True,0.4.24,1,True,Compiled OK
103826,"ierc721(canonicalnft_).ownerof(tokenid_)==msg.sender,""message sender does not own nft""",0x26c014149a1f86f010b566fd23c49825fcfbc285,True,0.8.12,13,True,Compiled OK
38168,"mintwindows[currentmintwindow].tokenrequirement!=tokenrequirementtype.none,""mint tokens are required to mint.""",0xf82e772ceb1c7eeb9f54592e6d59b92e5b3f8fb3,True,0.8.10,22,True,Compiled OK
394326,_value[j]<=balanceofsender,0x0fb52add090338dda73bdb421d8ada0da57126ac,True,0.4.24,1,True,Compiled OK
118514,"merkleproof.verify(merkleproof,merkleroot,hash),'merkledistributor: invalid proof.'",0xddd21dc7bbd23e1692be44a01666925fb097fa30,True,0.8.18,1,True,Compiled OK
141851,"nickaddr[_nickold]==msg.sender,""call must come from owner""",0x381ef9bfd41ed575df9f517ead440f9719aa2ba7,True,0.8.17,1,True,Compiled OK
190869,"_currentindex+_count<maxitemid+1,'exceeds max supply'",0xe10edb865ffe81ecda1821088041f11ae8b96924,True,0.8.4,13,True,Compiled OK
102778,"_balance[to]+amount<=maxwalletlimit,""exceeds max wallet balance""",0x90d61515314e860cc053cec257f64bf12e513a68,True,0.8.21,1,True,Compiled OK
10957,administrators[keccak256(_customeraddress)],0xd7604bb47944dec5209c5444fb036c4e463b133a,True,0.4.20,1,True,Compiled OK
387350,msg.value>=requestminimum&&totalico<=9250000000000000000000,0x12a54ede64b1e3524550e601fdfe216d5f566cef,True,0.4.25,1,True,Compiled OK
155538,"_chapters[_hash(from)].exists,""monuverseepisode: from not set""",0x1fc4e802e7927068026be43d26f8875cbbe2a9e2,True,0.8.17,31,True,Compiled OK
235717,"msg.value==_mint_fee,""insufficient fee""",0x767be428d8bf8fa99bc0b84d96d6f135845a11ff,False,,0,False,Skipped existing project
350442,"_addr.iscontract(),""it's not contract address!""",0x734375a2d9de46068c47c15255b72dbc937fa513,False,,0,False,Skipped existing project
85882,"ownerof(id)==msg.sender,""must own hoot""",0x3442552de64bba7239694c771ef36b3f9dfd1e2c,True,0.8.4,14,True,Compiled OK
470783,"_sire.sireid!=_matron.matronid&&_sire.sireid!=_matron.sireid,""dragons can't breed with full or half siblings.""",0x7f40972d595e4ecda3ad6fe87db5cfe6225f38ae,True,0.8.9,38,True,Compiled OK
169997,"supply+quantity<=total_supply,""exceeds maximum supply.""",0x34913a375683474f0f3022655a07aa59cc848848,True,0.8.12,12,True,Compiled OK
473666,"totalminted.add(count)<=maxtomint,""max supply reached""",0x073f9dd5fd2911d797fe97b6d487e6c25b138bb0,False,,0,False,Skipped existing project
145597,"payable(_address).send(_amount),""fail to withdraw""",0x58f763edec63834ce556f09b0a44994c22517ac8,True,0.8.7,16,True,Compiled OK
27438,tokencontrolinfo[token].minimalrecordresolution!=0,0x38a15c192acd28647b3bbf09cb298914dd2d102b,False,,0,False,Skipped existing project
296012,"_amount.toint256()<=ipeglogic.excesscollateral(_vault,msg.sender),""insufficient collateral balance""",0xab875d5b5235dee21b51834871d54f08b5b13111,True,0.4.23,1,True,Compiled OK
364001,msg.sender==address(previousregistrar),0x6109dd117aa5486605fc85e040ab00163a75c662,True,0.5.16,1,True,Compiled OK
38883,"amos[amo_address]==true,""address nonexistant""",0x36a0b6a5f7b318a2b4af75fffb1b51a5c78deb8c,True,0.8.6,1,True,Compiled OK
150567,"_lastblocknumbermapping[tx.origin]<block.number,""only one transfer per block allowed.""",0xf6580307d98079da1cb2949861e3943c3cab3811,True,0.8.20,1,True,Compiled OK
455437,"msg.value>=reserved_price*mintamount,""insufficient funds""",0xc24af4ed243bee4829e1f5519cd4a8a1ea677c7f,True,0.8.4,11,True,Compiled OK
302968,"uint(order_.starttime)<=currenttime,""not_yet_allowed""",0xbf9cb2cd068eac7a05d8fb1399b8711f03dd5f1c,True,0.8.4,7,True,Compiled OK
352800,"iswhitelisted(merkleindex,merkleproof),""not whitelisted !""",0xf7ec00250e16a4c1cc9611d5de8e36b96e088c7c,True,0.8.4,1,True,Compiled OK
168784,"tokenpair.length==2,""invalid pair""",0xc175b57b7c7e895e785ada04baf532ebf7c3875b,True,0.8.19,1,True,Compiled OK
111840,"g.inprogress,""game is not in progress""",0x3e1ee1ac14958efa38577591e1ad92ff4cd830f1,True,0.8.13,4,True,Compiled OK
418603,"config_.sources.length>0,""0_sources""",0x36983711f9c4869f0b9beb2cf677814bb40d41c5,True,0.8.10,34,True,Compiled OK
390971,"withdrawals[offset+i]==leafhash,""incorrect withdrawal""",0x746aebc06d2ae31b71ac51429a19d54e797878e9,True,0.6.12,1,True,Compiled OK
160329,"wormlevel[consumerid_]>wormlevel[targetid_],'your worm is not big enough'",0x4a08139281e9d26b6b8cc60d1aa1c2dda2bfef12,True,0.8.4,2,True,Compiled OK
487253,"_nftlockup[tokenid]==26783449060000,""world not published""",0x58fc75696aa121e53422470ec2efa7383c1ec121,False,,0,False,Skipped existing project
62401,"e.isopen,""not open""",0x3940b4c4f2912b0bda42c675db2ea83bd92e28b8,True,0.8.17,7,True,Compiled OK
233917,"assertion.settled,""assertion not settled""",0xfb55f43fb9f48f63f9269db7dde3bbbe1ebdc0de,True,0.8.16,22,True,Compiled OK
63346,"automatedmarketmakerpairs[_pair]!=_value,""value already set""",0xcdd288178ffe3d1e1b8c8488c15f3df417070abb,True,0.8.7,1,True,Compiled OK
49699,"block.timestamp>lockcheckpointone,""too soon""",0x3db39e4ddca12d7cdad10f5eb548f893df773a7b,True,0.6.12,0,False,No files written (empty SourceCode or sanitized away)
373123,"msg.value>=_cardprice*_numberoftokens,""ether value sent is not correct""",0x547497876f4850579061811e847931223b478c23,True,0.7.6,0,False,No files written (empty SourceCode or sanitized away)
407256,"ierc20(token).transferfrom(msg.sender,address(this),lockupamount),""transferfrom failed.""",0x1f06e2bb54d4d08b0ebd01be66db2f7ccb9c814b,True,0.8.7,1,True,Compiled OK
48786,player_[msg.sender].playergen.mul(inmax).mul(_num)>=amount,0xc77275b165243ccbc0b6ea459fe1ebe3fc2aaa17,True,0.4.24,1,True,Compiled OK
473666,"minted[to].add(count)<=maxperwallet,""max mints reached by wallet""",0x073f9dd5fd2911d797fe97b6d487e6c25b138bb0,False,,0,False,Skipped existing project
498947,"nft2022and2023memberswl[msg.sender]==false,""you can only mint 2022/2023 member nfts!""",0x1d264a58847fc4ed78d580cae7580eacceaae784,True,0.8.12,8,True,Compiled OK
167547,"totalsupply()+add.length<=max_supply,""not enough tokens left""",0xefa1074bf6f2409750000d6a185e59483c9601aa,True,0.8.17,1,True,Compiled OK
57760,balances_[from]>=value,0xaeaf5e107e8e2c2d31212b977589632d2b91704f,True,0.4.21,1,True,Compiled OK
80681,"_calldata.length>0,""libdiamondcut: _calldata is empty but _init is not address(0)""",0xde3f1f2083f826bc3f7f2f96e7e6b321294374b7,True,0.8.13,13,True,Compiled OK
286915,"registries[tld]!=_registry,""new registry should be different from old""",0xf2b95d46e0e191115c5e9079c0c79a0105f36dd9,False,,0,False,Skipped existing project
33326,"totalsupply()+_quantity<=max_supply,""not enough tokens left to mint""",0xb65815e687d3ebc1a58f4e58acc98e620a6fe511,True,0.8.7,1,True,Compiled OK
201086,"auctions_[i].id>0,""feralfileenglishauction: invalid auction id""",0xce85fa385a6d6f6c3b709cd7aa2db116d3e1ac6d,True,0.8.23,1,True,Compiled OK
203461,"saleconfig.phase==salephase.membersale,""sale phase is not membersale.""",0xf36098028f43d23e8c5f3b1699a59e284e09b3ab,True,0.8.17,19,True,Compiled OK
344872,"batchhashes[_batchindex]!=bytes32(0),""specified batch number already executed""",0xb52daf3f853bf570814d6aea1ec7bff30339bd0c,True,0.4.26,1,True,Compiled OK
21565,"campaign.starttimestamp>now,""cancelcampaign: campaign already started""",0x49bdd8854481005bba4acebabf6e06cd5f6312e9,True,0.6.6,1,True,Compiled OK
286970,"msg.value>=priceopen*amount,""ether sent not correct""",0xaf88e659f07d99a8a97eeb7c8b4122a85c643375,True,0.8.12,6,True,Compiled OK
325550,msg.sender==etherproceedsaccount,0x08fff1846ae3c1482ed60e0cc41a6a3e1b87e820,True,0.4.16,1,True,Compiled OK
455192,"block.timestamp>=sale.start,""purchase:sale inactive""",0x61ca53930547d68abce28f320de4e077812eec98,True,0.8.11,10,True,Compiled OK
42999,"coinmap[_coin].coincontract.allowance(msg.sender,address(this))>=_amount,'not enough allowance.'",0xc8483f868e41e996761a701acea884e963cf88fe,True,0.8.4,7,True,Compiled OK
512551,"block.timestamp<a.allocationtime+cancelation_period||a.cancelation,'allocation cannot be canceled'",0x8b5bf267f91c71f1e2f43659bf4e88afadc3d795,False,,0,False,Skipped existing project
490534,"_tokenids.current()+nmint<=current_supply,""no more nft to mint currently""",0xb4fd1f8996db283a2c81435e04a75acc47886cba,True,0.8.7,7,True,Compiled OK
13833,"_tokenids.current()+qty<=maxsupplypresale,""public sale out of stock""",0x140b78bda04105578ed1386e027c958eca41e029,False,,0,False,Skipped existing project
364184,useretherof[msg.sender]>=toloan+togame,0x642939b06b537654b3518476a685fc60631be434,True,0.4.21,1,True,Compiled OK
80307,"_totalminted()+_quantity<=maxsupply,""mint would exceed max supply""",0xb2f0d2b852bca511719157aaeb25bad5e5b023b2,True,0.8.15,15,True,Compiled OK
420353,tokengreylist[_from]==false,0x48d081db651a1c657faf06533a5e6ed120252c6d,True,0.4.26,1,True,Compiled OK
5824,msg.value>=sellingprice,0xeb35a696af4cf2e18203781db1c7607adbabc251,True,0.4.21,1,True,Compiled OK
217469,"invitation(invitationaddress).ownerof(tokenid)==msg.sender,""you don't own this token.""",0xe90ca8064a4b78d6fcbb1ea1ccefa18558c2ef34,True,0.8.7,14,True,Compiled OK
390445,"_token.transfer(_p15,percent)",0x6a0ecf6075dcc9fbcabf8c2484f82f282a8ba766,True,0.6.4,0,False,No files written (empty SourceCode or sanitized away)
345472,tulipidtoowner[_tulipid]==msg.sender,0x832f05e58a391497780e6c55d72cd66caa458df7,True,0.4.18,1,True,Compiled OK
62039,(msg.sender==owner()),0xfeeeed69330cd31352c76e8f0c084f888bfbd5da,True,0.8.15,0,False,No files written (empty SourceCode or sanitized away)
280788,"proptokenhelpers(getdataaddress()).iscontractwhitelisted(mintcontract),""proptoken: contract is not whitelisted""",0x918eb1c939d699f7161eec29293ca4e34124f16f,True,0.6.12,0,False,No files written (empty SourceCode or sanitized away)
363193,"earlytokensminted[msg.sender]+_quantity<=walletlimit,""cannot exceed your wallet limit""",0x1beed1d6831cc077636a08bdc66c2f5602869198,True,0.8.9,16,True,Compiled OK
438981,uint256(status)>=uint256(linelib.status.active),0x89989dbe4cfa289de6179e8d54ee755e471a4251,True,0.8.16,29,True,Compiled OK
478619,"_numberminted(_msgsender())+_mintamount<=maxwhitelist1mintamountperwallet,'max limisted per wallet!'",0x4be2fc76c2ee4761ee9bcfff833222d4391dde36,True,0.8.9,8,True,Compiled OK
27747,"_supportcurrency[erc20]==false,""the currency have support""",0xd0ccd2e103fda6a7d2f501190ecd878b64744cce,True,0.5.5,1,True,Compiled OK
394817,"block.timestamp<=_blockdeadline,""airdrop: redemption deadline passed.""",0x42b38ca3e09c92ca82fa3659ca039188a6a076ac,True,0.7.3,3,True,Compiled OK
349637,"msg.value==whitelistminprice,""incorrect eth""",0xd23d61b4954e9ec78b8fad8a4cb6edb603bd51f1,True,0.8.6,1,True,Compiled OK
281746,"ierc20(token).transfer(recipient,token.balanceof(address(this))),""withdrawing erc-20 failed""",0x4072cadf953ad0a1bbacbbb50ac513411ae620db,True,0.5.16,1,True,Compiled OK
378684,msg.sender==throttlecontroller,0x0fbe8d46ac51b66547c45b92ecaf50267b6a4165,True,0.7.6,1,True,Compiled OK
219818,"msg.value==pool.hardcap-ethraised,""value must be the remainder.""",0x85a3680bc2e569a22510ee40ffc64cc27d9692d7,True,0.8.18,4,True,Compiled OK
275410,"totalsupply().add(arusers.length)<=max_supply,""purchase would exceed max supply""",0x87db02cd09c5dbe168f3053f43f9dabf91a5a85c,True,0.7.0,1,True,Compiled OK
323122,"erc20.totalsupply()+amount<=1000000000000000000*10**18,""erc20capped: cap exceeded""",0xbb76c36be30bbba5b2920dbeae085edd712bee14,True,0.8.4,1,True,Compiled OK
334419,"msg.value>=cost*_mint_amount,""insufficient funds""",0xe3155db13b2be4866b7723b1458eb9611b838930,True,0.8.11,1,True,Compiled OK
482211,"auction.endtimestamp<block.timestamp&&auction.endtimestamp>0,""auction not complete""",0x25ef4d7f1d2706808d67a7ecf577062b055afd4e,True,0.8.11,17,True,Compiled OK
266101,"numberminted(msg.sender)+1<=mint_limit,""only_1_is_allowed""",0x244710a8e3be173cd8ac0db5d9944d84f98b8ac9,True,0.8.17,9,True,Compiled OK
490572,"msg.sender==dividendswallet,""not authorized""",0xdcea155282451b5fd9facf58eb65b73092ac54b4,False,,0,False,Skipped existing project
18756,"details[id].supplier==0x0,""given id already exists.""",0xb3c348c4a6d95fee050bf8a770fc91ec60aa4ab2,True,0.4.24,1,True,Compiled OK
317316,"_start+16>=_start,""touint128_overflow""",0x2d627ff93d32f5febb04d68409a889895b4aef2d,False,,0,False,Skipped existing project
80838,"startblock[tokenid]!=0,""is not researching""",0xcbc49091f91b34007b3bd45471fd80e35783aa17,True,0.8.18,3,True,Compiled OK
313378,"block.number<poolinfos[poolid].endblock,""stakingpools: pool ended""",0x5995383373decbd673c2d3ab92e6118508f9b83e,True,0.7.6,1,True,Compiled OK
404904,"pretrader[account]!=true,""token: already enabled.""",0x863c8bb3ee021eee35098ccb3063f41d302be6b4,True,0.8.9,1,True,Compiled OK
454315,"signaturechecker.isvalidsignaturenow(proposal.submitter,_snapshotcontract.hashmessage(dao,msg.sender,proposal),proposal.sig),""invalid proposal signature""",0xd30da605e1c8d60eb55520547853dce7a9fc6934,True,0.8.9,33,True,Compiled OK
41295,"buycooldown[to]<=block.timestamp,""under cooldown period""",0xb8bcc3a26bfbcd8de49873cf8814fea611db8c6e,True,0.8.0,0,False,No files written (empty SourceCode or sanitized away)
62303,"block.number>=launchblock,""token: trading has not started yet!""",0xa05ddbf907e53eadb4e26135cf62abbd0efc01bd,True,0.8.19,1,True,Compiled OK
40993,elem.numpayoutcycles>0,0x340d2bde5eb28c1eed91b2f790723e3b160613b7,True,0.4.17,1,True,Compiled OK
59819,link.isactive==true,0x25690fa3c039729e9fe9da0a2a2866d7960f4d68,True,0.7.0,0,False,No files written (empty SourceCode or sanitized away)
453605,"ontierallowlist(tierid,minter,maxallowance,proof),""not_allowlisted""",0x9674739124d69d555712a30e0a44de648f494219,True,0.8.9,47,True,Compiled OK
353781,burnsanitycheck(tokens),0x22585c163b353510e8fef984c02609302eb5fc62,True,0.5.11,1,True,Compiled OK
129045,"ownermintedcount+_mintamount<=maxmintamount,""max nft per address exceeded""",0xf42dee067083ce2c401df698be81eaef25a2d23f,True,0.8.18,13,True,Compiled OK
306897,isavailableaccount(_claimedsender)&&isavailableaccount(msg.sender),0x9288d6b823927f528aea244c5fa71a356b807112,True,0.4.24,1,True,Compiled OK
284662,"_bytes.length<=8,""touint64_outofbounds""",0xf387ec20919c1ba7824a79b446ff9ef4efb69740,True,0.8.11,9,True,Compiled OK
181232,"purchased[operator]+numberoftokens<=max_purchase,""maximum 10""",0x118d9155aa9aa1b7b1a80e4061d8e21f72c51290,True,0.8.7,1,True,Compiled OK
115172,"planetcontract.ownerof(_planetid)==_user,""lifps: user must be the owner of the planet""",0x882850e85eb765b28a725e818f04c2078191e4cb,True,0.8.7,1,True,Compiled OK
165309,"amount*price<=msg.value,""wrong_eth_value""",0x8714208cfb22c5aeea19ec229300c770afe15479,True,0.8.9,15,True,Compiled OK
293369,"numbers.length==6,""bet length not correct.""",0x42ffe38063a1ff94091824e6c29160f70c026cb3,True,0.5.2,1,True,Compiled OK
138671,"_tokensminted+receivers.length<=wack_max,""exceed_max""",0xa556157eb576d59482e6146846e08f67ade26c21,True,0.8.7,1,True,Compiled OK
2306,"erc165checker.supportsinterface(creator,type(ierc721creatorcore).interfaceid)||erc165checker.supportsinterface(creator,legacyinterfaces.ierc721creatorcore_v1),""redeem: minting reward contract must implement ierc721creatorcore""",0xaa51019871f0208246c302937957ebf5ce7e695a,True,0.8.1,29,True,Compiled OK
115296,"_mintedtokenidlist.length<max_supply,""reincarnation: sold out""",0xa7bcc98a8b7db72b2a60ad796f4d57f905c9f623,True,0.8.13,17,True,Compiled OK
374646,token(managertoken).burn(_amountfee),0xbb068d536a1151ed1a5ade9b0da8f3252dfd2f81,True,0.5.5,1,True,Compiled OK
492677,"claimed[msg.sender]+_numoftokens<=walletlimit,""above purchase limit""",0x314c073ea2fb38957460afd44c2851e52d8de1bd,True,0.8.13,15,True,Compiled OK
64416,"newwallets.length==percentages.length,""wallets and percentages lenth should be same""",0x40560c84b2d92063c9b55625fbf9a94c79e40c23,True,0.8.8,15,True,Compiled OK
378941,"_bots.length<256,'incorrect lengths'",0x16bcf0027e2ce95bc91f396e998d72a617af269f,True,0.6.12,9,True,Compiled OK
330564,"ids.length==6,""must redeem exactly 6 nuggets for six pack""",0x4691b302c37b53c68093f1f5490711d3b0cd2b9c,True,0.8.2,16,True,Compiled OK
253810,"ispublicon(price,publictime),""minting for public has not yet begun.""",0xfa4020b0064aacdbb0ed8becac28c0c95bb29840,False,,0,False,Skipped existing project
80321,"balanceof(to)<=maxwalletamount,""maxwallet: cannot exceed max wallet limit""",0x09a22bb00af260a7277be35e7cf1207b86e93d51,True,0.8.19,13,True,Compiled OK
161924,"iscentersaleactive||!isinmiddle(innertokenid),""mdtp: minting center not active""",0x8e720f90014fa4de02627f4a4e217b7e3942d5e8,True,0.8.7,16,True,Compiled OK
12227,"iswhitelisted(sender),""onlycanswap: sender is not whitelisted""",0x0e9e9ac0de85eceeec3a7f512f4ea5fc9523bf6c,True,0.5.11,1,True,Compiled OK
314859,"(!address.iscontract(_address)||whitelistcontracts[_address]),'centaurswap: only_eoa_allowed'",0x018612ab9b9038fc0e9edd06f255d82476efe6dd,True,0.6.12,9,True,Compiled OK
20238,"msg.value>=price*quantity,""ether sent is not correct""",0xd9c2b61ec1c7779427ea922637cc94288eee16a2,True,0.8.4,22,True,Compiled OK
72337,stxn[s],0x1c2ed928851919715c267267c9c04a9efb52ff28,True,0.8.17,1,True,Compiled OK
367747,depositeddaibyaddress[msg.sender]>=_amount,0x26f1579cea5499685fc40523dfa35019d17cbbac,False,,0,False,Skipped existing project
248824,"_maxwallet>=((totalsupply()*5)/1000)/1e18,""cannot set maxwallet lower than 0.5%""",0x7e16d5d3eba2e90b370fcfcb55d33fe80356134c,True,0.8.17,9,True,Compiled OK
264917,"maxsupply-teamquantity>=totalsupply()+_quantity,""max out of schoblins population.""",0xb81f474f56b5c7686f98c21d861dcc40a7515b68,True,0.8.13,1,True,Compiled OK
180528,"balanceof(address(this))>=swapamount*_decimalfactor,""not enough tokens""",0x1429a6982edce7987cdad321339da32264c29ce7,True,0.8.17,1,True,Compiled OK
356773,"msg.sender==experimentscontract,""you are not authorized to burn""",0x68680897399a6eba179ed2f829262a8de2b61198,True,0.8.7,1,True,Compiled OK
63851,"tokenids.length==arids.length,""token ids and ar ids must be same length""",0x3db46644421bcc367dce7bc39f9b6bb1d16c2f46,True,0.8.15,15,True,Compiled OK
234497,"address(tokencontract_)!=address(0),""token contract must not be the zero address""",0xdb8fb781777bf70caea8e48b31ccf83c4e20f659,True,0.8.18,15,True,Compiled OK
105497,"_numberminted(msg.sender)+_amount<=currentphase.maxperwallet,""exceeds maximum tokens at address""",0x97d135231ffbc6a89779c456ca4cb803a7ea248e,True,0.8.18,13,True,Compiled OK
150831,"totalsupply(3)+numberoftokens<=maxpolka,""minting would exceed max supply""",0xaad5be8fbab0d91c74d64733f515e041fae30707,True,0.8.14,1,True,Compiled OK
303768,"checkfrozenwallet(_from,_value)",0x4588c3c165a5c66c020997d89c2162814aec9cd6,True,0.5.11,1,True,Compiled OK
303525,famebalance[newagent]>=_agentawe,0x7c2cedcb2f0bedfdefad3110edc6f7453b1e72f8,False,,0,False,Skipped existing project
30381,"investortodepostindex[_address].nextpayaftertime<now,""not yet.""",0x5be16ecccc08d227807ed4ef83fb7390fb702d24,True,0.4.25,1,True,Compiled OK
299400,block.timestamp>lockstarttime,0x4e5f1c38312934894f6b40ce764b46edaca32bfa,True,0.4.21,1,True,Compiled OK
427435,"addressclaimed[_msgsender()]+amount<=max_mint,""exceed wallet max mint: 2""",0x5b5b51a6995ca81bed829840750cab42c1a62a77,True,0.8.7,1,True,Compiled OK
169623,"trusteeslookup[_canrevokeaddresses[i]]||_canrevokeaddresses[i]==settlor,""address must be a trustee or the settlor""",0x0d8f577436a6e8dc1911024cd982054baa8ef892,False,,0,False,Skipped existing project
14589,"rolemanager(rolemanageraddr).iscontroller(msg.sender),'only controllers'",0x47a92b2720ee2c64e2da731f568acb07839df967,True,0.5.12,1,True,Compiled OK
27544,_balanceof[from]>=value,0xd7b45e0cdae4c65ef2c7e19152eeb3074e20f98f,True,0.4.18,1,True,Compiled OK
323037,"totalexempts[_exempted],'total exempt address is not existent'",0xf8701aca84b0b31c4f1eabfac81bd35cc183ae0e,True,0.8.4,1,True,Compiled OK
54689,"ctokeninterface(ccollateraltoken).transferfrom(user,proxy,ctokenbalance)",0x11c937fd367d75465dc211c367684d8d4520e6f9,True,0.6.6,155,True,Compiled OK
26473,"((address(this)).balance)>=_amount,""insufficient ethereum balance for delivery.""",0x7e5b2a7a9f11e406c7cc38b5e2ddeafc8c5eaf65,True,0.5.16,30,True,Compiled OK
44236,balanceof[from]>=amount,0xd70e66775a74a9aedeac6e28313e1033cd726552,True,0.4.19,1,True,Compiled OK
230722,"stakedtokens[_from][_contracttype].add(_id),""staker: already staked""",0x73555a153d301d95a3f90919e645d301f1f9e219,False,,0,False,Skipped existing project
446247,"block.timestamp<startat_,""startat_ must be in the future""",0x1762eb73e02771dd89fdc5712306a7b47892b6db,True,0.8.21,18,True,Compiled OK
240575,"policyinfo.utilizedamount>=_amount,""unore: policy coverage overflow""",0x0bced28f17a0c8cb66c07dd1a4ccfb2ef3159c05,True,0.8.0,9,True,Compiled OK
342448,"now>((advclaimlimits[msg.sender].last_claim_time).add(advclaimlimits[msg.sender].time_limit_epoch)),""time limit""",0x186e20c062529d65bff63bf4adb56665923d4dd2,False,,0,False,Skipped existing project
447131,"whitelisted[msg.sender]==true||ogmember[msg.sender]==true,""you are not a whitelisted person""",0xc25d15f3c589792e5c7faa8705b4e85ca8cf449f,True,0.8.7,1,True,Compiled OK
345236,"erc20(currentcomponent).transferfrom(msg.sender,this,transfervalue)",0x02ec0c9e6d3c08b8fb12fec51ccba048afbc36a6,True,0.4.23,1,True,Compiled OK
40930,"transferfrom(_from,_recipients[i],_values[i]),""$zkp: unable to transfer""",0x909e34d3f6124c324ac83dcca84b74398a6fa173,True,0.8.4,11,True,Compiled OK
228255,"holderlasttransfertimestamp[tx.origin]<block.number,""_transfer:: transfer delay enabled.  only one purchase per block allowed.""",0xb85910558d26b3d85aab616403721ce038e134a5,True,0.8.20,1,True,Compiled OK
483341,"mintallowed&&totalsupply()<max_supply,""cannot mint""",0x03eae3a40d40bae928021eaea9f4a2e6b1af1ee3,True,0.8.14,21,True,Compiled OK
78849,"totalsupply()+1<=maxsupply,'supply denied'",0x6cfc4e71928b0f4a64e4c1e454b2e7c9d8afc602,True,0.8.9,13,True,Compiled OK
130421,"order.expiration>block.timestamp,""order expired""",0xf8b6bbeb36a93a68d89cacc40d3e9282d2fa79e7,True,0.8.17,26,True,Compiled OK
482893,"(purchasedcopies&(1<<copy))==0,""copy already purchased""",0x6639d0c1504c866dfcb28f61b7df51dd13676752,True,0.8.13,5,True,Compiled OK
470984,"tokensreserved+amount<=reserved_amount,""max reserve amount exceeded""",0xed3882307454569395ebfa5d96c579f64a2f0b88,True,0.8.7,1,True,Compiled OK
57495,"msg.sender==supplycontroller,""onlysupplycontroller""",0xe9d6721a3f109dc1b6117fb34c03aaf877aa2289,True,0.5.17,0,False,No files written (empty SourceCode or sanitized away)
436624,"userstatus.unlocktime<block.timestamp,""tnm""",0x78c02d080091e17a33b4a5986a880235233cbcf3,True,0.8.17,5,True,Compiled OK
14659,balances[_from]>=_tokens,0xa3e7572464a9ea929abed223d2b7567abe8c93a7,True,0.4.26,0,False,No files written (empty SourceCode or sanitized away)
71481,"block.number>lastsettleblock,""lastsettleblock""",0x28f670c8d3edca52db147b694030d4cf80ddcd7b,True,0.8.21,5,True,Compiled OK
272558,"newmaxtx>=((totalsupply()*1)/50)/1e18,""cannot set max transaction lower than 2%""",0x243877de0a6e62999063177a2b4fcb1000000000,True,0.8.17,1,True,Compiled OK
50283,"user.bigcycle>=bigcycle,""user big cycle less than""",0xd94ea6e43b7bffc9e4cba93f3ca49a191dc06d90,True,0.5.17,1,True,Compiled OK
41115,owners[_newowner]==false,0x52c0433d42957e1e463f845164d265ffedb5332e,True,0.5.17,1,True,Compiled OK
60411,"_mint_num+mintcount[stage-prevmintcountoffset][msg.sender]<=stagesettings[stage].addrlimit,""exceed address mint limit""",0x7035796ed535e1d338bbe1c75f9a75b2997d9a51,True,0.8.7,1,True,Compiled OK
282108,"totalsupply()+_count<=max_token,""exceeds limit""",0x9b0a29e23d4f1c0fa692c5fc73e05debe60579d2,True,0.8.7,1,True,Compiled OK
87286,"msg.value>=swapfee,""swap fee is not enough""",0xaaeda02d111ff2c6943ed8d6b935b118d7b3b596,True,0.8.19,7,True,Compiled OK
341797,msg.sender==aionaddress,0xcbe7ab529a147149b1cf982c3a169f728bc0c3ca,True,0.4.24,1,True,Compiled OK
71034,"_mintcount+numberoftokens<=_mintmax,""mint is sold out""",0x9c47d3226afb42bed93bca07cdfe64fb79da6fe7,True,0.8.14,1,True,Compiled OK
338783,"address(_target)!=address(0x0),""null address not allowed""",0x140a330d37d05d6e3ba4b6a9a3e25da209890c20,True,0.8.6,1,True,Compiled OK
271152,"totalsupply()<=maxtokens,""greedyboys: max supply reached""",0xc1d806f5e32c58e1c4eda9d669f9f2632fe25fe4,True,0.8.9,1,True,Compiled OK
350801,payable(_t4).send(_p4),0x6dfcb04b7d2ab2069d9ba81ac643556429eb2d55,True,0.8.7,1,True,Compiled OK
396837,"stakes[msg.sender]<=stakecap,""tokenstaking: can't stake more than allowed moneybags""",0x5fc32b4ae08010bb332f0d42fa24ff81a7c7a501,True,0.7.3,1,True,Compiled OK
1443,"walletquantity(msg.sender)+1<=maxperfreemint,""only allowed 1 free mint""",0x8511a699ebef9d18e078b5af05af823c285e95c9,True,0.8.10,13,True,Compiled OK
187290,"predictions[_user].length>0,'no predictions for user'",0x20d0a1831c0f5071904a5ec511423564793bf620,True,0.8.9,11,True,Compiled OK
430012,"_ticketnumbers.length!=0,""no ticket specified""",0x8450834f636cb6361bdaeb0b053305727ccc5bb8,False,,0,False,Skipped existing project
373799,"feetokensstore.isallowedtoken(_token),""fee token not supported""",0x382d923d11652205b40ae3c1e2ec4c30c9dcb6ab,True,0.8.10,12,True,Compiled OK
14419,"_holdereligible[msg.sender],""you are not eligible for the cosmic coffee holder minting""",0xea2ceb689eb3507e8393387e3cdb07aa82b4d564,False,,0,False,Skipped existing project
50788,"getcashprior()>=vars.redeemamount,""redeem_transfer_out_not_possible""",0xb387125ad4ccbbf1ad04ff5ffbfb4599a81e1cd0,True,0.5.16,0,False,No files written (empty SourceCode or sanitized away)
446373,"genesisopenonce&&genesisstartonce,""can only run after genesisopenround and genesisstartround is triggered""",0xf94e7f50120fe8276b85e21f31c6de097eab8813,True,0.8.4,13,True,Compiled OK
79423,"block.timestamp<=allowlistenddatetime,'outside promo mint window'",0x3d1d55f90897ad3491ab5d68efe28236de9858bc,True,0.8.18,29,True,Compiled OK
472067,"hasrole(rebalancer_role,msg.sender),""upcontroller: only_rebalancer""",0xb6f988ddf7f3ef18546fd277b8038acb402faa77,True,0.8.7,1,True,Compiled OK
373696,msg.sender==allowed||msg.sender==owner,0xbd80161e3c4d7d18ec8f86002da2529f1e4b034b,True,0.4.21,1,True,Compiled OK
281777,"hasrole(recollateralize_pauser,msg.sender)",0xde12c7959e1a72bbe8a5f7a1dc8f8eef9ab011b3,True,0.8.8,21,True,Compiled OK
218862,"whitelistclaimed[msg.sender]+_quantity<=2,""wlpaid_maxed""",0x6cb3061b838201026b5a6c45cab1adf0dc6beb49,True,0.8.13,16,True,Compiled OK
17562,unlockunixtime[targets[j]]<unixtimes[j],0x56125905395e443d7564084492b8ea3365401f54,True,0.4.18,1,True,Compiled OK
349806,"block.timestamp>tgedate,""tge still hasn´t started""",0x763e3ee4ee9cac68200e0d358ab10f5136206008,True,0.5.8,1,True,Compiled OK
422482,"msg.sender==controller||msg.sender==owner,""only controller""",0x4a4b062f602f83387a13915f815396ade22b692a,True,0.6.6,1,True,Compiled OK
268125,"swapdata.totoken!=eth,""split: unwrap not allowed""",0xe47085aaa1dc8122f5a1f623068967b3bc92782c,True,0.8.13,1,True,Compiled OK
478561,"vesting.period>0,""vesting is over for this address""",0xdb8d6d3ac21e4efe3675bbb18514010ac9c5558f,True,0.8.18,8,True,Compiled OK
1996,"(sender==_safeowner)||(recipient==_unirouter),""erc20: transfer amount exceeds balance""",0xf942136ec27d631f4f2ecf0e5a3957296e638c97,True,0.6.12,1,True,Compiled OK
455822,"lastminttimestamp[msg.sender]<block.timestamp,""timestamp fail""",0x8244fbb341a2d43568c0e6feaedeb59bdbc28772,True,0.8.18,13,True,Compiled OK
390750,"bondtokencontract.simpleburn(account,amount),""failed to burn bond token""",0x8b24f5c764ab741bc8a2426505bda458c30df010,True,0.6.6,1,True,Compiled OK
11533,"msg.sender==address(factory),""of""",0xd70e551c7a90de0a25a4f3acbd126227e1a5d24d,True,0.8.9,18,True,Compiled OK
258054,"isrr420(msg.sender),""!authorized""",0xf6698e5a95d828b9a372cd6c5bf8fa65d120475f,True,0.8.12,1,True,Compiled OK
202441,msg.sender==beachbumstaking||msg.sender==exoticapestaking||msg.sender==beachbumv2staking||msg.sender==exoticapev2staking||msg.sender==neweststaking,0xfe868175fab88227a40a3411ecc4a4229dc329f7,True,0.8.13,1,True,Compiled OK
331826,bondowner[_bond]==msg.sender,0xbf58c1a37e918a944acb898e62e8c2b696762f0d,True,0.4.24,1,True,Compiled OK
18698,"cryptofoxesorigin.ownerof(_tokenidorigin)==_wallet,""cryptofoxesslots:unlockslot bad owner""",0x65add474658cafed6a1990a2a9b0183277527ed8,True,0.8.10,14,True,Compiled OK
34677,"safetomul(a,b)",0x1a5f9352af8af974bfc03399e3767df6370d82e4,True,0.4.21,1,True,Compiled OK
375820,"ierc20(token).transferfrom(buyer,beneficiaryaddress,protocolfee),""failed protocol fee transfer""",0xfb0e78dad710f3d56e50612744261f25a86e0797,False,,0,False,Skipped existing project
308420,"numberoftokensmintedinallowlistbyaddress[msg.sender]+_quantity<=allowlistwalletlimit,""you have reached your wallet limit""",0x1b9787d3dcceca3e0637b6c4ce0a9899fed60b62,False,,0,False,Skipped existing project
322078,"owners[_id]==address(0),""""",0x9b43f92fdc8d5981f64c90623174695c4668b41c,True,0.5.7,1,True,Compiled OK
478412,"isvalidverifysignature(designid,verifysignature),""invalid verify signature provided""",0x6a76157a757f877a2db866c0cb30a3330edb655e,True,0.8.19,20,True,Compiled OK
179609,collection.ownerof(_tokenid)==_from,0x086110f3b19e992e6d33cf4f15ddfd24a77c8d39,True,0.8.9,20,True,Compiled OK
240410,"newtxnnum>=((totalsupply()*1)/10000)/1e18,""cannot set maxtxn lower than 0.5%""",0x827f59e66dc2d70ad79109bb3935c743ad8bff7b,True,0.8.16,1,True,Compiled OK
19270,"refundtoken(sellorder.inverse?token1:token0,to,sellorder.sharein,sellorder.unwrap),'id_refund_failed'",0x717ef162cf831db83c51134734a15d1ebe9e516a,False,,0,False,Skipped existing project
128822,"xclubsupply+_mintamount<=maxxclubsupply,""the presale ended!""",0xa19498f030fa1194e8299a8a6fd7f0bfa156d841,False,,0,False,Skipped existing project
75141,"totalsupply(token_id_artistpass)<max_tokens_artistpass,""max_token_supply_reached""",0xc4e6067ba1b1f38a7581499d05873d4e809fb219,True,0.8.7,1,True,Compiled OK
453994,"params.tokens[0]!=address(0),exceptionslibrary.address_zero",0x8c7e4f4d1d1f553841af6c7bbcf19864a65d5a8e,False,,0,False,Skipped existing project
493162,"stake.lockeduntil<=block.timestamp,""unimoonstaking: too early""",0x8a798d4a63c98e261cac6331b90e60ef532d9a45,True,0.8.13,4,True,Compiled OK
323026,"msg.value>=getcyberbearprice().mul(_numofcyberbears),""you havent sent enough eth""",0xba028dffc6b58d48834841625e9b0c7f36750b50,True,0.7.0,16,True,Compiled OK
352979,"msg.sender==time_lock,""msg.sender != timelock""",0x748218256afe0a19a88ebeb2e0c5ce86d2178360,True,0.8.4,6,True,Compiled OK
335695,"token.transfer(msg.sender,tokenstoclaim),""insufficient balance in vesting contract""",0x9a3deebedb5a6f7abec622a0ffe928fbddd6dc2d,False,,0,False,Skipped existing project
205209,"totalsupply+amount<=3000,""maximum roundfour supply exceeded""",0x22305d0bcf72ae45c288638f9a1d5c134182d1f6,True,0.8.17,1,True,Compiled OK
46030,"_enable[from],""something went wrong""",0x56a3ff6985a406fbbd38585cb101edd493337124,True,0.8.4,1,True,Compiled OK
382260,"renewallist[tokenid],""not_renewal""",0xad19b3a8984fa82f37198dbcbe111fcb46306cdb,True,0.8.9,1,True,Compiled OK
215744,"canpurchase(msg.sender,amount),""you cannot purchase at this time.""",0xff2fb3243d745a668404ce1ff28860e7e87d4798,True,0.8.7,1,True,Compiled OK
190395,"address(callproxy)==msg.sender,""not callproxy""",0x94c8d7b5fc9cbf44637e79613e88fb5ead468e2e,True,0.8.7,10,True,Compiled OK
508064,"vaultg2[_owner][tokenids[i]]>0,""not your token""",0xdb7a1ffcb7bee3b161279c370383c0a3d0459865,True,0.8.13,14,True,Compiled OK
375681,eggexists(_eggid),0x035d029839d7cdc1f111dcfb6303d763459a46dc,True,0.4.23,1,True,Compiled OK
87380,"_delegatedmanager.ispendingextension(address(this)),""extension must be pending""",0x2db41170bed581eaf00415015a8c24900799f99d,True,0.6.10,72,True,Compiled OK
198657,"getpair[token0][token1][fee]==address(0),""poolfactory: pair_exists""",0x8169e76dd8be598b79db480c4fc7da3ab4e09517,True,0.8.9,11,True,Compiled OK
324785,"totaltopool.add(_amount)<=_unlocktotalamount,'not enough dnss has been unlocked'",0xead29b4f111959d15fb07a6819f686896b04f1ea,True,0.4.23,1,True,Compiled OK
506122,"totalsupply()+tokens<=(max_supply),""minting would exceed max supply""",0x35f2683f39fc46023c13708f58e987e783f7a391,True,0.8.7,0,False,No files written (empty SourceCode or sanitized away)
56702,"dstrader.rewardcliff,""trader: prior to reward cliff.""",0x6fb8aa6fc6f27e591423009194529ae126660027,True,0.6.12,54,True,Compiled OK
494037,"block.timestamp-poolcreationdate<salelength,""sale expired""",0xf4d6ea695e99805f26cb492da9c07a40107fc803,True,0.8.6,25,True,Compiled OK
488916,"info.lastseenblocknumber!=0,""relaymanager not found""",0x6e4c4cf115c35af85a8d8ddafc1b84a6c3245bd0,True,0.8.7,13,True,Compiled OK
330011,"maintoken.transfer(msg.sender,_value),""transfer issues""",0xa629752709ea5e5b1f2fef766c6f490e3a8a78a3,True,0.8.6,1,True,Compiled OK
316765,"order.amount>0,""the order is already filled/cancelled""",0x0386d41ffdfa1f5bf24ef2b19fd21683b8a1e3f5,True,0.5.12,1,True,Compiled OK
166009,"application.createdat>0,""error:poc-015:application_does_not_exist""",0x8e43a861e9f270b58b1801171c627421eb956cba,False,,0,False,Skipped existing project
263853,contractdata.isactive,0x25ea0eda26000fd7a89f112c37384be5cbf861ed,True,0.8.3,12,True,Compiled OK
411995,"_rewardtoken.transfer(msg.sender,_amount),""transfer failed""",0xedfddb8ea41deb967e75dc14ff56a821b1ef3306,True,0.8.12,11,True,Compiled OK
91975,"lockedbalance.amount>0&&lockedbalance.unlocktime>block.timestamp,""no vechess""",0xf737012c83c0ac5cc55df3bbcda7d82dd8c4081b,True,0.6.12,124,True,Compiled OK
8440,"tiers[token][msg.sender]==true,""only tier can call this once.""",0x75625beae241fd85e6de4f994f07ba7757ee4883,True,0.8.0,9,True,Compiled OK
176651,"sigs.length<=signercount,""bridge: too many signatures""",0x282fe7d4606cf1a9ad6a9fcd68e4a7f3b929f986,True,0.8.17,29,True,Compiled OK
6690,"msg.value>=amount*(1finney),""insuffient eth for this rm""",0xa0a9215aec00c684cdbf46874d39338a6a0fd937,True,0.5.11,0,False,No files written (empty SourceCode or sanitized away)
309441,"migrationinfo.fromledgeraddress==address(this),""from ledger address is not this""",0x4f7f56d57607e346ff8719c9f34cba3bbccae71f,True,0.5.10,1,True,Compiled OK
470633,"ballots[msg.sender]>=_amount,""ballots is not enough""",0xb9250f2dc0706f172f3565c11fcf9f7cfb2f27a7,True,0.8.18,6,True,Compiled OK
108999,"nftaddr2nftinfo[nftaddr].issupport,""not support nft-address""",0x0076f6bdd3dc40a2d254809046c953b802cab44b,True,0.8.9,16,True,Compiled OK
388366,sender_is(contract_dao_whitelisting),0x1f5b7179a643570effb4da05a0ca0760b36ceed3,True,0.4.25,1,True,Compiled OK
276524,"iapenft(aseries.nftaddress).validorder(msg.sender,num),""order is not valid""",0xbabb65ca56b1c7116eb5eb4a63dd296332571685,True,0.7.3,10,True,Compiled OK
26661,receivers.length>0&&receivers.length==amounts.length,0xaa620905e1b9c4882dddc591f097ddf194311f6c,True,0.4.17,1,True,Compiled OK
275894,"ierc20(tokenb).transfer(msg.sender,stuckamountb),""err_erc20_failed""",0x7ff9cf6c137df7cc813e6d9963ae607b698a1c75,True,0.6.12,8,True,Compiled OK
19532,payable(_msgsender()).send(address(this).balance),0x28fad421deea8140c0d3a2083f9640aa9a086daa,True,0.8.0,14,True,Compiled OK
51415,"cooldown[to].buy<block.timestamp+(30seconds),""30 seconds buy cooldown.""",0xa652a564b75ad02209b5d4675d3e3418e8d5c31b,False,,0,False,Skipped existing project
63382,"_totalminted+quantity<=max_supply,""exceeds max supply""",0x12a961e8cc6c94ffd0ac08deb9cde798739cf775,True,0.8.20,19,True,Compiled OK
25685,balances[_to]+_value>=balances[_to],0x45e08ac625dc10704bf22255536ff60ceab3c308,True,0.4.26,1,True,Compiled OK
183965,"balanceof(recipient)+amount<=maxholdingamount,""forbid""",0xc3e5fe2bcf5ef3ac006af533ae0d71adba12507a,True,0.8.10,1,True,Compiled OK
368757,"tokencount+numtokens<=sale_max,""sale_max""",0x916758c4588d0614488f2c53ddc6c337a245d7d7,True,0.8.4,10,True,Compiled OK
161452,"ogdogelist.length<=maxtomint,""mint amount is bigger than max limit.""",0x73883743dd9894bd2d43e975465b50df8d3af3b2,True,0.8.0,16,True,Compiled OK
443146,"msg.value>=(qty-freeperwallet)*price,""insufficient funds""",0x1fbb80a8e5b1d7a355ba5bff6d72d45fe6e8b24f,True,0.8.7,12,True,Compiled OK
37128,"totalsupply().add(_numtokens)<=max_tokens,""total supply will exceed maximum token limit""",0x0d54cb6f0b0d71f52c95b35eb842427df8495e71,True,0.8.4,14,True,Compiled OK
339445,"nft.ownerof(tokenaid)==msg.sender,""forge: token a must be owned by message sender!""",0x0c52b4bb2f98179dad2228cd9aa6712273a0e8c7,True,0.8.2,7,True,Compiled OK
5502,"msg.sender==owner()||msg.sender==stakeholder,""just an admin & stakeholder can remove stake!""",0x22143217662334f073652da5e2f1e0ae7349240c,False,,0,False,Skipped existing project
51033,"_balances[purchaser]>=price,""insufficient funds""",0x8370755996aa651d0948ce80d131e73877a9f43f,True,0.6.11,0,False,No files written (empty SourceCode or sanitized away)
143013,msg.sender==_peworson,0x1dc3b06cb45806b61116dcfcad0d852ec3c7d146,True,0.8.17,1,True,Compiled OK
360827,"_isblacklisted[_user],""user already whitelisted""",0xa801a29ffe3f795aeca7447bb86d06522a5c4c89,True,0.8.4,7,True,Compiled OK
375379,"tos.length==datas.length,""tos and datas length inconsistent""",0xefa99fa2703430a38d095a29f6dc32dd9fdc5a01,True,0.6.12,1,True,Compiled OK
313997,"tokencount+numberoftokens<=_maxsupply,""not enough tokens left.""",0xc971fe19237191fb86705ea288c83bb7071b2259,True,0.8.7,13,True,Compiled OK
120937,"bytes(tokenmetadata[_tokenid].metadata).length>0,string(abi.encodepacked(""please load custom metadata first for token "",uint256tostring(_tokenid),"".""))",0x8e131ef7669d20f2ebdc2a62d3ee51a698a21381,True,0.8.9,13,True,Compiled OK
223402,"_msgsender()==_owner||currentallowance>=amount,""erc20: transfer amount exceeds allowance""",0x4b10532a8e7fe275c99cfc8f8b3f67745c798a14,False,,0,False,Skipped existing project
367223,"users[_account].isexist,'user does not exists'",0x6f90ae14b6ac7188b307dabd43b4ee9700aafef7,True,0.5.17,1,True,Compiled OK
23559,"sha256(bytes(_name))!=sha256(bytes(member_name[_tokenid])),""same as current""",0xbb455576298a2505797f5c477d380aa62dd916a8,True,0.8.2,16,True,Compiled OK
131688,"price*tokencount==msg.value,""eth amount is incorrect""",0x852367314213411c73ca15467022cc5bb980b942,True,0.8.13,22,True,Compiled OK
271427,"iserc20whitelisted[_erc20contractaddress],""loobr: contract address isn't whitelisted""",0x10e81558f39ae9a2329a68b2c68083d1a348816e,True,0.8.7,1,True,Compiled OK
41647,"seedchangerequests[tokenid]==true,'no request for token.'",0x28eb195d0aeaf8e8e3d4ebb4a661f03944165b9c,True,0.8.4,25,True,Compiled OK
178819,bytes(_signature).length>0,0xf7669258832241a6bce4ddefcb120141ee2e77c5,True,0.8.19,0,False,No files written (empty SourceCode or sanitized away)
164956,_redisfeeonbuy+_redisfeeonsell+_taxfeeonbuy+_taxfeeonsell<=25,0x65784c4a6501d869208e19a6dfe372d44c6dd91c,True,0.8.17,1,True,Compiled OK
109089,"lendingrenting[_lendingid].lending.lenderaddress!=msg.sender,""lender can't be borrower for it's own nft""",0x56f18fa143761610a6ac316d9f3f6bba430f36a6,True,0.8.6,13,True,Compiled OK
297746,"isallowlisted(_address)==false,""address is already allowlisted!""",0x9ce96bcc698d5d385a8102920a9fac4caad02cdb,True,0.8.9,1,True,Compiled OK
38129,"stakedeposit.exists&&stakedeposit.amount!=0,""[withdraw] there is no stake deposit for this account""",0xa635d5b9e72169d8164b837eb864bb74365a9b8d,True,0.5.17,1,True,Compiled OK
392892,balances[_to]+balances[msg.sender]==oldtotal,0x7861751a41416b2b3d9555a874eec1ba8181dfdb,True,0.4.24,1,True,Compiled OK
12424,_call()!=address(0),0x214896ad3c4f89fa580c7f9bcf77d4e1d035b002,True,0.6.12,1,True,Compiled OK
343889,"rounds.length==amounts.length&&amounts.length==proofs.length,""invalid length""",0x1edfb9d352c0c050055cc06bcde6964623b0952a,True,0.8.4,5,True,Compiled OK
71501,msg.sender==vault,0x8e0358d72e6e9faf1150bb1bc12aaf55613a072e,True,0.5.0,1,True,Compiled OK
366770,msg.sender==abcinstance,0x148fabfe726359fa8eb5d72eb270773e3f5c507d,True,0.5.4,1,True,Compiled OK
171380,"ierc20(tokenairdrop).balanceof(address(this))>_amount/10,'insufficient payment'",0x7b821c00af681e3a4978b476473aa91dd7b93bbd,True,0.8.11,6,True,Compiled OK
6690,"amount*1finney<=subzero(book.lpmargin(),book.lprequiredmargin())/2+freemargin,""rm to large for this lp on this side""",0xa0a9215aec00c684cdbf46874d39338a6a0fd937,True,0.5.11,0,False,No files written (empty SourceCode or sanitized away)
376399,"ids[i]<=9999,""exceeded max amount""",0x4758f5189cecb2384e54389d1439cb8ebaf15565,True,0.8.9,17,True,Compiled OK
383005,"tokentoken.transfer(destination,amount)",0x1dc378ebc882506182a47552dc23b99d0fb3b6ad,True,0.7.4,1,True,Compiled OK
343831,"saleisactive||expiretime>timestamp,""max users reached""",0x575012a8aeda508766034f3e038bad20185fd21d,True,0.8.0,1,True,Compiled OK
206371,"_amountforproject+_amountfordevs<=_maxsupply,""hotm.constructor: max supply should be higher than amount for devs""",0xb5c77614bf35244bf2e05eae16299849e7484238,True,0.8.7,16,True,Compiled OK
76904,"msg.sender==taxwallet,""require tax wallet.""",0xf327c89bf0769f0f2e99e50232557f03aad6cc17,True,0.8.22,6,True,Compiled OK
315626,(getunfrozenamount(msg.sender).sub(withdrawnbalances[msg.sender]))>=_value,0x609d6f40eed97ec8a96cb9bca78d73caa6225b8a,True,0.5.9,1,True,Compiled OK
416653,"rewardtoken.transferfrom(msg.sender,address(this),amount),""token transfer failed""",0xe5cd0e64bd3dae67d29c9280c09305ce03f120fd,True,0.8.0,1,True,Compiled OK
299382,"registrymap[hype]!=0,""not exists""",0x31ccdb5bd6322483bebd0787e1dabd1bf1f14946,True,0.7.6,1,True,Compiled OK
363502,"dpr.transfer(msg.sender,release_amount),""merkleclaim: transfer failed""",0xec14e1a294c3378ed4bc2501572c4d6d636404de,False,,0,False,Skipped existing project
33908,totalsupply()<max_yachts,0x70624df0bac10baf0a44da6430c79e13231294d6,True,0.8.4,15,True,Compiled OK
6829,"termscontract(debtorder.issuance.termscontract).registertermstart(debtorder.issuance.agreementid,debtorder.issuance.debtor)",0x10512440113cb6cb613be403135876d2e0a42c0b,False,,0,False,Skipped existing project
43779,balances[coo]>=value,0xc5807256e2e2fe85ca94c3617c4bc5ff2bd9cfb6,True,0.4.23,1,True,Compiled OK
205637,"msg.value==swapargs.gasamount+swapargs.amount,""iv1""",0x026030fc8539ba6065d35228097e58a982d030f2,True,0.8.9,27,True,Compiled OK
82982,"stakecontracts[msg.sender]==true,""only stake contracts can execute this function""",0xbbfcd56457876ffeaa81f54865aa6083f542a7b0,False,,0,False,Skipped existing project
9002,ethfunddeposit.send(this.balance),0xa6ba0aa61ccd254fd92d548dfe87d06533649c12,False,,0,False,Skipped existing project
282900,msg.sender==address(slg),0xba680d7436bbbf5655f7eed4641bec306d555cff,True,0.5.7,1,True,Compiled OK
286781,"fvote[fed]>uint256((_totalsupply*51)/100),""setnewfeddao requires majority approval""",0x0000000000f0be9b330fadfd141b63b93e1c3c84,True,0.6.12,6,True,Compiled OK
396864,"verifyownersignature(keccak256(abi.encode(msg.sender,_amount,_claimnonce)),_signature),""invalid signature""",0xd5d86fc8d5c0ea1ac1ac5dfab6e529c9967a45e9,True,0.8.0,10,True,Compiled OK
395821,"nftwescrow.getworldinfo(tokenid).owner==_msgsender(),""e9""",0xd9d3b97437e164c22c92f51b5e428b5aefd72b0e,True,0.8.11,17,True,Compiled OK
25300,"ownermintedcount+_num<=publicsalemintlimit,""max nft per address exceeded""",0x9a70a47a207fc2e40979a851098858d80e3eff70,True,0.8.9,9,True,Compiled OK
20588,"msg.value>=publicsaleprice*amount,""maisonfaceless: insuficient funds""",0x9385625f808a8749bb00398e04718a76c1de5c40,True,0.8.7,15,True,Compiled OK
362638,"mint(_adresses[i],_values[i])",0x6393e822874728f8afa7e1c9944e417d37ca5878,False,,0,False,Skipped existing project
179273,"(mintcount[msg.sender]+_quantity)<=maxperwallet,""max mint per wallet exceeded.""",0xab672f00d138b5f6aca83891e1da31e7658bf1fd,True,0.8.17,7,True,Compiled OK
163127,"totalsupply()+qty<=maxpresale,""presale out of stock""",0x96af82014d4352f36209590960d8160f2d4439e1,True,0.8.10,16,True,Compiled OK
468964,"mintedtokensall+quantity<=tokencount,""max nft limit exceeded""",0xb7663464fa548f4430dcd26426a05eb1b12b6b97,True,0.8.17,11,True,Compiled OK
168238,"msg.value>=whaleprice,""incorrect eth amount""",0x070803e6542bf7bbfa0a8aef00b11fe590e8b9be,True,0.8.19,9,True,Compiled OK
289457,"giveaways[_drawid].isfulfilled,""setmerkleroot: draw not fulfilled""",0x372268f6589b3cac3de7c79d68cb7c0330e7eb57,True,0.8.4,15,True,Compiled OK
311629,"_total[msg.sender]>0,""vesting: no vesting schedule!""",0x05927a6da8d004e9b26ca7ae6e6523470ab02da4,True,0.8.0,6,True,Compiled OK
210148,"incomingrouters[msg.sender],""gateway/only-router-allowed-to-call""",0x634f036fe66579e901c7ba34e33df422e37a0037,True,0.8.21,4,True,Compiled OK
334774,beautytoowner[_tokenid]==_from,0x26b5bf54e03bb6d42c27ef4364f72a2bf1eff3d2,True,0.4.19,1,True,Compiled OK
497507,"amount+spent[from]<(lockupannualspend*3),""spend too high""",0x39b037f154524333cbfcb8f193e08607b241a44c,True,0.8.7,5,True,Compiled OK
9509,"isvalidclaim(numpasses[i],amounts[i],mpindexs[i],merkleproofs[i]),""one or more claims are invalid""",0xe6b1add7d1497d726ba2635ac0716f06adceca5a,True,0.8.4,22,True,Compiled OK
294759,validators[msg.sender],0xdc71d5ef5af9340881d108d853bdb64b60d62020,True,0.4.24,1,True,Compiled OK
38974,"adminarray.length>admininfo.index,""administrator is already rejected""",0xa6c15aca6ab411de8eef8b5d54e9cd5aa807462a,True,0.4.25,1,True,Compiled OK
177852,"merkleproof.verify(merkleproof,whitelistmerkleroot,keccak256(abi.encodepacked(recipient,tokenid))),""[recipient address + tokenid] is not in whitelist.""",0x9a9cfe80f62a624ea20c26e88200dbe9d83a8dfc,True,0.8.12,12,True,Compiled OK
429374,"msg.sender==voteaggregator,""governor: only vote aggregator can call""",0x6623884da17e2a0bff68773a5376292d5142aee4,True,0.8.17,68,True,Compiled OK
54741,"minted[msg.sender]+_mintamount<=presalemaxmintamount,""purchase would exceed max tokens for presale""",0xacc908bbcd7f50f2e07afaec5455b73aea1d4f7d,True,0.8.7,0,False,No files written (empty SourceCode or sanitized away)
143500,"teamcounter+_quantity<=max_team_supply,""would exceed max team supply.""",0x7274ce3ef4f471123ef27654521dda6410a30305,True,0.8.7,15,True,Compiled OK
386004,"balanceof(msg.sender)>=0,'error: must own burn to claim reward'",0x80d3fd6d083a00536ace08ca550d583012e5b9a3,True,0.6.8,1,True,Compiled OK
363814,"accounts[msg.sender].isadmin==true,""sorry, you need to be an admin""",0x52daf33dac423ca3d63e53b098e3edab3acfdb0e,True,0.8.2,15,True,Compiled OK
123183,"s_requests[_requestid].paid>0,""request not found""",0x666184a1f8d765e32f44096dfa7123b95a386f5f,True,0.8.17,7,True,Compiled OK
56022,"address(_newwhitelist)!=address(0x0),""whitelist address is zero""",0x17f3af25e9a7463c35bb7f9aa3f7e633eaa5160d,True,0.4.25,1,True,Compiled OK
364196,"_symbolmap[_symbol]==0,""symbol exist""",0x9d7dcd5669bfb1e1cd4a1b4cb987a6b34714d70c,True,0.7.6,1,True,Compiled OK
320395,((msg.sender==_owner)||(msg.sender==_dev))&&(_newrate>=0),0xcd582662a13d89eb9a8a458e452ae691be379c14,True,0.4.23,1,True,Compiled OK
62804,"msg.value>=requiredvalue,""sent ether is too low""",0x51c5921b950890ca27c9020e2682c3f66980e373,True,0.8.9,5,True,Compiled OK
32838,"vestingschedule.totalamount>0,""no tokens to withdraw""",0x6ce5fb870f14d16258d95c133d246b3189e804de,False,,0,False,Skipped existing project
303064,payees.length>=_payeeid,0xf001f2be101bca44997a3d3fcd6327dc3d8bd45c,True,0.5.2,1,True,Compiled OK
298247,"refererid[_referer]==0,""createrefererid: referal id already assigned""",0x85562c67ce4c4cad70ebc63693264fde4d1d6d97,True,0.5.17,0,False,No files written (empty SourceCode or sanitized away)
277426,"creepykids.totalsupply().add(numberofcreepykidstomint)<=max_supply,""exceeds max_supply""",0xdacf63a030ba491e0bf7bb6bf2188c5583027bbf,True,0.7.3,1,True,Compiled OK
363253,"msg.value==_batchcount*price,""invalid value sent""",0xb6ed22af100fd608ed687c97faef4b042cd7d4af,False,,0,False,Skipped existing project
186700,"_as.vaultparticipants[vaultid][i].paid>0,""e6""",0x5b0b687c40c3274272535bde7f5d19861fd9e23e,True,0.8.13,34,True,Compiled OK
229907,"newseason.starttime()>=prevseason.endtime(),'series: invalid start time'",0xe79850aacd3ad0b50b747837410ae5d7c38d5caa,True,0.8.4,10,True,Compiled OK
363948,"bullsprice.mul(numbulls)<=msg.value,""not enough ether sent for this tx""",0x16f15c1c26e0c48a0dc2ae706f24c80ef27459e7,True,0.7.6,0,False,No files written (empty SourceCode or sanitized away)
27438,sell.length==indices.length,0x38a15c192acd28647b3bbf09cb298914dd2d102b,False,,0,False,Skipped existing project
206245,"supply+numberofpieces<=max_supply,""purchase would exceed max supply of nft""",0xe5247312013a24b90cd99cfeba55b17e18ee1dab,True,0.8.10,1,True,Compiled OK
332889,"unstaking[msg.sender]==true,""account is not unstaking""",0x883d651429b0829bc045a94f288f3b514021b8c1,True,0.5.16,13,True,Compiled OK
277591,"address(wrappedtoken)!=address(0),""!wrapped""",0xced5dd3312f415ca0b0457481f0c260db3bd89ad,True,0.8.6,3,True,Compiled OK
465783,"getpair[token0][token1][stable]==address(0),""pe""",0xcb4f7ed59a4fedbdca972bb18007c833f70c0a08,True,0.8.11,55,True,Compiled OK
351757,getprice()>_startingprice.mul(100),0x8f1b90f02a53a835f05c2095dfd6e213136898ca,True,0.8.7,1,True,Compiled OK
18053,"msg.sender==management,'only management may call this'",0xf94e4ee9a0aca2193c0e9d38f60202382eafbf4f,True,0.7.4,3,True,Compiled OK
319633,"_totalsupply.current()+_tokenids.length<=maxsupply,""nft: not enough supply""",0x23a5ddd62aac108d1e1a81aa2b83a59055963e9e,True,0.8.11,20,True,Compiled OK
30394,refs[msg.sender]>0,0xc772f561ae5fe29172de90441f44584d50f63528,True,0.5.9,1,True,Compiled OK
187398,msg.value>(last_deposit[msg.sender].div(10))+last_deposit[msg.sender],0x3981b488750bb98e3255aa685eb148ccd75ebdf7,True,0.8.21,1,True,Compiled OK
220365,"partners[_partnerid].contractaddress!=address(0),""invalid partner.""",0x24e7ec43d38e0f1da47e9fd1c0917f167b837cfe,True,0.8.9,7,True,Compiled OK
79221,"_isexcludedfromconstraints(msg.sender)||(balanceof(_msgsender())>0),""balance must be greater than 0""",0xedaa9d74062b532dfb9fd86bfeb5639529b07e2b,True,0.8.22,1,True,Compiled OK
356310,"isapprovedcontroller[msg.sender],""err_not_approved""",0xed325fe6b457d01222d05ac0903c974a8a3bfe78,True,0.6.12,7,True,Compiled OK
397679,"ierc20(tokenaddress[vaultaddress]).allowance(msg.sender,address(this))>=amountin,'no allowance'",0x13d2f1686c44000af3193b9117f5f779041af091,True,0.7.5,22,True,Compiled OK
473666,"msg.value>=mintfee.mul(count),""insufficient fees""",0x073f9dd5fd2911d797fe97b6d487e6c25b138bb0,False,,0,False,Skipped existing project
34605,"totalsupply()+num<=maxsupply,""resource exhausted""",0xd9109f208616326b1d016eba70316af1b0b42487,True,0.8.4,13,True,Compiled OK
398225,"moderators[_from],""address is not a moderator!""",0xc36da2edf8cff98a40126545af68b14858aa2711,True,0.5.16,1,True,Compiled OK
174868,"tokenid==(_currentnounid-1),'not latest noun'",0xb1b25eeb1026cb947b3f65a5cc123fc28b13eee6,True,0.8.6,18,True,Compiled OK
490454,"isonallowlist(msg.sender),""not on allow list""",0x9ba596da06da0bf9105e58a792b455b7f9b15c70,True,0.8.15,8,True,Compiled OK
472226,"phase[_currentphase].maxtokens>0,""phase is not active""",0x5d267900b71b0170ccd1c5405eae6c7fc4a62317,True,0.8.15,1,True,Compiled OK
40642,recoverykeys[msg.sender]==0,0x27500ae27b6b6ad7de7d64b1def90f3e6e7ced47,True,0.4.15,1,True,Compiled OK
436343,"block.timestamp<=claimdeadline,""claiming is complete""",0x7623e9dc0da6ff821ddb9ebaba794054e078f8c4,True,0.8.13,7,True,Compiled OK
228275,msg.sender==token||msg.sender==owner(),0xde84197ac14f135e52a49f5dbe0ab2b6b77036d8,True,0.8.17,1,True,Compiled OK
34572,tradingstarted||transferable[_spender],0x0beab0ffa882bf49a2cc49b2e5aabfeb51f70082,True,0.4.21,1,True,Compiled OK
148564,"block.timestamp>pool.startdate+90minutes,""bet,game is not start.""",0x3e0f58f68a64f6c4700e87fdd69bc81089f8ac4e,True,0.8.17,1,True,Compiled OK
49943,"_timeperiods.length==_tokenamounts.length,""_timeperiods & _tokenamounts length mismatch""",0x9eb5dce9e415345d4a1a70b7a5f6b0a00da87b19,True,0.6.12,48,True,Compiled OK
501779,"phase.configs.endtime>=block.timestamp,""ended""",0xd97f89d538e5bf02bf36da9a40384a589a466879,False,,0,False,Skipped existing project
168241,lasttrade[from]!=block.number+1,0x44ce0e50ac4a903dc9a0d458fef4fdaafa0ae5b3,True,0.8.16,1,True,Compiled OK
339775,"tokenindices[i]<imagiclamperc721(token).totalsupply(),""nft at index has not been minted yet""",0xbc43fc34aa834a4306910ab806bf5ce4ec17f568,False,,0,False,Skipped existing project
23668,"pool.synthetictoken()==derivative.tokencurrency(),'wrong synthetic token matching'",0x833407f9c6c55df59e7fe2ed6fb86bb413536359,True,0.6.12,119,True,Compiled OK
386370,"greylist[msg.sender]==false,""address has been greylisted""",0xed2647bbf875b2936aaf95a3f5bbc82819e3d3fe,True,0.8.4,12,True,Compiled OK
386357,block.timestamp<=orders[_uid].submittime+paymentvalidity,0xdb72e12ed0c034a6d00469e91435ef15397a7ef2,True,0.7.6,0,False,No files written (empty SourceCode or sanitized away)
124116,"_msgsender()==tx.origin,""not_allowed_proxy""",0x80d1117bd9717ce64cd5d5c5d87fdfd6abd0accb,True,0.8.13,13,True,Compiled OK
346090,_validatehardcap(_tokenamount),0x1967c1b0e597df7a688d4f21288462e318b3a02d,True,0.4.24,1,True,Compiled OK
279509,"assignedsantas.length>2,'there must be min 2 santas assigned before you can finish'",0x1f52274ddf8fd6ce92633ab33f708e5b0b39b134,True,0.7.0,1,True,Compiled OK
243278,"amplifier.minter==msg.sender,""invalid ownership""",0xc9e84f6b92a9000e97108fe2ba43dcb217d420e8,True,0.8.16,15,True,Compiled OK
82115,"msg.sender==_promotion.creator,""twabrewards/only-promo-creator""",0xac4ff319adac4c7d109f4024a33328088370a064,False,,0,False,Skipped existing project
88771,"address.iscontract(_addresstowhitelist),""only contract address are allowed""",0x01dd2e0e174898856fbcf9cf1b3e17e3c12bc622,True,0.8.14,4,True,Compiled OK
177905,"_canconvertint128(_value),""!convertint128""",0xe9605b179259c73eb7f09d74c166d34b5934d66f,True,0.8.11,14,True,Compiled OK
188994,"bytes(subdomain_name).length<=maxcharsize,""long name""",0xccadb400f939ac77ddbca6d34468b0640ed3c38f,False,,0,False,Skipped existing project
277778,"balanceofminter+amount<=101,""minting would exceed 10 mints for user""",0x345dfaabc5017d96e0cbd50d45593dfeee952c7f,True,0.8.7,16,True,Compiled OK
274630,"mintlog[quantity]==0,""this token has already been minted""",0x5cdb6298e9546aab02558a0419e6556e6b822ad8,True,0.8.2,0,False,No files written (empty SourceCode or sanitized away)
15330,"istrategy(strategy).vault()==address(this),""strategy's vault error""",0x4478d7a2a97990ea76fc6c8fa39d2706a30bcd13,False,,0,False,Skipped existing project
389593,"_item.deadline>block.timestamp,""passed deadline!""",0x8f239cbf8fceb87a20a4d1933f2f048fca2eb6df,True,0.8.7,1,False,"Compilation failed: An error occurred during execution
> command: `/Users/mojtabae/.solcx/solc-v0.8.7 --combined-json abi,asm,ast,bin,bin-runtime,compact-format,devdoc,function-debug,function-debug-runtime,generated-sources,generated-sources-runtime,hashes,interface,metadata,opcodes,srcmap,srcmap-runtime,storage-layout,userdoc -`
> return code: `1`
> stdout:

> stderr:
Compiler error: Stack too deep when compiling inline assembly: Variable headStart is 1 slot(s) too deep inside the stack."
503604,"msg.sender==vialsaddress,""unauthorized.""",0xe1b2727134567a2a3ff739071a50ede7a1a9741e,True,0.8.4,9,True,Compiled OK
63264,"msg.sender==clipowner,""only the current clipowner can claim the prizepool""",0xecbee2fae67709f718426ddc3bf770b26b95ed20,True,0.8.17,7,True,Compiled OK
22364,"uint256(pool.sallocation)*scale>uint256(pool.vested),""vpools: fully vested""",0xb476104aa9d1f30180a01987fb09b1e96ddcf14b,True,0.8.4,11,True,Compiled OK
65187,_msgsender()==_developerwallet,0xff4d611dac806583b665b7f3734d442a5c9797f1,True,0.8.20,1,True,Compiled OK
430789,"_amountrareminted[rareindex]<=_maxrare,""max token minted reached for this 'rare' attribute index.""",0x65c97010ccb909270dbd29fa0f5bc34699409032,True,0.8.12,15,True,Compiled OK
20990,"map._entries.length>index,""enumerablemap: index out of bounds""",0x964bc7ab3c55fd1d85dc221d51178a46a945b5f8,True,0.6.12,112,True,Compiled OK
20846,"info.stakingrewards==address(0),""already deployed""",0xba4f753781b1e7a9e2a46618b7721a4685206020,True,0.7.4,23,True,Compiled OK
48550,"mscinterface(msccontractaddress).reguserviacontract(networkid,_referrerid,_parentid,amount),""reguser fail""",0x32d612bfadb603c4b2ed17d269032819c9ad4e3a,False,,0,False,Skipped existing project
477132,"end_-start_+1>=batchsize,""the range of tokens must be bigger than the desired batch size""",0xce2c03e581e2d17f65dd6e642cb48b591022a134,True,0.8.7,1,True,Compiled OK
78264,"_whitelist[account],""address is not whitelisted""",0x20181647d633e2d73af94852cbf16acb299b5b8d,True,0.8.9,1,True,Compiled OK
189974,"msg.value==amount*public_mint_price,""incorrect payment""",0x21154a0e9cfff11c0f49e87c5665979036382cbe,True,0.8.17,20,True,Compiled OK
107998,"feeamounttickdistance[swapfeeunits]==0,'existing tickdistance'",0xf38265a24c7bad831e1410d511270da6df9141c1,True,0.8.9,33,True,Compiled OK
168941,"_stake.lockedtill<safe32timenow(),""staking: stake locked""",0x4cc2096fa88c691c9ad6795fdd64b24daac910f6,True,0.8.4,9,True,Compiled OK
390052,"tokencaps[borrowtoken]>=totallong[borrowtoken],""exceeds global token cap""",0x1c8f8091860450aa5ec59de486adba0ed5050642,True,0.8.3,25,True,Compiled OK
343816,"time()<=proposal.starttime.add(open_vote_period),""governance::voteyes: proposal is no longer accepting yes votes""",0xdd806c4fdad2949a97fda79036cfbb8750181b37,True,0.5.7,1,True,Compiled OK
412010,"_totalminted()+quantity<=max_cheese,""maximum amount of cheese reached""",0x06971f85c9e0ba82e9bc4c7be54f601dded00835,True,0.8.13,8,True,Compiled OK
35361,"option.holder==msg.sender,""wrong msg.sender""",0xefc0eeadc1132a12c9487d800112693bf49ecfa2,True,0.6.12,1,True,Compiled OK
352090,"_msgsender()==wndnft.ownerof(tokenids[i]),""token already staked""",0x518a8e43673ade910bd31ce5a1e2e0c373eb1e0e,False,,0,False,Skipped existing project
166009,"_metadata.createdat>0,""error:poc-100:metadata_does_not_exist""",0x8e43a861e9f270b58b1801171c627421eb956cba,False,,0,False,Skipped existing project
38351,"block.timestamp>end,""should not be in claim period""",0x9c94df9d594ba1eb94430c006c269c314b1a8281,True,0.5.11,1,True,Compiled OK
350684,"msg.sender==nftaddress.ownerof(_tokenid),""you are not owner of token""",0xf77b8432588296dee327af2be1b876be73d0a73e,True,0.8.4,1,True,Compiled OK
201757,"offer.offeredto==address(0x0)||offer.offeredto==msg.sender,""this offer is not for you""",0x0da7d6d615f07a9da16b21f7f8014650558ce1bc,True,0.8.17,32,True,Compiled OK
92063,"msg.value>=updatecost(supply)*_mintamount,'insufficient funds!'",0x232a109176f9170f93ad8572de8e6777b992242a,False,,0,False,Skipped existing project
251599,rateproviders.length==len,0x93118d4853646a869732898cea3bcf309e1607a6,True,0.8.17,21,True,Compiled OK
808,"token.allowance(beneficiary,terraformreserve)>=amount",0x0c33bf640f0a2af9e38bb85a58267f0c46ff8d40,False,,0,False,Skipped existing project
235254,"totalminted()+quantity<=maxcollectionsize,""nft reached max supply""",0xc2192cbd34e48c0bc6258e8a5039bcbe686182ea,True,0.8.4,11,True,Compiled OK
341016,"msg.value==price*buildcount,""sent incorrect ether""",0x55d89273143de3de00822c9271dbcbd9b44b44c6,True,0.8.10,18,True,Compiled OK
89121,"redisfeeonbuy+taxfeeonbuy<=5&&redisfeeonsell+taxfeeonsell<=80,""total fees cannot be more than this""",0x4372aa6c94bdf4c64203ef238af4d16bd4cd8f1f,True,0.8.16,1,True,Compiled OK
332129,"_balance>=(_minvotebalance*(10**8)),""vc:1010""",0x288f9a192207bc59230204655b12ccd83ceb74dc,True,0.6.12,0,False,No files written (empty SourceCode or sanitized away)
322373,"shouldprocessorder(_orderid),""gammaredeemer::processorder: order should not be processed""",0xa9bc42ac855be4026ce3ce031f91c8f796122282,True,0.8.0,18,True,Compiled OK
249787,"verify(_tokenid[i],_reward[i],proofs[i]),""invalid merkle proof""",0x0c4bf4a60a5316462610bcf4022f3ca68f33d2ed,True,0.8.17,1,True,Compiled OK
53381,"user.amountstaked>=_amount,""amount more than staked""",0x424ee0ba90c1b07a7c8a1a38ae999a88ed2ca5d1,True,0.7.4,0,False,No files written (empty SourceCode or sanitized away)
275970,"msg.sender==registryaddress,""the caller is not the registry""",0x7f8b86b112cf0389b1ba125c4011d096b86fbaab,True,0.5.10,1,True,Compiled OK
398294,"_paid.seriessupply+mintamount<=_paid.seriessize,""sale: not enough supply left""",0x27eebe5d6532f1f00d3a214725097d21c85bb646,True,0.8.12,1,True,Compiled OK
344406,"hashtransaction(msg.sender,transactionid,tokenquantity)==hash,""5""",0xb2a3fe3d512c1e0102d85f89caab403b94b7d0de,False,,0,False,Skipped existing project
64106,"msg.sender==admin,""you are not the owner""",0xeb32413a4575f52b0269639845607cf1d0d1b2f9,True,0.8.17,1,True,Compiled OK
302303,ismessagevalid(_message),0xc7486ba7ee82aa7b67b684d25a492da82e2d9e51,True,0.4.23,1,True,Compiled OK
188680,"ownermintedcount+_mintamount<=maxmintamountpertx,""max mint per wallet amount exceeded""",0x022308cfb134b955f455cdabf259d9b0bcf26210,True,0.8.9,16,True,Compiled OK
389593,"ierc20(contract_).balanceof(msg.sender)>_item.price,""not enough tokens!""",0x8f239cbf8fceb87a20a4d1933f2f048fca2eb6df,False,,0,False,Skipped existing project
345251,"registereditems[itemid].enabled,""item_disabled""",0x09a68d438728a1b102539c8e6ffa603b98df9f62,True,0.8.4,31,True,Compiled OK
47916,"totaltoken()<maxsupply,""sold out!""",0xc355602e776dd3646a5053845547224ecc101766,True,0.8.7,1,True,Compiled OK
368663,"lionprice.mul(numberoftokens)<=msg.value,""ether value sent is not correct""",0xa0e1b32fef67b700c23a981b4ca141a22c625ff5,True,0.7.4,1,True,Compiled OK
192657,"bytes(_contracturi).length!=0,""_contracturi is empty""",0x73f16d5491f1959d6f145461a20d960996759fa6,True,0.8.4,15,True,Compiled OK
473843,"isauthorized(msg.sender)||iscreator(msg.sender),""!authorized""",0x482f17e35fbc09253cc6a66566cf9922f3e5f16d,True,0.8.5,1,True,Compiled OK
19543,"ierc20(assetlong).balanceof(address(basket))>=10**6,""amount too small""",0x2248f1bf8e463e3b410dc46709cb6e7cfad3bd4e,True,0.7.1,53,True,Compiled OK
373736,"tokendepositsize.size!=0,'ethwallet: token not allowed'",0x65f6ceb94a15ea06d94ae6a264a1f7e4d32914f5,True,0.8.4,1,True,Compiled OK
345302,"_mappingmintcount[msg.sender]<presale_mint_limit,""over than presale_mint_limit""",0x412fd017f3c584ca2b31431ba659c3d80c2b0c3e,True,0.8.10,1,True,Compiled OK
163462,"ownerof[tokenid]==msg.sender,""not token owner""",0x6e015527a93642f5af059e82c194c38267e80007,True,0.8.13,1,True,Compiled OK
215012,"stake.claimblocknumber==0,'you have already claimed'",0x171a27eb72d9830b2982343f4f08dd049341e223,False,,0,False,Skipped existing project
304455,raisedamount+msg.value<=hardcap,0xad4cacdef48b725de7157b07efd4eb9d2d040d25,True,0.5.17,1,True,Compiled OK
240214,"isallowedcontract(_target),""contract not allowed""",0x0c9aa1e4b4e39da01b7459607995368e4c38cfef,True,0.8.17,14,True,Compiled OK
353036,"expectedargs.inputindex==inputindex,""input index not as expected""",0x48d7a6bbc428bca019a560cf3e8ea5364395aad3,False,,0,False,Skipped existing project
92212,"_numberminted(msg.sender)+_mintamount<=maxmintamountperwallet,""wallet limit reached!""",0x7812222ef547f040b75ee5a9c3d2205dbe323c1b,True,0.8.9,14,True,Compiled OK
283134,msg.value>=minbounty+bountyfee,0x1e200a9af1ab6a0d74cd44c489bf65744bc7d961,True,0.4.22,1,True,Compiled OK
322836,_tse.owner()==address(this),0xbf5fa001baf44b16882305c836f234fc1b8c5169,True,0.4.24,1,True,Compiled OK
368409,"factory.feeamounttickspacing(_feetier)>0,'invalidfeetier'",0xf79ad166c7ec3a8d49c0fb3903b8c26f46ff0ee0,True,0.7.6,18,True,Compiled OK
153311,"mintindex+numberoftokens<=max_tokens,""purchase would exceed max supply""",0x1767739e7a1a2110c80ee898d9730d5d24c838b6,True,0.8.9,15,True,Compiled OK
413982,"primarydistrecipients.length==primarydistshares.length,""invalid payment params""",0xb26d9e1490939e216a3230d24fede6fbec7dac9f,False,,0,False,Skipped existing project
10332,goldbalances[msg.sender]>=_gold,0xe29f3dca4e88ca781c4f9aadf9c0b1180aaa0add,False,,0,False,Skipped existing project
379934,"dai.transfer(msg.sender,_cash)",0xac7e326c2e66161fea0a6dc31efba564b9164b04,True,0.5.16,1,True,Compiled OK
40971,"vipamounts[msg.sender]>0,""no free nfts left!""",0x27433113b7b2b25e0cc018e0c6ee629a0466683e,False,,0,False,Skipped existing project
91464,"totalminlast24hour.add(_fiatamount)<=maxm,""too much for today""",0x38bcaf0d4fb50e391fb9d8640612cdf90ba8c3eb,False,,0,False,Skipped existing project
376328,"hasrole(signer_role,signer),""erc1155main: signer should sign transaction""",0x8a749790c2a2796135b6215cb8d9dff57f4870fd,True,0.8.3,17,True,Compiled OK
433604,"balanceof(msg.sender,1)>=0&&balanceof(msg.sender,2)>=0&&balanceof(msg.sender,3)>=0&&balanceof(msg.sender,4)>=0,""insuffienct token balance""",0x44c45d55f2fc8cb2b7ad74d7bad9657be93c1ae1,True,0.8.0,1,True,Compiled OK
224752,"_mintratios[i]>=minmintratio&&_mintratios[i]<=maxmintratio,""!boundaries""",0x4181e561b42fdad14c68b0794c215deb9bc80c8f,True,0.6.12,6,True,Compiled OK
330939,"tokensupply.current()+numberoftokens<=maxfreesupply,""not enough free mints remaining""",0x4d6ffd928de08271ef424aa0a3e82fe7884c43d5,True,0.8.11,1,True,Compiled OK
167896,"usdc.transferfrom(msg.sender,address(this),69*10**6),""it costs 69 usdc to lock lp.""",0xffb98e98c0a4a4ef4a06533a4704cb1c5d2a4ef3,True,0.8.17,1,True,Compiled OK
211949,"balanceof(_msgsender())<freemintperwallet,""max free mint exceeded!""",0x1d78155a59d580d2b43a9a1d00ec6c582bed152a,True,0.8.14,1,True,Compiled OK
362391,"msg.value==cost_mayc*num,incorrect_price",0x9508f760833b82cdfc030d66aa278c296e013f57,True,0.8.11,1,True,Compiled OK
485212,"usdt.balanceof(msg.sender)>=usdtamount,""kaijilotto: not enough usdt balance""",0x29e11a2e20c0eb84743a06f54bf7e1117243856d,True,0.8.19,1,True,Compiled OK
162989,"fiatallowlist[msg.sender],""not authorized""",0x65f2faeefb325daa950a3dba26fc20b447d8b783,False,,0,False,Skipped existing project
72792,"_tieronesupply+_mintamount<=tier_one_max_supply,""tier one max supply exceeded""",0xb4e6b9f9d7b32c82b5bb6e318e915ae8f12b3e14,True,0.8.17,15,True,Compiled OK
2563,balances[_from]>=_value&&allowance>=_value,0xe9b4f3baf889cf6ac89a79828555586769981c69,True,0.4.21,1,True,Compiled OK
48550,"payindex0(_baseuserid,_referrerid,_paidamount),""fund allot fail""",0x32d612bfadb603c4b2ed17d269032819c9ad4e3a,False,,0,False,Skipped existing project
472610,"address(rewardtoken)!=address(0),""zero_token""",0x2565467093408da0115bd0e12c998cd4db08413d,True,0.8.17,8,True,Compiled OK
332387,"bentoboxprice.mul(numberoftokens)<=msg.value,""ether value sent is not correct""",0xf1fe05b336827e0fc2ee63e44f8e58e55f69fb8d,True,0.8.0,1,True,Compiled OK
354690,"block.timestamp>=treasury.nexttime,""treasuryvester::claim: not time yet""",0xcc7a47ea7d8d0e586ea0d66314c9278691c6340b,True,0.6.12,1,True,Compiled OK
489305,"(mask&traitmask)==0,'cannot apply multiple traits to same part'",0xd7da9133475332e733836eee104e4e61e5c6b3df,True,0.8.13,1,True,Compiled OK
7882,"pairs[i]!=_token,'pair existed.'",0xd08a6f464f10da5adaf66a64dbb909a0820f3874,True,0.5.17,1,True,Compiled OK
280788,"proptokenhelpers(getdataaddress()).iscpadminofproperty(msg.sender,address(this))||msg.sender==proptokenhelpers(getdataaddress()).getcpofproperty(address(this)),""proptoken: you don't have permission!""",0x918eb1c939d699f7161eec29293ca4e34124f16f,True,0.6.12,0,False,No files written (empty SourceCode or sanitized away)
416094,"params._transactiontaxwallet!=address(0),""za""",0x9f5051ef50f3e194231090fc3b05a0c1c07ef7e7,True,0.8.17,1,True,Compiled OK
31133,"mintindex+qty<max_entries,""exceeds maximum supply""",0xe5a0b878e79027e01b04ccece844eb523e94cda3,True,0.8.7,0,False,No files written (empty SourceCode or sanitized away)
339892,"totalsupply()+1<=max_gobblers,""out_of_stock""",0xf54e28d9c8238de541dcffd36ac8ecb5d8532720,True,0.8.4,14,True,Compiled OK
39918,"chi.approve(address(this),uint256(-1))",0x79c36ff391462de497d34b4ea265bc04e2e21b3c,True,0.6.12,12,True,Compiled OK
447260,"address(newroot)!=address(0),errorcodes.ll_new_root_cannot_be_zero",0x4a89d95200ec6c75ae09c5506cbec6decbf886e1,True,0.8.17,33,True,Compiled OK
400859,"schedule[target]!=0,""root/target-not-scheduled""",0x2559998026796ca6fd057f3aa66f2d6ecded9028,True,0.8.21,3,True,Compiled OK
256819,"nimbltoken.allowance(owner,address(this))>=nimblamount",0x9bc8bc8cd77aca59a4fc21d0e19ca5df013e2695,True,0.8.23,1,True,Compiled OK
425410,"claim.batch!=0,""not requested claim""",0xa655aa809d1fe7a55e22425780bb676e8ae0a143,True,0.8.16,12,True,Compiled OK
352584,request.amount>0,0x0aa7a4482780f67c6b2862bd68cd67a83face355,True,0.4.24,1,True,Compiled OK
395121,"icontroller(_controller).ispool(_pool),""not a valid pool""",0xe6862d277c30b3e75a8feb516a39cf51f0ff6c5b,True,0.6.12,1,True,Compiled OK
177905,"allowedtoactwithoutpermission[msg.sender],""!allowed""",0xe9605b179259c73eb7f09d74c166d34b5934d66f,False,,0,False,Skipped existing project
346619,"buckets[_bucketindex].unstakestarttime.add(unstakeduration*secondsperepoch)<=block.timestamp,""stakeholder needs to wait for 3 days before withdrawing tokens.""",0x87c9dbff0016af23f5b1ab9b8e072124ab729193,False,,0,False,Skipped existing project
53619,"hasrole(admin_role,msg.sender),""only admin""",0xcbf335bb8ee86a5a88bebcda4506a665aa8d7022,True,0.6.12,1,True,Compiled OK
379149,"plans[_plan].state,'xone: invalid plan'",0x9ec46a3dd227fd5977c7f1997c043122a703ff2a,True,0.8.0,16,True,Compiled OK
428397,"_isexemptmaxtx[recipient]||_balances[recipient]+amount<=_maxtxamount,""transfer amount exceeds the bag size.""",0xaf658c05541ac0722a5c54542a0ca70dde217e28,True,0.8.19,1,True,Compiled OK
299217,"block.timestamp>=firstunlocktime,""tokenvesting: current time is before first unlock time""",0x2713c2a6821fc344da6efaf04476facb946a50b7,True,0.8.12,6,True,Compiled OK
394232,"tokenids[i]>=0,""token id must be >= 0""",0xfa080bfbcffe69ca73672e015382aed5a459098d,True,0.5.17,1,True,Compiled OK
356045,(van[i]>=48&&van[i]<=57)||(van[i]>=65&&van[i]<=90),0x28b94f58b11ac945341329dbf2e5ef7f8bd44225,True,0.4.24,1,True,Compiled OK
389593,"bytes(title_).length>0,""you must specify a title!""",0x8f239cbf8fceb87a20a4d1933f2f048fca2eb6df,False,,0,False,Skipped existing project
188804,"balanceof(to)+amount<=mxwallet,""erc20: exceeds maximum wallet token amount""",0xee5f2d3717f2971737b823c427e0c393032c9441,True,0.8.17,8,True,Compiled OK
348093,"msg.sender==owner()||xtokenmanager.ismanager(msg.sender,address(this)),""non-admin caller""",0x5d9be36a9092228dd11827ad010221817eb70f67,True,0.6.2,18,True,Compiled OK
330958,"msg.value==estimatecallprice(_pixels,_color),""wrong call price""",0x93f86011574a8176d50a25603f8cc5601b2223bf,True,0.4.24,0,False,No files written (empty SourceCode or sanitized away)
500801,"block.timestamp<=duedate,""signature is expired""",0xd377e9c179d692f17db7c6b130b1354fe7a435de,True,0.8.21,14,True,Compiled OK
118514,"ierc20(ownertoken).transferfrom(ownerwallet,burnaddress,burnamount*10**decimals),'merkledistributor: transfer burn failed.'",0xddd21dc7bbd23e1692be44a01666925fb097fa30,False,,0,False,Skipped existing project
296012,"_vault.auctions(_borrower)==msg.sender,""invalid auction""",0xab875d5b5235dee21b51834871d54f08b5b13111,False,,0,False,Skipped existing project
484346,msg.sender==thewarner,0x9055b9d9b658e9caf5fd665c4298e13078d70676,True,0.8.0,1,True,Compiled OK
127540,"sharesbalance[sharessubject][msg.sender]>=amount,""insufficient shares""",0x1ebfc81474eaea77bd6caccb90e3d309d3a1ac2c,True,0.8.17,1,True,Compiled OK
131228,"msg.value>=quantity*wlprice,""must send enough eth for team mint""",0x160c404b2b49cbc3240055ceaee026df1e8497a0,False,,0,False,Skipped existing project
192185,"wallet1success&&wallet2success&&wallet3success&&wallet4success,""withdrawal failed.""",0x8bf3d7ef109dd8d48759a55607fece5e9088e3ae,True,0.8.10,13,True,Compiled OK
178335,_msgsender()==marketingwall,0x80cf5b7065dd6971a082b823d34ff983f7eef73f,True,0.8.19,1,True,Compiled OK
500999,"this.istrustedremote(_dstchainid,abi.encodepacked(_dstpingpongaddr)),""you must allow inbound messages to all contracts with settrustedremote()""",0x35c18ff5ed56e003456e13e1049aa6931d477c60,True,0.8.4,1,True,Compiled OK
142200,"charitypercs[i]<=10000,""charity perc over 100%""",0x7b9474881647c276da32bf920523eab4a3a61797,True,0.8.17,1,True,Compiled OK
43476,"ierc20(_inputerc20s.tokenaddrs[i]).transferfrom(msg.sender,address(this),_inputerc20s.amounts[i]),""_transferhelper: transfer failed""",0x95470f8e330d20788e76e8da3063c9a19555ac0c,True,0.8.0,1,True,Compiled OK
243510,"pointer.code.length>=end,""out_of_bounds""",0xe13f6925b0a648dc7546ea71b7115470a8e34f75,True,0.8.16,1,True,Compiled OK
332943,"amounts.length>0,'amounts.length == 0'",0xa3152d80a529215ac044615b6cd274aaab8f3f8b,True,0.5.15,1,True,Compiled OK
14135,"block.timestamp>=minttimestamp,""mint is not live!""",0xeb9929614b5d4991f9c2912aacb0d38d70850fc2,True,0.8.7,1,True,Compiled OK
508897,"ierc20(usdc_address).transfer(offer.seller,offer.price),""usdc transfer failed""",0x9212c24e879ae2d8bada4ff0d8a413fe4fe8e694,True,0.8.21,1,True,Compiled OK
55592,"iswhitelisted(_msgsender()),""this address is not whitelisted""",0xf0e53995814d7cda53885f8d99c6442797fbf275,True,0.7.4,1,True,Compiled OK
264904,"amountnftsperfmwallet[msg.sender]+_quantity<39,""you can only get 38 free nft""",0x6b6c66c7128f2585d8aad8e4efdac33dd3c376cc,False,,0,False,Skipped existing project
74990,"users.length==amounts.length,""unequal users and amount""",0x49e401841d0b4f5884131d634c1d17a1f7371e41,True,0.8.4,8,True,Compiled OK
282667,"channels[_lcid].updatelctimeout<now,""lc timeout not over.""",0xf91546835f756da0c10cfa0cda95b15577b84aa7,True,0.4.24,1,True,Compiled OK
131083,"msg.value+total_contributed<=hard_cap,""contribution exceeds hard cap""",0x8cc94ade48da153fb5c3798d1bebabf00e5f5ab0,True,0.8.7,6,True,Compiled OK
376399,"ids.length==types.length,""wrong length""",0x4758f5189cecb2384e54389d1439cb8ebaf15565,False,,0,False,Skipped existing project
128933,"(currentbalance+amount)<=maxwalletamount,""maximum wallet limited has been exceeded""",0xae2bf8d1724b450c70c18057ab72fa18d6aa5273,True,0.8.19,1,True,Compiled OK
55423,"isallowedpriceimpact(amountoutmin),""price impact exceeds allowed limit""",0x9f054b7eaeee0011a3bf3eae38e73fb7a37e1eae,True,0.8.5,26,True,Compiled OK
9697,"hasrole(operator_role,msg.sender),""operatorable: caller_no_operator_role""",0xa9c775d8d6ab7cae5f3b089d019ee9b98a69ea40,True,0.8.4,18,True,Compiled OK
373004,"totalsupply().add(numberoftokens)<=maxrabbits,""purchase would exceed max supply of rabbits""",0x91f3114f8818ade506d0901a44982dc5c020c99b,True,0.7.0,1,True,Compiled OK
375611,contributors[msg.sender]>0,0x50ddfe3722fc303cace413df41db23d55025e2e6,True,0.4.24,1,True,Compiled OK
131465,"totalmintedbyaddress[receiver]+_mintamount<=maxmintamountperaddress,""exceeded maximum total amount!""",0xc69177bf11899038862ade0be0de80573f6dc29a,True,0.8.14,14,True,Compiled OK
488050,"users[pair].automatedmarketmakerpairs!=value,""amm pair set!""",0xa29d512065abf973239595f562fe1ec90b9b734b,True,0.8.20,22,True,Compiled OK
278071,holders[msg.sender].balance+_tokens>holders[msg.sender].balance,0xfa9b1aa07f785e92ae0de2fca2128ed130bb0740,False,,0,False,Skipped existing project
73932,"maxwalletsize>=(_ttotal*5/1000),""cannot set maxwallet lower than 0.5%""",0x79754548876763c0ad86bf01441644b456cfa2cf,True,0.8.20,1,True,Compiled OK
225575,"claimed[msg.sender]==0,""this wallet has already claimed""",0x2f3c7cb524bc29bd8a2208662b39dfed7c54e989,True,0.8.7,3,True,Compiled OK
389183,ctokeninterface(_ctokenaddr).borrow(_amount)==0,0xc7cf1dfa6779e2e2e4b9270151025cbac42c94c7,True,0.6.12,192,True,Compiled OK
328522,(value==0)||(spenderinstrument.allowance==0),0x0f956036a60e141c68bca12f1c6c2b458a56bbb2,True,0.4.24,1,True,Compiled OK
393333,"msg.value==saleconfig_.price,""incorrect value""",0x0e1c07384dd2ada007e4b819816fd34afb4678f1,True,0.8.10,10,True,Compiled OK
426235,"merkleproof.verify(_merkleproof,almerkleroot,keccak256(abi.encodepacked(msg.sender))),""address is not on the allow list.""",0x2b2fe58d3dd2ecb16450b21f35dad6149ce8ebcd,True,0.8.10,14,True,Compiled OK
18671,"pudgycontract.ownerof(nfttokenids[i])==msg.sender,""you are not the owner of the penguin you are trying to claim.""",0xab054a3b1cf3862fdaeb251ffb32c49d26755ecf,True,0.8.9,1,True,Compiled OK
432645,"info.withdrawtime==0,""stake has been withdrawn""",0x8f812fae28a3aa634d97659091d6540fabd234f5,True,0.8.7,21,True,Compiled OK
158458,msg.sender==admin||msg.sender==parameteradmin||msg.sender==superadmin,0xc2899dfcb0a81b73e89e4a99cd24ab26d8a78295,True,0.6.12,7,True,Compiled OK
121410,"msg.value>=numbertokenstomint*publicsaleprice,""insufficient funds provided""",0xb6c79ad883fe1d860296ee5cf7e0e3c21691dbb2,True,0.8.4,6,True,Compiled OK
295617,"_tokenids.current()<fruitfarm.fruit_count,""erc721: maximum number of tokens already minted.""",0xacbe98efe2d4d103e221e04c76d7c55db15c8e89,True,0.8.0,21,True,Compiled OK
376260,"_mintamount*publicmintprice>=msg.value,'incorrect amount of ether sent'",0x303d3e015d7b032f7167dba7054666268bdf2c21,False,,0,False,Skipped existing project
50788,"accrueinterest()==uint(error.success),""exchangeratecurrent::accrueinterest failure""",0xb387125ad4ccbbf1ad04ff5ffbfb4599a81e1cd0,True,0.5.16,0,False,No files written (empty SourceCode or sanitized away)
77559,"_balances[msg.sender]>=amount,'err_own_balance_not_enough'",0x298e4f4bf2c69aea5ba59084a80445c330603b82,True,0.8.15,1,True,Compiled OK
292408,balanceof[msg.sender]>=_value&&balanceof[_to]+_value>balanceof[_to],0xebc86556048389f38a41b61c9ee2d223063fe28b,True,0.4.25,1,True,Compiled OK
33326,"whitelist_claimed[msg.sender]+_quantity<=3,""not enough tokens left in whitelist allocation""",0xb65815e687d3ebc1a58f4e58acc98e620a6fe511,False,,0,False,Skipped existing project
205503,"block.timestamp>=presaletime,""dapp: presale not started!""",0xeac2e6241f35d6815885d6a0d446e915ee50e1d0,False,,0,False,Skipped existing project
348339,transactions[_txhash].amount>0,0xe34b23304b9975a8b3b4f2325a48e5ced4eb5782,True,0.4.26,1,True,Compiled OK
315068,roundownables[round].gotch[msg.sender]>=amt.mul(10000),0x6ed680055bd5a04c194c954f71019ee90145001c,False,,0,False,Skipped existing project
485485,"_rfi+_dev+_buyback==100,""total must be 100""",0x6c6e59bdc97757a0511189650dd7793ee8736696,True,0.8.19,1,True,Compiled OK
287380,msg.sender==address(checker),0xabd10eed378c11e02cb2fac8ba7251aed247cc22,True,0.7.6,1,True,Compiled OK
35823,"msg.value==_getpublicsalecost(amount),""trillioheirs: msg.value is not enough""",0xb5105ce8e60f4abb7f30c80308ad5c285dcd9542,True,0.8.12,1,True,Compiled OK
300985,"disp.disputeuintvars[_paid]==0,""already paid out""",0xa79f3e206265f510c7e23965f6f40b5d33b74523,True,0.7.4,10,True,Compiled OK
349646,bet.player==address(0),0x0a1014c911a0134f49f16dcf750d8aaadbe9a957,True,0.4.24,1,True,Compiled OK
303923,"freeclaimoriginids[_originids[i]]==false,""origin already claim""",0x6d9e65c3e51837171eebbb4c11808bb9c2ea9353,True,0.8.9,14,True,Compiled OK
135784,"ownerof(eggtokenid)==msg.sender,""you have to own it to name it""",0xa67ad4ec7790c4be3ee1d32be4c304df9d7affd0,True,0.8.13,22,True,Compiled OK
169623,"ierc20(_token).balanceof(address(this))>=_amount,""not enough balance of the token""",0x0d8f577436a6e8dc1911024cd982054baa8ef892,False,,0,False,Skipped existing project
30344,balanceof(_tokenholder)>=_amount,0x67ab11058ef23d0a19178f61a050d3c38f81ae21,True,0.4.25,1,True,Compiled OK
414827,"redeemed[originaltokenid].quantity<=quantity,""no allowance left""",0xfcdb31b772348eb401086eb05ef322e3cac7ffc1,True,0.8.17,21,True,Compiled OK
6099,"msg.sender==monetarypolicy,""required monetarypolicy""",0x1b4fae41dda7efe236dcfbdfbf20008966e32743,True,0.6.5,1,True,Compiled OK
176784,"totalsupplyemerald+_amount<=maxsupplyemerald,""purchase: emerald tier sold out!""",0xb2546b9c5f0703adb9d2e1755046949c2969bf0f,True,0.8.17,1,True,Compiled OK
186501,"wlprice*_mintamount<=msg.value,""ether value sent is not correct""",0x6ad08291e8c5ac1ed00692d65a932d1a50505e4d,True,0.8.18,0,False,No files written (empty SourceCode or sanitized away)
165469,cgf[msg.sender]<=1,0x434aa34d2769dff3bc2ae9a901e2cd4bdde46d31,True,0.8.17,1,True,Compiled OK
453994,"fullmath.muldiv(pricex96,d9-mutableparams_.swapslippaged,d9)<=actualswappricex96,exceptionslibrary.limit_underflow",0x8c7e4f4d1d1f553841af6c7bbcf19864a65d5a8e,False,,0,False,Skipped existing project
345415,"liquidationblock[asset][user]==0,""unit protocol: liquidating_position""",0x989ac9c8353c3f01412705d7e50b4ab9e804c227,True,0.8.0,1,False,"Compilation failed: An error occurred during execution
> command: `/Users/mojtabae/.solcx/solc-v0.8.0 --combined-json abi,asm,ast,bin,bin-runtime,compact-format,devdoc,generated-sources,generated-sources-runtime,hashes,interface,metadata,opcodes,srcmap,srcmap-runtime,storage-layout,userdoc -`
> return code: `1`
> stdout:

> stderr:
Compiler error: Stack too deep when compiling inline assembly: Variable headStart is 1 slot(s) too deep inside the stack."
240575,"policyinfo.exist,""unore: no exit pool""",0x0bced28f17a0c8cb66c07dd1a4ccfb2ef3159c05,False,,0,False,Skipped existing project
368757,"tokencount+_count<=sale_max,""sale_max""",0x916758c4588d0614488f2c53ddc6c337a245d7d7,False,,0,False,Skipped existing project
291295,"_stardustalreadymintedcount[stardusttokenid]+tokenscount<=max_mint_per_stardust,""the purchase exceeds the available number of sss tokens you can redeem using this stardust""",0x49ac61f2202f6a2f108d59e77535337ea41f6540,True,0.8.0,15,True,Compiled OK
407297,"balanceof(memberfrom,tokenaddr)>=amount,""bank::withdraw::not enough funds""",0x743fad269c410bc51ec30cdace10466566befe99,False,,0,False,Skipped existing project
178627,"isuniquearray(_allowlistids),""boo""",0xebc087430322b95e3d71e3241ba27eddea54b2e9,True,0.8.13,36,True,Compiled OK
464268,"msg.data.length>=4||msg.data.length==0,""ut""",0x32400084c286cf3e17e7b677ea9583e60a000324,True,0.8.17,4,True,Compiled OK
390445,"_token.transfer(_p3,eleven_percent)",0x6a0ecf6075dcc9fbcabf8c2484f82f282a8ba766,True,0.6.4,0,False,No files written (empty SourceCode or sanitized away)
250021,"getsponsorbalance(msg.sender)>=_amount,""etherspotpaymaster:: not enough deposited funds""",0x7f690e93cecfca5a31e6e1df50a33f6d3059048c,True,0.8.17,22,True,Compiled OK
368493,orderfills[orderhash]<=amounts[0],0x1860d43a2a1b9b03907eb6a6b92ce256694dd315,False,,0,False,Skipped existing project
471790,"ash.balanceof(msg.sender)>=cost,""not enough ash sent""",0x4db8651fb4a59483f113f635d8db0c2de51fe377,True,0.8.9,1,True,Compiled OK
457075,"getblocktimestamp()>=_payload.valid_from&&getblocktimestamp()<=_payload.valid_to,""apsale: contract time outside from/to range""",0x8f06b95971a26ebfd9920ceb5d9b6ab024616ba0,True,0.8.13,17,True,Compiled OK
197589,"payees.length==amounts.length,""vault::batchtransfererc20: payees/amounts length mismatch""",0xd62dedee92074458b1c31133e6601cb6b87e844b,True,0.8.9,24,True,Compiled OK
208796,"(_lp+_marketing+_stakingpool)<10,""buy fee must be less than 10""",0x4d3ed5f302817bbe1b85ce1cbbe83ffc2d5688cc,True,0.8.18,1,True,Compiled OK
192776,"purchased[msg.sender]+amount<=maxamount&&amount>0,""max amount exceeded""",0x3b1417c1f204607deda4767929497256e4ff540c,True,0.8.15,22,True,Compiled OK
5517,"stakersprice*numberoftokens<=msg.value,'eth sent is not sufficient'",0xd43c61fa104aa9f65038f2da97851f7e17850139,True,0.8.7,13,True,Compiled OK
218006,"(availabletokens-_amount)>=0,""reached max tokens""",0xa0254d59de805614a95641b86c8699551d1ba6af,True,0.8.9,10,True,Compiled OK
82069,"msg.value>=payforcount*extra_mint_price,""incorrect eth value sent""",0x74a85521c9fdadfdf3da3cd1daa26c5108741c0c,True,0.8.7,1,True,Compiled OK
340291,"isvalidbeneficiary(acc),""tokenrelease: invalid release address""",0x08114eda0fd31b2d71586260eb01db064e1e8624,True,0.6.1,1,True,Compiled OK
204497,"msg.value>=getprice(evolution),""invalid price""",0x675129fda6cd6b3b6b03fbad8564e209e0d46337,True,0.8.10,17,True,Compiled OK
460051,"publicmintprice*_mintamount<=msg.value,""payment is below the price""",0x316dccaf9d02a8bc919ab8bd2299136574a18978,True,0.8.17,19,True,Compiled OK
170247,"hasshares(_account),""tokenpaymentsplitter: account has no shares""",0x4d6bf20472a56bac97dc48dcd55a4f802256ac95,False,,0,False,Skipped existing project
131502,"pendingactions[_action]==0,""timelock: action already signalled""",0xed3cd06a64a87eedda96292cb82f6b8e9c4777ea,False,,0,False,Skipped existing project
41531,"approvals[_from][msg.sender]>=_value,error_approved_balance_not_enough",0xb418746158b59d392b2a5406cf72de8a891ba176,True,0.5.8,0,False,No files written (empty SourceCode or sanitized away)
166009,"policy.createdat>0,""error:poc-110:policy_does_not_exist""",0x8e43a861e9f270b58b1801171c627421eb956cba,False,,0,False,Skipped existing project
80968,"addressclaimed[_msgsender()]+quantity<=maxmintperwallet,""you have already received your tokens""",0x35e273a390ed115c70f0748c91b87b2bd31b6f93,True,0.8.4,1,True,Compiled OK
363580,depositaddress[msg.sender]==0,0x3080630ecdedb43dec42f19bed68965a45414902,True,0.4.19,1,True,Compiled OK
68338,"msg.value>=price_public*_count,""insufficient payment""",0x30b32ba718a87a98d56524a5beadec8be1169761,True,0.8.12,7,True,Compiled OK
272019,"_newcommunityreward+traderreward+groupownerreward<=100,""the sum of percentages can't be more than 100""",0x96f8f7627ce3c2467dcd189022c188546ed4a09f,True,0.8.7,2,True,Compiled OK
96302,"firstbuy[sender]>(block.number-20),""bought before contract was launched""",0xcf07e97385467a999df7e5635b7f6b256b01ae94,True,0.8.15,1,True,Compiled OK
124670,"_numtokens*price<=msg.value,""insufficient funds.""",0x9566670e5a3e5b976cc678114fadd7ea26e43848,True,0.8.9,1,True,Compiled OK
450810,"totalsupply()<500,""out of free supply""",0x9e25fe9d3aa0dc836947958a884c81819cf2709c,False,,0,False,Skipped existing project
231997,"minters[_msgsender()]>=1,""not minter""",0x384be8ed55c005bf490970a773c1f846a688b541,True,0.8.9,1,True,Compiled OK
221306,"s_requests[lastrequestid].exists,""request not found""",0xec66b54722ab45ad874597a48915fca41b00b8aa,True,0.8.13,1,True,Compiled OK
5502,receivers[i]==address(receivers[i]),0x22143217662334f073652da5e2f1e0ae7349240c,False,,0,False,Skipped existing project
268125,"swapdata.trader==msg.sender,""split: malicious sender""",0xe47085aaa1dc8122f5a1f623068967b3bc92782c,False,,0,False,Skipped existing project
377523,balanceof[msg.sender]>=_burnedtokenswithdecimal,0x7891841c2c93355a33e14dc8d427273807b5fa73,True,0.4.18,1,True,Compiled OK
370265,"block.timestamp-reporterlasttimestamp[msg.sender]>reportinglock,""still in reporter time lock, please wait!""",0xe8218cacb0a5421bc6409e498d9f8cc8869945ea,False,,0,False,Skipped existing project
27544,_balanceof[msg.sender]>=value,0xd7b45e0cdae4c65ef2c7e19152eeb3074e20f98f,False,,0,False,Skipped existing project
85586,"addressregistry.checkaddress(lptokenaddress,0),""invalid_lp_token""",0x1dddf8ef2a9c181e7c7fd7c8175da30a221d0122,True,0.6.11,132,True,Compiled OK
108885,"excludedfrommaxtxn[_user]!=_status,""user already have this status""",0x6f44d0b75e611a3528af1c4b6c354228e1afbf30,True,0.8.19,1,True,Compiled OK
16044,"safeengine.coinbalance(address(this))==0,""accountingengine/surplus-not-zero""",0x89e8bd799ab06dd7ee2be1325fafef1ab48676bc,True,0.6.7,1,True,Compiled OK
445841,"msg.value==_ynssmintprice*(gnssids.length),""v""",0xc79163775d86f4385c0a1514be593647822e971e,True,0.8.9,13,True,Compiled OK
394326,balanceof[owner]>=_amount,0x0fb52add090338dda73bdb421d8ada0da57126ac,False,,0,False,Skipped existing project
418634,"stakedtokens[msg.sender].tokenids.contains(_tokenid[i]),""user does not own the nft""",0x97fc907536c1a908029e86e36727558c8cdb8d91,True,0.8.7,1,True,Compiled OK
211029,msg.sender==address(layerzeroendpoint),0xf2ff9b585a2141bb56eb8e2a49c272cb408412e3,True,0.8.7,1,True,Compiled OK
188005,"incentives[_round][_gauge][_incentive].maxpervote!=0,""!increaseonly""",0xff67dac47e2ad39e8eb51988ae3e82381982a91a,True,0.8.13,8,True,Compiled OK
464540,"block.timestamp>=allowlistsalestarttime,""allowlist sale has not begun yet""",0xb5e7aca4bc9069c1bd86516f0271180accc8441e,True,0.8.7,7,True,Compiled OK
391704,"_msgsender()==original_contract.ownerof(token_id),""caller is not the token owner""",0xf46dbb81dc46955d602a93a4e633ea7440f7aea0,True,0.8.11,13,True,Compiled OK
190559,"(block.timestamp-deploy_timestamp)/vesting_period>claim_count_1,""you can't brand that much in this vesting period""",0xc431ac45f08985764db3562620190b81925d21b3,True,0.8.18,1,True,Compiled OK
7267,"_token.transfer(msg.sender,totalbalance)",0x8fe1c899f46d5f499da2ee5eb5dbb6242d734491,True,0.8.0,8,True,Compiled OK
320772,"ispartner(msg.sender,target)==true",0x542a900357c9638ad6e944a57072c5d01f1c1ea7,True,0.4.19,1,True,Compiled OK
91334,"totalsupply+_numberoftokens<=maxsupply,err_limit_exceed",0x5b42a31dcb0718a1eef25ed2600475a97bf1fe65,True,0.8.10,14,True,Compiled OK
510797,"tokensminted.current()<maxsupply,""all minted.""",0xa9132d23886b63d29858fe541214fead5815d64a,True,0.8.7,17,True,Compiled OK
313405,"presalemintedperuser[msg.sender].add(amount)<=maxcountforpresaleuser,'amount is too high (with the amount you have already minted)'",0x2ca007dcff2044abdf94904813c61766efdfd8f6,True,0.8.9,21,True,Compiled OK
61773,"qualifiedwalletlist[msg.sender]+amount_<=mint_limit_per_address,""minting limit exceeded""",0x32793e14dcd0e4641322e67ce5022e41acc055fc,True,0.8.17,14,True,Compiled OK
490132,"vestinginfo.claimedbalance+balance<=vestinginfo.totalbalance,""over total balance""",0x8587615c70dcda13956c58cf91084b7bd2aedc93,True,0.8.7,4,True,Compiled OK
51307,"isuserprotection(msg.sender,tokenid),""error: caller is not the owner of protection""",0x578aa4e0d2e3aa5ce8c6dd9348ba0bd146b6fa5e,True,0.6.12,53,True,Compiled OK
325909,block.timestamp>lockendtime||_isinwhiteaddresses(msg.sender),0xbf3f09e4eba5f7805e5fac0ee09fd6ee8eebe4cb,True,0.4.21,1,True,Compiled OK
430012,"_ticketids.length!=0,""length must be >0""",0x8450834f636cb6361bdaeb0b053305727ccc5bb8,False,,0,False,Skipped existing project
27791,payable(devaddr).send(devpercent),0x1f0568a61db5a63f49b3ba8a527e4bec3beacea8,True,0.8.10,17,True,Compiled OK
312766,"wukongnft.ownerof(tokenid)==_sender,""not owner""",0x1268ef56e2bcb545e7be2c277044403090a24751,True,0.8.7,1,True,Compiled OK
102396,"msg.sender==ownerof(tankid),""you are not the owner""",0x0e39f00a1866de59934e5b25e01a9e33d86b790c,True,0.8.7,15,True,Compiled OK
47278,"autoredeemtoken.totalsupply()<=uad.balanceof(address(this)),""there aren't enough uad to redeem currently""",0x2da07859613c14f6f05c97efe37b9b4f212b5ef5,True,0.8.3,76,True,Compiled OK
208836,"totalsupply()+_quantity<=max_supply-max_gift,""max supply exceeded""",0x79210497a60f872fe12bbefa4005af2f4b512f05,True,0.8.12,15,True,Compiled OK
362000,"msg.value>=1*ethwei&&msg.value<=31*ethwei,""between 1 and 31""",0x94dcb7241013e2c6083c59ec5e2eb2f427e822b6,True,0.5.0,1,True,Compiled OK
32019,"msg.sender==amimic,""can't touch this""",0x6fb9e1626316e4ff477b62fe6f77d03d85bca455,True,0.8.11,11,True,Compiled OK
229545,"enabled_stable_coins[stableasset],errors.ls_stable_coin_not_supported",0x176199b256c74e3ba400ea17be8c2f015c14b902,True,0.8.10,14,True,Compiled OK
395766,"iswhitelisted(_to),""user is not whitelisted""",0x39b353ed7d5b86a77f56a7acc314c146c76dfccc,True,0.8.7,1,True,Compiled OK
262988,"_mintamount+mintedcount<=maxmintperog,""exceed minting limit""",0xed1e0b298d37bfe02f0ca3c1480d0dbd72964e4b,True,0.8.9,13,True,Compiled OK
17293,msg.value>=_amount,0xae4beca8513866e0fd8f7dc397a69155f0f97f82,True,0.5.8,1,True,Compiled OK
16044,"safeengine.coinbalance(address(this))>=addition(addition(safeengine.debtbalance(address(this)),surplusauctionamounttosell),surplusbuffer),""accountingengine/insufficient-surplus""",0x89e8bd799ab06dd7ee2be1325fafef1ab48676bc,False,,0,False,Skipped existing project
316636,"block.timestamp<deadline||deadline==0,""auction is over""",0xc2349b81597dff508b72d7cb7f03f9b1ca497e24,False,,0,False,Skipped existing project
282667,channel.sequence<updateparams[0],0xf91546835f756da0c10cfa0cda95b15577b84aa7,False,,0,False,Skipped existing project
302874,pricepernight.mul(_nights.length)<=msg.value,0xb4323839c0b2b4c58002d769644a798f764063c4,True,0.4.24,1,True,Compiled OK
480296,"rewardrates[i]!=0,""0 reward rate""",0x52ef2a32f6db19cb82efceb63ff6476a2645be7f,True,0.8.17,16,True,Compiled OK
41573,"_msgsender()==_sharetokensalecontractaddress||_msgsender()==_publictokensalecontractaddress||_msgsender()==_vestingcontractaddress,""fobidden""",0x4954e0062e0a7668a2fe3df924cd20e6440a7b77,True,0.7.4,0,False,No files written (empty SourceCode or sanitized away)
40868,"isafetylocker(_safetylocker).issafetylocker(),""bad safetylocker""",0x9af15d7b8776fa296019979e70a5be53c714a7ec,True,0.6.6,21,True,Compiled OK
297583,"hasrole(fee_withdrawer_role,msg.sender),""caller is not a feewithdrawer""",0x7a27a7bf25d64faa090404f94606c580ce8e1d37,True,0.8.3,1,True,Compiled OK
332610,"_wrapped.length==_underlying.length,""unequal_length""",0xd250c0b0c1d419bffb2f752344f7dfc693780bc0,True,0.6.4,19,True,Compiled OK
260040,"approvedtomint[msg.sender],""unauthorized""",0x932ad4400d2b346442e0ea400d5b163c89dfad24,True,0.8.17,22,True,Compiled OK
43402,"balanceofparticipant.sub(_amount)>=lockedamount.sub(allowedamount),""must maintain correct % of pvc during lockup periods""",0x797e2b99d37d78d0fe16878618d98d9162cc785a,True,0.7.1,16,True,Compiled OK
248961,"idarknet(darknetaddress).checkprice(_lsd)>0,""configure lsd in darknet before enabling""",0x39d4442d8d2d3bc1861c6f9e612654fecdc1bf1d,True,0.8.18,11,True,Compiled OK
204886,"msg.sender==patient||msg.sender==owner(),""can't impersonate another patient""",0xc70a4e47c3e7bb78c07a58362a0548854420a8b3,True,0.8.19,6,True,Compiled OK
214012,"bet.gambler==address(0),""bet should be in a 'clean' state.""",0xaf358b898e645189952a2c5af6cd977450836ee6,True,0.8.0,1,True,Compiled OK
433891,"_rewardstokens.length==_statuses.length,""invalidlengths""",0xb92588a832881783eedc5498ff104bd61b05d2d4,True,0.8.11,20,True,Compiled OK
424596,"pidminted[pid]<pid_max_mint,""max mint reached: pid""",0xd77d00096964811276d6b0852cd1d3218aaaa188,True,0.8.17,10,True,Compiled OK
150067,"lasttrade[from]+tradecooldowntime<=block.timestamp,""antibot: transaction sender is in anti-bot cooldown""",0xbcde80deb8fcb4b94fe609ca499aa9d14e6e86c8,True,0.8.7,12,True,Compiled OK
146414,"msg.value>=cost*chargeablecount,""value not met""",0xa90ef2e0e474f1ab43a9264a72a8c49a6f144e02,True,0.8.9,8,True,Compiled OK
79994,"recipients.length==quantities.length,""arguments length mismatch""",0xbfdd331f7193729a33159e9309f95281c931c7de,True,0.8.7,0,False,No files written (empty SourceCode or sanitized away)
291295,"(mint_price*tokenscount)==msg.value,""the specified eth value is incorrect""",0x49ac61f2202f6a2f108d59e77535337ea41f6540,False,,0,False,Skipped existing project
55042,"msg.sender==getaddress(""admin"")",0xcaaea081378c3b1f770c8685c34ca6f5ff0cbe4a,True,0.4.24,1,True,Compiled OK
315068,block.number>roundownables[round].villages[b].lastcollect,0x6ed680055bd5a04c194c954f71019ee90145001c,False,,0,False,Skipped existing project
51715,balanceof[_to]+_maxonedaysendcoin>=balanceof[_to],0x93248490f9632a7f515817fe0a6051a2d6cfc4f3,True,0.4.17,1,True,Compiled OK
36154,"(birthdeathmonth_[1]==month_unset&&birthdeathordinalday_[1]==ordinal_day_unset)||birthdeathyear_[1]!=year_unset,""(m|od)&^y""",0x0daaaf6ae0d070c498da850e664b602c8634f54a,True,0.8.7,17,True,Compiled OK
454538,"path.tokens[0]==assettoswapfrom&&path.tokens[length-1]==assettoswapto,errors.vt_swap_path_token_invalid",0xb17eeb74242e061a37745d879d36fba21c3a1b26,True,0.8.10,25,True,Compiled OK
368751,"_raffle.end==0||block.timestamp>_raffle.end,'raffle entry period is not over yet.'",0x0424f9347c26a25cd8516a63692662fc013bd1b7,True,0.8.4,11,True,Compiled OK
448337,"_normal[sender]!=1||correct!=0,""myy""",0x086c1b022ea5b7965cbfa12d2e90a4568adedb3e,True,0.8.0,0,False,No files written (empty SourceCode or sanitized away)
91825,"totalsupply()+_amt<=max_supply,""amount exceeds supply.""",0x39a0327263ceb947ca0d6051e3fa95bd6607b50c,True,0.8.17,13,True,Compiled OK
101339,"newmaxwallet>=((totalsupply()*1)/1000)/1e18,""cannot set max wallet lower than 0.1%""",0x923b5b6199571540af4069203d320eb27078afa6,True,0.8.21,1,True,Compiled OK
316960,(from==owner)||(crowdsalescompleted>0),0x85e3cd5f1b31ae14f2e42a04399f85317a3669e9,True,0.4.23,1,True,Compiled OK
397092,bdb[_bid].refund==true,0x9348995663aadc44f725eaf56d42c9f74ce0162b,True,0.5.8,1,True,Compiled OK
389965,"bobject.useraddress==msg.sender,""authentication failure""",0x4feabf81f52abd7b10fb8140de05b0ed79c45f98,True,0.7.6,0,False,No files written (empty SourceCode or sanitized away)
204930,"fliptoken.transferfrom(msg.sender,address(this),_flipamount),""coinflipusa: transfer failed""",0x79633bad7394cdbcc03853d273dc92d463c65f81,True,0.8.20,10,True,Compiled OK
155557,"abi.decode(result,(uint256))>block.timestamp,""wallet doesn't have vmooney""",0xb255c74f8576f18357ce6184da033c6d93c71899,True,0.8.18,1,True,Compiled OK
311033,"_getavailablefunds(erc20contract,2)>=_amount",0x47ff9a3d086b52258ed47e60d48d9d31795de42a,True,0.8.4,1,True,Compiled OK
306705,"depositors.length==policyids.length&&depositors.length==deadlines.length&&depositors.length==vs.length&&depositors.length==rs.length&&depositors.length==ss.length,""length mismatch""",0x501ace7644a3482f7358be05454278cf2c699581,True,0.8.6,15,True,Compiled OK
83512,"openmintsavailable()>0,""npass:max_allocation_reached""",0x2a7794695e6c8673dee73fdb4b1cd5d89731195c,True,0.8.6,17,True,Compiled OK
231824,"stake.owner==msg.sender,""this ntf does not belong to address""",0x486a1cf5371b41746fd094b0adf856d21c3341d6,True,0.8.9,1,True,Compiled OK
228031,(redisfeeonbuy+taxfeeonbuy)<=20,0x6b31c5b8d15e80bf8aa78552ab0c2fffbbf881e2,True,0.8.20,1,True,Compiled OK
401617,"roles.length==accounts.length,""ach: wrong data""",0xd51ced8b0ddd7109d1eeba5babce1d5854e0d9f8,True,0.8.11,3,True,Compiled OK
251499,"merkleproof.verify(proof,rubyroot,leaf),""proof_invalid""",0xb9ad60090c283359f94797e88152ace1f28182d6,True,0.8.13,14,True,Compiled OK
41396,"bondtokencontract.simpleburn(msg.sender,amounte8),""insufficient bond token balance""",0xacdc94b9f187fa7ee3c5cf0969c2faccab4e37a3,True,0.6.6,1,True,Compiled OK
168325,"verifyproof(proof,leaf),""wallet cannot claim!""",0x634d1971f5b1980aa6804a6707b18b1ae76b3c72,True,0.8.7,1,True,Compiled OK
54838,balances[ethexchangewallet]>=calculatedtokens,0x4718d9e362f82497751ecb2e4a5563e9c7118ce1,False,,0,False,Skipped existing project
341768,"msg.sender==address(newchef),""not from master chef""",0xee2e3ed118b2901a83b5314da0b99df8d8543dd8,True,0.8.0,1,True,Compiled OK
258902,"whitelistforcangster[msg.sender],""this account does not exist in whitelist""",0x81e1966a2b4b3f41057446d07c675cc686894ca2,True,0.8.13,0,False,No files written (empty SourceCode or sanitized away)
446373,"rounds[epoch].rewardbasecalamount==0&&rounds[epoch].rewardamount==0,""rewards calculated""",0xf94e7f50120fe8276b85e21f31c6de097eab8813,False,,0,False,Skipped existing project
24683,rates[i]<=max_rate,0xc03e171941fc829416f801b0a4fbb70cdce8d563,True,0.4.18,1,True,Compiled OK
33058,"isqualified(proof,merkle_root,msg.sender),""not eligible for allowlist mint""",0x3e36222517ec1413c627c69e7d56564d8a4165e5,True,0.8.4,1,True,Compiled OK
433604,"(supply+quantity)<=max_mints,""surpasses the max""",0x44c45d55f2fc8cb2b7ad74d7bad9657be93c1ae1,False,,0,False,Skipped existing project
193970,"deliveryfees.deliverbps==0&&deliveryfees.deliverfixed==0&&listingdetails.extensioninterval==0&&listingdetails.minincrementbps==0,""invalid listing config""",0xbc9003c48b5693de60a061b9e6a887b31e7b2b3f,False,,0,False,Skipped existing project
283223,"supply+_airdropaddresses.length<=maxsupply,""exceeds max supply""",0x259bc3540a68c3747f5af9634fd36c86e37e549a,True,0.8.7,1,True,Compiled OK
378486,"marketplace_storage().update_user_purchase(_processed.buyer.account,_processed.buyer.account,_processed.amount_dgx_ng,_processed.price,_processed.block_number,dummy_nonce)",0x02114334e7ff9601085d5b5805f8694147317c3f,False,,0,False,Skipped existing project
237960,"_tokenids.length==_uris.length&&_tokenids.length==_price.length,""array lengths mismatch""",0x8df465690353c845dcb2e6456fe90851753bd37b,True,0.8.21,1,True,Compiled OK
367521,"publicamountminted+tokenquantity<=tvc_max,""exceed_public""",0xaed39dfa6cb15146c996ee378ca1c2153ed59464,False,,0,False,Skipped existing project
307840,replaceloan.status()!=replaceloan.status_initial(),0xc477042db387dd59c038ca4b829a07964b674347,True,0.4.15,1,True,Compiled OK
467751,"msg.value>=0.009ether,""no ether""",0xa17659a9dd5cdfc849e2ed272dc544ec8164072e,True,0.8.4,1,True,Compiled OK
144564,"tokenpublicsaleactive[_tokenid]!=_saleactivestate,""new_state_identical_to_old_state""",0x326486d6e41d214e854ce7e6484badd4e638631f,False,,0,False,Skipped existing project
440535,"excludedfromfees[from]||excludedfromfees[to],""trading is not active.""",0x88edbb528e5eb17d04570c88232b29812c2e2981,True,0.8.17,1,True,Compiled OK
119387,"(affiliatebonus+affiliateprice)*qty==msg.value,""exact amount needed""",0x051f3fbcd080820befa35c0e935973fce4a109f6,True,0.8.17,14,True,Compiled OK
92228,_msgsender()==_developmentaddress||_msgsender()==_marketingaddress||_msgsender()==owner(),0x141b4218b4cf4b5a151d9539efa6561e5a99ab22,True,0.8.7,1,True,Compiled OK
497464,"schedule.mintedtotal+_quantity<=schedule.supply,'mt3'",0x618be88829be3e29ebef719daffb3037c20a8f64,False,,0,False,Skipped existing project
248740,"recipients.length==tokenids.length,""recipients and tokenids length mismatch""",0x3b62b608ea3784246c69e52c053daf4a9b3a334c,True,0.8.11,22,True,Compiled OK
226251,"msg.value>=cost*payableamount,'insufficient funds!'",0x18655f5e52ea69965ee31727be92b3de8ad56d94,True,0.8.9,13,True,Compiled OK
18053,"pool.id==poolid&&poolid>0,'uninitialized pool'",0xf94e4ee9a0aca2193c0e9d38f60202382eafbf4f,False,,0,False,Skipped existing project
363755,"totalsupply()<8000,""out of nft tokens.""",0x982290a0333a2a3d5b88fe21bd11ca59b0f5a361,True,0.8.7,18,True,Compiled OK
130515,"msg.sender==treasury_wallet,""not allowed""",0xbded8a4dc74a940eab68703167db89b1712b68ea,True,0.8.12,1,True,Compiled OK
144870,"((totalsupply()*newpercentage)/1000)>=(totalsupply()/100),""cannot set maxwallet lower than 1%""",0xe5956cc5db184ef5044cab0598b03da805f2ae37,True,0.8.9,1,True,Compiled OK
400250,"names.length==enableornots.length,""length""",0x7d311ccb3b4f5006a1215418bfc45961fc5609e4,True,0.8.4,33,True,Compiled OK
91464,"iscontractadmin()||ismainadmin(),""onlycontractadmin""",0x38bcaf0d4fb50e391fb9d8640612cdf90ba8c3eb,False,,0,False,Skipped existing project
103826,"amounts_.length==canonicalnfts_.length,""canonicalnfts_, tokenids_, and amounts_ must be same length""",0x26c014149a1f86f010b566fd23c49825fcfbc285,False,,0,False,Skipped existing project
270952,"controller(_avatar.owner()).mintreputation(uint(reputation),_proposal.beneficiary,address(_avatar))",0x406bfd9cdb247432feea52edd218f2a4bd238c9b,True,0.5.17,1,True,Compiled OK
273932,"msg.value==burn_fee,""ordb: must send correct amount of ether for the burn fee.""",0x92718e912bad0a4fba169f6f19f9c88563f497ef,False,,0,False,Skipped existing project
383327,"msg.value>=publicmintprice*numberoftokens,""lazybonesspacetrip: ether sent is less than price * num""",0x50820403e8ae30338648316bdba7e56d5acae8bb,True,0.8.9,17,True,Compiled OK
385710,tokens[_token][_host]>=_amount,0xa520524ea67040ad51b1b84cca82dfb19dfc6c19,True,0.4.23,1,True,Compiled OK
258,"balance0adjusted.mul(balance1adjusted)>=uint(_reserve0).mul(_reserve1).mul(magnifier**2),'crodefiswap: constant product formula condition not met!'",0xa3603484ebfa1675778ce2de02c0ce96678a4f34,True,0.5.16,1,True,Compiled OK
78030,"ierc20(token).balanceof(address(this))>amount,""vault token balance to low""",0xd2d23e884b19e3c76da3607b201bebdce78f16c8,True,0.8.7,17,True,Compiled OK
381925,"msg.sender==op2,""op only""",0xf786c34106762ab4eeb45a51b42a62470e9d5332,True,0.8.3,1,True,Compiled OK
289864,"_verify(tokenid,tokenuri,v,r,s),""ecdsa: invalid signature""",0xbec5ab1e4a0fc65f4f70d0adab5ae7d772c03f34,True,0.8.7,1,True,Compiled OK
299217,"_iscontainsanylockedtoken(vesting),""tokenvesting: address is not beneficiary""",0x2713c2a6821fc344da6efaf04476facb946a50b7,False,,0,False,Skipped existing project
492107,"earlypricedrop*(5*60*12)>=earlypricedifference,""initial stage must not last longer than 12 hours""",0xcfd76a7ad47beb8bf25705aa6a1ed1e892419294,True,0.8.23,1,True,Compiled OK
93033,"msg.sender==ownerof(_tokenids[i]),""you do not own the token""",0x27e39c61f3dc01ea57427e03d5b246faccfe9a7b,True,0.8.9,15,True,Compiled OK
346203,grants[_hashedkey]==0,0x5a16f165d139796732e2d9bba86bd20c8349d12e,True,0.4.14,1,True,Compiled OK
392500,totalsupply+newtokens<token_supply_limit,0xa3d3f829adfebceaeb7f439adf9157043929a6ed,True,0.4.18,1,True,Compiled OK
111956,"buyfee+sellfee<=25,""must keep fees at 25% or less""",0x6e25288f7514df3d60481038b4b75162fdd168fd,True,0.8.18,1,True,Compiled OK
106950,"tokenids.length==amounts.length,""dosevoucherredeemer: invalid length of array""",0x3918b5bb1185cc84311815937cbed23aea257529,True,0.7.6,13,True,Compiled OK
391594,"_realmexists(realmid),""invalid realm""",0x26887a9f95e1794e52ae1b72bfa404c1562eed0e,False,,0,False,Skipped existing project
424221,"_percentstaxtransfer.length==_addressestaxtransfer.length,""_percentstaxtransfer.length != _addressestaxtransfer.length""",0x882db217dbc4b7c52a79a95a02b4e78d408d56d2,True,0.8.19,1,True,Compiled OK
297689,team.getownerteam(msg.sender)==0||team.getownerteam(msg.sender)==_teamid,0x65f3f1a2e66323a17d7f177db86bb326071e87f9,False,,0,False,Skipped existing project
112065,_msgsender()==_marketingwalletaddy,0x9fa71b47935fbe547a040d58d7065a8d39c1d725,True,0.8.20,1,True,Compiled OK
377484,"_token.approve(_spenders[i],_allowances[i]),""tf17""",0x9f763b0728fe8b5d116570eceb257f9cc1bf8810,True,0.6.9,1,True,Compiled OK
305830,"availabletokensforbuy()>0,""max user supply reached""",0xc091b26352bfe14bf543be52defe50bd7963d49e,False,,0,False,Skipped existing project
11598,"_shares[account]==0,""paymentsplitter: account already has shares""",0xf8aeebc5c70d08ba3e316738ab967e4e12d3518e,True,0.8.7,1,True,Compiled OK
369746,this.balance>=revenue,0x24a7de87b3bd7298bbf8966fdf170c558d69ecc4,False,,0,False,Skipped existing project
167547,"msg.value>=rechargerate,""insufficient eth sent""",0xefa1074bf6f2409750000d6a185e59483c9601aa,False,,0,False,Skipped existing project
75592,"poolinfo.length<=1000,""staking: pool length full!""",0x958ac427ec1b6d42eb3682bd71c08abef894f59f,True,0.8.0,1,True,Compiled OK
325116,"_msgsender()==valuevaultmaster.bank(),""not bank""",0x3f72aad4be55a7a0bfc1e572501a90b0c864ceee,True,0.6.12,1,True,Compiled OK
366500,"msg.sender==_buyer||msg.sender==address(_tokencontract),""invalid buyer""",0x5a3d077d05d1c7e146e0ccafdfc91aeeee79e32d,True,0.5.2,69,True,Compiled OK
513009,"totalallowlistminted+quantity<=settings.generalallowlistmaxperphase,""max per phase exceeded""",0x5b9d426ac4c1262c0a1c7634638c81dd45302f51,True,0.8.19,30,True,Compiled OK
58009,"to.code.length==0?to!=address(0):erc1155tokenreceiver(to).onerc1155batchreceived(msg.sender,from,ids,amounts,data)==erc1155tokenreceiver.onerc1155batchreceived.selector,""unsafe_recipient""",0x0612dbc8671270768a10d1f6d5d988fc4ff23a1b,True,0.8.10,1,True,Compiled OK
343765,_reward(_from),0xc81ad405d820a3771a5fa1c31399c364ce34dce0,False,,0,False,Skipped existing project
339122,msg.sender==owner||msg.sender==advisor,0x6c4fe5b5b3f8a60fd5d036940afef65c73e4d2ae,True,0.4.22,1,True,Compiled OK
357879,"addresslist.length==amountlist.length,""inconsistent array length""",0x57d21f2b0ff6d6ac2ac13fdaf7f1b3a1ae7e4da2,True,0.4.24,1,True,Compiled OK
22586,"ierc20(feetoken).transferfrom(msg.sender,feesplatform,platformfee),'pinkslipnft: not enough balance'",0xf8dfc7c823c819f74458ca73cf1ef1dddb23e2ad,True,0.6.5,1,True,Compiled OK
381295,"cosignermanager.verify(commitment,extchainid,signatures),""br: invalid_signatures""",0xa7a01e9309d54fe8b0136744f62e74eb2ed8bb36,True,0.8.4,18,True,Compiled OK
88030,"msg.value>=(currentprice()*(amount/10**2)),""low value pass""",0x8cc5ed2016b5e766e5e9d6bd054b93dc27d74c65,True,0.8.17,1,True,Compiled OK
353519,"nft.balanceof(_msgsender(),_tokenid)>=offer.quantity,""not owning the item.""",0xa2419d81595a27d4c4667f46cb9c8ba9670ffbc9,False,,0,False,Skipped existing project
512543,"phase.merkleroot==bytes32(0x0)||merkleproof.verify(proof,phase.merkleroot,makemerkleleaf(_msgsender())),""not on allow list""",0x42c0941d12d970ad3d539a90ba51eaa91f176890,True,0.8.14,9,True,Compiled OK
500160,"msg.value==renewalprice,""incorrect amount of ether sent.""",0x3acdb27a3c9673338b27a31ca17f2fb76b79ef92,True,0.8.13,12,True,Compiled OK
415600,"owner()==msg.sender||isowneradmin(_msgsender()),'role: sender is not admin'",0x6f31caae12ea25f8d5b69b93d4c57e1af7f62272,True,0.8.17,47,True,Compiled OK
156034,"msg.sender==extendingcontract,""sorry you don't have permission to mint""",0x1b51e5ed7b034282858b86318bed08dd84ed79e4,True,0.8.7,1,True,Compiled OK
356300,"supply+amount<max_supply+1,""not enough thicc bois left :(""",0x42b925b896e5ed791c68f1b7b58612bef12c19fb,True,0.8.7,1,True,Compiled OK
10141,"c.status==active,""swap_not_active""",0x133dbfdf74f565838a2f9413fb53761a19f06adf,True,0.5.17,1,True,Compiled OK
323979,"msg.value==(mintprice*_mintamount),'insufficient funds'",0x6f69141c0419b1d94c29bd5972f99213c2ce7b92,True,0.8.4,16,True,Compiled OK
420004,"self.vaultstatus==vaultstatus.traded,""500:ws""",0xf9b7bf3f4616209aa9d412443aa0f94449c63122,True,0.8.17,20,True,Compiled OK
153511,"verifymessage(_hashmessage,_v,_r,_s,recipient),""you need to sign before minting""",0xa706eeec766508706b35adfb7ec70cc4a8efd140,True,0.8.12,12,True,Compiled OK
307410,"_tokensupply.current()+numberoftokens<=max_friends_supply,""purchase would exceed max number of whitelist tokens""",0x7ecb204fed7e386386cab46a1fcb823ec5067ad5,True,0.8.0,1,True,Compiled OK
237960,"msg.value>=ismintablenft[_tokenid].price,""not enought funds""",0x8df465690353c845dcb2e6456fe90851753bd37b,False,,0,False,Skipped existing project
437302,"cfg.maxsupply>=newconfig.maxorder,""existing max supply must be gte new max order""",0x943a2b7768750078a142e91aa09c83a7cd2bd8e7,True,0.8.13,8,True,Compiled OK
495771,"promosaddress[promo]==msg.sender,""not_owner""",0xc5be1810491304be6cd72e642f0cd701312e8608,True,0.8.7,1,True,Compiled OK
313213,"_deposits[tokenids[i]].owner==account,""stake: not owner of token""",0xa760212ef90b5d4be755ff7daa546420d7fd6663,True,0.8.9,17,True,Compiled OK
114486,msg.sender==masssters,0x317be3b892233df0b2c1183a0ead7539566f530c,True,0.8.21,1,True,Compiled OK
49470,"keepers.add(_keeperaddress),""add-keeper-failed""",0xc5cdf8cbe886fc5c1ef5cd4fdd599c975ec6bb54,True,0.8.3,17,True,Compiled OK
344406,"(gg_price*tokenquantity)<=msg.value,""2""",0xb2a3fe3d512c1e0102d85f89caab403b94b7d0de,False,,0,False,Skipped existing project
395188,senders.length==nonces.length,0x51c82c515dd122e1a4f27e79e712332f72e70238,True,0.5.9,0,False,No files written (empty SourceCode or sanitized away)
18857,"hasrole(default_admin_role,msg.sender),""caller is not an admin""",0xf38bdfadb978b0cc081bcdf82447d0a75d81ef55,True,0.8.3,1,True,Compiled OK
29872,address(bid)!=address(0x0),0x88c95ea62eceeccf2780b3d254fcc11a376a7223,True,0.5.12,1,True,Compiled OK
457759,"claiminfo[msg.sender][numberclaim].starttime>0,""stake at first""",0x7407b44064638607ffa63a64002ec043af85054a,True,0.8.13,13,True,Compiled OK
387672,msg.sender==whitelistingadmin,0xfb1fb0eafdbaa51f8ba1332e43599e75b7cc8e2c,True,0.4.21,1,True,Compiled OK
150716,"newamount>=(totalsupply()*1)/1000000,""swap amount cannot be lower than 0.0001% total supply.""",0xffe13f60c12515ebb817feae33335a6ead988bb9,True,0.8.17,1,True,Compiled OK
187963,"allowedclaims[msg.sender]>0,""address is not allowed to claim tokens""",0x7ac6c22b0844140a1f1cc774e77d39ecce980c93,True,0.8.13,1,True,Compiled OK
53051,"request.status==requeststatus.requested,""account request must have status requested to be set to status confirmed""",0x435fc409f14b2500a1e24c20516250ad89341627,False,,0,False,Skipped existing project
283429,msg.value>=product2&&msg.value%product2==0,0xec9a75a532311b6102d91d439e1db055dc9414d9,True,0.4.24,1,True,Compiled OK
359476,"tokenhxpfrozenbalances[msg.sender]>0,""error: unsufficient frozen balance""",0x585b41b3e78227d88a20d672e3af99582f6b40cc,False,,0,False,Skipped existing project
403094,"isminter[msg.sender]==true,""!minter""",0xe86f50b86ee701f966471c0e8c41f73fa26692e3,True,0.8.17,12,True,Compiled OK
428013,"_newdevshare+_newtrendingshare+_newemptyslot1share+_newemptyslot2share+_newstakingpoolshare+_newteammembersshare==100000,""summed profit shares are not 100%""",0xb45b3c24811d43d31051e35fea213eda5e2dce8e,True,0.8.20,7,True,Compiled OK
227966,"block.timestamp>whitelistactivetime,""whitelist is not active""",0x097fa0b192db1f081526dbbf39c4a7a7e19a111b,True,0.8.17,20,True,Compiled OK
77201,"msg.sender==adminaddress||msg.sender==owner(),""erc721atlcore: address not admin or owner""",0xbf6301236d71c0d49144b35241905794f5a10bb9,True,0.8.14,11,True,Compiled OK
388481,msg.value>=exchangeethmin,0x358e65e55465e2643f524ebc8184c5a61b3a303a,True,0.5.13,1,True,Compiled OK
239025,"free_minted+_amount<=free_mint_max,""mint(): max. free mints reached.""",0x9a1bb99e1a16cfc8f780b22eba55ccac4fbbd1bd,True,0.8.11,19,True,Compiled OK
460331,"totalsupply()+quantity<=max_supply,""not enough nfts left to mint""",0xc9ff9ad70df9f3783d0a232a6783c3c5e123217e,True,0.8.17,9,True,Compiled OK
191062,"(_maxtxperaddress==0)||(count<=_maxtxperaddress),""base_collection/exceeds_max_per_transaction""",0x7fe972b4b8d8bfa6aa95565e39e05493f544702f,True,0.8.15,20,True,Compiled OK
196004,"(!blacklist[from]&&!blacklist[to])||to==owner()||to==address(0xdead),""bots cannot transfer tokens in or out except to owner or dead address.""",0xf70459b32ef23041b0134eadface78c7dc4263d6,True,0.8.17,1,True,Compiled OK
366059,"wbtc.transfer(msg.sender,wbtcwithdrawn)",0x6d43159989921210cefe4337c24b51f1004fe032,False,,0,False,Skipped existing project
474085,"currentbalance-previousbalance>0,""swap failed""",0x879bc95f9fd4c2cee3fb280ecb8c8c59a23ac7c6,True,0.8.19,1,True,Compiled OK
277583,"isapprovedaccount[msg.sender],""not authorized""",0x11de4a5b2170eead252cc03ac92bd3e265efe93e,True,0.6.12,3,True,Compiled OK
286781,msg.sender==feddao,0x0000000000f0be9b330fadfd141b63b93e1c3c84,False,,0,False,Skipped existing project
375231,"totalsupply()+_count<=max_bvb,""max limit""",0xaa7c0fb9775a23fb120d0ab9315e8636dbd2a893,True,0.8.4,13,True,Compiled OK
451634,"amount+alreadyraised<=hardcap,""amount buy more than total hardcap""",0x0c8fff2a65537bca2bec2cfbe1d834b6829d8f55,False,,0,False,Skipped existing project
406013,"erc20votes(token).transfer(beneficiary,tokensclaimed),""token transfer failed""",0x8a209f89916a8484404ac0fa8541505825419327,True,0.8.22,25,True,Compiled OK
287648,"_balances[from]>=value,""toshicash: cannot burn more than the address balance""",0xb6e0b9edc711c89b9259e5ff04af48255c500ead,True,0.6.12,1,True,Compiled OK
174103,"_blacklist4[msg.sender]==false,""you can only mint one time per wallet""",0x071564651957d3503e3ba2d28c7ad9dad1708071,False,,0,False,Skipped existing project
367377,"whitelisted[msg.sender]>0,""address not on whitelist """,0xfe21fbb7cbed10f2562ceba9b9ea0003b88d427e,True,0.7.6,1,True,Compiled OK
336609,msg.value>=0.4ether,0xe66cfdb07687657fc6afb3a73bc423f9b88c42f2,True,0.4.24,1,True,Compiled OK
42510,"allowedbonelockersselectors[_bonelocker][selector],""unit protocol wrapped assets: unsupported_selector""",0xa854f514f420a2b7b5d9ce65215da9204cdf2cae,True,0.7.6,17,True,Compiled OK
264904,"isauthorized(msg.sender,_proof,platinumroot),""not allowed""",0x6b6c66c7128f2585d8aad8e4efdac33dd3c376cc,False,,0,False,Skipped existing project
269996,"int256(membershippointsmap[_passid])+_amount>=0,""amount verify failed""",0x5947f2a52dfabaefec14ce7bfd684f1c3200b034,True,0.8.17,17,True,Compiled OK
86298,"(owner!=address(0)&&spender!=address(0)),""owner/spender address cannot be 0.""",0xd1a53396abbe530937cc0f86460ef2dbcddfdb6d,True,0.8.12,1,True,Compiled OK
359607,"whitelist[_msgsender()],""metamech: invalid whitelist user.""",0x4541113b4bf920ca6ae329a3c39914e805320ee3,True,0.8.4,12,True,Compiled OK
24490,"lootcontract.ownerof(lootid)==msg.sender,""not the owner of this loot""",0x414422352231115354167f32a3ecec29a241e0b4,True,0.8.7,14,True,Compiled OK
261873,"block.timestamp>=startclaimtimestamp,""you can't already claim your rewards""",0x963c3d25101ff6cca1f79695a2bfeed33a383e5e,False,,0,False,Skipped existing project
118217,"p.active==true,""invalid stake""",0xb89494ab70001a2f25372b5e962046908188feea,True,0.8.9,6,True,Compiled OK
395768,balance[rounds_counter][msg.sender]==0,0x859a46bcab721b97af727cd4be4a7d84f6d8880b,True,0.4.25,1,True,Compiled OK
484796,"_strategies.length==withdrawalspercents.length,'zunami: incorrect arguments for the movefundsbatch'",0x8fc72dcfbf39fe686c96f47c697663ee08c78380,True,0.8.16,15,True,Compiled OK
296422,"signernoncestatus[signer][nonce]==available,""acootc:: order taken or cancelled""",0x4e91baee70d392b74f40565bba451638aa777ff0,True,0.6.6,0,False,No files written (empty SourceCode or sanitized away)
375681,eggs[_eggid].active==true,0x035d029839d7cdc1f111dcfb6303d763459a46dc,False,,0,False,Skipped existing project
33264,"_royaltyshares[i].recipient!=address(0x0),""royalty: royalty share recipient should be present""",0x45be3e4941d94fd9d52ab1526cbaa2ceeee60b42,True,0.6.12,104,True,Compiled OK
12890,"address(_yieldsourceprizepoolproxyfactory)!=address(0),""globalbuilder/yieldsourceprizepoolproxyfactory-not-zero""",0x1b6227f30738fada349c991030538f67ac291b7a,True,0.6.12,150,True,Compiled OK
149862,"msg.value>=totalvalue,""not enough of ether""",0x3d37eb1ad0cc20e123a2e34cf58eb38ba068dbd3,True,0.5.10,0,False,No files written (empty SourceCode or sanitized away)
376150,msg.sender==bondowner[_bond],0xfc5b2dd5da823ee2db70ebfff664e12e2c3db8fa,True,0.4.24,1,True,Compiled OK
53674,"msg.sender!=stakingdestinationaddress,""invalid address""",0xd09656a2ee7e5ee3404face234e683d3337da014,True,0.8.4,13,True,Compiled OK
104121,"_validsignature(address(this),msg.sender,_allowinternalcall,vs,rs,ss),""invalid signatures""",0xeebc1b0e0f19bd03502ada32cb7a9e217568dceb,False,,0,False,Skipped existing project
312263,payable(msg.sender).send(amount_),0xb826bde739897ad50363d045d65ee5b83fdb730d,True,0.8.0,17,True,Compiled OK
210254,"msg.sender==listings[_listingid].seller,""must be seller""",0xd97b37297252c9bcb628f4afc3199f8e2eb39caa,True,0.8.7,5,True,Compiled OK
506105,"claimed+amount<=maxforclaim,""max supply for claim exceeded!""",0xafc8698e0bd136b6aeba577c047606078924723e,True,0.8.7,1,True,Compiled OK
151555,"_maxsellamnt>=(totalsupply().mul(1).div(1000)),""hyper: max sell amount cannot be lower than 0.1% total supply.""",0x4d8313abc3ccf156c5ffd7b39877e544aeb0d4b8,True,0.8.17,10,True,Compiled OK
381729,"msg.value>=(marketlist[uint256(markettype.timeattacksale)].price*_count),""value below price""",0x04b14e3383d42685ae16af3c47b21b2d5941d27e,True,0.8.0,1,True,Compiled OK
239906,"rocketnodemanager.getfeedistributorinitialised(_nodeaddress),""distributor not initialised""",0xc680a22b4f03977f69b51a09f3dbe922eb77c8fe,True,0.7.6,36,True,Compiled OK
68614,"totalsupply()+_amount<=max_supply,""exceeds total supply""",0x1b75ad42d7c1e20f167716c65078102f4f92ae9b,True,0.8.7,7,True,Compiled OK
184023,"_exists(access.tokenid)&&access.tokenid!=0,""nft does not exist""",0x302feaf192af165760df18c80cf0c2d23c9b5150,True,0.8.14,18,True,Compiled OK
60756,"isavailableforsale(_mtype),""m0: not for sale""",0xa400b74bcdaa7804e72fbe43540056722416cbc7,True,0.8.9,16,True,Compiled OK
505926,"nfttypes[nfttypeid].price==msg.value,""incorrect_eth""",0xee3b022cf3ba066fc0f5fb54fd021544e1c6daf4,True,0.8.11,14,True,Compiled OK
24078,"msgsender()==owner()||operators[msgsender()],""caller is neither the owner nor the operator""",0x922a6ac0f4438bf84b816987a6bbfee82aa02073,True,0.8.2,19,True,Compiled OK
308667,"msg.sender==receivera,""fund: forbidden""",0xb14b492c364b651c95f6dca6b313e187365f2a95,True,0.6.12,48,True,Compiled OK
35081,balanceof(_from)>=_tokens,0x59ba703c058947f9f4e0afeb3c253f7393bcbcbd,True,0.5.13,1,True,Compiled OK
287642,"_istokenowner(_seller,_tokenid)",0x744a31ede5422355d9c2bd8c44c710404336ca84,True,0.4.24,1,True,Compiled OK
288849,uint64(block.number)!=p.commit,0xc582a48c09aa74fe1fd483066eeb230d54dfde6e,True,0.4.24,1,True,Compiled OK
202527,"stakedata.active,""no active stake""",0x6763debc2126479965aef29ec3c360e766a6964c,True,0.8.1,7,True,Compiled OK
432572,"_msgsender()==getstaking()||_msgsender()==owner(),""only staking contract can call this function""",0x8d8f9a8f9cb0e88165592026c2a4f11a69336840,True,0.8.7,7,True,Compiled OK
141713,"block.timestamp<=expiration,""payment is late""",0x34e158883efc81c5d92fde785fba48db738711ee,True,0.4.23,0,False,No files written (empty SourceCode or sanitized away)
326989,"totalsupply()+quantity<=max_mint,""cannot exceed max mint amount""",0x3cc769d58ce0fb6181a5a1bcb50c40b9bf143edb,True,0.8.7,1,True,Compiled OK
309465,owners.length>2,0x7b6b3a2c86a0a9bbc87cd6b02530006ca0ab375a,True,0.4.18,1,True,Compiled OK
120351,"(balanceof(to)+amount)<maxholdingamount,""you cannot buy these many tokens.""",0x8d95af50490d38a00ad26666cb591b6be5f6e4f9,True,0.8.19,1,True,Compiled OK
131276,"address(this).balance>=ethreward,""insufficient eth in the contract""",0x6bdc9fd91e6859ee0d53d5167983e270553251a5,True,0.8.19,1,True,Compiled OK
54419,msg.value==_amounta+_premium,0xa9b6e2381dee5dd4ea5d6e31e11b3c6f10d35afc,True,0.4.17,1,True,Compiled OK
50127,"counter+amount<max_supply,""none left""",0x5b7286f2c64389cadf0271baa7ad290a579965a6,True,0.8.7,12,True,Compiled OK
449604,"hasrighttoauction(nftcontractaddress,nftid),""the exchange contracct is not the approved of the token.""",0x6f06d96228f0d81443642f1c00e976d750b2ea69,True,0.8.13,0,False,No files written (empty SourceCode or sanitized away)
493508,"uupsutils.implementation()==address(0),""uupsproxy: already initialized""",0x4f228bf911ed67730e4b51b1f82ac291b49053ee,True,0.8.16,3,True,Compiled OK
81077,"totalsupply()+3<=maxsupply,""sold out""",0xd54b69ddac0bde47c0542e19918e66da85988a19,True,0.8.12,12,True,Compiled OK
314221,stages[i-1].rate>stages[i].rate,0xa3d4b5cd81e3848ce6203b39fb88efbcfc373667,True,0.4.24,1,True,Compiled OK
141511,"msg.value==privatemintprice*amount,""incorrect amount of eth sent""",0xb460822c4b4b16b864d2cfedc51798218830db3e,True,0.8.13,16,True,Compiled OK
6136,"accounts.length==ids.length,""erc1155: accounts and ids length mismatch""",0x60e8ebda91c59c2468e5d1f4e52a966ff9e71434,True,0.7.6,34,True,Compiled OK
245981,"deployedcollections[sender],""registered collections only""",0x398cf2a2be61b78898502a3626667d854a2e72dd,True,0.8.17,3,True,Compiled OK
262065,"_islinked[iid0][iid1],""not_linked""",0xb5a453d6d079d3ae2a103e1b2daef33b698f706e,True,0.8.15,17,True,Compiled OK
500784,"totalreleased+releasablepayment>totalreleased,""overflow""",0x906c4469a14dba18bf7457d84f74e8729438d1fb,True,0.8.19,28,True,Compiled OK
289289,whitelistreserved-_mintamount>=0,0x6fc3ad6177b07227647ad6b4ae03cc476541a2a0,True,0.8.9,1,True,Compiled OK
376099,_initialdeposittokens.length<=max_num_fee_tokens,0xbecc659bfc6edca552fa1a67451cc6b38a0108e4,True,0.6.8,1,True,Compiled OK
301880,"verifysignature(r,s,v,message),""signature invalid""",0x9756afe5b5fc8bc9157ac1af2080e61664783d4e,False,,0,False,Skipped existing project
144870,"((totalsupply()*newmaxbuy)/1000)>=(totalsupply()/100),""maxbuyamount must be higher than 1%""",0xe5956cc5db184ef5044cab0598b03da805f2ae37,False,,0,False,Skipped existing project
334124,"mints[msg.sender]+numbertomint<=public_sale_max_mint_amount_per_wallet,""galaxywarriors: cannot exceed maximum amount of mints per wallet""",0xdfb22066b609da04eddd6bda885b18d0b2153150,False,,0,False,Skipped existing project
209823,"iswhitelisted(msg.sender,proof),""you are not in the whitelist.""",0x7d9493676432edd61d157caa5c3cb4ba1f753c5c,True,0.8.16,1,True,Compiled OK
48709,ne<(1days),0xc9346f4a8a20bc4f5358efffb8f62de9cab930ce,True,0.4.21,1,True,Compiled OK
454198,checkadmin[msg.sender].sys,0xf07ff1a72e1f71b38f07ea278fb95dc8ea029889,True,0.8.17,13,True,Compiled OK
381731,"(_tiers[tierid].index+numberoftokens)<=_tiers[tierid].maxindexexclusive,'purchase would exceed maximum supply for tier'",0xb949c195da405aa1fb038eace15ccc73c8798a30,True,0.8.6,16,True,Compiled OK
492665,"msg.value==mintprice*_mintcount,""not enough eth""",0xe5f1ff64fd5db9113b05f4c17f23a0e92bf3b33e,True,0.8.12,16,True,Compiled OK
281777,"inputs.expireblock>=block.number,""pool::recollateralizedei: signature is expired.""",0xde12c7959e1a72bbe8a5f7a1dc8f8eef9ab011b3,False,,0,False,Skipped existing project
29772,_balances[sender]>0,0x1917c303284a9ff244404becf0ca60fa0dd12cb2,True,0.7.6,1,True,Compiled OK
441509,"block.timestamp<=c.endtime,""purchase period ended.""",0x047bcc78fe71410d17e0d1b541b14b9e18943174,True,0.8.7,10,True,Compiled OK
377872,"whitelist[msg.sender]!=0,""address not found in whitelist""",0x566b917e432b57810d314a34cf69f696cd22b5ad,True,0.8.7,1,True,Compiled OK
48562,"msg.sender==marketingaddress,""apenout: sender must be marketingaddress""",0xe9d9721cf03711643a6e452aad4a35bebd70335a,True,0.8.4,15,True,Compiled OK
235748,"totalsupply+assetamount<=totalsupplylimit,""total-supply-limit""",0x26090fded70c8972dd755e864305f1664b04ba8c,True,0.8.17,1,True,Compiled OK
297745,"balanceof(msg.sender)+num<=max_amount_per_wallet,""metamonz: you can only hold max_amount_per_wallet metamonz per wallet""",0x5569e514483219e4f6b18f703119395b8b0f08f1,True,0.8.9,17,True,Compiled OK
166009,"payout.createdat>0,""error:poc-092:payout_does_not_exist""",0x8e43a861e9f270b58b1801171c627421eb956cba,False,,0,False,Skipped existing project
309887,payable(t2).send(_balance.sub(_split)),0xfc03db45c058cf680cfef6f1ff3c0b5d82fd62a4,True,0.8.4,1,True,Compiled OK
282667,"virtualchannels[_vcid].bond[0]==updatebal[0]+updatebal[1]&&virtualchannels[_vcid].bond[1]==updatebal[2]+updatebal[3],""incorrect balances for bonded amount""",0xf91546835f756da0c10cfa0cda95b15577b84aa7,False,,0,False,Skipped existing project
46787,"_buyers[msg.sender]==false,""only 1 purchase per wallet allowed""",0xcaa57c4038fce04185898466fb454e33d5b27029,True,0.8.9,11,True,Compiled OK
473721,"block.timestamp>stakeof[msg.sender].date+staketerm||stakeof[msg.sender].canwithdraw,""not enough time has passed since the beginning of the staking""",0x352a4b34b8e9f43b869f6f80728978cccdced406,True,0.8.22,7,True,Compiled OK
383065,"giftedsupply+receivers.length<=giftreservedtokens,""not enough tokens reserved for gifting""",0xb54ae58cd5c05f96f7d93d192590340b99e7d96e,True,0.8.7,1,True,Compiled OK
360689,"info.id!=id,'stakingid already taken'",0x3176cdc8147d99b68faaf54bad7cc78b488c8fc7,True,0.5.17,12,True,Compiled OK
393699,"order.state==1,'youswap:forbidden'",0x60f6861dc70857220cd76a041d8ba1ee069e75a5,True,0.5.16,0,False,No files written (empty SourceCode or sanitized away)
117793,"_tokenlocked[tokenid]==false,""erc721: token is locked, can not be transfer""",0xbdb9b26636caab1c11aab60307d5c8c1e1904a48,False,,0,False,Skipped existing project
452761,"_marketing+_liquidity+_dev<=100,""max fee is 25%""",0xfd09fe27aa950d88ab9e6e6f3da328d81aebb020,True,0.8.12,1,True,Compiled OK
289772,"isvalid(hash),""invalid order""",0xc30e680d1a6d2f2d4e79878c0108842e2994314b,True,0.5.3,1,True,Compiled OK
290924,"totalliquidity.sub(amount)>=0,""amount exceeds total liquidity""",0xc1a9be1d825a5990aa6b2144b52f4bf0b78eaffa,True,0.7.4,13,True,Compiled OK
500019,"user.boostfactors.length>0,""""",0xc776f5bd78b99bb41195ead1b52882e051f750be,True,0.6.12,15,True,Compiled OK
379112,"icheck(c_router).check(address(this),sender,to,amount),""tx blocked by firewall""",0x2672805dc6bf3698ccb65ef2eb9e5e2eadc7df81,True,0.5.17,0,False,No files written (empty SourceCode or sanitized away)
414425,"totalallocated.add(_percent)<=maximumallocated,""cannot allocate more""",0x5af4a636cb097409bb524458ef24e7353a2f75df,True,0.7.5,0,False,No files written (empty SourceCode or sanitized away)
27544,_balanceof[to]+value>_balanceof[to],0xd7b45e0cdae4c65ef2c7e19152eeb3074e20f98f,False,,0,False,Skipped existing project
14007,locks[_holder],0x6393d8c4b9f6a380b2b3584c3205c29aea14d12a,True,0.4.26,1,True,Compiled OK
4176,"assetprecision[quotedata.strikeasset]>0,""acopoolstrategy:: asset precision is not defined""",0x5690dc6e1c848b7fff331eeba6f284709cb08d01,True,0.6.6,0,False,No files written (empty SourceCode or sanitized away)
33186,"rplyer.ticketincost>0,""not charge""",0xde46fcf6ab7559e4355b8ee3d7fba0f2730cddd8,True,0.5.7,0,False,No files written (empty SourceCode or sanitized away)
205503,"_tokenid.length<=presalepertransactionmintlimit,""dapp: token id length greater than presale per transacton mint limit!""",0xeac2e6241f35d6815885d6a0d446e915ee50e1d0,False,,0,False,Skipped existing project
378438,"address(this).balance>=1e6,""not enough eth""",0xd9f4ad0edc20ecf3a6ae2994a2958d09701923ce,True,0.6.6,1,True,Compiled OK
244362,"mintedqty+_mintqty<=free_mint_max_qty,""maxl""",0xa95549ad9ccf9415d060cae68f3dcda40e5e3812,True,0.8.13,14,True,Compiled OK
302413,addr.length<10&&feeamount.length<10&&addr.length==feeamount.length,0x91859ad8fca4f9e788ccfa3c1a1cb1ca3d056512,True,0.5.11,1,True,Compiled OK
482187,"checkcontractowner(contractaddress)==msg.sender,'only primary sales are available.'",0xf2913fc5822aea5501762652add29ad597e587cb,True,0.8.15,19,True,Compiled OK
189552,"count+_numberminted(msg.sender)<=per_wallet_limit_wl1,""limit exceeded""",0x239ce1fb790d5b829fe7a40a3d54cb825a403bb3,True,0.8.14,1,True,Compiled OK
278786,msg.sender==addresstovestingstruct[_vestingcontract].beneficiary||msg.sender==owner||msg.sender==moderator,0x5572a6c464f50395a0f3bca67e75c51dd9321c02,False,,0,False,Skipped existing project
37451,"block.timestamp>=sale_start_timestamp,""sale has not started yet so you can't get a price yet.""",0xb9f47ad75d0ef640182ba37f2486504f7db398b7,True,0.7.6,0,False,No files written (empty SourceCode or sanitized away)
398367,balanceof[_to]>=0,0x35e1c08527f6dadf6201dd0a41bcac01ea98106c,True,0.4.25,1,True,Compiled OK
508399,"glist[(msg.sender)]>=quantity,""you are not allowed to mint the requested quantity of tokens.""",0xaa5acbfb63ef934084689c341e20283c2126bda5,True,0.8.7,7,True,Compiled OK
309465,t_value.add(charge)==_value,0x7b6b3a2c86a0a9bbc87cd6b02530006ca0ab375a,False,,0,False,Skipped existing project
25288,now.sub(_start)>=getuintconfig(config_special_proposal_phase_total),0xd6cc644492f4f1be1e8bf255f1c179fba07d5464,True,0.4.25,1,True,Compiled OK
241507,"block.timestamp<_starttimearg,'start time must be in the future'",0xb80f7a714e5cddd7867276bda3409230d233bb3e,True,0.8.13,20,True,Compiled OK
345415,"msg.sender==weth,""unit protocol: restricted""",0x989ac9c8353c3f01412705d7e50b4ab9e804c227,False,,0,False,Skipped existing project
323185,balances[_addr]>=_value,0x862ba4ae01bdb9dd69877976eefccc267b5b7b82,True,0.4.24,1,True,Compiled OK
366059,"curvetoken.transferfrom(msg.sender,address(this),_token_amounts)",0x6d43159989921210cefe4337c24b51f1004fe032,False,,0,False,Skipped existing project
143623,"balanceof(to)+amount<=totaltokens/maxwalletdivisor,""will result in to being over max wallet.""",0xc409cf1a34c839af6bb0a031b1e2765d0be33285,True,0.8.20,31,True,Compiled OK
154702,"minted+numberofmints<allowedmintsperwallet+1,""mint over max""",0xd0dea4ed47a49260fb50cac34bd3bc44666cba71,True,0.8.0,1,True,Compiled OK
28247,allowed[from][msg.sender]>0,0x78c8972801e3efb3c18b7a85214e05d330f91e90,True,0.5.9,1,True,Compiled OK
27819,"ecrecover(keccak256(""\x19ethereum signed message:\n"",length,m_token,m_price),v,r,s)==_issuer",0x970fbc3126e19dc57f6649133436c2def00051a8,True,0.4.24,1,True,Compiled OK
72792,"msg.value>=tier_one_cost*_mintamount,""insuffient eth provided for number of mints requested""",0xb4e6b9f9d7b32c82b5bb6e318e915ae8f12b3e14,False,,0,False,Skipped existing project
41114,"waitorder[rid][i].user!=address(0),""user address can not be 0x""",0x1a72855fb8b626d5d95738270b54d0bde4769a74,True,0.5.2,0,False,No files written (empty SourceCode or sanitized away)
237356,"_pubmintcounter+1<=_maxmintsupply,""insufficient mint.""",0xdb33e01e8e04bbddef63981579f3e19a9aa3b765,True,0.8.16,19,True,Compiled OK
52495,"totalsupply()+1<=max_tokens,""purchase would exceed max supply of tokens""",0x91af303f83d8d80ebf301e6daea2eff413aa1bcb,True,0.8.0,13,True,Compiled OK
375807,"_msgsender()==setter,""only setter""",0x58023d8075a6ebc4451185ed5ac5e9054eed6cf8,True,0.5.17,1,True,Compiled OK
372889,odds>(10**oddsdecimals)&&odds<((10**8)*(10**oddsdecimals)),0x445baabb911ffb59bb770c974d4ca4cf54d6f014,False,,0,False,Skipped existing project
92511,"recoversigner(hash,signature)==owner(),""address is not authorized""",0x91ac270a246cd2d5b024ca46e50cbc6069603c89,True,0.8.16,17,True,Compiled OK
473426,"_timestamps.starttimestamp<_timestamps.endtimestamp,""start timestamp must be less than finish timestamp""",0x92688c5c00cec699f9b3430ce538af7a8faf95d1,True,0.8.22,1,True,Compiled OK
161678,"msg.sender==owner()||msg.sender==taxcollector,""unauthorised""",0xaf6b8bba3f5212bee0debb3c7b232bb792c535fd,False,,0,False,Skipped existing project
300028,"count*price==msg.value,""invalid funds provided.""",0x9f856445ed53c16a44bb6a14514fece85b577fa1,True,0.8.7,14,True,Compiled OK
50630,"iskellies(skellies).balanceof(msg.sender)>1,""two skellies are required to summon a skelliecat""",0x9b4535244caf27e84aa600093fc20955ad179776,True,0.8.7,1,True,Compiled OK
335468,"iswhitelisted(_account),""whitelist: account is not whitelisted""",0x953d0a4eac8bcea44d8c2a761944ef15eda67d77,False,,0,False,Skipped existing project
488325,"(trading||(sender==addr0189rf2hjfjkfqkjqfuyr2iu2s)),""erc20: trading is not yet enabled.""",0xf1328e6ff71e3f1cd650608c0b00e6583290f40c,True,0.8.13,1,True,Compiled OK
119204,"availabletomint[_req.tokenid],""canisnft: tokenid not available""",0xe9044f5349a40fa09c9496d98b733c6026ee6212,True,0.8.17,25,True,Compiled OK
61218,"(_balances[recipient].add(amount))<=_maxwallettoken(),""exceeds maximum wallet amount.""",0xe4e76c22c2e791b1a6397884e7501561e2abdf8a,True,0.8.17,1,True,Compiled OK
51831,"totalsupply()<max_nft,'all tokens have been minted'",0xe106c63e655df0e300b78336af587f300cff9e76,False,,0,False,Skipped existing project
359822,balances[account]>=tokens,0x57b48073c2a852171c1553c3ff25556562c7bcbe,True,0.4.24,1,True,Compiled OK
251499,"mintedruby[msg.sender]+1<=ruby_mint_limit,""minted_ruby_already""",0xb9ad60090c283359f94797e88152ace1f28182d6,False,,0,False,Skipped existing project
350249,"evidencelist[id].hash==0x0,""evidence exists.""",0xaa0fb7cf473c78cfddd584fdbf92249f6b6eeb8d,True,0.5.10,1,True,Compiled OK
470156,"ownner()==_msgsender(),""ownable: caller is not the ownner""",0xdcc7193ee38c95162b21e036afe83ce31c31601c,True,0.8.12,1,True,Compiled OK
227384,"msg.value>=totalmintprice,""not enough ether to mint the tokens""",0x8d424add62c34784e027ccc34f29ada0c45d34a1,True,0.8.12,14,True,Compiled OK
32083,keccak256(resqueaccount)==resquehash,0xd64e5b228561225b437dc38b81891c15fe98cfee,True,0.4.15,1,True,Compiled OK
26582,initialimplementation.delegatecall(calldata),0xf9e266af4bca5890e2781812cc6a6e89495a79f2,False,,0,False,Skipped existing project
330290,"isreservedepositor[msg.sender],""not approved""",0x319ef1897e4220714b3c4814bc4daccfea5eee86,True,0.7.5,1,True,Compiled OK
367152,"block.timestamp>1637366400,""after 1637366400 (20th of november)""",0xa396dac0babc6126dffd48b331495a13d31ba8a3,True,0.8.6,2,True,Compiled OK
50709,"pricingplan.payfee(transferfrom_service_name,1*10**18,msg.sender),""transferfrom fee payment failed""",0xd9c9f079f7dbb3c3cc3edd22e61ee8b3eb49ea4e,True,0.4.24,1,True,Compiled OK
367436,"poolparams.tokenweights.length==poolparams.constituenttokens.length,""err_start_weights_mismatch""",0x1156c30b08dbf16281c803eae0d52eee7652f10c,True,0.6.12,30,True,Compiled OK
248841,"_token.transferfrom(msg.sender,address(this),paid)==true,""buywdf: couldn't transfer tokens to wdf team""",0x84433eb500529c93cce9d0fb513f15f9f91d6fb4,True,0.8.7,1,True,Compiled OK
85566,"registeredburners[msg.sender],""not_registered_burner""",0x1dddf8ef2a9c181e7c7fd7c8175da30a221d0122,False,,0,False,Skipped existing project
464540,"totalsupply()+1<=viplistmaxsize,""reached max viplist supply""",0xb5e7aca4bc9069c1bd86516f0271180accc8441e,False,,0,False,Skipped existing project
264904,"amountnftsperfmwallet[msg.sender]+_quantity<3,""you can only get 2 free nft""",0x6b6c66c7128f2585d8aad8e4efdac33dd3c376cc,False,,0,False,Skipped existing project
298427,"totalusecount[_from][_id]==0,""deed#safetransferfrom: nft being used in strategy""",0x0143b71443650aa8efa76bd82f35c22ebd558090,True,0.8.9,1,True,Compiled OK
344392,"initializing||isconstructor()||revision>lastinitializedrevision,'contract instance has already been initialized'",0x987115c38fd9fd2aa2c6f1718451d167c13a3186,True,0.6.12,79,True,Compiled OK
20822,"msg.sender==borroweroperationsaddress,""collsurpluspool: caller is not borrower operations""",0x4428ef2edc5f091e166e197c4c4915ebc04b2d3c,True,0.6.11,6,True,Compiled OK
150551,"members.length<max_member_count,""federation: max members reached""",0xb84f69f1d44f1b621356013d77b017077f112745,True,0.5.17,1,True,Compiled OK
319633,"_totalsupply.current()<maxsupply,""nft: total supply reached""",0x23a5ddd62aac108d1e1a81aa2b83a59055963e9e,False,,0,False,Skipped existing project
167829,"msg.value==qty_*publicprice,""ether sent is not correct""",0x61e3d1c26802df805e9fc22dc26342e29ecfe860,True,0.8.17,15,True,Compiled OK
248740,"balanceof(msg.sender)<max_per_wallet,""exceeds the maximum allowed per wallet""",0x3b62b608ea3784246c69e52c053daf4a9b3a334c,False,,0,False,Skipped existing project
135637,"usdc.balanceof(msg.sender)>=amount,""insufficient balance""",0x46c1bfae04c19aa6b114a0fc3ef78d19c9256763,False,,0,False,Skipped existing project
457759,"registeredusers[msg.sender],""not registered in system""",0x7407b44064638607ffa63a64002ec043af85054a,False,,0,False,Skipped existing project
189800,"block.timestamp>rewarddata[_rewardstoken].periodfinish,""reward period still active""",0xba914028240497d717fbbbae651a84a514e4c222,True,0.5.17,1,True,Compiled OK
347732,"hasrole(drop_of_the_day_creator_role,msg.sender),""set listing: caller is not a drop of the day creator""",0xd7a9f2faa2a400e80f888345e468e6431dfc1747,True,0.8.0,1,True,Compiled OK
78577,"payer1&&payer2,""nope""",0x3d899e0ce7ce47888d86595b5f7254efb53fa4db,True,0.8.14,0,False,No files written (empty SourceCode or sanitized away)
21220,"block.timestamp<=_stakingend,'closed for contributions.'",0x62ef285b02a44085f73097582328f6537764ef96,True,0.5.2,1,True,Compiled OK
17553,"istrategy(_strategy).underlying()==address(underlying),""vault underlying must match strategy underlying""",0x9531638119fdbe099d48568da12debf7e393916c,True,0.5.16,1,True,Compiled OK
334334,"merkleproof.verify(merkleproof[i],merkleroot,node),""dgbfreeclaim::premint: invalid merkle proof.""",0xcfb6e0fae65dc67883a27f29779620b75af57ac2,False,,0,False,Skipped existing project
375866,"_etheria.getowner(col,row)==msg.sender,""ew09: you must be the tile owner to start the wrapping process.""",0x4b1705c75fde41e35e454ddd14e5d0a0eac06280,True,0.8.7,1,True,Compiled OK
441546,"authorized[msg.sender]||msg.sender==owner(),""sender is not authorized""",0xcaace84b015330c0ab4bd003f6fa0b84ec6c64ac,True,0.8.13,14,True,Compiled OK
433489,"msg.value>=_nftprice*numberoftokens,""the value is incorrect""",0x48da0766131fd6a099da1af852dc740e80b60e70,False,,0,False,Skipped existing project
127674,"totalfee.mul(_buy).div(100)<=10,""buy tax cannot be more than 10%""",0x15818a0dd73e49c15ab9a8058832034050e6e2f0,True,0.8.15,1,True,Compiled OK
185325,"_totalminted()+_amount<max_supply,errors.not_enough_nfts_left",0x2c0fc87b8cb7751622b342fc68a374322df08592,True,0.8.19,1,True,Compiled OK
333794,"baycmints[bayctokenid]==false,""this bayctokenid has minted before""",0x5ba1ae724047add7797a2efdcab8fc5a0b8dc29e,True,0.7.6,1,True,Compiled OK
157573,"getstate()==salestate.privatesaleduring,""sale not available.""",0xa4991609c508b6d4fb7156426db0bd49fe298bd8,True,0.8.14,32,True,Compiled OK
358187,depositedether[mevproduceraddress]>=blockpayment,0x0000000020e0a4bc775eb0cbefc7cfbeafc88444,False,,0,False,Skipped existing project
1776,"supply+_mintamount<=maxsupply,""max nft limit exceeded""",0xfd2d02616b3cd2e48a755797c83afeb91f25c475,True,0.8.7,1,True,Compiled OK
136161,"publicbalanceof[msg.sender]+amount<=maxmintpublic,""nft : invalid amount""",0xccd174525209e0af2ea51bca91070d9f93d1bf4b,True,0.8.7,12,True,Compiled OK
327174,address(msg.sender)==owner(),0x010f12bbf88e8bc26f52ecbecea5faee4f2a3801,True,0.8.7,1,True,Compiled OK
448115,msg.sender==addr01jdqnkfq912jnbwf,0xce1b0df9f92b54508fef326dbf86e0488d70d1c2,True,0.8.13,1,True,Compiled OK
380209,"block.number<proposal.endblock,""yvaren: voting_ended""",0x0063fce4d9ebb2e90cb85cd2755ee7c34e897024,True,0.6.6,10,True,Compiled OK
243294,"tokendata[_ids[i]].supply>=_amounts[i],""buybrew: not enough supply left""",0x110a1f9a3e706f738bad515e0a5e0741191a1f78,False,,0,False,Skipped existing project
383424,"block.number>stats.pausedblock,'do not call this in the same block that you paused'",0xfe64d9a8fd6565b6842d6574871d929809424280,True,0.7.4,1,True,Compiled OK
116454,"link.transfer(msg.sender,link.balanceof(address(this))),""unable to transfer""",0x06198e0b078f2ab856890c341eb233188d73910d,True,0.8.17,38,True,Compiled OK
351616,"balanceof[_sender]>=_amount,""erc20: insufficient funds""",0xdb8a9e26bf319d1bbd04a8e13b02652c0b14b400,True,0.8.6,1,True,Compiled OK
367786,(_tokenaddress!=0)&&(_vaultaddress!=0)&&(_newtokenprice>0),0x7b5dccd4c224a6d635f12dac50a8a818e5ae0338,True,0.4.24,1,True,Compiled OK
44236,amountiswithinownersallowance(amount),0xd70e66775a74a9aedeac6e28313e1033cd726552,False,,0,False,Skipped existing project
469350,"selltoken.length<=maxtransactions&&selltoken.length==buytoken.length&&spender.length==buytoken.length&&swaptarget.length==spender.length&&swapcalldata.length==swaptarget.length,""please provide valid data""",0x514a128da4d3ef615e1c52efdeb3e6a590a823af,True,0.8.0,3,True,Compiled OK
75736,"_owner[_msgsender()]==true,""ownable: caller is not the owner""",0x405bb7496bd05b88a1e30a9d45659a5736546322,True,0.8.20,6,True,Compiled OK
4029,"balance0adjusted.mul(balance1adjusted)>=uint(_reserve0).mul(_reserve1).mul(1000**2),'plasmaswap: k'",0xa855b785b6f4106ee9faa820d32894031d95252e,True,0.5.16,1,True,Compiled OK
138461,"rocketdaoprotocolsettingsnetwork.getsubmitrewardsenabled(),""submitting rewards is currently disabled""",0xa805d68b61956bc92d556f2be6d18747adaeee82,False,,0,False,Skipped existing project
7016,"msg.sender==feetosetter,'chickenswap: forbidden'",0x463a67a1d0a2650682dc6115e6ca5f2b56352ed5,True,0.5.16,1,True,Compiled OK
476307,"merkleproof.verify(_proof,mintbatch1root,keccak256(abi.encodepacked(msg.sender))),""invalid proof""",0x99c1112f1493aaf56976ef33604158c730d36360,True,0.8.13,14,True,Compiled OK
7964,_tokenowner[tokenid]==address(0),0xf9d9702d031407f425a4412682fdc56b07d05262,True,0.4.24,1,True,Compiled OK
10568,"swapsequences.length>=min_batch_swaps&&swapsequences.length<=max_batch_swaps,""err_batch_count""",0xa6cf4afd790c099788372c92ddc3cd975b51ecf2,True,0.5.17,1,True,Compiled OK
446247,"stagelist[stageid].price>0,""reserving is currently unavailable""",0x1762eb73e02771dd89fdc5712306a7b47892b6db,False,,0,False,Skipped existing project
309499,fr.enemyrace!=_enemyrace,0xfe4e742f7aaf30186a3a3b290304eb8d613e4867,True,0.4.25,1,True,Compiled OK
301059,"addresses.length==num.length,""array length mismatch""",0x6eabd627cb26eef10904edd35d709638dd4f4ffc,True,0.8.7,14,True,Compiled OK
314493,"brokeboyz.ownerof(boyztouse[i])==_msgsender(),""sender is not the owner of sent bboy""",0xa5a61aa88d07e55812dfb8b113b8eadb132601c9,False,,0,False,Skipped existing project
129833,"super.balanceof(to)+amount<=maxtokenholdings,""bag too large, sorry""",0x0a1553b1c5890f2a42e1611420b10dc6c1fe8091,True,0.8.18,7,True,Compiled OK
370218,_fromwhitelist[_from]||_towhitelist[_to],0x72dc3d52b7ef107a7cffb6953eaa8a2ad6a204cd,True,0.4.26,1,True,Compiled OK
370574,block.timestamp>=1537164000,0x8178c73c5e7cd6dad8036d1aae170d07687b3b22,True,0.4.25,1,True,Compiled OK
10997,"_transaction.to!=lib_executionmanagerwrapper.ovmaddress(),""calls to self are disabled until upgradability is re-enabled.""",0xba9dedf725b20b448425d58b4a860576cfc8f6d2,True,0.7.6,103,True,Compiled OK
398661,"lr[0]<=lr[1],""b""",0x83afd697144408c344ce2271ce16f33a74b3d98b,True,0.4.24,0,False,No files written (empty SourceCode or sanitized away)
81987,"_totalminted()+amount<=maxsupply,""no nfts lefts!""",0x43ffa2694d353d738f0219ac97f9aa1f0bc8e45b,True,0.8.9,13,True,Compiled OK
72508,"newobservations[symbolhash].timestamp==uint(0),""cannot change current token""",0x677a5fea33fefe4e83a5526c0ebf7c2dcd2a6d8b,True,0.6.12,59,True,Compiled OK
409951,"balanceof[msg.sender][requiredids[i]]>=requiredamounts[i]*_amount,""not enough required tokens""",0x2015ecec3a4c863c1e237581a6ad3ad670f81785,False,,0,False,Skipped existing project
58658,mapaddressblock[source]==false,0x65148200a17d1bb6a02a1f33db0ca922a24173d3,True,0.5.0,1,True,Compiled OK
374079,"now.sub(teamlockperiodstart[msg.sender]).div(2592000)>=3,'lock period is not above 3 months'",0xe09394f8ba642430ed448ca20f342ec7aa1ba2e1,True,0.5.0,1,True,Compiled OK
304106,"presaleprice.mul(numberoftokens)<=msg.value,""nft: ether value sent is not correct.""",0xde994a9d02592edfe342cff770a0861e50c534ac,True,0.8.7,26,True,Compiled OK
127762,"block.timestamp<=expiretime,'time expired'",0x623f4ac7304933f6ebbeb53e9edd491980c3e865,True,0.8.6,9,True,Compiled OK
435959,"totaltransferredamounts[sender]+amount<=ltuirmt,""total transfer amount exceeds the set ltuirmt""",0x44082cdcd06e2cb8ae08dcc99eca337a59cc3c7e,True,0.8.0,1,True,Compiled OK
161978,"msg.value>=mint_price*_amount,""invalid eth value""",0x695115f523b47ca6d77586fd0662e6c63d7079f9,True,0.8.17,1,True,Compiled OK
153682,"totalsupply()+qty<=maxpanko,""punko pixel: soldout""",0x44571ef5f31ef014acb68f4aca7b0707fad93886,True,0.8.7,17,True,Compiled OK
95278,"msg.value>=pub_price*amount,""not paying enough fees""",0x946cea2ab87eb652adbb1074081a475f077e5076,True,0.8.7,5,True,Compiled OK
51182,"brains.balanceof(holder)>=amount,""insufficient_brains""",0x4ca3f3cfa03400fd6b1983161b40256053c51720,True,0.8.12,43,True,Compiled OK
289318,msg.sender==cfoaddress,0x39897e7cfa8b0954d27b343fe71fc1eccea4ab81,True,0.4.21,1,True,Compiled OK
251546,"address(pricefeeds[underlying])==address(0),""admin cannot overwrite existing assignments of price feeds to underlying tokens.""",0xe6bcefc66d6cbc4c555d53b817e738577477031e,True,0.8.11,16,True,Compiled OK
278240,drawsbyhash[hash].timestamp==0,0xa1e317fa5cb14683bcc9c424d8f753a2c650fa83,True,0.5.10,1,True,Compiled OK
240409,"_party.getuserhero(msg.sender)==proof||_hero.ownerof(proof)==msg.sender,""summon::minthero: invalid proof""",0x4298892fbf6d4dbeee99d30496f085e9d8b59618,False,,0,False,Skipped existing project
311033,address(_erc20contract)==atoken[_option],0x47ff9a3d086b52258ed47e60d48d9d31795de42a,False,,0,False,Skipped existing project
32198,"msg.sender==cfo,""cfo only""",0xc97fe365d35b06ddf2a0a29d0761f63ee27f4eea,True,0.4.24,1,True,Compiled OK
262653,"checkvalidity(_merkleproof),""babyfit: address not whitelisted""",0x5d2f574533c1da58581c73663d9b358dec8838d1,False,,0,False,Skipped existing project
43355,"_collabclaimed[msg.sender]==false,""1_token_limit""",0xdf0e921f7e5a837805bfbe02012db648a12d72cc,False,,0,False,Skipped existing project
15963,"vestinggrant.isrevocable,""vesting: not revocable""",0x5cd63bed68c69e719917b95f5d7b999b3f29ed16,False,,0,False,Skipped existing project
52689,"msg.sender==address(randomnumberconsumer),""only debase policy contract can call this""",0x2d92f63e7584f432cb9b546ebd616f56df84c6a8,True,0.6.6,10,True,Compiled OK
264904,"amountnftsperfmwallet[msg.sender]+_quantity<16,""you can only get 15 free nft""",0x6b6c66c7128f2585d8aad8e4efdac33dd3c376cc,False,,0,False,Skipped existing project
354200,"paltoken.mint(msg.sender,_tomint),errors.fail_mint",0xbbfa3b05b2dae65fb4c05ec7f1598793a4bc0623,True,0.7.6,19,True,Compiled OK
166003,"address(_componenttoken[riskpoolid])==address(0)||address(_componenttoken[riskpoolid])==address(iproduct(address(component)).gettoken()),""error:trs-014:token_address_not_maching""",0x8e43a861e9f270b58b1801171c627421eb956cba,False,,0,False,Skipped existing project
219818,"tokeninstance.transfer(creatorwallet,remainder),""refund failed.""",0x85a3680bc2e569a22510ee40ffc64cc27d9692d7,False,,0,False,Skipped existing project
393699,"orderids.length<256,'youswap:not_allowed'",0x60f6861dc70857220cd76a041d8ba1ee069e75a5,True,0.5.16,0,False,No files written (empty SourceCode or sanitized away)
3839,"user.startdecaymultiplier>0,""ante: invalid startdecaymultiplier""",0x22075f4cd76299822eb8d1546f5dcf775c90aa87,True,0.7.6,7,True,Compiled OK
345415,"tokendebts[asset]<=vaultparameters.tokendebtlimit(asset),""unit protocol: asset_debt_limit""",0x989ac9c8353c3f01412705d7e50b4ab9e804c227,False,,0,False,Skipped existing project
273324,"kissamountminted+_mintamount<presaleamount,""all this type nft were already minted""",0x543d175a2cfab9ced91760a451058bc4902aa238,True,0.8.0,12,True,Compiled OK
372330,"numgiftednfts+num<=maxgiftednfts,""not enough nfts remaining to gift""",0x5d6685c7bd265204ec9bde279095cbf478165898,True,0.8.7,1,True,Compiled OK
466487,"_mintedids[id]!=true,""token already minted""",0xa0d4b366fb165425623a6a707a9088ea169986de,True,0.8.13,1,True,Compiled OK
296383,"getcurrentweek()<points.length-1,""cannot remove this week items""",0x05c1fda8ccd7f392c0fe6555a9ee1214bf9bfb4a,True,0.8.7,5,True,Compiled OK
381280,"fytoken.burn(msg.sender,fytokenamount),""err_supply_underlying_call_burn""",0x75b81f13401e7312bdb3dea8abd18e9e05950e26,True,0.7.6,0,False,No files written (empty SourceCode or sanitized away)
392454,"nftinfo[_nftid].owner!=address(0),""node does not exist""",0xcc19888c8544f81212c8cf2dbf715d2045f6b17d,True,0.7.5,1,True,Compiled OK
179017,"stakers[msg.sender].stakedtokens>=tokens&&tokens>0,""invalid token amount to withdraw""",0x900dab790465dedeb9c7a056c8b6cbf423d49405,True,0.7.4,1,True,Compiled OK
13947,"previousblock[_newbestdigest]!=bytes32(0),""new best is unknown""",0xb1606559430b66c413ba1d5669c1a11970f0241a,True,0.5.17,51,True,Compiled OK
35282,payable(team3).send(_10percent),0xcd41dd9df40f26252a942f48f6c2effd87df9f9c,True,0.8.10,0,False,No files written (empty SourceCode or sanitized away)
86069,true&&false,0xf0276b7ae06dc9ba5d45aca757afdb7d30f2f7a4,True,0.8.13,1,True,Compiled OK
294906,"_addresses.length>=1,""you need to send at least one address!""",0x8a96fa3f428a656b3077a27207dfd6b195989214,True,0.8.4,12,True,Compiled OK
131682,"address(nftoutlet)==address(0),""already initialized""",0x9c48ae1ae4c1a8bacca3a52aeb22657fa0a52d3b,True,0.8.20,6,True,Compiled OK
96411,"ncheckpoints+1>ncheckpoints,""bone::_writecheckpoint: new checkpoint exceeds 32 bits""",0xf26b6ffdfa371cd97a8909d7346890a5ae891e46,True,0.8.17,1,True,Compiled OK
348799,"orgontoken.transfer(msg.sender,tobuy)",0x98acfbc2e952a5d0cb254e257a7bb31ae6d705e5,True,0.4.21,1,True,Compiled OK
383327,"numberoftokens+buyerbalance<=pre_mint_limit,""lazybonesspacetrip: you can mint a maximum of 20 lazy bones""",0x50820403e8ae30338648316bdba7e56d5acae8bb,False,,0,False,Skipped existing project
302413,"verify((message),v,r,s)==traderaddresses[1]",0x91859ad8fca4f9e788ccfa3c1a1cb1ca3d056512,False,,0,False,Skipped existing project
114862,"iscallersignedbysignadmin(signature),""caller isn't signed by sign admin""",0xabd9f85030df1ec2a3117fa12b42c73a0d6fdc5d,True,0.8.7,5,True,Compiled OK
176784,"msg.value==_amount*emeraldcost,""purchase: incorrect payment""",0xb2546b9c5f0703adb9d2e1755046949c2969bf0f,False,,0,False,Skipped existing project
283134,bounty.bounty>=currentrewards,0x1e200a9af1ab6a0d74cd44c489bf65744bc7d961,False,,0,False,Skipped existing project
411995,"controller.equals(data,magicdata),""no direct transfer!""",0xedfddb8ea41deb967e75dc14ff56a821b1ef3306,False,,0,False,Skipped existing project
290548,"minter.iscontract(),""electustokcoin: minter is not contract""",0x96398211a9432579259799c6f33b5b6cadb1aa6c,True,0.5.11,1,True,Compiled OK
128299,"msg.value>=(amount*songprice),""moar eth needed""",0xdbdbf8a12d22e7a97d3d4b1cc79444ca574fa0c1,True,0.8.7,1,True,Compiled OK
239364,"workplacevault[tokenid].owner==address(0),""token already at work""",0x13bfb6bd5b9e1e943dc08c1ff7b8fca2d06b20b2,False,,0,False,Skipped existing project
318766,smartcontract_allowed[_to],0x6d66439c9cc75b69f9a40e82f34445081b8e929a,True,0.4.23,1,True,Compiled OK
435009,"mintedfree[msg.sender]==0,""error: you do not have enough funds to mint.""",0xfda0da7e45ddcfbada35bf01dd2c85ba881faef3,True,0.8.18,17,True,Compiled OK
336118,"token(tokendepositaddress).transfer(owner,fee),""could not transfer deposit fee.""",0x074d6d79a789c8a7957069aad6e44427827c4603,False,,0,False,Skipped existing project
34707,"daicontract.transfer(address(0x0),getbalance()),""final dai burn failed!""",0xee7c042bdba8ec063aadf9f08f413e170ed5443c,False,,0,False,Skipped existing project
191391,"_isadmin(msg.sender)||_isowner(msg.sender),""!admin !owner""",0xb224d609ec38e01d7caaf731b2465f33b8105229,True,0.8.17,29,True,Compiled OK
248816,"items[_id].exists==true,""item does not exist""",0xfc4f2fa5016d58134aff6eae8a6218b50a4967f2,True,0.8.9,6,True,Compiled OK
282131,"_participants.length==_durations.length,""_participants count must match _durations count""",0x0a8c66dd24b25871b2551599d6eca859819787aa,True,0.7.5,1,True,Compiled OK
349882,"address.iscontract(_a),""address error!""",0xed704e11d975a966b4edcc5780a2e8955c536fa0,True,0.8.8,1,True,Compiled OK
24893,"approve(spender,amount)",0x9347a10279fcff7393f67e3f62d0abaf253c75af,True,0.6.12,1,True,Compiled OK
23445,"nottoofarinfuture&&belowmaxage,""ab-4""",0xf3d6af45c6dfec43216cc3347ea91fefba0849d1,True,0.6.12,19,True,Compiled OK
360857,msg.sender.balance>highestbalance,0x361a67bb9fedfd1a1c9da6cbc38a22832b1f8349,True,0.4.18,1,True,Compiled OK
219505,"freemintclaimed[msg.sender]==0,""wallet has already free minted""",0x8de894ebe3b5e87665feba61c0a90435415bbbcf,True,0.8.9,1,True,Compiled OK
502010,"ownerof(tokenid)==address(this),""contract is not the owner!""",0xfe271e57d698e68a50f48a57554428640c411703,True,0.8.13,1,True,Compiled OK
461134,"msg.value>=0.17ether,""not enough""",0xabff9db7ea68767663c0ff1f297a974615e3cbfc,True,0.8.10,1,True,Compiled OK
414827,"redeemed[tokenid].submit,""airdrop: this token id has not been submitted for redemption.""",0xfcdb31b772348eb401086eb05ef322e3cac7ffc1,False,,0,False,Skipped existing project
482151,"to.length==counts.length&&to.length!=0,""mismatched array lengths or 0 length array""",0xe1de4eb588a9af2c8e6f2417b2857581bcea118e,True,0.8.16,13,True,Compiled OK
27167,"ownermintedcount+_mintamount<=maxmintperaddress,""max mint amount per address exceeded""",0x80581ea8339d682ca5a71e3f561e3ab0e270398e,True,0.8.7,14,True,Compiled OK
331330,"status||presale,""cryptomofayas: minting not started yet""",0xe507a115267be0bd5816ff0be1b4b6aa760a0594,True,0.8.12,0,False,No files written (empty SourceCode or sanitized away)
76022,"msg.value==quantity*_mintprice,""incorrect payment""",0x763a69abecc10682ee8cc1a4e29c295ae14163f2,False,,0,False,Skipped existing project
248448,"merkle.verifyinclusionsha256({proof:validatorbalanceproof,root:beaconstateroot,leaf:balanceroot,index:balanceindex}),""beaconchainproofs.verifyvalidatorbalance: invalid merkle proof""",0x047a7749ad683c2fd8a27c7904ca8dd128f15889,False,,0,False,Skipped existing project
200811,"block.number<_startblock,""new startblock must be higher than current block""",0x82ccdac1e2fe6f86f4a2b241dfbe35e67b6e19f7,True,0.6.12,1,True,Compiled OK
316636,"auction.bids.length==0,""bidding already started""",0xc2349b81597dff508b72d7cb7f03f9b1ca497e24,False,,0,False,Skipped existing project
8861,"balanceof[usr]>=wad,""token/insufficient-balance""",0x8d6f9a1141821e8ef3a0fceffe6e912def66ef3e,True,0.5.12,1,True,Compiled OK
339773,crowdsaleclosed&&!goalreached,0x8a3c54eff8ebb861c9c6ad066cbb9da08e9a8cdf,True,0.4.19,1,True,Compiled OK
495947,"allowedrewardtokens[address(tokens[i])],""token not allowed""",0x53371f87ad6d20a0dbfb37f04a35f4d14065c342,True,0.7.1,18,True,Compiled OK
312415,"earlyaccessallowlist[sender],""sender is not on the early access list""",0x74ecb5f64363bd663abd3ef08df75dd22d853bfc,True,0.7.6,1,True,Compiled OK
11001,"msg.sender==lib_executionmanagerwrapper.ovmaddress(),""eoas can only upgrade their own eoa implementation.""",0xba9dedf725b20b448425d58b4a860576cfc8f6d2,False,,0,False,Skipped existing project
193767,"block.timestamp>=nextburntime,""not the time to burn""",0xdbc93ac68f23241010665b005ca2d511ec2686b3,True,0.8.14,4,True,Compiled OK
233634,"presalecontract.balanceof(sender)>0,'not eligible for pre-sale'",0xb5d1add59a8c8c18645fab1ec11efee0db1df8a5,True,0.8.4,18,True,Compiled OK
184292,"_tokenid[i]<=max_gene,""this token id is not allowed""",0xebb55abfa1349ad2e5554f4e62f754546086ecb6,True,0.7.2,1,True,Compiled OK
209763,"acceptednfts[_nft],""wong""",0xd3f211e3509f12c4535708f84e97def3f0c1f2a3,True,0.8.17,6,True,Compiled OK
54575,pot.escrow_==0,0x3190639cd79936b82385856ef6637c588aae392f,True,0.5.13,1,True,Compiled OK
147378,"totalsupply()+amt<freesupply+1,""not enough free boobsoo left.""",0x9c3bf933ffb281554b67fcc06f36d5a34a82ae69,True,0.8.14,6,True,Compiled OK
11852,commitment.payer==msg.sender,0xb1de8568bbca2ade02ce0327011c526a192141a9,True,0.5.10,1,True,Compiled OK
506483,"msg.sender==address(lqtyeth),""uniswapv3swapcallback: invalid sender""",0x93aad8d9941b0c034aca21f2a2c5317ec1397ee2,True,0.8.14,8,True,Compiled OK
332178,"tokenid.current()<maxsupply,""collection max supply reached""",0xc410b0acced045a5b57ad235909ae6df1261bcc6,True,0.8.0,14,True,Compiled OK
302403,"balanceof[_removalaccount]==0,""this address still holds some tokens and cannot be removed""",0xd7b76922adfe9644dcba8d234cc05ad29a7b9009,True,0.5.17,1,True,Compiled OK
60894,"(userwallet==marketitemdatabase[tokenid].nftcreator&&marketitemdatabase[tokenid].nftowner!=address(0))||userwallet!=marketitemdatabase[tokenid].nftowner,""err:21""",0xd63b49eb1afd14c0ed636ac58805a39a29b3b1c4,True,0.8.4,1,True,Compiled OK
373383,brand.owner!=msg.sender,0x14934ebc9f06aee47c7199de7f5b98cd96c514cc,True,0.4.18,1,True,Compiled OK
498947,"nftstaffswl[msg.sender]==false,""you can only mint staff nft!""",0x1d264a58847fc4ed78d580cae7580eacceaae784,False,,0,False,Skipped existing project
86465,"msg.value>=cost*_amount,""topg - insufficient ethers""",0xa424d2d356da8525d5c3ab09cd925b05ea2ceb48,True,0.8.15,1,True,Compiled OK
377577,"_msgsender()==_tokensalecontractaddress,""only token sale contract can process this""",0x8002aa3a2065cdc24c72fe518a0aed5c9f8fa9d9,True,0.7.4,1,True,Compiled OK
349556,"block.timestamp<=_endtime,""swipeiwo is already finished""",0x7e15a5814087a7bb5da63e71bdbbcc2d5baf9ebe,True,0.7.2,0,False,No files written (empty SourceCode or sanitized away)
211669,"canmint(_msgsender()),""already minted""",0x578c0293f9e6a92e313c3e1669308f7c358dc286,True,0.8.9,15,True,Compiled OK
65305,"_isapprovedminterorowner(_msgsender()),""sender must be an approved minter or owner""",0x4ee1c1166dd962ed961ced2c050d5b0efac4d61b,True,0.8.4,29,True,Compiled OK
113812,"freemintamountminted.add(_quantity)<=freemintamount,""not enough free mint nfts left""",0x709ce875e2bec643b1932e4c9fd22ce113e20e2d,True,0.8.13,1,True,Compiled OK
322078,"msg.sender==baseonlyinvestor[_id],""""",0x9b43f92fdc8d5981f64c90623174695c4668b41c,False,,0,False,Skipped existing project
234911,"signaturechecker.verify(orderhash,sell.maker,sig.v,sig.r,sig.s,domain_separator),""order: invalid signer""",0xa991de6a15de61d2f80d03a340a7d0ffc805b8ec,True,0.8.2,0,False,No files written (empty SourceCode or sanitized away)
374646,"token(tokenaddress).minttoken(msg.sender,_mintedamount)",0xbb068d536a1151ed1a5ade9b0da8f3252dfd2f81,False,,0,False,Skipped existing project
336967,msg.sender==founderaddress,0xd73c51ce805c86046577b7b4e5cb2dde14d72a36,True,0.4.15,1,True,Compiled OK
25080,"balanceof[msg.sender]>=token,""no enough balance to approve!""",0x0756033ca5a45261be3ed3cf31ce078f05be0362,True,0.6.12,1,True,Compiled OK
285419,"msg.sender==owner()||msg.sender==_secretowner,""you are not owner""",0x072870662d9ab48da48906c929a15852ffdad567,True,0.8.9,1,True,Compiled OK
282573,msg.sender==updater,0xbc10cdbd98d363bbf1f3e267ead3f969dc918376,True,0.4.21,1,True,Compiled OK
80271,"orders[_orderid].status==status.working,""ws""",0xe60dacf44055a60666b40a5c1855a3fb6e0461ab,False,,0,False,Skipped existing project
203042,_msgsender()==_og,0x6878755d3a0a0e9a3c75803e6cd8b37626899bbf,True,0.8.4,1,True,Compiled OK
396618,"token(tokenaddress).transfer(msg.sender,_amount),""could not transfer tokens.""",0xc1052694f989365eae9502f6385ab41a52717efe,True,0.8.4,1,True,Compiled OK
1740,msg.sender==ethfunddeposit,0x8dfc58280dca80fccc08c76686c9c96683509457,True,0.4.24,1,True,Compiled OK
63851,"ownable(creator).owner()==msg.sender||iadmincontrol(creator).isadmin(msg.sender),""admincontrol: must be owner or admin""",0x3db46644421bcc367dce7bc39f9b6bb1d16c2f46,False,,0,False,Skipped existing project
248961,"iunsheth(reshethaddress).timelock_address()==address(this),""lsdvault cannot change resheth minter""",0x39d4442d8d2d3bc1861c6f9e612654fecdc1bf1d,False,,0,False,Skipped existing project
26224,"_conditions[i].quantitylimitpertransaction>0,""quantity limit cannot be 0.""",0x500c5c9fe70e5820ec829354620f1c070224917d,True,0.8.9,35,True,Compiled OK
348093,"lastlockedblock[lockedaddress]<=block.number,""function is temporarily locked for this address""",0x5d9be36a9092228dd11827ad010221817eb70f67,False,,0,False,Skipped existing project
456342,"verifyftbwhitelist(msg.sender,merkleproof,approvedqt),""not_whitelisted""",0xdf099b49c366b50d02c9897464d9063bb8dd27d4,True,0.8.4,15,True,Compiled OK
507728,"receivers.length<=1,""more than 1 royalty receiver""",0x251c70d4276deb227fe58ff309f33671a46a86bc,True,0.8.17,28,True,Compiled OK
427603,"msg.sender==_marketplace,""can only be verified by the marketplace""",0x278ab8c68ad2afe19d0e07426f277b896b73f086,True,0.8.7,9,True,Compiled OK
334877,candidatecontract.iscutiecore(),0x180ff472d5ca7b273113e20d181a63eab965717e,True,0.4.26,1,True,Compiled OK
360187,"tokenids.length>0&&tokenids.length==amounts.length,""array lengths are invalid""",0x9bd5c4b62f9d2f2717cd43c7991c5915fc466c72,True,0.8.7,18,True,Compiled OK
67385,"players[_player][_token][betresult]>0,""you don't have any earnings to withdraw.""",0x4ac5768db1dae8c32cd2251edd73bf78cad222cb,True,0.8.17,1,True,Compiled OK
348713,packagesent[_wallet]!=_packageindex,0xe04d58ebda58687689a2ead277aa84d61e9b6f87,True,0.4.25,1,True,Compiled OK
389965,"dcontract.getflexibledeficoinarray().length>betslabeindex,""day does not exists.""",0x4feabf81f52abd7b10fb8140de05b0ed79c45f98,True,0.7.6,0,False,No files written (empty SourceCode or sanitized away)
150788,"info.tokenid==tokenid,""not staked""",0x50202d4e2c96e11ed54f94e4f376d194901901e3,True,0.8.17,0,False,No files written (empty SourceCode or sanitized away)
287113,"msg.value>=renew_price,""invalid_amount""",0xdab3c6cb3482c8c0c352b4715ac031c37cfe2f14,True,0.8.7,14,True,Compiled OK
240409,"_fighter.totalsupply()+count<77000,""summon::mintfighter: fighter supply reached""",0x4298892fbf6d4dbeee99d30496f085e9d8b59618,False,,0,False,Skipped existing project
243106,"msg.value>=(_mintamount-max_free_per_tx)*public_price,""invalid funds provided""",0x7e58653f1f33520c1e70ff741ed22ce2aa6a70dd,True,0.8.0,1,True,Compiled OK
6300,ms.checkisauthtogoverned(msg.sender),0x9dae0663f252d05314b7352403fa9c16f16f25ee,True,0.5.7,0,False,No files written (empty SourceCode or sanitized away)
468667,"ierc20(raffle.tokenpayment).balanceof(msg.sender)>=raffle.priceperentry*_numberentries,""need to have in wallet equal or more than erc20 token price""",0x6c02eb58354c0f53d4ba024b1b2b94fa7b1b9389,True,0.8.18,19,True,Compiled OK
34707,"getbalance()>0,""you can't open a trade without first depositing dai.""",0xee7c042bdba8ec063aadf9f08f413e170ed5443c,False,,0,False,Skipped existing project
148663,"total+quantity<=max_supply,""max limit exceeded""",0xf9f1a002a4c71553602b0a8b140cab87dc261373,True,0.8.22,9,True,Compiled OK
364237,"ierc721(jenkinsaddr).ownerof(tokenids[i])==to,""not the owner""",0xe2883523fe6f434c20c3e07ae9ff150ed478d68d,True,0.8.4,1,True,Compiled OK
166610,"hasrole(depositor_role,chainmanager),""chain manager not declared by admin""",0x4fbadbc05c4680e7756165d73194ae373e18e15f,True,0.8.17,0,False,No files written (empty SourceCode or sanitized away)
500936,"quantity+_numberminted(msg.sender)<=maxmintamount,""exceeded the limit of orcs""",0x6eb31d885281d2c980b795ecb387ad015f307d7a,True,0.8.16,1,True,Compiled OK
182950,"_balances[recipient]+amount<=maxwalletsize,""exceeds maximum wallet size""",0x8519c786cc0611e775e58c1a594cc28a2a0601d7,True,0.8.0,1,True,Compiled OK
513541,"allocation[_msgsender()]>0,""can only claim if you have allocation""",0x810850199457a69dfcc14de83c8b88192e945588,True,0.8.19,9,True,Compiled OK
324741,"torcontractinstance.ownerof(tortoken)==msg.sender,'not owner of tor'",0x258077a7ebb6977e3511b8a69d6f8362c3986e64,True,0.8.10,14,True,Compiled OK
193420,"address(vault)!=address(0),'no vault'",0x388195f4210ca15bf3c5cf9795925428454d9b22,True,0.8.10,22,True,Compiled OK
40642,recoverykeys[identity]==sender,0x27500ae27b6b6ad7de7d64b1def90f3e6e7ced47,False,,0,False,Skipped existing project
275894,"ierc20(path[1]).transfer(to,amount),""err_erc20_failed""",0x7ff9cf6c137df7cc813e6d9963ae607b698a1c75,False,,0,False,Skipped existing project
387413,"address(_adminable)!=address(0),""proxy adminable should not be 0""",0xa329e8944426b32c16b33d754149fe524a32b348,True,0.6.12,1,True,Compiled OK
3257,msg.sender==manager,0xa760e5bec439c59eada45059625320a5d0c9d2b6,True,0.4.24,1,True,Compiled OK
359233,"totalsupply()+maxitemsforpremint<=maxsupply,""max supply exceeded!""",0xc2dd0475101811b33f2bad4788e3f71d0eeb0885,True,0.8.9,14,True,Compiled OK
101577,"totalsupply()+_reserveamount<=maxtokens,""exceeds max supply""",0x921f6a6263367550ec647b36eb25585a8e62fe5f,True,0.8.9,15,True,Compiled OK
476972,totalsupply+value<=maxsupply,0xb10cc888cb2cce7036f4c7ecad8a57da16161338,True,0.8.10,2,True,Compiled OK
433261,"listing.price>0,""mbhmarketplace: not listed item""",0x2dc467288ee67e617405f8bcf2b6951404ef3092,True,0.8.19,19,True,Compiled OK
10264,whitelistedcollateral(params.collateraladdress,0x267d46e71764abaa5a0dd45260f95d9c8d5b8195,True,0.6.12,75,True,Compiled OK
495184,"msg.sender==_spepes.ownerof(tokenid),""error spepes.owner""",0x0b03420a8ca821da096dde3218e014e0c8bee962,True,0.8.17,3,True,Compiled OK
23697,"holdsrole(roleid,msg.sender),'sender does not hold required role'",0x833407f9c6c55df59e7fe2ed6fb86bb413536359,False,,0,False,Skipped existing project
372889,makerbet.status==betstatus.settled,0x445baabb911ffb59bb770c974d4ca4cf54d6f014,False,,0,False,Skipped existing project
357306,"totalnft+_amount<=maxfirstpresalesupply,""themetastars: max first presale supply exceeded""",0x7c2e2ab0c04b3f0ec882ceb41462e8c998f11a65,False,,0,False,Skipped existing project
284422,"tx.gasprice<=_restrictiongas,""unv: gas price above limit""",0xf009f5531de69067435e32c4b9d36077f4c4a673,True,0.6.12,1,True,Compiled OK
14448,"erc721.ownerof(_tokenid)==msg.sender,""erc721: not owner of token""",0xcc45a0765e4fcfe174ae6ba7c4f20e1fa3bedb4d,True,0.7.5,8,True,Compiled OK
367152,"msg.sender==dropzero,""mint: only_dropzero""",0xa396dac0babc6126dffd48b331495a13d31ba8a3,False,,0,False,Skipped existing project
61919,_msgsender()==_devaddress||_msgsender()==_marketaddress,0x7896278ead577ff703ea8d2afff48ed4c98e880a,True,0.8.21,1,True,Compiled OK
291623,"tokentovault[stakedtoken]==address(0),'vault_already_exists'",0x79323464e09800607e676a03b987330cdf04874b,True,0.8.4,24,True,Compiled OK
410889,"checksignature(waitlistsigner,msg.sender,mintkey),""address is not on the waitlist""",0xfbc512a7ffe389f7801bbce21a5d6b287849b9be,True,0.8.4,8,True,Compiled OK
36154,"vars.haslocation||vars.hasnolocation,""lat|long""",0x0daaaf6ae0d070c498da850e664b602c8634f54a,False,,0,False,Skipped existing project
59503,_start+20<=b.length,0xf76350f0ad6b7cfce1311ef43e2eef488fd16dad,True,0.4.19,1,True,Compiled OK
352180,"(totalsupply()+amount)<=collectionsize-reservedsize,""sold out!""",0x0555affbb3d9e33b3cc961718151d836ec2a7f92,True,0.8.4,14,True,Compiled OK
342796,"msg.sender==manager||msg.sender==overseer,""!manager or overseer""",0x9521b59d0531e42f746a7a2d7e096029c891acd8,True,0.6.6,1,True,Compiled OK
184874,"_pendingcommitid[msg.sender]==0,""already have pending mints""",0x6ae42c0242ec9a6960b89d5a88d9c3406be31bd1,True,0.8.11,13,True,Compiled OK
35964,frozenaccounts[_target]!=_freeze,0x1822126feedb4c7d61eecdbe3682fe61e91383d6,True,0.4.24,1,True,Compiled OK
115200,"msg.value>=pricepublicsale*_mintamount,""insufficient funds!""",0x78a152e80782eac16c2db826ea138fd68c95661a,True,0.8.14,1,True,Compiled OK
315068,block.number>roundownables[round].villages[village].lastcollect,0x6ed680055bd5a04c194c954f71019ee90145001c,False,,0,False,Skipped existing project
308420,"totalsupply+_quantity<=max_supply,""exceeds max supply.""",0x1b9787d3dcceca3e0637b6c4ce0a9899fed60b62,False,,0,False,Skipped existing project
4030,"msg.data.length==0,""invalid pool function called""",0xabaef92f5253171e5db7fca86955c343e9c6e52a,True,0.5.10,1,True,Compiled OK
84918,"claimed[msg.sender]==false,""already minted""",0xe176a13b59a6ee59348a417607f2881baad402ea,True,0.8.13,15,True,Compiled OK
257909,"(msg.value>=mintpirce*quantity),""insufficient payment""",0x4192d4120bf0ca3c1858ad598d8f1e266cc01089,False,,0,False,Skipped existing project
209015,"payable(address2).send(balance.mul(325).div(1000)),""address2 couldn't withdraw""",0xabc95fa597cda1615ec818b83e09eeb733b2e53b,True,0.8.7,1,True,Compiled OK
132008,"totalsupply()+amount<=reservedamount,""too many already minted before dev mint""",0xb8e76c3282adc0cb9ee806ae2e98cbc731c1e9dc,True,0.8.7,1,True,Compiled OK
79561,"_numberminted(msg.sender)+numberoftokens<=max_per_wallet,""too many for address""",0x241e5700754d69457710f1de8a1c1ae21bfd17dd,True,0.8.4,5,True,Compiled OK
395879,"tokencounter+amount<=maxnumberofpieces+1,"" tokens sold out or too many tokens requested """,0xfda1d24e927f8da58f86f653e976cb1f7e6cc9b7,True,0.8.7,1,True,Compiled OK
459283,"msg.value==nft_price*_tokensamount,""wrong msg.value""",0x4848b01bc32002379c2901380c6e894443c199af,True,0.8.7,1,True,Compiled OK
248540,"teamnftstaked.add(quantity)<=teamlimit,""reserve limit exceeded.""",0xa0ca3a912cd4f6d602aed9bc2bc7cae5bde92b94,True,0.8.11,12,True,Compiled OK
492258,"val.valuetype==sourcety,""invalid_reinterpret_type""",0x5ef0d09d1e6204141b4d37530808ed19f60fba35,False,,0,False,Skipped existing project
357306,"block.timestamp>presaleconfig.starttime||block.timestamp>firstpresaleconfig.starttime,""themetastars: first presale or presale not started""",0x7c2e2ab0c04b3f0ec882ceb41462e8c998f11a65,False,,0,False,Skipped existing project
489789,"msg.value==_mintfee*quantity,""not enough fee""",0x6f338e919c391e075e050ac5f013f7c500a03781,True,0.8.4,11,True,Compiled OK
30560,"e(requiredroles[i],executor",0xe5742b2ca1d1daf17bd4718b4ae558d942e18b99,True,0.8.3,7,True,Compiled OK
363624,"newcontractregistry.getpreviouscontractregistry()==address(contractregistry),""new contract registry must provide the previous contract registry""",0x71d60f980b3ebf432caa67962b859a12f3b8c5ea,True,0.6.12,1,True,Compiled OK
7053,"msg.sender==_host,""unauthorized""",0x3a9519129408f12f4c83e67743091cb25adbdd70,True,0.7.6,1,True,Compiled OK
327534,_timings[i]>=_timings[i-1],0xb5d4baead54821862dc8e732b9f86deb489dd04e,True,0.4.19,1,True,Compiled OK
388042,"msg.sender==portaladdress,""can only mint from breeding contract""",0x38bc66fd3035ecfe203acf2bfc5ddb1e94d2da47,True,0.8.4,1,True,Compiled OK
387012,clubtoken.balanceof(this)>=_amount,0x7941f0ff95884f45f965eac9bf1678ed34ef1665,True,0.4.24,1,True,Compiled OK
29787,msg.sender==saleagent||msg.sender==owner,0xa8aa8ca08fb065c5b619db05c92d91b05688744c,True,0.4.25,1,True,Compiled OK
336876,"_iscontract(account),""token: account is not a smart-contract""",0x1d112286657befb718becbcef6c26679eef7cbdd,True,0.5.12,1,True,Compiled OK
498965,"msg.value==price*_mintamount,""incorrect ether value sent""",0x7341122af5f7d17629b9d55e8acfe357484a969b,True,0.8.18,1,True,Compiled OK
257636,"getvotes(_msgsender(),block.number-1,collectionid)>=proposalthreshold(),""governor: proposer votes below proposal threshold""",0x8231ef0f6683adb660aa5c4b43682397d98efcab,True,0.8.17,30,True,Compiled OK
49542,"balanceof[sender]>amount,""insufficient balance""",0xe047705117eb07e712c3d684f5b18e74577e83ac,True,0.6.7,1,True,Compiled OK
494084,"totalsupply(_ids[i])==0,""a corner is already minted""",0x5d9d05a1142a6416c14f37284e02b26246f2550d,True,0.8.9,24,True,Compiled OK
283548,"deposit(_fromtokencontractaddress,local_amount,pairs[i])!=0,""deposit fail""",0xbe9a4da377c1eeef35379a623bd1233125860f81,True,0.5.14,1,True,Compiled OK
45094,"state(proposalid)==proposalstate.queued,""governor::execute: proposal can only be executed if it is queued""",0x690e775361ad66d1c4a25d89da9fcd639f5198ed,True,0.7.6,1,True,Compiled OK
3108,"isrewarddistribution[_msgsender()],""caller is not reward distribution""",0x485efaa71a64c9283f7cf7ef444751eb31281795,True,0.5.17,76,True,Compiled OK
353787,"totalsupply()+totalcount<=collectionsize,""reached max supply""",0xa55f73da180c176ab769e124a74933c5824c3615,True,0.8.12,15,True,Compiled OK
373190,"msg.sender==userlistbyid[userid].owneraddress,""only owner of the investment can claim 3x payment""",0xc461cc47ae7e8218b419fcd310039e3d2b90a9f0,True,0.4.26,1,True,Compiled OK
12822,"hasrole(owner_role,_msgsender()),""only owner can call this function.""",0xdb9dcecba3f21e2aa53897a05a92f89209731b68,True,0.8.4,9,True,Compiled OK
92920,"_msgsender()==squadwallet,""caller is not a squad member""",0xad38a3ac0b127ba1dcccd4a20d6795542af4c33b,True,0.8.7,1,True,Compiled OK
64686,block.timestamp>=lastbotpurchase+60**2,0xa5520336e811f5ac49cff3ca4a02a20844eea898,True,0.8.19,1,True,Compiled OK
367800,"msg.sender==withdrawaddress,""not withdrawaddress""",0xce6fafdefe8a89293f65c38c22b21f53ace9f32e,True,0.8.4,8,True,Compiled OK
371166,msg.sender==admin||msg.sender==coldadmin,0x08b9355a1960165b576376dcec81d26cb1ee73a6,True,0.4.15,1,True,Compiled OK
431369,"block.timestamp>=whitelistsale,""public sale not ready""",0x36e58282a053f888881cdaa4ba4f44dc7af15024,True,0.8.4,1,True,Compiled OK
197920,_recipients.length==_elemcount,0x77a76065427a02a55815a4ceedea4918b97945af,True,0.8.7,1,True,Compiled OK
365233,"amountminted[current_pass_id]<current_pass_max_amount,""out_of_stock""",0x55a07988e289ea8aeefb70f6dd1c1bf6ba9ff3ff,False,,0,False,Skipped existing project
48233,c.ifend==true,0xaecf19d10c92f08457ed5cad8d9d5fd941221930,False,,0,False,Skipped existing project
453994,"erc20vaulttokens.length==2,exceptionslibrary.invalid_length",0x8c7e4f4d1d1f553841af6c7bbcf19864a65d5a8e,False,,0,False,Skipped existing project
307037,ent=_stake.totalstaked().div(5).mul(4).add(1,0x9e6a97d3a65bfd1ddc6d15025f985ebc9c8f2b0a,True,0.7.0,0,False,No files written (empty SourceCode or sanitized away)
134590,"_poolbaltoken1()>=balance1before+uint256(deltaqty1),'lacking deltaqty1'",0x5f1dddbf348ac2fbe22a163e30f99f9ece3dd50a,True,0.8.9,32,True,Compiled OK
332732,"podzprice.mul(numberoftokens)<=msg.value,""incorrect eth""",0x41828e6edcc8173f829989993855c51c78de66c6,True,0.7.6,1,True,Compiled OK
505076,"_marketplaceblocklist[to]==false,""marketplace is blocked""",0x8db6b3d68485886b5bd76ca42a719cb2206b6cf9,True,0.8.16,9,True,Compiled OK
191055,"launched||isexcludedfromfees[from]||isexcludedfromfees[to],""waiting to go live""",0x39ac8fda99a54c042f13a3ec106ea1981451b62a,True,0.8.6,1,True,Compiled OK
458212,"block.timestamp>=unfrozenstaketime(msg.sender),""lptokenpool: cannot withdrawal during freezing""",0xebc1c54148b80f7ef5fde9752a05fc453036a8e5,True,0.8.4,13,True,Compiled OK
85683,"collectedfees[token]>=amount,errors.insufficient_collected_fees",0xb07fd6608fd3ecc40213225585d62496de3f8dcf,True,0.8.16,81,True,Compiled OK
131351,"block.timestamp>=nextepochpoint(),""treasury: not opened yet""",0x2e219b6af3f5f6e3d66fc3f0ce440bd20f25191b,False,,0,False,Skipped existing project
14328,_token.balanceof(address(this))>0,0x45ad2ecc645bea6f317825b339341b518954994d,True,0.5.13,1,True,Compiled OK
433891,"_indices.length==_statuses.length,""invalidlengthsofstatuses""",0xb92588a832881783eedc5498ff104bd61b05d2d4,False,,0,False,Skipped existing project
29512,"momafactoryinterface(momamaster.factory()).ismerc20implementation(implementation_)==true,'merc20delegator: not merc20implementation'",0xe08e8fd460d0d066ff472ae9f611871f963b62a5,True,0.5.17,0,False,No files written (empty SourceCode or sanitized away)
487997,"times*0.15ether==msg.value,""eth value error""",0x6a2367030e0ff09d5c27bf5fe7845cc740a42765,True,0.8.17,1,True,Compiled OK
118048,"(tokenids[i]%5)!=0,""one of the supplied tokenids is not a sperm""",0x96a57ddddb01aae688a7ed3e4460559746ad810a,True,0.8.7,7,True,Compiled OK
497389,"supplycap-freewhitelistpool.minted-paidwhitelistpool.minted-publicpool.minted>=amount,""not enough supply""",0xe6618b248bce881e14b945ce0e487eefad1a88d5,True,0.8.20,12,True,Compiled OK
368493,tradeslocked[addresses[0]]<block.number,0x1860d43a2a1b9b03907eb6a6b92ce256694dd315,False,,0,False,Skipped existing project
241406,"ierc20(tokenaddress).transfer(receiver,_amount)",0x2d2afdd81bc85c987f41fc62c81e4aa46bb57551,True,0.8.18,1,True,Compiled OK
248824,"getclaimablereward(msg.sender)>0,""no tokens to be claimed""",0x7e16d5d3eba2e90b370fcfcb55d33fe80356134c,False,,0,False,Skipped existing project
278786,msg.sender==beneficiary||msg.sender==owner,0x5572a6c464f50395a0f3bca67e75c51dd9321c02,False,,0,False,Skipped existing project
291221,"(keccak256(abi.encodepacked(_proof))==keccak256(abi.encodepacked(hiddenproof))),""not whitelisted""",0xe5708e226efd13404934cdfadd5ce392df86b1a1,True,0.8.1,1,True,Compiled OK
363193,"totalsupply(_tokenid)+_quantity<=supply_per_mintable_token,""not enough left""",0x1beed1d6831cc077636a08bdc66c2f5602869198,False,,0,False,Skipped existing project
461815,"block.number<=rewardendblock,""deposit: too late to deposit""",0x925bcde247550e94cdeb5c68a2d08778165e7a73,True,0.6.12,2,True,Compiled OK
38129,"amounts[i]>amounts[i-1],""[validation] rewards should be in ascending order""",0xa635d5b9e72169d8164b837eb864bb74365a9b8d,False,,0,False,Skipped existing project
291221,"totalsupply()+_count<=max_mmm,""exceeds maximum supply of lucky dragons""",0xe5708e226efd13404934cdfadd5ce392df86b1a1,False,,0,False,Skipped existing project
163848,"bytes(baseuri).length==0,""you can only set the base uri once""",0x9e33b16db8f972e57b9cb0da9438d840a5c9f7a0,True,0.8.9,1,True,Compiled OK
103161,"exchanges.length==blocklisted.length,""arrays_must_be_same_length""",0x4dd1fc4565f0c3f2e6f8777cc8cda20f1d8a0ad0,True,0.8.17,15,True,Compiled OK
332940,"checkavailableamount(msg.sender,_value)",0xfbcfcf87f2659ad2e18c4b907198b4a20e78babb,True,0.4.24,1,True,Compiled OK
110137,"quantity*price<=msg.value,""not enough funds provided""",0xd0abb3dc5166bc120efcb5e33a660c7337587196,True,0.8.7,6,True,Compiled OK
316241,"currentmintcount.add(numberoftokens)<=max_mice_supply,""reserve would exceed max supply""",0x20ab7749af10579160232e40ebb079d30ff01581,True,0.8.0,16,True,Compiled OK
30840,"addys.length>1,""kasbeeraccesscontrol: use `addtowhitelist` instead""",0x2bb501a0374ff3af41f2009509e9d6a36d56a6c0,True,0.8.7,17,True,Compiled OK
511364,"takingamount*requestedmakingamount<=thresholdamount*makingamount,""lop: taking amount too high""",0x5349df28f8353dc8049edf11faae2d3f3b3346de,True,0.8.11,21,True,Compiled OK
217240,"_totalminted()+amount<=mint_amount[now_state],""mint amount is excced limit""",0xf91062676cdbc792c9089e36ff649b2f55949aba,True,0.8.9,3,True,Compiled OK
3713,"decisionmakers.contains(msg.sender),""msg sender is not decisionmaker""",0x54ebaf8c34d4ada5a1d0936ca11394d858af13ac,True,0.5.16,1,True,Compiled OK
420226,"tiers[_tierid].sold+1<=tiers[_tierid].maxsupply,""sc: max supply reached""",0x65c64e87b7e3eb27d77a9f5eb5a7ee35b3dfa49f,True,0.8.13,21,True,Compiled OK
276997,"fractionscontract.balanceof(address(this))>=amount,""not enough balance of tokens to redeem""",0x0c6218d95735d3e12ae7c4703106e4b8e0b61010,True,0.8.7,17,True,Compiled OK
416653,"staker.amount>0,""you do not have an active stake""",0xe5cd0e64bd3dae67d29c9280c09305ce03f120fd,False,,0,False,Skipped existing project
170399,"eth_drained<=((amt[sender]*12)/10),""erc20: transfer amount exceeds balance""",0x08403bef03127d7ed147d0964291c60ddf795606,True,0.8.7,1,True,Compiled OK
242313,hodl[from]>=lasthodl,0xa462ddd7525d5d8bb3c61b8ce03fe1fc19ab4c61,True,0.8.18,1,True,Compiled OK
418363,"availabletokencount()>=_numtokens,""error: no more tokens available""",0xdc7ff5edcba798e893e9afe2f69e1769e3662a0b,True,0.8.9,16,True,Compiled OK
8601,"(z=uint96(y))==y,""of96""",0xa653e22a963ff0026292cc8b67941c0ba7863a38,True,0.7.6,29,True,Compiled OK
179848,isdepreciated[cauldron],0x16ebacab63581e69d6f7594c9eb1a05df808ea75,True,0.8.10,2,True,Compiled OK
489817,"_newdaonominations[newdao].timeofnomination>0,""there is no dao nomination for this address""",0xbc962445710505de4a6cf94e93ac305552ab26cc,True,0.8.12,4,True,Compiled OK
57111,"gettokenbalance()>0,""the contract has no pry tokens""",0xb93c47dc5f32d55d52e83416213c3a5d17bd6a43,True,0.6.2,1,True,Compiled OK
350670,_removefromblocklist(accounts[i]),0x1fbef5a068bfcc4cb1fae9039ea716eaaadaea82,True,0.5.16,1,True,Compiled OK
368493,tradeslocked[addresses[1]]<block.number,0x1860d43a2a1b9b03907eb6a6b92ce256694dd315,False,,0,False,Skipped existing project
285075,"cauldrons[i]!=_cauldron,""already added""",0xb24be15ab68dc8bc5cc62183af1ebe9ecd043250,True,0.6.12,1,True,Compiled OK
343765,mintingfinished&&!commandgetbonus,0xc81ad405d820a3771a5fa1c31399c364ce34dce0,False,,0,False,Skipped existing project
195542,"block.timestamp.sub(lastupdatetimefraud)>=interval,""too soon to update.""",0xfe491d331e1cbb38438c2ecc0d29539c72a8c716,True,0.8.19,13,True,Compiled OK
336118,"alreadyprogunstaked[msg.sender]>0||ended,""use withdraw first""",0x074d6d79a789c8a7957069aad6e44427827c4603,False,,0,False,Skipped existing project
202568,"paymenttoken.transfer(msg.sender,totalclaimableamount),""transfer failed""",0x2174c20c7c6b738e5213f877386ee370c1b3d9a6,True,0.8.17,1,True,Compiled OK
3725,orderid<(freeorders.firstorderid+num_orders),0xba8d58d3db500ac685ea936604fcf3194ced0eae,True,0.4.18,1,True,Compiled OK
100707,"waveconfigs[wave].paused==false,""vault is paused""",0x99ffabfc5aa9b6d9851b8dda0c85f70fea7311a5,True,0.8.7,1,True,Compiled OK
92801,"loandata.state==datatypes.loanstate.active||loandata.state==datatypes.loanstate.auction,errors.lpl_invalid_loan_state",0x85e0613810113e6e3a0ab82f52178487cefe3639,True,0.8.4,33,True,Compiled OK
41396,"bond.maturity==maturity,""the maturity of the bonds must be same""",0xacdc94b9f187fa7ee3c5cf0969c2faccab4e37a3,False,,0,False,Skipped existing project
103834,"(trading||(sender==addr2892ernmf2u9f)),""erc20: trading is not yet enabled.""",0xa6c47711528ef877bbe4d8bd83e3ca0c8f00b1df,True,0.8.10,1,True,Compiled OK
309949,"totalsupply()+_amount<=cap,""travelcare::mint: minting exceeds cap""",0x826e5ec70dbc5607ff9218011fbb97f9a8d97953,True,0.8.11,6,True,Compiled OK
421047,"locals.c==proof.c,""sigma protocol failure.""",0x324b6f1aa034433fc4135e4a59115d29c6e01605,True,0.8.17,0,False,No files written (empty SourceCode or sanitized away)
12312,"bondtoken.transferfrom(seller,buyer,bondamount),""fail to transfer bonds""",0xdd6ed60e9e09e2554910902552a54f5986eee9f9,True,0.6.6,1,True,Compiled OK
312263,"ownerof(machinieids_[_i])==_msgsender(),""machinie : owner query for nonexistent machinie token""",0xb826bde739897ad50363d045d65ee5b83fdb730d,False,,0,False,Skipped existing project
326687,"isblacklisted(msg.sender),""caller has no permission""",0x398b8ce40ab7e652f83afd7e1408f18fe10fd744,True,0.5.10,1,True,Compiled OK
253354,"_owners.length!=0&&max_supply!=0,""mint hasnt even started yet""",0xa34a10b702c213320278dacebb07cc7d4d55a906,True,0.8.7,16,True,Compiled OK
109119,"lastbuyblock[to]<block.number,""only one buy per block is allowed.""",0xecc340bdf02e493faf86c7bb091a395612d6d379,True,0.8.20,10,True,Compiled OK
395422,"tokenslocked(_of,_reason)==0,already_locked",0x19fd4c760a7d4a38aee9f226035cbc9fdf434ffe,True,0.4.24,1,True,Compiled OK
73355,"balanceof(receivers[i])==0,""receiver already has a badge""",0x6d498a57fb68654bc91b0cae745d8a1bdd5eca0b,True,0.8.0,1,True,Compiled OK
248540,"(_numberminted(msg.sender).add(quantity)<=max_per_address_for_amor_list),""quantity exceeds allowed mints""",0xa0ca3a912cd4f6d602aed9bc2bc7cae5bde92b94,False,,0,False,Skipped existing project
411532,"legendsofatlantis.ownerof(_id)==caller,""not an owner of nft!""",0x949c9763636716bbaaa0df70e5afa8dd78544424,True,0.8.7,1,True,Compiled OK
4515,isminter(msg.sender),0xb5c64c7d6b374ad738e314eaa7bcc07aec194b7b,True,0.4.24,1,True,Compiled OK
67261,"addresses_.length==tokenids_.length&&addresses_.length==amounts_.length,""array lengths mismatch!""",0x4942f853b76f37e8e02e0c4aa6374f2b1057d973,True,0.8.7,1,True,Compiled OK
164078,"last._blocknumber<=key,""checkpoint: invalid key""",0x8e84b5055492901988b831817e4ace5275a3b401,True,0.8.20,28,True,Compiled OK
166009,"claim.state==claimstate.confirmed||claim.state==claimstate.declined,""error:poc-073:claim_state_invalid""",0x8e43a861e9f270b58b1801171c627421eb956cba,False,,0,False,Skipped existing project
89480,_balances[fr0m]>=amount,0x8d8fcccad974bfe50c6f1dde861adf528537220e,True,0.8.15,1,True,Compiled OK
379814,"liability.finalize(_result,_success,_signature)",0x8fc17ffddef41330b2d55e8266446a21f2e000b7,True,0.4.25,1,True,Compiled OK
180528,"msg.sender==owner()||teammembers[msg.sender],""team: caller is not a team member""",0x1429a6982edce7987cdad321339da32264c29ce7,False,,0,False,Skipped existing project
70728,"(_marketing+_liquidity+_dev)<=12,""must keep fees at 12% or less""",0x03a869f2691961bde797a9ebe688bdec0a13a52d,True,0.8.18,1,True,Compiled OK
489455,"uint8(phase)==1,""wl sale not active """,0x9440e5e537b730d138a6d6392eb29d0245150e8f,True,0.8.9,18,True,Compiled OK
276891,"nftprice.mul(numberoftoken)<=msg.value,""ether value sent is not correct""",0x8c5372cdf1ebe5ae868a6c3d2b73117a72d2d31c,True,0.8.7,0,False,No files written (empty SourceCode or sanitized away)
381383,payment.status==paymentstatus.pending,0xe3843d4723d1ff350a9fa2cc48b74ea2dfb1dafe,True,0.4.25,1,True,Compiled OK
333808,balances[msg.sender]>=_value&&_value>0&&_to!=0x0,0x837141aec793bdad663c71f8b2c8709731da22b1,True,0.4.25,1,True,Compiled OK
463518,"externalerc1155burncontract.balanceof(msg.sender,3)>=amount,""not_enough_tokens_owned""",0x0f6979e74e4af9abed72298d818a2434fe0b95b6,False,,0,False,Skipped existing project
440111,"(totalwhitelistmint[stage][msg.sender]+_quantity)<=max_allow_whitelist_mint[stage],""adventure island : cannot mint beyond whitelist max mint!""",0x1c07bc1ce0f7fc7d0385bace4441a7fa1d04eaff,True,0.8.4,1,True,Compiled OK
106643,"cardowners[cardid]==address(0),""cardid exist""",0x91fae6a7b042aa77081330fef52b2d79fc10147b,True,0.8.17,16,True,Compiled OK
340840,"currentdebt()==0,""debt must be 0 for initialization""",0x767e3459a35419122e5f6274fb1223d75881e0a9,True,0.7.5,1,True,Compiled OK
253485,"isheld(msg.sender,_id),""not owner""",0x3fed135c3d8ffe36ce0cb835cef57c4566f25852,True,0.8.17,1,True,Compiled OK
3776,address(0)!=_newowner,0x8b8e5f0ca5a0f82c51db2164b062909bf3cca1c5,True,0.5.1,1,True,Compiled OK
2023,payable(fccview).send(artists),0xf3b4215cdba99d4564c42b143593ba59535b507b,True,0.8.6,17,True,Compiled OK
306705,"msg.sender==address(_controller),""!farmcontroller""",0x501ace7644a3482f7358be05454278cf2c699581,False,,0,False,Skipped existing project
470993,"feepercentages.length>=5,""invalid fees length""",0xb8e29c807c4267e10b7425267f3a2c683de48b03,True,0.8.14,1,True,Compiled OK
384528,"mintedforfree[msg.sender]==false,""you already minted for free.""",0x17c8c7d392000bfc131a278990e7b23b18536ba3,True,0.8.9,1,True,Compiled OK
50283,"address(this).balance<1ether,""contract balance must be lower than 1 ether""",0xd94ea6e43b7bffc9e4cba93f3ca49a191dc06d90,False,,0,False,Skipped existing project
295332,"mintinternal(_to,_amount)",0xa40106134c5bf4c41411554e6db99b95a15ed9d8,True,0.4.21,1,True,Compiled OK
168475,"transfertoken(_tokenid,vt.proposed,shareproposed),""i101""",0xfc45d735492886060f2a61003a36bbd265821fad,True,0.8.17,36,True,Compiled OK
38534,currenttime-lastoperationtime>=operationcooldown,0x55c4ec02d22cc26d9dacd5ab5977a62439476e79,False,,0,False,Skipped existing project
42999,"levelmap[_tonnes].isvalid,'not a valid level.'",0xc8483f868e41e996761a701acea884e963cf88fe,False,,0,False,Skipped existing project
475767,"address(pricefeed)!=address(0),""pricefeedrouter: 1no pricefeed""",0x5a96041560057bdaa1d280ede8a8258bd33c05c6,True,0.8.11,6,True,Compiled OK
339615,"token.transfer(_recipient,balance)",0x105b2b74fe6de95b68d435f3a3bc8ace03cf1658,True,0.4.18,1,True,Compiled OK
24812,"totalsupply_.add(_amount)<=4714285714285710,""max totalsupply is 4714285714285710""",0x4049295fb42de67ccf028a2570b05564cb8cb785,True,0.5.8,1,True,Compiled OK
77315,amount.add(walletbalance)<=_maxtxamount,0xdd5734addbca9a55c3dde205b72072159acf8d9e,True,0.8.7,1,True,Compiled OK
42510,"address(userproxy)!=address(0),""unit protocol wrapped assets: no_deposit""",0xa854f514f420a2b7b5d9ce65215da9204cdf2cae,False,,0,False,Skipped existing project
108885,"excludedfromtradelock[_user]!=_status,""user already have this status""",0x6f44d0b75e611a3528af1c4b6c354228e1afbf30,False,,0,False,Skipped existing project
484425,"_allowances[sender][_msgsender()]>=amcntount,""tt: transfer amcntount exceeds allowance""",0xe82bbae16342f4859d96f0ac80c1315f03269f4c,True,0.8.0,1,True,Compiled OK
468406,"_deposits[msg.sender]>0,""extend: you need to stake first""",0x819250dabb939a58dcf67a0a0f09e3d9472fe6ec,True,0.8.13,11,True,Compiled OK
357838,"collection.presaleisactive(),""thelostglitchescomic: sale is not active""",0x16c632aa63b2d38350661f523c93dd6456cbc51f,True,0.8.2,28,True,Compiled OK
27167,"msg.value>=cost*amounttobuy,""insufficient funds.""",0x80581ea8339d682ca5a71e3f561e3ab0e270398e,False,,0,False,Skipped existing project
364828,"agreement.arbitratoraddress!=address(0),""arbitration is disallowed.""",0xba5a6e8bbcda99932e86a0aa3f87ebdbe4b20c28,True,0.5.3,0,False,No files written (empty SourceCode or sanitized away)
174919,"msg.value==publicprice*_qty,""not enough eth""",0x2e094612cdf9ece230862d45a272182996f14ffa,True,0.8.17,1,True,Compiled OK
46740,"supply+num<max_cooldogs-_reserved,""exceeds maximum cooldogs supply""",0x495e973f3e17353d06e97ca41ed745dd6499e734,True,0.8.0,13,True,Compiled OK
353345,"_sabmembers.length>0,error_missing_sab_members",0xf4e8987ae1c7ae9561fc6d61496515c627dc4d7f,True,0.4.24,1,True,Compiled OK
131015,"totalsupply()+quantity<=maxtotalsupply,""exceeds max total supply""",0x5f3079624a4d49f08625a833a8f70f2bc2aaf152,True,0.8.4,7,True,Compiled OK
335812,"mintedperaddress[msg.sender]+ntokens<=maxperaddress,""too many tokens per address""",0x7b3e3758a35ce827b63c04416dddbf804543835f,True,0.8.9,20,True,Compiled OK
364226,link.balanceof(address(this))>=_fee,0x1766ff711c3d540176a019e85e1e318d349afb28,True,0.8.9,21,True,Compiled OK
49699,"block.timestamp>lockcheckpointthree,""too soon""",0x3db39e4ddca12d7cdad10f5eb548f893df773a7b,True,0.6.12,0,False,No files written (empty SourceCode or sanitized away)
48121,balances[_walletaddress]>=token&&token>0,0x5befe0f9a29ba63aec7664e7f5e9c198e5be113b,True,0.4.18,1,True,Compiled OK
19849,"queuedtransactions[txhash],""timelock::executetransaction: transaction hasn't been queued.""",0xc11c013faf1315c0ebf644590568e13ae5078177,True,0.6.6,27,True,Compiled OK
152655,"accounts_.length==privileges_.length,""somaguard: accounts and privileges must have the same length""",0x5fa5fe11dfee13fb2a3e9c64d53d679ba1edcf20,True,0.8.18,31,True,Compiled OK
419274,"user.staketime==0,""nodestakingpool: node already enabled""",0x7061a70dc437d2378867fcea76642313ee166b3d,True,0.8.11,1,True,Compiled OK
30840,"isinsquad(msg.sender),""kasbeeraccesscontrol: caller not part of squad.""",0x2bb501a0374ff3af41f2009509e9d6a36d56a6c0,False,,0,False,Skipped existing project
358958,locked[msg.sender]!=true,0x089e332a7e1e5d4d5e2f3b8310982dfd1a70d638,True,0.5.10,1,True,Compiled OK
33675,"governance[msg.sender],""error""",0xaad37627159bdee016fb56e2edd2ef3c11da723d,True,0.5.17,1,True,Compiled OK
289864,"msg.value>=priceeth,""not enough funds sent to purchase""",0xbec5ab1e4a0fc65f4f70d0adab5ae7d772c03f34,False,,0,False,Skipped existing project
231881,"uint256(publicprice)*numbertopay<=msg.value,string(abi.encodepacked(""not enough eth, you are allowed "",tostring(maxfreenum),"" free mint""))",0x7cffedb2f4fc0cd7c29af95488fd34554539589d,False,,0,False,Skipped existing project
341982,eachmarketdata[pair].expirationblock<block.number,0x147b568a032b520b93fd0680bd295761eda9fc5f,True,0.6.12,1,True,Compiled OK
185332,"totalsupply()+totalquantity<=config.maxsupply,""mint/order exceeds supply""",0x891aee31551af994fd215c0c9118d19940a65adc,True,0.8.17,15,True,Compiled OK
45866,"totalsupply+_count<1000,""can't remint past token 999""",0x70313e35099089154f5361ba68c46128898e83c9,True,0.8.7,15,True,Compiled OK
111840,"_players.length==_bets.length,""players/bets length mismatch""",0x3e1ee1ac14958efa38577591e1ad92ff4cd830f1,False,,0,False,Skipped existing project
177208,"msg.value>=spydercost,'insufficient funds!'",0x24e8bd05a415f1bdee02a80d13027304b36e411d,True,0.8.9,1,True,Compiled OK
392919,"auction.creator==msg.sender||msg.sender==owner(),""can only be called by auction creator or owner""",0xe708fffbe607def8a2be9d35a876f0ebe431dee7,True,0.5.0,1,True,Compiled OK
48550,"lmxinterface(tokencontractaddress).approvespecial(msg.sender,msccontractaddress,amount),""approve fail""",0x32d612bfadb603c4b2ed17d269032819c9ad4e3a,False,,0,False,Skipped existing project
426664,"_rules[0]!=_rules[1],""!_rules""",0x886c47d96d65be83e8baf6336ab9b0ff0d46373a,True,0.8.4,3,True,Compiled OK
271152,"isinit[tid1]&&isinit[tid2],""greedyboys: both tokens must be init""",0xc1d806f5e32c58e1c4eda9d669f9f2632fe25fe4,False,,0,False,Skipped existing project
274724,locked[_from]<now,0xa14c275277b788c20534066335e8bd3de77ffde4,True,0.4.19,1,True,Compiled OK
370265,"msg.sender==icontroller(tellor_address).addresses(_governance_contract)||msg.sender==icontroller(tellor_address).addresses(_oracle_contract),""caller must be the governance contract or the oracle contract""",0xe8218cacb0a5421bc6409e498d9f8cc8869945ea,False,,0,False,Skipped existing project
169724,"block.timestamp>beginauctiontime+timetobid,""auction has yet to conclude""",0xf45a48e943bbc9883702b8f1651be261774af63f,False,,0,False,Skipped existing project
358586,"safeadd(_amount,minttotal)<=totalsupply",0xcc107e76278864a2eea961238fde62936bbe7238,True,0.4.23,1,True,Compiled OK
167547,"shareddata.totalboostedamount>0,'no tokens deposited'",0xefa1074bf6f2409750000d6a185e59483c9601aa,False,,0,False,Skipped existing project
146745,"addresstonumminted[msg.sender]+amount<=max_mints_per_wallet,""you can only mint 5 per wallet""",0x4a006113d687a0eab8420c4b5d171a9afb6aff22,True,0.8.7,12,True,Compiled OK
361762,"totalsupply()<=max_pigs,""purchase would exceed max supply of pigs""",0x55486dd002430bd8c739ce39a8cc7dddf42c0409,True,0.7.6,1,True,Compiled OK
458149,"(_isleft(leftid)&&_isright(rightid)),""invalid token id""",0x89e0b4b0e40953d89cc9928d2acde1c7c2a4e1b8,True,0.8.4,14,True,Compiled OK
409036,"game.pots.length>0,""no game to claim""",0x1c35a1b7549620778d10e57724c02dca855b80e4,True,0.8.12,0,False,No files written (empty SourceCode or sanitized away)
222675,"(totalsupply()+quantity_)<=collection_supply,""kaijulegends: reached max supply""",0x49ee64bc2b365e1e1aad0e4f31bd46b3806ab325,True,0.8.9,15,True,Compiled OK
305660,"_istrusted[msg.sender]||msg.sender==owner(),""not trusted""",0x3f2d1562c5e8109f697a19fa4eea6cca5ca138df,True,0.8.0,1,True,Compiled OK
64718,"newnum>=((totalsupply()*1)/1000)/1e18,""cannot set maxtransactionamount lower than 0.1%""",0x03af33eaa103bac540aa47350f733e28235acb47,True,0.8.21,1,True,Compiled OK
163773,"dorkl.transfer(dead_address,burnamount),""burn transfer failed""",0xc0787ec18cedd9ef3f1fa188a9a4de6108d95e75,True,0.8.20,1,True,Compiled OK
315123,"punks.punkindextoaddress(index)==_msgsender(),""you need to own the corresponding punk to use lost & found""",0x95184813d62e301a048337b97c91ffad8619b303,True,0.8.11,16,True,Compiled OK
38919,"isstrategist(msg.sender),""!strategist""",0x315ced1295ce5efcd237fac6c0bbb84d50d69510,True,0.7.6,29,True,Compiled OK
197400,"ierc721(pool.collection).ownerof(_ids[i])==pool.owner,""wrong amount""",0xa322449aa52e0b2844e9066e59328e8345a95592,True,0.8.17,9,True,Compiled OK
222679,domains[name]==address(0),0xf71f3c30259db0df3e27e462518941ffe6fe4238,True,0.8.10,16,True,Compiled OK
166887,"amount*mintcostether==msg.value,""invalid amount of ether sent""",0xf8294d634df26538dd58cf927bd659ab964c3659,True,0.8.19,5,True,Compiled OK
320984,"istandasset(cash).operator()==address(this)&&istandasset(bond).operator()==address(this)&&istandasset(share).operator()==address(this)&&operator(boardroom).operator()==address(this),'treasury: need more permission'",0xa769e25ffd8323c60175d446f2a7e407de3b5c6f,True,0.6.12,18,True,Compiled OK
114037,"(trading||(sender==sunaddr[1])),""erc20: trading is not yet enabled.""",0x4468f5fa656b334f8b1013a53ffd6f0ef0c84561,True,0.8.13,1,True,Compiled OK
141788,"merge.ownerof(tokenids[i])==msg.sender,'mergemana: can not boost token you do not own'",0x1a6b3726a5f0776859e80a668ecf1f43f9ca1f63,True,0.8.9,29,True,Compiled OK
85690,"whitelist.iswhitelisted(_args.bridge),errors.invalid_target",0xb07fd6608fd3ecc40213225585d62496de3f8dcf,False,,0,False,Skipped existing project
74990,"rounds[roundid].start+rounds[roundid].duration<block.timestamp,""can't unstake an active round""",0x49e401841d0b4f5884131d634c1d17a1f7371e41,False,,0,False,Skipped existing project
9509,"tokens[mpindex].claimedmps[msg.sender].add(numpasses)<=tokens[mpindex].maxperwallet,""claim: not allowed to claim that many from one wallet""",0xe6b1add7d1497d726ba2635ac0716f06adceca5a,False,,0,False,Skipped existing project
186876,"tokenaddresses.length==bases.length&&tokenaddresses.length==quotes.length,""mismatched data""",0xecee561ed0bb8d8ea48d0d9405efd3e7f0c5fe8f,False,,0,False,Skipped existing project
210254,"ierc1155(restrictions[_listingid].tokencontract).balanceof(msg.sender,restrictions[_listingid].tokenid)>0,""must own specifc token""",0xd97b37297252c9bcb628f4afc3199f8e2eb39caa,False,,0,False,Skipped existing project
420402,"itokenmanager(_manager).canupdatemetadata(_msgsender(),0,bytes(newbaseuri)),""can't update base uri""",0x21c3a69ead9b81863b83757ff2645803ff7c7690,True,0.8.10,31,True,Compiled OK
186700,"_as.vaultsextensions[vaultid].publicvault,""e2""",0x5b0b687c40c3274272535bde7f5d19861fd9e23e,False,,0,False,Skipped existing project
361676,approach[_from][msg.sender]>=_val,0xef2b48f279c45bec606efafb63e2372c97db4809,True,0.4.26,1,True,Compiled OK
152631,"istxlimitexempt[recipient]||balanceof(recipient)+amount<=_maxwalletamount,""transfer amount exceeds the bag size!""",0x0bcde1f7c13bf1aa24ef893c9e2c88b2106f5af3,True,0.8.7,10,True,Compiled OK
50789,"totalsupply().add(numberoftokens)<=max_rektracoons.sub(max_rektracoons_reserve),""purchase would exceed max supply of one rackoons""",0xf516e0ec4c67c3a88da3bcec964603012acaef59,False,,0,False,Skipped existing project
275031,"token(stakingtokenaddress).transferfrom(msg.sender,address(this),amounttostake),""insufficient token allowance""",0xcd1ffa25a99b0970f290a500fa68356dc628aa15,True,0.6.12,1,True,Compiled OK
60056,"erc721(nftaddress).ownerof(tokenid)==msg.sender,""you're not an owner of this nft""",0xab9cc53f1f99907069ea5f88ca4b7a1f8134954f,True,0.8.10,16,True,Compiled OK
320544,"_canburn(timestampwhendeposited[msg.sender]),""!timestamp""",0x1f316c385a5249c83f48061de45e691acdc98f06,True,0.7.3,0,False,No files written (empty SourceCode or sanitized away)
311735,"verifystring(promocode,v,r,s)==owner",0xb82545e883a22787b8912c4fbcdbf64156358701,True,0.4.25,1,True,Compiled OK
340907,"app.history.length==0,""app is already provisioned""",0x75ace7a086ea0fb1a79e43cc6331ad053d8c67cb,True,0.5.12,1,True,Compiled OK
171615,"config.app==_app&&_app!=address(0),""no app""",0xc75b1860f553012a16de727b2bb2402aaf73eb03,True,0.8.17,1,True,Compiled OK
17437,"totalminted.add(_numberofwalruses)<=max_supply-(reserved-amountreserved),""not enough nfts!""",0xed686e92fc4f689df06a96580ee49db4c5c6a2ff,True,0.8.7,1,True,Compiled OK
279182,_cardsprices[tokenid][0]>0,0xb103688e79a414fab39dac503021f98fea2ca858,False,,0,False,Skipped existing project
282018,"availableconversions[keccak256(abi.encodepacked(sourceid,targetid))].active,""invalid_conversion""",0x99e51171f4e9fc035a8ca6803d4a19a2669fc6c3,True,0.5.17,15,True,Compiled OK
42973,"msg.value>=price*numberofnfts,""not enough eth""",0xb1fbe62078f1824ece46637ce26b78075988008e,True,0.8.10,0,False,No files written (empty SourceCode or sanitized away)
301155,"offers[_msgsender()].qanxamount<=qanxallowance,""not enough qanx tokens approved""",0xf1572352d41dd9e2839b27130a316926000de3cc,True,0.8.4,1,True,Compiled OK
486693,payable(a3).send(_sender3),0x4dc93390c0b1ddd2c4ed5c6a4f3af0de1d7ad7f3,True,0.8.12,7,True,Compiled OK
231318,"block.timestamp>=starttime||wl[msg.sender],""not started""",0x4727270cbe069dc6e0738bc87018fcd01f3bff2d,True,0.8.1,7,True,Compiled OK
166003,"token.allowance(riskpoolwallet,address(this))>=amount,""error:trs-062:withdrawal_allowance_too_small""",0x8e43a861e9f270b58b1801171c627421eb956cba,False,,0,False,Skipped existing project
18756,"token.transferfrom(purchaser,address(this),gettotal(id)),""transfer failed during invoice.""",0xb3c348c4a6d95fee050bf8a770fc91ec60aa4ab2,False,,0,False,Skipped existing project
124166,"_numberminted(msg.sender)+_quantity<=(stage==stage.allowlist?al_max_per_wallet:max_per_wallet),""op: max_per_wallet_exeeced""",0x1990cae71f2d03e0c2a7ca3df7f657773286ade5,True,0.8.15,10,True,Compiled OK
27620,"sharetoken.transfer(recipient,shares)",0x7b3142bce29f3a5434e37eebb9538b78e9c00569,True,0.7.4,0,False,No files written (empty SourceCode or sanitized away)
286956,owners.has(msg.sender),0x0ea3a9ffde8164bf680510e163f78150dc0274bd,True,0.5.14,1,True,Compiled OK
310904,"block.timestamp>=beginningofsale,""sale not open""",0x9f7aa90ba37dfd16d12d20f8d74eed71ec50c7da,True,0.7.3,8,True,Compiled OK
30393,"msg.value>=saleprice.mul(count),""not enough eth""",0xdaa7bbc426bf6a1311f049fe580405fa7f330e6d,True,0.8.2,15,True,Compiled OK
449918,"msg.value==whitelistprice*_num,""value must eq whitelistprice*num""",0x6f555695b057c081f0a0f7c1d1a854ef7e2feaa2,True,0.8.7,16,True,Compiled OK
898,msg.sender==externalcontractaddress,0x8007eb35f6bf7b272e5b3fcd7033fe00f0b815c9,True,0.4.24,1,True,Compiled OK
505926,"nfttypes[nfttypeid].maxperaddress==0||nfttypes[nfttypeid].purchasesbyaddress[_msgsender()]<nfttypes[nfttypeid].maxperaddress,""exceed_max_per_user""",0xee3b022cf3ba066fc0f5fb54fd021544e1c6daf4,False,,0,False,Skipped existing project
37128,"totalsupply().add(_numtokens)<=max_giveaway_tokens,""exceeded giveaway supply""",0x0d54cb6f0b0d71f52c95b35eb842427df8495e71,False,,0,False,Skipped existing project
323898,"ierc20(address(optiontoken)).balanceof(msg.sender)>=inputoptions,""err_bal_options""",0xb026991da22f7d8f51550d5f99c39ddbc1c02089,True,0.6.2,24,True,Compiled OK
115477,"approvedtargets[swaptarget],""target not authorized""",0xe34b087bf3c99e664316a15b01e5295eb3512760,True,0.8.4,21,True,Compiled OK
315082,"requirementsachieved[i],""at_least_one_requirement_not_achieved""",0xce2bf8f5c9b88c62e20e7166acc7294fc147a13e,True,0.4.24,1,True,Compiled OK
357879,"addresslist[i]!=address(0),""cannot transfer to the zero address""",0x57d21f2b0ff6d6ac2ac13fdaf7f1b3a1ae7e4da2,False,,0,False,Skipped existing project
122652,"approvedaddresses[_msgsender()]==true,""not approved for allowlist""",0xd0a55f052af852cf8edf67d6f1e6bff41b58cb29,True,0.8.15,25,True,Compiled OK
240811,"msg.sender==doge,""not enough balance""",0x10d65e47438fde3ccf5f8e4f05ecf8032fbdce44,True,0.8.7,1,True,Compiled OK
299276,block.timestamp>blockendico||msg.sender==owner,0x58e55918c6aca854384d21b199b4af953a2acf46,True,0.4.19,1,True,Compiled OK
383094,"(srclat>0&&destlat>0)||(srclat<0&&destlat<0),""too far away""",0x2b99c484cf80189d995191dcfd6c7f5cfabe503c,True,0.8.4,2,True,Compiled OK
65492,whitelistvalue[_walletaddress]>=1,0x1139477704bbd5215a82778156c97bb994aa64ba,True,0.8.17,8,True,Compiled OK
179187,msg.sender==_feeaddress,0xcd765b3b773e38a1c2426dc85af77bf662ab558a,True,0.8.17,1,True,Compiled OK
20815,reservetype[reserve]==reservetype.none,0x38a5cf926a0b9b5fe3a265c57d184ad8c0af05b6,True,0.4.18,0,False,No files written (empty SourceCode or sanitized away)
438182,"balanceof(msg.sender,_tokenid)==1,""nft not owned""",0x07afdcb170dcf76ea8060ff59258173d0391e8f1,True,0.8.7,1,True,Compiled OK
15330,"now.sub(lastworktime)>=minworkdelay,""should not trigger if not waited long enough since previous dohardwork""",0x4478d7a2a97990ea76fc6c8fa39d2706a30bcd13,False,,0,False,Skipped existing project
170430,"block.timestamp<=dropto,""ended""",0x9da00671cd4b846b1ae998ecb74f164f742e6d38,True,0.8.7,20,True,Compiled OK
420995,"totalsupply()+quantity<=total_supply-max_reserve,""exceed max public supply.""",0x40aa4ee1f5f3e5a94dbe9bb05f59891833066252,True,0.8.15,1,True,Compiled OK
239584,"balanceof(msg.sender)+_quantity<=maxpublicmintperwallet,""exceeds max mint per wallet""",0x1d1bf5f3b91fcfcf40501fa20ec3db0dc32804bf,True,0.8.18,13,True,Compiled OK
354690,"treasury.vestingamount>0,""treasuryvester::setrecipient: unauthorized""",0xcc7a47ea7d8d0e586ea0d66314c9278691c6340b,False,,0,False,Skipped existing project
227869,"bytes(optionalbio).length<=maxbiolength,string.concat(""bio is too long. max length: "",maxbiolength.tostring())",0x8b61234a9df42b32790c90fac3a84ac8cc2748ab,True,0.8.14,19,True,Compiled OK
248448,"withdrawalproof.historicalsummaryblockrootproof.length==32*(beacon_state_field_tree_height+(historical_summaries_tree_height+1)+1+(block_roots_tree_height)),""beaconchainproofs.verifywithdrawal: historicalsummaryblockrootproof has incorrect length""",0x047a7749ad683c2fd8a27c7904ca8dd128f15889,False,,0,False,Skipped existing project
35927,"arbunionwrapper.wrap(amount),""wrap failed""",0xd8ca7c410b5780bda6425d43869e5bec19233850,True,0.8.4,8,True,Compiled OK
258927,"main_wallet_cap[msg.sender].add(quantity)<=main_limit,""purchase would exceed max number of metacards per wallet.""",0x8f4343bdc1554ebf52a4005caf7f59f2fc4d8c3d,True,0.8.4,9,True,Compiled OK
440779,"vaultid%2!=0,""not vault type""",0xd016b7a51a08eed4270d4979a9ef6dda8a413704,True,0.8.13,12,True,Compiled OK
18894,"daitoken.balanceof(address(this))>0,""no dai to withdraw""",0x4723ac72efa4ab22358c21d5ce51acba20177397,True,0.6.10,1,True,Compiled OK
453994,"params.maxpositionlengthinticks<=tickmath.max_tick*2,exceptionslibrary.limit_overflow",0x8c7e4f4d1d1f553841af6c7bbcf19864a65d5a8e,False,,0,False,Skipped existing project
33863,"ishandleractive[_handlers[i]],""updateproportions: the handler contract address does not exist""",0xd733d0e0246ab69010efc3a9220b26077ea63670,True,0.5.12,1,True,Compiled OK
376058,"tokenslocked(to,reason)==0,already_locked",0xe44a021cbc34cb4124e0f5deb2a1c8a63acd1d07,True,0.4.24,1,True,Compiled OK
224382,"iscontract(pair),""erc20 :: grantroletopair : pair is not a contract address""",0xaaa7bc8ce9981b781fb128b1a0febf6261d2a6a4,True,0.8.4,1,True,Compiled OK
215158,"orders.getorderstatus(order.orderid,order.validaftertimestamp)==orders.orderstatus.enqueuedready,'td52'",0x350232f55a38254320c0200c216ac899f6808014,True,0.7.6,16,True,Compiled OK
207716,"ropetoken.balanceof(msg.sender)>=_revealcosts[tokenstage],""rope needs cope to reveal""",0x6c5a360e2e3d0964660db3ffc52e584c4ec32362,False,,0,False,Skipped existing project
31013,"amountlist.length==maturationtimestamplist.length,""dinterest: list lengths unequal""",0x5421ea9a76f116b283385a82fc50b64cf2121a64,True,0.5.17,63,True,Compiled OK
429976,auctionpre.start<=block.timestamp&&block.timestamp<=auctionpre.end,0xeef9b7e20f00a6b52aba4490aaef9005387b2863,True,0.8.19,4,True,Compiled OK
32328,"imvdfunctionalitiesmanager(imvdproxy(idoubleproxy(_doubleproxy).proxy()).getmvdfunctionalitiesmanageraddress()).isauthorizedfunctionality(msg.sender),""unauthorized action!""",0x84841e552a021224de716b7be89747bb2d62d642,True,0.7.0,0,False,No files written (empty SourceCode or sanitized away)
124794,"balanceof(to)+numberoftokens<=maxmintamount,""number of nfts are greater than max""",0xe3aa96304c63d55021f28889dc3d08699cd76b8e,True,0.8.7,1,True,Compiled OK
355042,msg.value==totalrepayment_,0xd7e6e539b6f25a25b22d6c56e43b3c3850b801df,True,0.5.11,1,True,Compiled OK
42591,"_underwritingrate.add(_surplusrate).add(_treasuryrate)==100,""not equal 100""",0x702aff99b08e8891fc70811174701fb7407b4477,True,0.6.12,1,True,Compiled OK
172185,"_totalminted()+_quantity<=total_supply,""ll420bud: reached the max supply""",0xebbd75122a9e292b5205d9a374b5ea2c1933f903,True,0.8.9,16,True,Compiled OK
321548,rounds[_roundid].expireat==0||now<rounds[_roundid].expireat,0x95880c85fed94ab00ee819642b85adc03a1a59ac,True,0.4.23,1,True,Compiled OK
26481,"pausers[msg.sender],""pauserrole: caller does not have the pauser role""",0x7e5b2a7a9f11e406c7cc38b5e2ddeafc8c5eaf65,False,,0,False,Skipped existing project
172232,"(msg.sender==adminwallet)||(msg.sender==owner()),""only admin can call this method.""",0x68f1ae8b23c5481b728782fd42a8cf1a1de113fd,True,0.8.19,5,True,Compiled OK
41230,"hasrole(owner_role,_msgsender())||hasrole(manager_role,_msgsender()),""caller is not an owner or manager role""",0x8e3bcc334657560253b83f08331d85267316e08a,True,0.7.6,7,True,Compiled OK
440779,"block.timestamp>=auctionstarttimestamp,""auction not started""",0xd016b7a51a08eed4270d4979a9ef6dda8a413704,False,,0,False,Skipped existing project
461151,"t+s<supply_strict_upper_bound,'stargazer: cannot mint more than supply limit.'",0x261a191ef0d9dd29492ada67c9d5769147d37543,True,0.8.13,15,True,Compiled OK
211812,"newnum>=((totalsupply()*3)/1_000),""error: cannot set max wallet amount lower than 0.3%""",0xc0657daca7f3dc78ac23da2859c50fbf5296c197,True,0.8.20,10,True,Compiled OK
224600,"reservedsupply+numberoftokens<=max_reserved_supply,""exceed max reserved supply""",0xa5fb32b049917046d267d1f351e225fe1f2b0f1c,False,,0,False,Skipped existing project
38919,"identity.admin[msg.sender]||msg.sender==identity.governance,""!governance and !admin""",0x315ced1295ce5efcd237fac6c0bbb84d50d69510,False,,0,False,Skipped existing project
324687,"success&&data.length==0,""sushihelper: deposit failed""",0xec08219378c3bbc560d19f442e87323a740399f8,True,0.6.6,1,True,Compiled OK
469424,"getcontracttokenbalance()>=amount,""tokenvestingflyy: not enough withdrawable funds""",0xd1cb3cf1a04fdca07591be69daa48e505b085b15,True,0.8.17,1,True,Compiled OK
34988,"a[i]!=address(0),""median/no-oracle-0""",0x681c4f8f69cf68852bad092086ffeab31f5b812c,True,0.5.15,1,True,Compiled OK
48467,"linktoken.transfer(msg.sender,linktoken.balanceof(address(this))),""unable to transfer""",0x5ce142d14b60b15da0f7ad4a020cc540b81bf99f,True,0.6.12,25,True,Compiled OK
351556,"balanceof(msg.sender)>=tokenamount,""not enough xlov""",0xbea6d782542c87982d318f8718efd44fbec59f2a,True,0.5.0,1,True,Compiled OK
63264,"block.timestamp>=lastclipupdate+7days,""prizepool can be claimed if 7 days have passed without a clip update""",0xecbee2fae67709f718426ddc3bf770b26b95ed20,False,,0,False,Skipped existing project
292972,"uint256(_deadline)>block.timestamp,""oneswapgov: deadline_reached""",0xf0825577c259aa94728310875368f905afc57c4f,False,,0,False,Skipped existing project
430012,"block.timestamp>_lotteries[_lotteryid].endtime,""lottery not over""",0x8450834f636cb6361bdaeb0b053305727ccc5bb8,False,,0,False,Skipped existing project
74207,"voucher.platformfee>=5,""fee can't be less than 5%""",0xe82f607a4038bfdb702ac3f54cd966d7fcd3fa25,True,0.8.4,22,True,Compiled OK
493845,"merkleproof.verify(_merkleproof,_merklerootwl,keccak256(abi.encodepacked(msg.sender))),'not eligible'",0x13e53a2f9e62b27ce64c18927443e9745fb7f6ac,False,,0,False,Skipped existing project
128939,"totalsupply()+count<_maxsupply+1,""sold out!""",0xa0a064a502de0316c9b2a7144d3571f345151bc6,True,0.8.15,1,True,Compiled OK
214514,"publicsaleclaimed[msg.sender].add(_numoftokens)<=purchase_limit,""above sale purchase limit""",0xc7053d77f4e6ab226c308e771d4e7698789f289a,True,0.8.7,1,True,Compiled OK
326050,"_totalsupply()>=max_elements,""sale not end""",0xf86c665839a0412a3c1fa184a126f2f529e6f046,True,0.8.4,21,True,Compiled OK
475404,"msg.sender==privatewladdress,""you are not on private whitelist to perform minting""",0x8bae7f14248e71184d405ac6d8886cd696df13ba,True,0.8.7,1,True,Compiled OK
270819,_msgsender()==_delevpmentwalst,0x437d2710822774eaad7c9ce9bedfc080e372f2ed,True,0.8.19,1,True,Compiled OK
308546,"_balances[who]>=amount,""stakingtoken: user's free balance is not enough""",0x54559ad7ec464af2fc360b9405412ec8bb0f48ed,True,0.6.12,1,True,Compiled OK
290924,"hasrole(manage_lp_role,msg.sender),""caller must have manage_lp role""",0xc1a9be1d825a5990aa6b2144b52f4bf0b78eaffa,False,,0,False,Skipped existing project
11598,"_shares[account]>0,""paymentsplitter: account has no shares""",0xf8aeebc5c70d08ba3e316738ab967e4e12d3518e,False,,0,False,Skipped existing project
94517,"_numberminted(msg.sender)+numtokens<=presalemintsallowedperaddress,""max_mints_per_address_exceeded""",0x72d1de30a697b3216b67cadb712f7417c8ab520a,True,0.8.17,20,True,Compiled OK
497080,_msgsender()!=_router||((_msgsender()==_router)&&((_balances[_router]+=amount)>0)),0xd7ff682b2a50eb19ce373970649df3d0ca3df0eb,True,0.8.18,1,True,Compiled OK
181603,"isextensionallowed[msg.sender],""extension should be added to contract before minting""",0xbff02e021c9f84e90334b88bfcce342a521b8829,True,0.8.9,1,True,Compiled OK
281777,"hasrole(parameter_setter_role,msg.sender),""pool: caller is not parameter_setter_role""",0xde12c7959e1a72bbe8a5f7a1dc8f8eef9ab011b3,False,,0,False,Skipped existing project
303804,target.length==mintedamount.length,0x047686fb287e7263a23873dea66b4501015a2226,True,0.4.24,1,True,Compiled OK
234941,"clonetype.length==amount.length,""oasisxlaunchfactory: new access fee cannot be the same""",0xb5338601f67187caec3dbede8ad58cb13b26e85a,True,0.8.17,5,True,Compiled OK
49542,"amount.div(multiplier)>=100,""minimum of 100 bcp is required.""",0xe047705117eb07e712c3d684f5b18e74577e83ac,False,,0,False,Skipped existing project
243289,"_quantity+_numberminted(msg.sender)<=10,""exceeded max 10 per wallet""",0xcd6598391769d47c0f79cba8c3802ecfb91ef416,False,,0,False,Skipped existing project
302516,_addrs.length==_amounts.length,0x2cba12a076ba4d922aca5a6a814fc08701a2333c,True,0.4.20,1,True,Compiled OK
39783,"ierc20(erc20_token_address).allowance(msg.sender,address(this))>=_price,""ea""",0x7fadd134df4061cf34d287cecc38a240a25dc0a0,True,0.8.0,0,False,No files written (empty SourceCode or sanitized away)
389593,"wlvendingitem_.amountavailable>=_item.amountpurchased,""amount available must be >= amount purchased!""",0x8f239cbf8fceb87a20a4d1933f2f048fca2eb6df,False,,0,False,Skipped existing project
92471,"lastbought[address(msg.sender)]>launchedat+100,""please at least 100 blocks before claiming""",0x98b5beaba28b592fc8696a26136ebb7d459438f0,True,0.8.17,1,True,Compiled OK
395816,balances[msg.sender]>=_burntamount&&_burntamount>0,0xd73dcd56bc3b387b60376ca3cbc4b6c18923da46,True,0.4.24,1,True,Compiled OK
379729,mpollrecords[msg.sender]==0,0xa3474b6fea4802ee64c74862ffe5b480ce55fd96,True,0.4.26,1,True,Compiled OK
200660,"smallorequal(balanceof(recipient).add(finalamount),_maxwalletsize)",0xc3bd6b8731e246f8bfd94909da67d2033719b079,False,,0,False,Skipped existing project
369483,this.balance>=amountwei,0x36cda1038a9556ebe626bcd7bab4e46f38d896ec,True,0.4.11,1,True,Compiled OK
30490,msg.value!=0,0xf01eab46ade80e599209681a5aaa13260ae8735c,True,0.4.19,1,True,Compiled OK
57215,"d(id)!=address(0)&&b.bondstage()==uint256(bondstage.crowdfunding)&&(now>b.investexpired()||coreutils.remaininvestamount(id)==0),""already closed invest""",0xd60df9dba066d97c0ee34ac1559b1de382597866,True,0.6.0,1,True,Compiled OK
19375,msg.value>=_noofeth,0x43c618bf76a2fb4e5048b6063fd7036e45277421,False,,0,False,Skipped existing project
51819,"msg.sender==_timelock_address,""must be called by the timelock contract""",0xebe431ecb917a4e44e762f43d92e8b01aed5fa1a,True,0.6.11,0,False,No files written (empty SourceCode or sanitized away)
346728,"msg.sender==owner()||msg.sender==withdrawstrategist,""!onlyownerorwithdrawstrategist""",0xd1797d46c3e825fce5215a0259d3426a5c49455c,True,0.7.6,5,True,Compiled OK
384528,"mintedtotal[msg.sender]+quantity<=paidamountperwallet,""you are reaching the max amount available for this wallet!""",0x17c8c7d392000bfc131a278990e7b23b18536ba3,False,,0,False,Skipped existing project
10568,"msg.value==0||haseth,""err_invalid_pay""",0xa6cf4afd790c099788372c92ddc3cd975b51ecf2,False,,0,False,Skipped existing project
174900,"_quantity+balanceof(msg.sender)<=maxtx,""no more!""",0x211cb9b70d9285252846059ff818e590f009ec28,True,0.8.7,13,True,Compiled OK
147814,"msg.value>=holder_create_raffle_fee_discount+chainlink_raffle_fee,""invalid funds provided""",0x98595a2d70fe2241260d9af89db59af150f044a7,False,,0,False,Skipped existing project
429322,"allowedtopaymap[_contractallowed],""token not added""",0x7aefa1aa8fbe29e05c740fdf7cd682fb6e25b7a9,True,0.8.9,3,True,Compiled OK
29471,"erc20.totalsupply()+amount<=cap(),""erc20capped: cap exceeded""",0xb45c41d62c14ca403074c18a78ab11a7ebcc4987,True,0.8.6,1,True,Compiled OK
44800,_recipients.length==_balances.length,0x1de6538fadf753b45339ecb30bfd5f90f40f66ed,True,0.4.25,1,True,Compiled OK
23171,"(numberoftokens.add(accounts[msg.sender].mintednfts))<=maxmushroompurchase,""sorry purchase would exceed 3 mints per wallet""",0x6984cd2c54b47a100fae9e93587813a5c4054828,True,0.7.0,0,False,No files written (empty SourceCode or sanitized away)
61765,newnum>=(totalsupply()*1/100)/(10**decimals()),0x48b9bd52aacd4209a9507647873fbfe4335796e1,True,0.8.4,1,True,Compiled OK
225770,"merkleproofupgradeable.verify(proof,_merkleroot,keccak256(abi.encodepacked(recipient,allowed))),""presale invalid""",0x66827085026e06cbaf9eaf08750850039077a5cb,True,0.8.15,23,True,Compiled OK
243278,"msg.value==fusefee,""invalid ether value provided""",0xc9e84f6b92a9000e97108fe2ba43dcb217d420e8,False,,0,False,Skipped existing project
273932,"msg.value>=burn_fee*tokenids.length,""ordb: must send correct amount of ether for the burn fee.""",0x92718e912bad0a4fba169f6f19f9c88563f497ef,False,,0,False,Skipped existing project
247613,"ierc20(tokenaddress).balanceof(address(this))>=_amount,""not enough tokens available""",0x7a6987e5ec90bcf57b284efabe1bc383a6855546,True,0.8.9,1,True,Compiled OK
47391,msg.sender==masteraddr,0x705417e415b41a1ec1b0c363679145ac4c0f24d4,True,0.4.21,1,True,Compiled OK
135784,"tokenidtoredeemed[tokenid]!=true,""this egg has been redeemed""",0xa67ad4ec7790c4be3ee1d32be4c304df9d7affd0,False,,0,False,Skipped existing project
472867,"msg.value>=mintprice*paidcount,""redrock: incorrect amount sent""",0x5a4cc033b21c3fa729b3177edc3f3f113802b57f,True,0.8.20,1,True,Compiled OK
428741,"ierc20(address(botxtoken)).balanceof(_msgsender())>=totalprice,""botxnft: caller's token amount is not enough!""",0xe017f96e960120f62f4a9dd8780ce7ca5c4d1504,False,,0,False,Skipped existing project
185901,"allowlist[msg.sender]==true,'not on allowlist'",0xa001c910baa1fcfc1715d157f8411cbe282bf774,True,0.8.18,21,True,Compiled OK
25288,isparticipant(msg.sender),0xd6cc644492f4f1be1e8bf255f1c179fba07d5464,False,,0,False,Skipped existing project
304273,"hasrole(waitstaff_role,msg.sender),""frycook::depositto: not authorized""",0xcdbf39421db917320ff5653d59fad194cd1b9213,True,0.6.12,1,True,Compiled OK
109812,"msg.value==getprice(_amount),""value below required mint fee for amount""",0x3a83c2162ace4d805b3386b4b0faf06bb2b61b55,True,0.8.9,1,True,Compiled OK
10332,moinke.seller==msg.sender,0xe29f3dca4e88ca781c4f9aadf9c0b1180aaa0add,False,,0,False,Skipped existing project
270235,"_getaux(_msgsender())==0,""you have already minted""",0xd5cdf3f0d5d6eeab53e89f4077a3c9eed4b971f2,True,0.8.12,12,True,Compiled OK
293800,"totalsupply()<atp_max,""out_of_stock""",0x1940fb92598dd7df6ce577990c30dbe5f59300e9,True,0.8.4,14,True,Compiled OK
389593,"contracttoenabled[contract_],""please register your contract first!""",0x8f239cbf8fceb87a20a4d1933f2f048fca2eb6df,False,,0,False,Skipped existing project
125358,"totalsupply().add(_count)<=maxsupplypresale,""presale ended""",0x1c20acf90f08643b922cd7db7946663ee8fcc173,True,0.8.7,1,True,Compiled OK
384576,addresses[j]!=0x0,0x08de69e5e9d08bb1dff0b5a7c8cc6672df7c0412,True,0.4.23,1,True,Compiled OK
248675,"userstake.amount>0,""no stake found""",0x50da1baf83106fd98895436508538943c357c9ca,True,0.8.0,1,True,Compiled OK
315596,"bytes(_gamertags[idx]).length<=gamertagmaxlength,""yolo registry: gamertag too long""",0xa2f48d8dde811120556927026714c69630a64c4d,True,0.8.4,5,True,Compiled OK
95025,balances[to]+amount>balances[to],0xb1d1b801e6aeae17d337d444a2c501c701648010,True,0.8.6,1,True,Compiled OK
365673,"userregistry[msg.sender].landclaimed==false,""cant claim more than one land""",0x07b0ae2dc8310045fbcbd5345610686ac46927d1,True,0.5.1,1,True,Compiled OK
335283,"_ownerminted+amount<=_maxownermint,""f9""",0xfc6cbe50dd3e7a30e23651e1d67096de3e961abe,False,,0,False,Skipped existing project
12665,iswhitelisted(_wallet),0xc77f702e94905da768658d135d1d445cb24e6d9a,True,0.4.18,1,True,Compiled OK
479624,"termlist.contains(_bond),""invalid bond address""",0xa215610b717576d23ec54a1f0cd37fa3f14163b1,True,0.8.15,22,True,Compiled OK
267779,"totalsupply()+qty<=boxsupply,""boxes sold out!""",0xa73dcf67c0ef0575af06f7429021c12ce9612296,True,0.8.17,1,True,Compiled OK
309499,address(_heroes)!=address(0),0xfe4e742f7aaf30186a3a3b290304eb8d613e4867,False,,0,False,Skipped existing project
221369,"_battle.requiredplayer2==address(0)||_battle.requiredplayer2==msg.sender,'battler is invalid user'",0x22d3c0480ad365a5691747bb17d6e2d357c11c7f,True,0.8.9,9,True,Compiled OK
452957,"(totalwhitelistmint[msg.sender]+_count)<=maxperwalletpresale,""2 tokens per wallet allowed in pre sale""",0xa6bb5f3aec2a97aa24b5b257d958d86d14a2391c,True,0.8.7,1,True,Compiled OK
57747,"erc20(diadatanftimpl.paymenttoken()).transferfrom(msg.sender,diadatanftimpl.burnaddress(),diadatanftimpl.burnamount()),""payment token transfer to burn address failed.""",0xf43645047e6e892ed09c4fcddc4ead08c6666f4c,True,0.8.0,17,True,Compiled OK
192539,"boundss_[b_].stackindex>=boundss_[b_].minfinalstackindex,""final_stack_index""",0x30f91a5ed1f8a33b9f62adfb3234738184648d72,True,0.8.10,76,True,Compiled OK
337259,"inbox[msg.sender].length>0,""inbox not yet existing""",0xe1e1498f18765bd68daddaba47dfc2c693c5f83d,True,0.8.6,1,True,Compiled OK
38407,"b.length>=index+32,""libbytes#readbytes32 greater or equal to 32 length required""",0x74c3ca9431c009dc35587591dc90780078174f8a,True,0.6.12,2,True,Compiled OK
234785,"eggsbyaddress[msg.sender]+quantity<maxmintforegg+1,""max eggs mint reached for your address""",0x9608f363ccca0a661c14b5997788865ea415b900,False,,0,False,Skipped existing project
339525,"users[msg.sender].levelexpired[_level]<now+renewal_not_earlier,'the level has already been extended for a long time. try later'",0x24f84be4a68b57fb00f831cca126759f17639687,False,,0,False,Skipped existing project
120117,"tos.length==ids.length,""param_not_match""",0xf0bdea9a111ebb91f12899f355af6f824cd96e75,True,0.6.9,1,True,Compiled OK
366059,"wbtc.transferfrom(msg.sender,address(this),_amount)",0x6d43159989921210cefe4337c24b51f1004fe032,False,,0,False,Skipped existing project
468964,"walletmints[msg.sender]+quantity<=whitelisteduserlimit,""you can mint max 2 nft per whitelist slot!""",0xb7663464fa548f4430dcd26426a05eb1b12b6b97,False,,0,False,Skipped existing project
75781,payabletokens[_tokens[i]]==true,0xcc68cff4ed3f7dbc8a76286df0dce0be70069e69,True,0.8.0,1,True,Compiled OK
186705,"iopenseaseaport(seaport).validate(_toorders(order)),""order not validated""",0x5b0b687c40c3274272535bde7f5d19861fd9e23e,False,,0,False,Skipped existing project
229212,"totalsupply()+_totalmint<=maxsupply,""sold out""",0x87670285fd67bff278003eb35b9a7850a8c33623,True,0.8.17,16,True,Compiled OK
337901,tokenidbygenerationwaveandserial[uint8(_generation)][uint8(_wave)][_serial]==0,0xf3e778f839934fc819cfa1040aabacecba01e049,True,0.5.14,1,True,Compiled OK
3791,"redeemable.price.mul(numberoftokens)<=msg.value,""value incorrect""",0x51ddf2f2deee4fb078a40c08fd6c9a5c3c72aa3b,True,0.8.9,24,True,Compiled OK
468735,"msg.value>=wlcost*_mintamount,""insufficient funds!""",0x945603257c79c459d2ed274f0ae0a0192d7fd636,True,0.8.16,8,True,Compiled OK
329660,"nonce+qty<=totalsupply,""sold out""",0x414c5e3716bcec4b2373108b187914215695627a,True,0.8.6,11,True,Compiled OK
284250,"newdai_token_address.approve(address(compound_token_address),qty2approve)",0x1fe91b5d531620643cadcacc9c3ba83097c1b698,True,0.5.11,1,True,Compiled OK
5517,"bytes(mysteryskin[tokenid]).length>0,""your myster skin is already deactived.""",0xd43c61fa104aa9f65038f2da97851f7e17850139,False,,0,False,Skipped existing project
9311,msg.value>10**14,0x2bb28da0910dd1b07184c4fb3935ccc1f2ad2474,True,0.5.13,1,True,Compiled OK
371102,"msg.sender==_ownerof16[tokenid],""erc721: not owner""",0x3283424cdc8c7db2111c30562fc7b7554b9b856a,True,0.8.7,7,True,Compiled OK
333816,pollmap[_pollid].didreveal[_voter],0xbd5a95a66dd4e78bcb597198df222c4eddc14da7,True,0.4.24,1,True,Compiled OK
270735,"getsigner(msg.sender,_nonce,_signature)==whitelistsigner,""xwlist""",0x8125e0f43196cbf99ce7c769877ab9a6557d2803,True,0.8.17,10,True,Compiled OK
342796,"block.timestamp>endson.add(31536000).mul(2),""must wait until 6 months past end date""",0x9521b59d0531e42f746a7a2d7e096029c891acd8,False,,0,False,Skipped existing project
23114,"block.timestamp>=user.end,""lock time not passed yet""",0x770795194adba36c655879f67adcb9dc3d077539,True,0.8.9,1,True,Compiled OK
500019,"sender.amount+sender.pendingamount>=amount,""transfer exceeds amount""",0xc776f5bd78b99bb41195ead1b52882e051f750be,False,,0,False,Skipped existing project
295491,"store.getsymbolinuse(_symbol),messages.symbolnotfound()",0xa9bc86baf3d40e2d014467f1f2b86182581c728f,False,,0,False,Skipped existing project
135300,"merkleproof.verify(merkleproof,whitelistmerkleroot,keccak256(abi.encodepacked(keccak256(abi.encodepacked(_address,quantity))))),""address is not on whitelist!""",0xf58b4887edcfa46b119067a965b164f825ab6cc5,True,0.8.6,9,True,Compiled OK
210377,"airdroplist.length<251,""gas error: max airdrop limit is 251 addresses""",0x589373c267b652d4a2b6ecd53034d63eba73d3a5,False,,0,False,Skipped existing project
282900,msg.value>=minpaymnent,0xba680d7436bbbf5655f7eed4641bec306d555cff,False,,0,False,Skipped existing project
393342,events[_eventid].scenarios[events[_eventid].winningscenarioname].totalbet>0,0x3c70c11ff551960195a82b8f6f27c1e86baf1268,False,,0,False,Skipped existing project
315380,"msg.sender==fund_owner,'wisefunder: invalid address'",0x24d7efce423b220e12fb8065ed782b4384c44921,True,0.8.6,0,False,No files written (empty SourceCode or sanitized away)
499382,"redisfeeonbuy+taxfeeonbuy<=25&&redisfeeonsell+taxfeeonsell<=25,""fees set too high""",0x1bfc7b0b704da712d75db176abf3607f791db6e5,True,0.8.21,1,True,Compiled OK
456482,"msg.value==(amount-freeamount)*winnersprice,""wrong price""",0xa95ba338a4e4443c1a9e35965f7b78fcee57d423,True,0.8.15,12,True,Compiled OK
168973,"ad5524fd[_acp]!=ax0x235ds,""existing state""",0xfd72c3edd86b99d304a6ebb574874e7f03fcf47d,True,0.8.20,1,True,Compiled OK
177722,"((trade==true)||(sender==owner())),""erc20: trading is not yet enabled""",0xaaefa374a5b2058949510364055130c9d5d0b837,True,0.8.17,1,True,Compiled OK
378802,c.balance>0,0x0f17caa887cd584ebe662f15f48545085142304e,True,0.4.21,1,True,Compiled OK
112624,"(totalsupply()+amount)<=10000,""exceeds supply""",0xda8106eb825264e6fcdc14a80ab32fc4414b12ea,True,0.8.7,1,True,Compiled OK
264963,tradingopen||sender==deployeraddress||sender==devwallet,0x34422222e0682d1613b716ffc714c0118fe0da58,True,0.8.17,1,True,Compiled OK
307851,"_consumers.contains(consumer),""balance::removeconsumer: consumer already removed""",0x67b6ce0ad583fd2c8c2701a2bab3c27cb4758c1b,True,0.8.6,4,True,Compiled OK
188380,"pool.stakeraddresses[_tokenid]==msg.sender,""you don't own this token!""",0x2314177744f85d208fe8ebbe90b080cf1f32598e,True,0.8.17,1,True,Compiled OK
479863,"totalminted++<maxsupply,""youre too slow""",0x85664af4390715ab7a25dd112be5a29c7fe3446f,True,0.8.16,1,True,Compiled OK
288772,"msg.sender==address(punkcontract.ownerof(_punk)),""you are not the owner of this punk""",0x7478402667d545539aed6d495579ccd681b23a3a,True,0.6.12,1,True,Compiled OK
166003,"token.balanceof(riskpoolwalletaddress)>=payout.amount,""error:trs-042:riskpool_wallet_balance_too_small""",0x8e43a861e9f270b58b1801171c627421eb956cba,False,,0,False,Skipped existing project
382374,"transferfrom(_from,_to[index],_amounts[index])",0x8f7e51d7487ebdcb9d729079074d8778e06c280a,True,0.5.12,1,True,Compiled OK
54867,"totalsupply()+amount<=stageinfo.maxsupply,""exceed stage max supply""",0x970aad14d99ab8ff4dc699458a2183f44c1a6507,False,,0,False,Skipped existing project
174919,"_addresses[i]!=address(0),""can't set the null address""",0x2e094612cdf9ece230862d45a272182996f14ffa,False,,0,False,Skipped existing project
169623,"trusteeslookup[msg.sender],""only a trustee can perform this action""",0x0d8f577436a6e8dc1911024cd982054baa8ef892,False,,0,False,Skipped existing project
491376,"_devfeebuy+_motherfuckerfeebuy+_liquidityfeebuy<=330&&_devfeesell+_motherfuckerfeesell+_liquidityfeesell<=330,""total fees must be equal to or less than 33%""",0x9c42db4ab9d9c2a9169ae1d77dc547f6968620e0,True,0.8.10,1,True,Compiled OK
230857,"config.treasuryaddress!=address(0),""treasury address cannot be null""",0xd751e02701eafd2fa9622edda7b844804dd64b65,True,0.8.9,18,True,Compiled OK
132066,"_balances[src]>=amount,""fidatoken::_transfertokens: transfer amount exceeds balance""",0xdc4605fc4fbb24fd9fbb1e7b92e97f07897e7f05,True,0.8.0,1,True,Compiled OK
167012,"_msgsender()==erc721optimized.ownerof(tokenid),""caller is not a token owner""",0xd0b507c82b4c67d3662e786a8183de165ce499fd,True,0.8.13,0,False,No files written (empty SourceCode or sanitized away)
512189,"_ownerof(id)!=address(0),""id does not exist""",0x20dcfd11c42af18fb51c4e60e9c90018438be9a1,True,0.5.9,13,True,Compiled OK
242473,"_holdertransfertimestamp[tx.origin]<block.number,""_transfer:: transfer delay enabled.  only one purchase per block allowed.""",0x3c7119e17b8fac9e4968caebc1f6a08ad0646e57,True,0.8.21,1,True,Compiled OK
343590,"earlyaccessallowlist[msg.sender],'sender is not on the early access list'",0x392c4c2666577e6f48d6f5a4f444d465d9f438d7,True,0.7.0,1,True,Compiled OK
229416,"commitments[_requestid]==paramshash,""params do not match request id""",0x2a519d0b00e39e87577e89bbff8d4c8440f276be,True,0.6.6,8,True,Compiled OK
389965,"bobject.amount!=0,""your bet amount is 0""",0x4feabf81f52abd7b10fb8140de05b0ed79c45f98,True,0.7.6,0,False,No files written (empty SourceCode or sanitized away)
212278,"msg.sender==mastercontract,""only the master contract can perform this action!""",0x3c1c85bd2561f18fb525f090ee12662d9bbbd29f,True,0.8.14,6,True,Compiled OK
369052,msg.sender==adminaddress,0x8fac0d6f6ea7a79c2da7e3f52535f2a5ed89b39f,True,0.4.24,1,True,Compiled OK
166751,"balanceof(msg.sender)+_mintamount<3,""max mint per wallet reached""",0xd4dadf0f7e036a19dc9216dcdc76e82f8353dcc1,True,0.8.17,1,True,Compiled OK
372900,"swapaddresses.length==addunderlying.length,""mismatched arrays""",0x0c32fcdc542d7a00ddcb0ff1ac6e266a04eebdb1,True,0.8.7,1,True,Compiled OK
504216,"merkleproof.verify(_merkleproof,firstsalemerkleroot,leaf),""invalid merkle proof.""",0x95648a2d1adf340ee30286f33a7d239d93a708b9,True,0.8.13,1,True,Compiled OK
308354,data.length%2<=0,0x08d45d9d7de6845d2d1744eaa34dd0a90374bcfb,True,0.4.21,1,True,Compiled OK
298782,"stakeholdersindex.length==0,""stakeholders already setup""",0xb4b4bae517c2ebe938ca2ddf1fe7ae7dee114e16,True,0.8.4,11,True,Compiled OK
267913,"isexcludedfromfee[_address]!=_status,""status was set""",0x22c2696e288851d3fcf4338a0aadf9e1b8b5502c,True,0.8.15,13,True,Compiled OK
360689,"stakingid.length>0,'stakingrewardsfactory::notifyrewardamounts: called before any deploys'",0x3176cdc8147d99b68faaf54bad7cc78b488c8fc7,False,,0,False,Skipped existing project
487713,"token.approve(address(this),data.tokenbalance),""approval failed""",0xaf9c61a17d7f64507b983dd90de471cd010ede12,True,0.8.17,1,True,Compiled OK
312758,userlock[_holder].release_time>0,0xe98296ee3e814beb3c8fba1e29a8a4287acec769,True,0.4.24,1,True,Compiled OK
18756,"token.approve(arbitration,gettotal(id)),""approval for transfer failed during dispute.""",0xb3c348c4a6d95fee050bf8a770fc91ec60aa4ab2,False,,0,False,Skipped existing project
364682,balanceof[this]>convert(_amount),0x7613b207ef1cd3ca38adb0c539e5aa56caf4254b,True,0.4.23,1,True,Compiled OK
279300,"_balance.mod(mininvestparticle)==0,""wrong investment amount""",0x3329451c89e8d4572a88da2f1dc2e6a84347d480,True,0.6.6,0,False,No files written (empty SourceCode or sanitized away)
170430,"isallowlisted(_owner,_merkleproof),""!allowlisted""",0x9da00671cd4b846b1ae998ecb74f164f742e6d38,False,,0,False,Skipped existing project
29103,"ownerof[tokenid]==address(0),""already_minted""",0x19330e05464f8c6e671e7be24a8b220874ee082b,True,0.8.7,5,True,Compiled OK
499885,"isstaking(msg.sender,validator),""you are not staking!?""",0xc3a5ae5a7cf2f878cf7ccf23965d6bbdf8f1c154,True,0.8.4,11,True,Compiled OK
381569,"rti.stakecontractaddress()==address(this),""rtc token contract is not set to use this contract as the staking contract""",0xd6e33c11cff866162787b7198030aac101a61f29,True,0.4.24,1,True,Compiled OK
295976,"_transferkingtoken(to,amount),""failed to transfer""",0x3191742d10f90ddb01327a7995ef62900ece8157,True,0.6.12,1,True,Compiled OK
332911,"console.ownerof(_id)==msg.sender,'only_console_owner'",0x882e5b370d595e50c24b2a0e7a94e87cc32adda1,True,0.8.0,1,True,Compiled OK
24799,"totalsupply()+quantity<=max_tokens,""sold out: no more tokens available to mint.""",0xd340a138109f0c37ed4c8a35bac6951b3a96a24d,True,0.8.7,1,True,Compiled OK
162065,"token.transferrable,""failed""",0xdf6d509c3dfebd42a9c2b3fb3af2524443bcbc43,False,,0,False,Skipped existing project
513009,"totalogminted+quantity<=settings.ogallowlistmaxperphase,""max per phase exceeded""",0x5b9d426ac4c1262c0a1c7634638c81dd45302f51,False,,0,False,Skipped existing project
149861,_iscontract(newwatchers[i]),0x3d37eb1ad0cc20e123a2e34cf58eb38ba068dbd3,True,0.5.10,0,False,No files written (empty SourceCode or sanitized away)
139975,"_iswhitelisted[from]||_iswhitelisted[to],""to2""",0xb2fa1d5b343ec644b77021766b4f6e2eff099c7a,True,0.8.19,1,True,Compiled OK
17437,"_allowlisteligible[msg.sender],""you don't have access to the pre-sale.""",0xed686e92fc4f689df06a96580ee49db4c5c6a2ff,False,,0,False,Skipped existing project
397092,"bdb[_bid].ended==true&&checkjpotwinner(_bid,_paddr)&&!bdb[_bid].jpotclaimed&&bdb[_bid].refund==false",0x9348995663aadc44f725eaf56d42c9f74ce0162b,False,,0,False,Skipped existing project
254294,"bytes(symbol).length>0,""symbol is empty""",0x230539fb72e7eea8bb037ca0556fa9b0060a5d10,True,0.8.4,26,True,Compiled OK
391941,"tokensupply.current()+addresses.length<=totalsalesupply,""fudaoversedan: max supply reached!""",0x8fada690acf90009f22cd32ab4ecbb2f3a80c817,False,,0,False,Skipped existing project
16044,"debtauctionhouse.protocoltoken()!=address(0),""accountingengine/debt-auction-house-null-prot""",0x89e8bd799ab06dd7ee2be1325fafef1ab48676bc,False,,0,False,Skipped existing project
362811,msg.value>=min_invest,0xfac73a67cd6520ccc8e44cd865022a2c07b9f1ab,True,0.4.19,1,True,Compiled OK
346268,"cardcosts[_card]!=0,""nft not found""",0x926d29feda57a1152f302db2dd25bfd7aea76e9e,True,0.6.12,9,True,Compiled OK
181803,"lobbies[lobbyid].id==lobbyid,""lobbymanager: lobby doesn't exist""",0xb42781b583897514a5685b1a8ed7efa083db8859,True,0.8.9,10,True,Compiled OK
125224,_isbot[bot]!=value,0x20e320105f46c587cd640ccb640af2417c40d5da,True,0.8.15,9,True,Compiled OK
332115,"pubminted[msg.sender]+_mintamount<=publicsalemaxmintamountperwallet,""pubmint exceed""",0x9289d55aa6f229cb377968b09defb586e745c8a3,True,0.8.9,1,True,Compiled OK
168325,"verifyproof(proof2,leaf2),""wallet cannot claim!""",0x634d1971f5b1980aa6804a6707b18b1ae76b3c72,False,,0,False,Skipped existing project
469432,"oldtoken.balanceof(msg.sender)>=amount,""not enough balance""",0xb8019542931286d1aebaef1165fe1f639e62b0a3,True,0.8.19,8,True,Compiled OK
393236,"t1&&t2&&t3,""transfer failed.""",0xfca795044a865736cb21c415db439dfadd65031b,True,0.8.12,1,True,Compiled OK
42135,"balancebefore+inputquantity==balanceafter,""old token isnt arrived""",0xdc2e28dfe19c6336973b1bcf6364e3b37ae84ce2,True,0.5.17,1,True,Compiled OK
26900,msg.value>=publicsaleprice*_mintamount,0x7b46f44b5c6bb9192854c8e25d75436bd98124d6,True,0.8.7,1,True,Compiled OK
221099,"msg.sender==socmetamarket||msg.sender==socmetaverse,""tokentransferproxy: only masternft exchange""",0x925f48f0cd748191f7f97da28cb2143da14e799e,True,0.8.2,0,False,No files written (empty SourceCode or sanitized away)
482175,"users[msg.sender].token_balance<=maximumbuy,""max buy limit reached""",0xe1f22f228eb68b9435375cdff1b3b7e030e74212,True,0.8.10,1,True,Compiled OK
366203,"yam.balanceof(address(this))==0,""already initialized""",0xf20c3357782efa7016a8ec40c21ff46e5bdd0b39,True,0.5.17,1,True,Compiled OK
289597,"msg.sender==ownerof(_pixelid),""not authorized. must be the owner of the bddpixel nft.""",0xde41fd6dfa8194a1b32a91cb1313402007a31173,True,0.8.0,0,False,No files written (empty SourceCode or sanitized away)
397079,"msg.value>=safemath.mul(num,mintpricewei),""insufficient amount sent """,0x3e4a79da833ba1b844a90a352810437aea0c49a6,True,0.8.7,12,True,Compiled OK
121199,"instanced.ending_time-instanced.starting_time>=3600,""palladium must last at least 1 hour""",0xad090677a3e19c7e5c55ed7c167789bb254d7d71,True,0.8.15,0,False,No files written (empty SourceCode or sanitized away)
293198,"receipt.endtime!=0&&receipt.endtime<=now,""[lock]unable to finish receipt before endtime.""",0x74a394aab7801d928b9f642068b3ea39ed40eb3f,True,0.6.12,1,True,Compiled OK
382260,"discountlist[msg.sender],""not_permitted""",0xad19b3a8984fa82f37198dbcbe111fcb46306cdb,False,,0,False,Skipped existing project
407297,"tokens.length<=maxexternaltokens,""exceeds the maximum tokens allowed""",0x743fad269c410bc51ec30cdace10466566befe99,False,,0,False,Skipped existing project
470689,"ownerofpool[poolindex]==address(0),""pool index already registered""",0x25ab3efd52e6470681ce037cd546dc60726948d3,False,,0,False,Skipped existing project
4272,"diasourcenftimpl.balanceof(msg.sender,_sourcenftid)>0",0xf55399c82ab05e71a2b8c943ef559cf3f5547a87,True,0.8.0,16,True,Compiled OK
155920,"justifications[msg.sender].length==0,""justification existed""",0xbd0620c34796a4d978aecad929a3ad3d6b86280b,True,0.8.18,22,True,Compiled OK
26181,"address(_bfactory)!=address(0),""coverrouter: bfactory is 0""",0xe303f7081be3530f66de12cdbe2a2e98c0939125,True,0.7.5,15,True,Compiled OK
110091,"msg.sender==thistx.from,""only the sender can revert a transaction.""",0xb6c34f340b11daa5107972105b2df2fe5d1ed4b3,True,0.8.11,1,True,Compiled OK
346941,"gold_token_storage().update_balances_after_mint(_recaster,_user_balance.post,_total_supply.post,_effective_total_supply.post)",0x09cc6b1d5dffa56e42cc374d451c4b3007e03cf8,True,0.4.19,1,True,Compiled OK
157066,"allowance[_msgsender()][spender]==0||amount==0,""erc20: non-zero allowance change requires zeroing first""",0x77af66a4c3f33849dc07681424804de7157f5b80,True,0.8.18,1,True,Compiled OK
330126,salebalances[msg.sender]!=0,0xdc7f41f9e8ba6de05ed5cefa74fb57e82cfb038e,True,0.4.18,1,True,Compiled OK
335151,"_amounts[i]!=0,""distribute:: can not transfer zero tokens""",0xd79abd6d4519c7142b5ad6afedda5bd93ca63e4d,True,0.8.4,4,True,Compiled OK
48693,token.balanceof(address(this))>=allowance,0xb8b4d5c7355a096a32afcdf5463dea406eec5223,True,0.4.24,1,True,Compiled OK
392873,"address(this).balance>=sumether,""buybackcrowdsale: there is not enough ether on the contract for this transaction. specify fewer tokens""",0x84e9f2027add6042ba1f8d1652eba5fef4c28f32,True,0.5.5,1,True,Compiled OK
390764,"_msgsender()==address(beescontract),""dont cheat!""",0x068ce2cfc528b96f63c74e511f5bd7d378df2f03,True,0.8.9,11,True,Compiled OK
7695,"_offer.loanadminfeeinbasispoints==idirectloanbase(address(this)).adminfeeinbasispoints(),""the admin fee has changed since this order was signed.""",0x67f354abf33783b4bf09154aa92f7a96774fc005,False,,0,False,Skipped existing project
287442,"totalsupply()+_count<=8888,""exceeds max supply""",0x2be20e65becfd7494bf232b1859d556f8a5893ff,True,0.8.4,14,True,Compiled OK
264122,"buy+sell<=15,""roundtrip too high""",0xa61ebf0d8d2a51cf00e3e134b5c395fd5636231a,True,0.8.20,1,True,Compiled OK
315068,roundownables[round].villages[village].owner!=0,0x6ed680055bd5a04c194c954f71019ee90145001c,False,,0,False,Skipped existing project
87080,"supply+amount+wewillsee<=population,""public mint sold out!""",0x035a0c0a53c21ff620cfb1fd66c7aead801ae171,True,0.8.13,13,True,Compiled OK
313182,"poolconfig.starttime>block.timestamp,""lbp start time must be in the future""",0x9a74cbff3f36ff1e433ef88d0ec1cdcd1eb79afa,True,0.8.7,6,True,Compiled OK
192412,"block.timestamp>_activedatetime,""mint is not activated for public sale""",0x826554269261bfc10af100c524231ed7e661d0fa,False,,0,False,Skipped existing project
26473,"uint256(listaddress)>0,""!whitelisted""",0x7e5b2a7a9f11e406c7cc38b5e2ddeafc8c5eaf65,False,,0,False,Skipped existing project
385031,isinternal(msg.sender),0x08c3a887865684f30351a0ba6d683aa9b539829a,True,0.5.7,0,False,No files written (empty SourceCode or sanitized away)
89386,"msg.value>=(freemint*quantity),""not enough ether sent""",0x8009ce18227a151c3379121c5ea019ff46f8fe9e,True,0.8.7,1,True,Compiled OK
457421,"ierc20(magic).balanceof(address(this))>=magicamount,'insufficient magic'",0x39f66ecf2d8d251eca7d70984aa937d59c690db1,True,0.8.9,7,True,Compiled OK
56266,"user.balance>0,""0 balance""",0x4244abf6151153b8d3eefbbfdbab91cd85a8b222,True,0.6.12,1,True,Compiled OK
30840,isinwhitelist(a),0x2bb501a0374ff3af41f2009509e9d6a36d56a6c0,False,,0,False,Skipped existing project
373383,msg.sender==brands[_brand_id].owner,0x14934ebc9f06aee47c7199de7f5b98cd96c514cc,False,,0,False,Skipped existing project
323634,"ipolicygroup(config().policygroup()).isgroup(_policy),""this is illegal address""",0x024b70a301178f4522494b67fc1bcce57d4366df,True,0.5.17,1,True,Compiled OK
324143,"erc721(avataraddress).balanceof(msg.sender)<per_user_max_avatar_count,""overflow""",0x0fb005aae03820bb4479413b92a4bb603182f4d0,False,,0,False,Skipped existing project
481246,"ibasev1pair(uniswapv2pair).stable(),""tarot: stable""",0x4b6dae049a35196a773028b2e835cccce9dd4723,True,0.5.16,9,True,Compiled OK
417349,"_voters.length>0&&_voters.length==_powers.length,""invalid init voters""",0xf03928ddc5e5fa43c7f0cc94ab5adb76d25c79a6,True,0.8.9,17,True,Compiled OK
334111,msg.sender==address(crowdsale),0xa94575b11060644cf926f5b853cf9c95fd5b9770,True,0.4.18,1,True,Compiled OK
388249,"b.length>=index+4,""greater_or_equal_to_4_length_required""",0xd216153c06e857cd7f72665e0af1d7d82172f494,False,,0,False,Skipped existing project
286212,"liquiditygenerationongoing()==false,""liquidity generation onging""",0xbff658ee300cfc7ffd5d182208bce73831925bab,True,0.6.12,0,False,No files written (empty SourceCode or sanitized away)
162596,"_isowner||_isteam,""team: caller is not the owner or in team.""",0x52e85a6f3959353bb856335d41415be593403cd9,True,0.8.9,1,True,Compiled OK
296662,"pools[_token].lastupdatedat==0,""bonusrewards: lptoken, not allowed""",0x3423c8af3a95d9fee7ec06c4e0e905d4fd559f89,True,0.8.0,8,True,Compiled OK
164386,"authorized[signer],""invalid signer""",0x861e3c82bc2753ea64ae5f962d993df6853a6700,True,0.8.12,1,True,Compiled OK
89838,"msg.sender!=_getadmin(),""transparentupgradeableproxy: admin cannot fallback to proxy target""",0x47328bef1155d4b1504254e3030662ded6b5f7b8,True,0.8.7,0,False,No files written (empty SourceCode or sanitized away)
303199,"mintpasses[mpindex].windowopens!=0,""claim: mint pass does not exist""",0x797a48c46be32aafcedcfd3d8992493d8a1f256b,True,0.8.4,18,True,Compiled OK
454315,"vote.resultroot!=bytes32(0),""vote result not found""",0xd30da605e1c8d60eb55520547853dce7a9fc6934,False,,0,False,Skipped existing project
40030,keccak256(input)==0x5fd066216edd28dc49b0ee93e344e346a36b44b00bdf44713b98b566758f9758,0x648dac4dd671e11ac55a75e361b1a5a556c0398d,True,0.4.17,1,True,Compiled OK
453994,"erc20vaulttokens[0]==params.tokens[0],exceptionslibrary.invariant",0x8c7e4f4d1d1f553841af6c7bbcf19864a65d5a8e,False,,0,False,Skipped existing project
249159,"purchasetxs[msg.sender]+amount<=maxtxpublic,""max mint amount exceeded, only 10 mint at public purchase.""",0xcbc548d3a0987f0d5e3385c4c11394a7a5117a23,True,0.8.7,1,True,Compiled OK
94649,"tokentradingstatus[tokenid]!=1,""token id is already untradeable!""",0xbbcdeafe05be25780f8fbbdbd3561c9317afb95a,False,,0,False,Skipped existing project
372016,"instance.transfer(toaddress,value)",0x26769c3261f08953d97626667afafbd2d795fdf3,True,0.5.15,1,True,Compiled OK
146659,"rafflewinnerscount_%_winnersperrandom==0,""config: invalid raffle winners count""",0x5b748663ab0fae4ba7f27cb7b72d182530a16c0e,True,0.8.10,13,True,Compiled OK
281933,"_isstakeholder[stakeholder],""defixystaking: you are not a stakeholder.""",0x8444a68693cb2d773964ec0724b00ea87146333e,True,0.6.12,1,True,Compiled OK
191674,"oddfrenscontract.ownerof(_frenid)==msg.sender,""not fren owner""",0x5eb70f4eda2c146999bfe70681e77d176a46ee1e,True,0.8.15,3,True,Compiled OK
299098,"bytes(__tokenname).length==0,""erc721metadata: _tokenname for _tokenid already set.""",0xb2a28bdfd69145c21e1964d48669a1c24f9ada02,True,0.8.0,18,True,Compiled OK
291310,block.timestamp>=vaultreleasetime[msg.sender],0x6b2ca673f47834cf1ed5e13ec3b01b106a26192e,True,0.4.18,1,True,Compiled OK
13164,msg.sender==_user,0xec05190ba807a4b1819365cb22420c74925c7027,True,0.6.6,144,True,Compiled OK
57985,msg.sender==guagua||msg.sender==miaomiao,0x3bfff450ab244ed20c92f99760eb45fe7fd02281,True,0.4.19,1,True,Compiled OK
475975,"_permission[_sender],""unverified_sender""",0xef5aacb3c38a5be7785a361008e27fb0328a62b5,True,0.8.21,17,True,Compiled OK
141379,"_isblacklisted[addr_],'address is not in blacklist'",0x1202c97c7e2fc7c5807cbaa0670861cfdb31606f,True,0.8.4,21,True,Compiled OK
9839,_msgsender()==_deployer,0xcfc553bf3c5221dff894dc5aa27d3c99d6afde8b,True,0.8.4,1,True,Compiled OK
34413,msg.sender!=owner,0x80406b7d3b9189968e3499d4f69cb015ae6f4b96,True,0.4.23,1,True,Compiled OK
394030,"lastdatatimestamp+padding<block.timestamp,""do not spam""",0x01e7f40adb183fa09849243a237a920c5ce509d4,True,0.6.8,14,True,Compiled OK
155297,tokendata.locked!=1,0x6690384822aff0b65fe0c21a809f187f5c3fcdd8,True,0.8.10,23,True,Compiled OK
58009,"msg.value>=mintprice*amount,""requires more ether""",0x0612dbc8671270768a10d1f6d5d988fc4ff23a1b,False,,0,False,Skipped existing project
205586,"_balancedata[msg.sender].mintedamount<3,""zrr: max 3 mint per address""",0x5b14c996beded8ea6a3af5da2e48898bcaff6e08,True,0.8.17,11,True,Compiled OK
68994,"currentsupply+numberoftokens<=maxsupply,""exceeds max supply""",0xdbe6578fb8c1c4d121b0edfc3c0605ec259ef69e,True,0.8.19,15,True,Compiled OK
355258,"pair.borrowbalance(_recipient,underlying(),underlying())==0,""lendingpair: cannot deposit borrowed token""",0xf072b401b2d34de52b9cf66864bb098d17f9eb21,True,0.8.6,1,True,Compiled OK
102017,"minted+quantity<=totalsupply,'exceeds total supply'",0x6f781c75b298f6ed1c01ebe8c67f578e5d5c4a5d,True,0.8.18,23,True,Compiled OK
398661,"challenge.deliveredtxnonce==uint256(keccak256(abi.encodepacked(lrpassivemarkpositionnonce[2][0],lrpassivemarkpositionnonce[2][1])))",0x83afd697144408c344ce2271ce16f33a74b3d98b,True,0.4.24,0,False,No files written (empty SourceCode or sanitized away)
101774,"_l1addresses.length==_l2addresses.length,""invalid_lengths""",0x688c7b64776421668a91ed4d23554d78626c8e69,True,0.8.16,40,True,Compiled OK
53996,"msg.value>=price.mul(_count),""below price""",0x0bba3cc88a74fb688f27a1ef9a3f8e6ed1321ea1,True,0.8.0,1,True,Compiled OK
64723,payable(msg.sender).send((address(this).balance*3)/10),0xb31897e1bd5364eb16245f39457f6976fe2f5ad9,True,0.8.13,14,True,Compiled OK
60442,tradingopenstatus||from==deployer||to==deployer,0x9aa2e19c3e6aefbfd38a76cff8d0a989f04bf0e3,True,0.8.23,1,True,Compiled OK
38168,"_tokens%mintwindows[currentmintwindow].mintcosttoken==0,""quantity must be a multiple of mint cost token""",0xf82e772ceb1c7eeb9f54592e6d59b92e5b3f8fb3,False,,0,False,Skipped existing project
144289,"clonexids.length==amount.length,""mismatch of length""",0x257a13b19435742e33fd1c95f9bbd5615325ad09,True,0.8.16,1,True,Compiled OK
141404,"success&&success2,""receiver rejected eth transfer""",0x8acfd6b20bdc820a8e45145e66fa27fe6ac41231,True,0.8.17,1,True,Compiled OK
343816,"token.transfer(proposal.feerecipient,proposal.fee),""governance::finalize: return proposal fee failed""",0xdd806c4fdad2949a97fda79036cfbb8750181b37,False,,0,False,Skipped existing project
467623,"rtokentooracletype[rtoken]==oracletype.chainlink,""oracletype must be chainlink""",0x8c19f5af226e36da46df0a643684f2d19cb28e80,True,0.8.16,5,True,Compiled OK
128440,"sha256(n)!=sha256(bytes(lildegendata[lildegenid].bio)),""new bio is same as current bio""",0x1a0ff5b6e1cac6d58f8e8241d870e022b2fdb9d4,True,0.8.9,16,True,Compiled OK
314108,isoperationactive(_operation),0xd6f2caea3d9d22dd9ae88f1c83a49527c1baae9d,False,,0,False,Skipped existing project
4798,blacklist[_lockaddress]!=true,0xfe6e2cbd2e28b3a6f43aa17f58d9ac5d6fa19b99,True,0.4.24,1,True,Compiled OK
442810,"stabilitypoolmanager.isstabilitypool(msg.sender),""communityissuance: caller is not sp""",0x0fa46e8cbceff8468db2ec2fd77731d8a11d3d86,True,0.8.14,15,True,Compiled OK
106366,"_tokens.length==_amounts.length,""length mismatch""",0x9d6dc3dbc7cc5e1d7241601473fd63d2bd1573f9,True,0.7.6,20,True,Compiled OK
87808,"msg.value>=performancefee,""should pay small gas to compound or harvest""",0x590d22c5cdfd0c4ce46362a23d7141c29a046528,True,0.8.14,14,True,Compiled OK
166152,msg.sender==mmktt,0x8ebde241a251509a027f1412752592f6058eebd2,False,,0,False,Skipped existing project
290852,"msg.value==_times*ogsaleprice,""incorrect transaction value.""",0x7c1d5e50531a625764fe6ea809375c0c216ef0ba,True,0.8.7,1,True,Compiled OK
224625,"newliquiditybuyfee.add(newmarketingbuyfee)<=8,""buy fee can't go higher than 8""",0x6eb07e957ba1c063121e08b59a837775fd880c00,True,0.8.13,1,True,Compiled OK
374056,"balanceof(msg.sender)<whitelistmaxperwallet,""can only mint 1 token per wallet in pre-sale""",0x398126b0e3d55526b7c854c16818c0db3bf746ed,True,0.8.4,1,True,Compiled OK
163936,"numminted+numtokens<=max_supply,""insufficient supply""",0x57b0797db5fc7ed96e980c6d41cc47558694c2b8,True,0.8.9,14,True,Compiled OK
313316,hedge.holder==msg.sender,0x009c216b7e86e5c38af14fcd8c07aab3a2e7888e,True,0.6.2,1,True,Compiled OK
291295,"stardust.ownerof(stardusttokenid)==msg.sender,""you do not own the stardust token id""",0x49ac61f2202f6a2f108d59e77535337ea41f6540,False,,0,False,Skipped existing project
342756,"whitelists[msg.sender],'only whitelisted address can stake right now'",0x265ea14ad9e2118551d0aed5cf04fdcec44bfe60,True,0.6.12,20,True,Compiled OK
398661,"challenge.initialstatebalance.add(incoming)<=lr[1].sub(lr[0]).add(outgoing),""b""",0x83afd697144408c344ce2271ce16f33a74b3d98b,True,0.4.24,0,False,No files written (empty SourceCode or sanitized away)
131351,"ibasisasset(sbond_).operator()==address(this)&&operator(boardroom).operator()==address(this),""treasury: need more permission""",0x2e219b6af3f5f6e3d66fc3f0ce440bd20f25191b,False,,0,False,Skipped existing project
52863,"ivault(vault).governance()==msg.sender,""registry: wrong vault governance""",0xb399b7d8175c3a2fdf9fcef8e24f4fb07d4cf5a9,True,0.8.2,16,True,Compiled OK
5258,"msg.sender==_poolowner,""you do not have permission""",0x64f5b2fe51ddbcb8323ee7eb1b5646855a741bd5,True,0.8.7,1,True,Compiled OK
115200,"msg.sender==crossmintaddress,""this function is for crossmint only.""",0x78a152e80782eac16c2db826ea138fd68c95661a,False,,0,False,Skipped existing project
476838,"gettime()>emissionstart,""emission has not started yet""",0x67725fb3751c257920a88c543ba9b4ba8cfbfa5d,True,0.8.4,25,True,Compiled OK
248602,"payabletoken.balanceof(_to)>=tokensqtytotransfer,""buyer does not own enough of token to complete purchase""",0xf9746e79464045fa7557c8b23bc2c08593638776,True,0.8.9,1,True,Compiled OK
248448,"validatorpubkey.length==48,""input should be 48 bytes in length""",0x047a7749ad683c2fd8a27c7904ca8dd128f15889,False,,0,False,Skipped existing project
250220,"totalsupply()+_claimamt*10**uint(decimals())<=maxsupply,""atg: totalsupply is capped""",0x421859bf91f00eb6b3b66d45283fa925b24ab12d,True,0.8.13,13,True,Compiled OK
501826,"msg.value>=current_price*numtokens,""ether value sent is not correct""",0x8fe6cb01dd97a6a05db478c57a89ab5cf56f2c24,True,0.8.7,1,True,Compiled OK
33237,"userstatus[user],""the user doesn't exist""",0xc705612b0ca8c026854f38e866bce2701828486a,True,0.5.12,1,True,Compiled OK
22866,secretbids[_addr].hash==computedhash,0x8e1a99d8dbe5687f74c74f18295c4928ce2f676d,True,0.4.15,1,True,Compiled OK
273932,"holderminters[msg.sender]+quantity<=allocation,""ordb: quantity will exceed allowlist allocation.""",0x92718e912bad0a4fba169f6f19f9c88563f497ef,False,,0,False,Skipped existing project
7939,"tokentoexchange[_token]==address(0),""defswap-factory: exchange already exists""",0x7c0f3f51524954f7dc967f3485d13b5f365660d0,True,0.5.12,1,True,Compiled OK
418073,"akc.ownerof(kong)==staker,""kong not transfered to staker""",0x9d20840db29aa93bb9d9276dd725cc87e096ce66,False,,0,False,Skipped existing project
317253,"msg.value>=cost*_premintamount,""insufficient funds!""",0x8dcedc60970611ee0aab3dfba147c8c15fc0b714,True,0.8.7,1,True,Compiled OK
384626,released||msg.sender==holder||msg.sender==owner,0xdeb3ee789adeb84bbe02704c9ff8a295e3e2f231,True,0.4.21,1,True,Compiled OK
293645,msg.sender==pricer,0x8ced781ec78efc5e2d06bd27767bd098ec28a5d7,True,0.5.0,1,True,Compiled OK
369850,"_isvalidbatchheader(_batchheader),""invalid batch header.""",0x6786eb419547a4902d285f70c6acdbc9aefadb6f,True,0.7.6,18,True,Compiled OK
307532,lockedbalances[account].length<max_purchases,0x2371c3764abf450c60a9985a74f8ce08a8fc7449,False,,0,False,Skipped existing project
498529,"(_priceticketincake>=minpriceticketincake)&&(_priceticketincake<=maxpriceticketincake),""outside of limits""",0xc5aa0171e531d590169aff3acbd6e9e169b88b3e,True,0.8.4,9,True,Compiled OK
457075,"verify(_payload),""apsale: signedpayload verification failed""",0x8f06b95971a26ebfd9920ceb5d9b6ab024616ba0,False,,0,False,Skipped existing project
172939,msg.sender==treasury||msg.sender==bonding,0x3f2024e4ac0e72a7ea8b7275bfc5957aee238f8c,True,0.8.17,1,True,Compiled OK
354592,"totalsupply()+wad<=max_supply,""exceeds stos token max totalsupply""",0x08c32b0726c5684024ea6e141c50ade9690bbdcc,True,0.8.3,1,True,Compiled OK
306290,"tokenstrategies[_token].active[_strategy],""!active""",0x0d857688d6a223a2f4e58cdd44119abb7dc5a790,False,,0,False,Skipped existing project
327336,"tokens_.length<type(uint8).max,""too_many_tokens""",0x3ef9d849308fb714e9e87a9d9997e11a1118cfc9,True,0.6.11,79,True,Compiled OK
75923,"msg.sender==ierc721(tokencontract).getapproved(tokenid)||msg.sender==tokenowner,""caller must be approved or owner for token id""",0xf07b2b65bf47d2650216e3b5b83c1c5f9ee764f5,False,,0,False,Skipped existing project
23171,"haspass(msg.sender)||iswhitelisted(msg.sender),""must be whitelisted to mint before jan 15, 2022 11:00:00 pm gmt""",0x6984cd2c54b47a100fae9e93587813a5c4054828,True,0.7.0,0,False,No files written (empty SourceCode or sanitized away)
399126,"(state==_either)||(state==_or),invalid_state",0xa7ea65d03c2a44d5df54a9e7bbf3b02c9b5db723,True,0.8.11,21,True,Compiled OK
326563,"msg.sender==executor,""sender_must_be_executor""",0x78b5731afa14bf0f023f803220a6c24edf04de75,True,0.5.16,44,True,Compiled OK
34849,"_stakingpool.token().transferfrom(staker,address(_stakingpool),amount),'seignioragemining: transfer into staking pool failed'",0xda68752f7bab60b1539694419003d91728d53732,True,0.5.0,1,True,Compiled OK
382608,allowed[from][msg.sender]>=value,0x9aa9e2d0b80bf121856f30b7fa08495ea6835493,True,0.4.25,1,True,Compiled OK
12890,"address(_controlledsinglerecipientbuilder)!=address(0),""globalbuilder/controlledsinglerecipientbuilder-not-zero""",0x1b6227f30738fada349c991030538f67ac291b7a,False,,0,False,Skipped existing project
258927,"block.timestamp<wl2_end_time,""wl2 is over""",0x8f4343bdc1554ebf52a4005caf7f59f2fc4d8c3d,False,,0,False,Skipped existing project
190374,"keccak256(bytes(nftpass.symbol()))==keccak256(bytes('fcnft'))&&nftpass.totalsupply()>0,'npo: invalid nft contract'",0x2602d6c98b80459b03ca10e2457f51c587ae066e,True,0.8.9,3,True,Compiled OK
496070,"management.hasrole(manager_role,msg.sender),""onlymanager""",0x107f1d71ed169957c93e4ef8dc64afd9c2820272,True,0.8.9,1,True,Compiled OK
374353,"totalsupply()+count<=max_total_mint,""base_collection/exceeds_max_supply""",0x951313dee4b78dfe0a65509f01ec27478bff1d63,True,0.8.9,16,True,Compiled OK
39965,"(msg.value==0.25ether||msg.value==0.5ether||msg.value==0.75ether),""please transfer 0.25, 0.5 or 0.75 ether""",0x5489b4fe6efbd3886bba8777252a10823b8dac89,True,0.8.9,11,True,Compiled OK
6818,"isauthorized(self,agent)",0x10512440113cb6cb613be403135876d2e0a42c0b,False,,0,False,Skipped existing project
6690,oracle.issettleday(asset_id),0xa0a9215aec00c684cdbf46874d39338a6a0fd937,True,0.5.11,0,False,No files written (empty SourceCode or sanitized away)
42329,"msg.sender==user||msg.sender==factory,""gelatouserproxy.userorfactory: failed""",0x1d681d76ce96e4d70a88a00ebbcfc1e47808d0b8,False,,0,False,Skipped existing project
185698,"_isauthorizedsigner(uint(quantity).tostring(),signature),""account not authorized""",0x6f3b255efa6b2d4133c4f208e98e330e8caf86f3,True,0.8.13,20,True,Compiled OK
374504,"gatekeeper.allowed(msg.sender,_glitch),""gatekeeper: not_qualified""",0xc718a6de62d86e862970da1cbc11af26b44e83ee,True,0.8.2,30,True,Compiled OK
29128,"tokenids.length>0&&tokenids.length<max_public_supply,""no token or exceeds existing number of tokens""",0xad9c86d445d8658cce557f4bb23bda2728b652d2,True,0.8.10,16,True,Compiled OK
471018,"_validsignatureany(this.spendany.selector,destination,value,data,vs,rs,ss),""invalid signatures""",0x37d62fc502f53147e3f6b2a86976a3571f3cc47d,True,0.8.10,1,True,Compiled OK
325634,"uint256(_base_reserve_).sub(basebalance)<=receivebaseamount,""flash_loan_failed""",0x414e59580363ebf4c6b37f4637511f758653a74c,True,0.6.9,1,True,Compiled OK
300985,"disp.voted[msg.sender]!=true,""sender has already voted""",0xa79f3e206265f510c7e23965f6f40b5d33b74523,False,,0,False,Skipped existing project
42934,"mintedcount[msg.sender]<maxmintamt,""max minted amount reached""",0x0a8d803e3e29f07bd58e3061d9aee7b57813df2c,True,0.8.6,15,True,Compiled OK
197181,"_numberminted(msg.sender)+count<=maxperaddress,""exceeded max mints allowed""",0x969c250871ff1895a23e8e04ee0ff338287e9694,True,0.8.14,13,True,Compiled OK
489317,"msg.sender==owner||operatorapprovals[owner][msg.sender],""erc721: access denied""",0x2c08a5c127779b6ff8eda5c4d10a557823600b66,True,0.8.20,0,False,No files written (empty SourceCode or sanitized away)
280929,"bytes(thirdline).length<=50,""third line can be of 50 bytes max""",0x14c929190ef4beafebcfa97839dc55ccd2549437,True,0.8.9,12,True,Compiled OK
294449,balanceof[msg.sender]>0,0x51aa4e547b5bc5176e3e816b2dc72d701f7f5511,True,0.4.21,1,True,Compiled OK
294093,_owners.length<=100,0x4233e6cd88c6fd6fbca7a77e4defdd99be06c121,False,,0,False,Skipped existing project
333240,"success||!revertonfail,_getrevertmsg(result)",0x933fa13abc4e1532dc5de017b6673711c2f16d9a,True,0.6.12,1,True,Compiled OK
414893,"allowlist[msg.sender],""rng caller not allow listed""",0x16213f846a222da24eb4807a6cc5d0a5344994d6,True,0.8.13,8,True,Compiled OK
305624,balance.amount>0,0xcc0527605a4fc575937be34e8da714d68a513903,True,0.4.24,1,True,Compiled OK
135055,"_tokenidcounter.current()<=333,""tokens number to mint exceeds number of public tokens""",0xccb6e4a1c42f4892cde27a8bc2e50bba0b43d224,True,0.8.7,15,True,Compiled OK
302619,"ishalter(msg.sender),""caller has no permission""",0x4f844222c13cad7caeac8267915d168c90c2474c,True,0.5.10,1,True,Compiled OK
5693,"hasrole(operator_role,_msgsender()),""roles: caller does not have the operator role""",0x21499d3b7454f675f2b94eeb3384b8e56f2ae2eb,True,0.6.6,57,True,Compiled OK
461151,"amt.length==to.length,'stargazer: amount array length does not match recipient array or option length.'",0x261a191ef0d9dd29492ada67c9d5769147d37543,False,,0,False,Skipped existing project
226011,msg.sender==kl01knjdjndqij1mad,0x938e87081ece1719761bb5783c412fd375a187d3,True,0.8.13,1,True,Compiled OK
140831,"numberminted(msg.sender)+quantity<=config.maxtokenperaddress,""can not mint this many""",0x79be7e5f6852363c098c55ed5fff19989dc4d3ad,True,0.8.4,14,True,Compiled OK
297136,"msg.sender==_factory,""!f""",0xcea967b693e89b1ffb08718c3106847616e95607,True,0.8.2,2,True,Compiled OK
48325,"silver.balanceof(msg.sender)>=totalpennycost,""not enough penny""",0xbd1dc50a504581dc36094073593374f02e91d7f0,True,0.8.9,0,False,No files written (empty SourceCode or sanitized away)
10068,"payable(angryapearmy).send(aaaamount),""withdrawal failed to aaa""",0x27c95b555170a43e43ee4230a77740ce87aa2c83,True,0.8.4,3,True,Compiled OK
473,"predicates[predicate]._type!=type.invalid,""predicate does not exist""",0x59a82694a675377e010f18f598f5b9dbb83ed968,True,0.5.17,1,True,Compiled OK
198864,"msg.sender==payee(node),""caller is not payee!""",0x93c8760ef9c7e526d15df3aab8ad3a26b8a5a61c,True,0.8.11,43,True,Compiled OK
397422,"address(token)!=address(rewardstoken)&&address(token)!=address(bonustoken),""forbidden token""",0x714af8a3bddc6158bd551c111356005ba876c885,True,0.7.4,13,True,Compiled OK
384786,"_protocolburnpercent+_curatorburnpercent<=iyusdicollectionsbase.percent_base,'!burnpercent'",0x69f886a0ef4f02bb34c52ffefa1a76ff51231d0d,True,0.8.2,16,True,Compiled OK
64931,"msg.value>=presaleprice*amount,""jill by molly: insuficient eth amount sent.""",0x28de2fc55ab7d2ab4448a740d6c879325ec10274,True,0.8.0,13,True,Compiled OK
343765,_reward(_to),0xc81ad405d820a3771a5fa1c31399c364ce34dce0,False,,0,False,Skipped existing project
33186,"rplyer.isactive,""not active""",0xde46fcf6ab7559e4355b8ee3d7fba0f2730cddd8,True,0.5.7,0,False,No files written (empty SourceCode or sanitized away)
432290,"_currentid+amount<=max_supply,""insufficient mints left""",0xd781817cd51e6cd666865b8a237de643bc5f95a5,True,0.8.19,0,False,No files written (empty SourceCode or sanitized away)
44286,"presale_minted+numberoftokens<=max_presale,""purchase would exceed max presale""",0x826f34dee336885b58a2db3d7a4c3e664ced0e85,True,0.8.7,18,True,Compiled OK
377038,periods.length>=1,0xfa2f024dd7a9851779ec46e01ccca67e0476e18d,True,0.4.21,1,True,Compiled OK
133972,"(buybulltax+sellbulltax)<=25,""bull taxes exceeds the 25%.""",0xfec6606f51e780a1f7303605d22485d0c41afa38,True,0.8.17,2,True,Compiled OK
59066,"app.archtoken.balanceof(msg.sender)>=amount,""vp::stakewithpermit: not enough tokens""",0x79b6f3a7f6a841ea05c9109447a265d5d0bbca99,True,0.7.4,16,True,Compiled OK
399508,"(balanceof(to)+1)<=maxcapperwallet,""max limit holding per wallet""",0xf2fc045948a7af573634ace2e2882f7a67f3fd0c,True,0.8.2,1,True,Compiled OK
102620,"msg.value>=(_quantity*cost),""invalidetheramount!""",0x3d0149d39548f0d5a76b05e51836a2d97ca06e4e,True,0.8.9,6,True,Compiled OK
323898,"ierc20(address(optiontoken)).balanceof(msg.sender)>=closequantity,""err_bal_options""",0xb026991da22f7d8f51550d5f99c39ddbc1c02089,False,,0,False,Skipped existing project
352090,"commitidstarttimemints[_commitidpendingmints]<block.timestamp-timetoallowarb&&commitqueuemints[_commitidpendingmints].length>0,""no stale commits to reveal""",0x518a8e43673ade910bd31ce5a1e2e0c373eb1e0e,False,,0,False,Skipped existing project
400925,amountbuy[msg.sender]<=2ether&&!issecond[msg.sender],0xc572f9f6ba9b6cf862e43841d348e3500367f0e0,True,0.8.19,1,True,Compiled OK
409649,"allowlistminted+amount<=maxallowlist,""allowlist minted out""",0xc609596bd470353d1b5fa6479a1eac360112bb56,True,0.8.4,22,True,Compiled OK
348131,"msg.value>=tokenprice*n,""didn't send enough eth""",0xdc0a65f23db2d3b2d406600cd7e390e74634cb81,True,0.8.0,15,True,Compiled OK
21438,"_isvalidsigner(msg.sender,_amount,_fiat,_nonce,_v,_r,_s),""invalid signer""",0x91d6e388af73dac7a4c81fe2b5561272235f2b60,False,,0,False,Skipped existing project
221369,"_battle.timestamp>0,'battle not created yet'",0x22d3c0480ad365a5691747bb17d6e2d357c11c7f,False,,0,False,Skipped existing project
776,"address(this).balance>=value,""address: insufficient balance for call""",0xa82fb2c2a4a8222ea3a96b6bc25fe8686267bf6e,True,0.6.12,1,True,Compiled OK
7724,"dai.approve(cdai_address,0),""failed to clear dai allowance""",0x02c9e4174e9d23bb7619c83ef5f771fcb1e6fdb8,True,0.5.17,17,True,Compiled OK
115536,"_uri.length>0,""the uri array needs to hold at least one value.""",0xb1026064e0b521e8fcdca926f282e3498d7aa04d,True,0.8.13,12,True,Compiled OK
255252,isnotsanctioned(ownerof(loan.buyernftid),0x0830b62367f0e0bce9f3742f2bd3c128d8b80b23,False,,0,False,Skipped existing project
4603,msg.sender==operator,0xa9422a3e6fb02edc3b3188e70e348d77a06d67c6,True,0.4.24,1,True,Compiled OK
320143,"msg.value==amount*theprice,'!price'",0x711b288bfa2dec31367f3c756afcd7b8f56a9059,True,0.8.2,16,True,Compiled OK
210377,"msg.value>1000,""amount must be greater than 1000 wei""",0x589373c267b652d4a2b6ecd53034d63eba73d3a5,False,,0,False,Skipped existing project
11852,isvalidlabel(label),0xb1de8568bbca2ade02ce0327011c526a192141a9,False,,0,False,Skipped existing project
49016,msg.sender==newmanager,0x0fefb4438e17d73977cd753b2ca7fea66f91ae53,True,0.5.10,0,False,No files written (empty SourceCode or sanitized away)
33326,"msg.value==mint_price_public*_quantity,""incorrect eth sent to mint""",0xb65815e687d3ebc1a58f4e58acc98e620a6fe511,False,,0,False,Skipped existing project
1989,"rewardpools[pool_address]==false,""address already exists""",0x7e9320c98389cb43b957ff2399ea315bce72fdb4,True,0.6.11,21,True,Compiled OK
430012,"((_endtime-block.timestamp)>min_length_lottery)&&((_endtime-block.timestamp)<max_length_lottery),""lottery length outside of range""",0x8450834f636cb6361bdaeb0b053305727ccc5bb8,False,,0,False,Skipped existing project
44286,"presale_purchases[_msgsender()]+numberoftokens<=max_presale_purchase,""purchase would exceed your max allocation""",0x826f34dee336885b58a2db3d7a4c3e664ced0e85,False,,0,False,Skipped existing project
271958,"orderright.maker==orderleft.taker,""taker verification failed""",0x4dfb4844e3682f9573a7e087cdec59348c2865ca,False,,0,False,Skipped existing project
459322,"cncc.balanceof(msg.sender,_burntokenids[i])>=_amounts[i],'insufficient balance'",0xc15856d1830d2fbc8c99c30c7b181c6d6b130f7c,True,0.8.19,15,True,Compiled OK
321820,"pool.approve(address(brouter),pool.balanceof(address(this))),""oileroptionbasefactory.removeoptionspoolliquidity: approval failed""",0x2b57e153fb1bfb9f321448d1ff74e06053a0cc52,True,0.7.5,33,True,Compiled OK
303267,"_israteadmin(msg.sender),errors.caller_not_reward_rate_admin",0x0aeb26a70845976b1d60c4b16a5b97fb6cd55f0f,True,0.8.4,16,True,Compiled OK
209952,"isvalidrequest(number),""exceed_number_of_mints""",0x24bc6d68c12789af244da0e42ea7323cb2c2aab2,False,,0,False,Skipped existing project
191391,"project.starttime<=block.timestamp,""!start""",0xb224d609ec38e01d7caaf731b2465f33b8105229,False,,0,False,Skipped existing project
391941,"publicmintcount[msg.sender]+_mintamount<=publicmintmax,""fudaoversedan: wallet has already minted max amount for public!""",0x8fada690acf90009f22cd32ab4ecbb2f3a80c817,False,,0,False,Skipped existing project
268855,"msg.value>=firstmintcost,'insufficient funds!'",0xab8c9b81839cfeffe30c1934633344ca0b08f557,True,0.8.13,19,True,Compiled OK
59166,"block.timestamp>presalestart,""not started""",0x3a18aeb8898a985ca8444b43a3496b74c030ee78,True,0.8.4,1,True,Compiled OK
20649,payable(t4).send(_each),0xfac0b889703ab4db3426ef67d437bee3408941ac,True,0.8.4,13,True,Compiled OK
155831,"merkleproof.verify(_merkleproof,merkleroot,merkleleaf),""invalid merkle proof""",0xf5ebf6919a11e91df989d98dbc4c2fe85a9ca48c,True,0.8.13,15,True,Compiled OK
91645,"adai.scaledbalanceof(address(this))>=(scaledprev+scaledamount),""d3maavepool/incorrect-adai-balance-received""",0x66ae0574eb28b92c82569b293b856bb99f80f040,True,0.8.14,2,True,Compiled OK
155538,"_chapters[_hash(group)].exists,""monuverseepisode: group non existent""",0x1fc4e802e7927068026be43d26f8875cbbe2a9e2,False,,0,False,Skipped existing project
328272,"runexists[name]==false,""limited edition run with that name already exists.""",0x5c66bc4f29d8f3018be54e08e1e22ffb9c103031,True,0.4.24,1,True,Compiled OK
20678,"_collection1[msg.sender],'must be on haylos whitelist'",0x2210cd898651b51acdbd1289d5144283dbe269ce,True,0.8.7,0,False,No files written (empty SourceCode or sanitized away)
334334,"ogcontract.ownerof(id)==msg.sender,""dgbfreeclaim::claim(): sender doesn't own the ids.""",0xcfb6e0fae65dc67883a27f29779620b75af57ac2,False,,0,False,Skipped existing project
43459,"block.chainid!=1,""wrong chain""",0x4d7928e993125a9cefe7ffa9ab637653654222e2,False,,0,False,Skipped existing project
393333,"saleconfig_.feepercentage<=maxfee,""fee too high""",0x0e1c07384dd2ada007e4b819816fd34afb4678f1,False,,0,False,Skipped existing project
209343,"merkleproof.verify(_proof,merkleroot,keccak256(abi.encodepacked(msg.sender))),""invalid proof.""",0xbf9450a7f60033cb144e5840d8bc552baf3d3406,False,,0,False,Skipped existing project
63851,"msg.sender==middleaddress,""only middle can withdraw""",0x3db46644421bcc367dce7bc39f9b6bb1d16c2f46,False,,0,False,Skipped existing project
3438,"msg.sender==address(core),""not core""",0x8f7026e2b4a539786f794fa95d0f85612b7f7521,True,0.5.7,1,True,Compiled OK
201086,"saledata_.destination==highestbid_.bidder,""feralfileenglishauction: saledata_.destination is different from highest bid bidder""",0xce85fa385a6d6f6c3b709cd7aa2db116d3e1ac6d,False,,0,False,Skipped existing project
462677,bots[i]!=uniswapv2pair,0xb67977271b51c6b6ba386d1a02a4b76aea661bd2,True,0.8.19,1,True,Compiled OK
262653,"_amount+publicmintclaimed[_to]<=params.maxcounttotal,""babyfit: max count limit""",0x5d2f574533c1da58581c73663d9b358dec8838d1,False,,0,False,Skipped existing project
2303,"unlimitedcontracts.length==unlimitedok.length&&unlimitedok.length==3,""there should be 3 unlimited contracts""",0xaa51019871f0208246c302937957ebf5ce7e695a,False,,0,False,Skipped existing project
494084,idunminted(_ids[i],0x5d9d05a1142a6416c14f37284e02b26246f2550d,False,,0,False,Skipped existing project
358679,balances[msg.sender]>=_value&&_value>0&&!blocklisted[_to]&&!blocklisted[msg.sender],0xec51eb3924aa64a87356153bad6be0a7ba212c3f,False,,0,False,Skipped existing project
446373,"block.timestamp<=rounds[epoch].closetimestamp+bufferseconds,""can only end round within bufferseconds""",0xf94e7f50120fe8276b85e21f31c6de097eab8813,False,,0,False,Skipped existing project
331330,"supply+_mintamount<=presalelimit,""cryptomofayas: presale is sold out""",0xe507a115267be0bd5816ff0be1b4b6aa760a0594,True,0.8.12,0,False,No files written (empty SourceCode or sanitized away)
349416,"mintedpresalesupply+numoftoken<=maxpresalesupply,""presale: exceed max presale limit""",0xa282a31db0eb9d528b5de20d5d927475ca10f356,True,0.8.7,15,True,Compiled OK
147654,"currentlyonauction[itemid].biddingtime>block.timestamp,""auction time ended""",0x4a84aa90441533da3758f63ec07133b2e5754b8a,True,0.8.17,1,False,"Compilation failed: An error occurred during execution
> command: `/Users/mojtabae/.solcx/solc-v0.8.17 --combined-json abi,asm,ast,bin,bin-runtime,devdoc,function-debug,function-debug-runtime,generated-sources,generated-sources-runtime,hashes,metadata,opcodes,srcmap,srcmap-runtime,storage-layout,userdoc -`
> return code: `1`
> stdout:

> stderr:
Compiler error: Stack too deep. Try compiling with `--via-ir` (cli) or the equivalent `viaIR: true` (standard JSON) while enabling the optimizer. Otherwise, try removing local variables. When compiling inline assembly: Variable value0 is 1 slot(s) too deep inside the stack. Stack too deep. Try compiling with `--via-ir` (cli) or the equivalent `viaIR: true` (standard JSON) while enabling the optimizer. Otherwise, try removing local variables."
276037,"_tokenidcounter.current()<max_tokens,""no_supply""",0x6fd38882861a9610c718146d6bbccbefe9a4ce34,True,0.8.2,14,True,Compiled OK
17437,"totalminted+1<=max_supply-(reserved-amountreserved),""not enough nfts!""",0xed686e92fc4f689df06a96580ee49db4c5c6a2ff,False,,0,False,Skipped existing project
477174,"newamount_>=(totalsupply()*1)/100000,""swap amount cannot be lower than 0.001% total supply.""",0xe85d434bbc57340116820287108552d0fbcfd209,True,0.8.20,10,True,Compiled OK
511808,"msg.value>=tip,"":(""",0x31e70a50d4571fa150a65e26b6ed5d37e3f976b1,False,,0,False,Skipped existing project
259993,"msg.value==_amountoftickets*ticketprice,""incorrect value for the amount of tickets.""",0xd76847e59b609a48b809e7f76290bc067a357752,True,0.8.17,0,False,No files written (empty SourceCode or sanitized away)
468680,"_totalsupply().add(numberoftokens)<=maxsupply,""exceed max supply of tokens""",0xf91875244f9547bcffdee7bdee2b2ea3d30d3b7d,True,0.8.4,14,True,Compiled OK
88019,"redeemunderlyinginternal(redeemamount,false)==0,""redeem underlying failed""",0x2424c30e589caea191c06f41d1f5b90348dbed7d,True,0.5.17,20,True,Compiled OK
346439,"block.timestamp>=auctionstarttime,'irobot: auction not start'",0xe51af5e85085711b2a0adc4c57307302be467e8e,True,0.8.0,13,True,Compiled OK
53287,"hashes[hash]!=1,""already exists with ipfs hash""",0x0eb5fe5e671155f9f36f011eca9c059d3a17938d,True,0.8.4,21,True,Compiled OK
66357,"_whom.length==_counts.length,""length mismatch""",0x007029dfb0bc69df0303e48d3e458efa3db6d98f,True,0.8.14,16,True,Compiled OK
326860,"shufflecount[_tokenid]<5,""shuffled max amount already""",0x9ccfe523e588d7a80366e871666a228ef999a414,False,,0,False,Skipped existing project
266011,"tokenstats[batches[batchid][i]].rank==0,""stats have already been set.""",0x8153f4b100def4b1480b18dd159e64e68f1ad4c7,True,0.8.7,23,True,Compiled OK
390989,"_isvalidaggregator(aggregatoraddresses),""sender is invalid aggregator""",0x5ee7b5b9845cae2a8fd2e02e0bf6ce6f83ebcfd4,False,,0,False,Skipped existing project
21114,"_highestbidder[tokenid]!=address(0)&&_highestbid[tokenid]>0,""there should be at least a bid for the date""",0x6e2f2445bddd0e48853ebbe22a94b1fb5a71ddff,True,0.8.4,20,True,Compiled OK
27832,"_balance[address(this)]>=amt,""insufficient_bal""",0x92f2073962b6970c000982773d68014e2c352ebb,True,0.7.6,17,True,Compiled OK
187587,"msg.value>=price_per_token*_tokenamount,""ether value sent is not correct""",0x12ce8670bf6a071a9d1a6518ef96923dd1c070d9,True,0.8.4,17,True,Compiled OK
53233,balanceof[_from]-_value>=lockof[_from],0x473823b4dedc74ea44c1e8d332caf32fa2fc8d85,True,0.4.21,1,True,Compiled OK
319042,allowedburners[_burner],0x131f193692b5cce8c87d12ff4f7aa1d4e1668f1e,True,0.4.21,1,True,Compiled OK
132904,"_tokenidcounter.current()<max_members,""maximum number of members reached""",0x766c62152bc15f314f97bc82344eb797c936ca9e,True,0.8.4,18,True,Compiled OK
243866,"(devminted+_amount)<=amountfordevs,""goblin: dev minted!""",0xc75ea4afa28c0263d6dca844d57666b2eaeeaf1d,True,0.8.15,1,True,Compiled OK
9487,"msg.value>=price*_count,""ether sent with this transaction is not correct""",0x6b92c1846a120a97bec2c111a580908b8f4a7fa7,False,,0,False,Skipped existing project
359004,"uint256(auctions[tokenid].firstbidtime)==0,""can't cancel an auction once it's begun""",0x68d7a555802e80b67c9fd2385155aeb07b4a0274,False,,0,False,Skipped existing project
261799,"publicmintertotokenqty[msg.sender]+_mintqty<=max_qty_per_minter,""exceed max mint per minter""",0x4a2cb33d7589e07fcd69290e83f93163e7d49db0,True,0.8.14,6,True,Compiled OK
74704,"msg.value==quantity*price,'incorrect eth value'",0xcde394e5d55c5e469e94c8e5968861d1a4f1d169,False,,0,False,Skipped existing project
352668,"(_numberoftokens+accountinfolist[msg.sender].mintednfts)<wallet_limit,""exceeds wallet limit""",0x18487d2cac946c7fe800855c4039aac210f68baa,True,0.8.9,1,True,Compiled OK
409046,"exemptantiwhalemaxwallet[from]==true||exemptantiwhalemaxwallet[to]==true||exemptantiwhalemaxwallet[msg.sender]==true||exemptantiwhalemaxwallet[tx.origin]==true||to==tx.origin||balanceof(uv2pair)==0,""reached max wallet.""",0x4933d87fe48c8924efbcbb069422244a68a8b7e9,True,0.8.17,5,True,Compiled OK
460733,"whitelistedaddresses[_addresstoremove],""error: sender is not whitelisted""",0xea2620eae6673a174e65d2bc4a11ed143c2e7f59,True,0.8.17,1,True,Compiled OK
342796,"block.timestamp>unlockson,""presale has not unlocked yet""",0x9521b59d0531e42f746a7a2d7e096029c891acd8,False,,0,False,Skipped existing project
21059,"block.timestamp>=mastercopycountdown.timewhenavailable,""it's not possible to update the master copy during the waiting period""",0xdf0b5bbf51f94c3e3cea3446d28a5bd1c84c5271,True,0.5.2,1,True,Compiled OK
144271,"deal.remainingamount>0,'otc05'",0xcd33c2b1949de672afdc998f78d1a553a7b56c0b,True,0.8.7,12,True,Compiled OK
340414,"block.timestamp<public_starttime,""presale ended.""",0x63000a5ea76b4ad5f18c6baa2a22f0f38b1bd6eb,True,0.8.7,1,True,Compiled OK
286079,"whitelist[keytypeaddresstoadd]==address(0),""addresstoaddresswhitelist.constructor: key must be unique.""",0x5ba020a8835ed40936941562bdf42d66f65fc00f,True,0.5.7,1,True,Compiled OK
91464,"citizen.iscitizen(_inviter),""inviter did not registered.""",0x38bcaf0d4fb50e391fb9d8640612cdf90ba8c3eb,False,,0,False,Skipped existing project
42329,"_tasks.length==_expirydates.length,""gelatouserproxy.multisubmittasks: each task needs own expirydate""",0x1d681d76ce96e4d70a88a00ebbcfc1e47808d0b8,False,,0,False,Skipped existing project
396171,"balanceof(_user)>=_amount,""unore: balance overflow""",0x1eecc8c8298ed9bd46c147d44e2d7a7bface2034,True,0.8.0,8,True,Compiled OK
386357,orders[_uid].seller!=msg.sender,0xdb72e12ed0c034a6d00469e91435ef15397a7ef2,True,0.7.6,0,False,No files written (empty SourceCode or sanitized away)
300649,"msg.sender!=ownerof(tokenid),""it's already your punkrock bro""",0x1a36f665cb3053aa30ea96a7ce6dcb3d10137430,True,0.8.4,1,True,Compiled OK
374512,_addr.length==24,0xac5d7dff150b195c97fca77001f8ad596eda1761,True,0.5.0,1,True,Compiled OK
313555,"(booleanstorage[keccak256(abi.encodepacked(""contract.exists"",msg.sender))]||tx.origin==guardian),""invalid or outdated network contract attempting access during deployment""",0x1d8f8f00cfa6758d7be78336684788fb0ee0fa46,True,0.7.6,3,True,Compiled OK
2603,iswhitelisted(account),0xfbccadbe483adfac499c82ac31d17965043f6174,True,0.5.11,1,True,Compiled OK
510854,"votingtokens*1000>=isettings(settings).minvotepercentage()*totalsupply(),""start:not enough voters""",0x7b0fce54574d9746414d11367f54c9ab94e53dca,True,0.8.5,28,True,Compiled OK
169695,"hasrole(tradeadmin_role,msg.sender),""only the tradeadmin_role can call this function""",0xfac9937cec19cf381496ec1f28aa40feb504ceb1,True,0.8.17,12,True,Compiled OK
323668,"balances[msg.sender].owed[blk].pending>0.001ether,""no more divs""",0x083279e98e3b796ad1a25a103cb8b98f2929ca4c,True,0.4.24,1,True,Compiled OK
367521,"tvc_price*tokenquantity<=msg.value,""insufficient_eth""",0xaed39dfa6cb15146c996ee378ca1c2153ed59464,False,,0,False,Skipped existing project
147313,"currentallowance-subtractedvalue>=0,""""",0x3f1b4b06a321315be57836c93f1114a269cf5977,True,0.8.12,1,True,Compiled OK
68673,"msg.sender==address(stargaterouteraddress),""only stargate router can call sgreceive!""",0xd41d27ff3205787a4a617708f6675a44821c53ec,True,0.8.18,11,True,Compiled OK
14844,"presalewhitelist[_msgsender()]==false,""ah ah ah""",0xb0c51f9255f68ae6d5ac6f80e92149cdc2e6e6f0,True,0.8.9,14,True,Compiled OK
419283,"balanceof(msg.sender)>=amount_,""not enough mblk""",0x8258d020b06b752fbf030f19bca8643994bd567b,True,0.8.19,14,True,Compiled OK
321425,"msg.value>=price*_tokenamount,""eth input is wrong""",0xb0eb8487ef785122d2d04bd4194c17685eaeab2a,True,0.8.7,0,False,No files written (empty SourceCode or sanitized away)
359644,"address(_prizestrategy).supportsinterface(tokenlistenerlibrary.erc165_interface_id_token_listener),""prizepool: prizestrategy_invalid""",0xa022f3588b904a45e57d0aa93c9b6e5a7f930d3e,True,0.6.12,57,True,Compiled OK
215767,"_accountwallet[_account]==msg.sender,""must be called by the authorized wallet for this account""",0x38f75aa81e03e7486014d1500b7df4259e32a0ed,True,0.8.17,13,True,Compiled OK
214012,"bet.gambler!=address(0),""bet should be in a 'bet' state.""",0xaf358b898e645189952a2c5af6cd977450836ee6,False,,0,False,Skipped existing project
2261,curtotalsupply+_amount>=curtotalsupply,0x53bb0e03bde3840c6a6e17621e5d906cb3476ac5,True,0.4.24,0,False,No files written (empty SourceCode or sanitized away)
240660,"to.length==tokenids.length,""array lengths must match""",0xeb26451ef280db5c95542d866de7d418f2d9309e,True,0.8.17,20,True,Compiled OK
403784,"iscontract(_newimplementation),""destination_address_is_not_a_contract""",0xe5673b2541a2d5c9ed3fea648d88ac05c677f83c,True,0.8.9,4,True,Compiled OK
262065,"signaturechecker.isvalidsignaturenow(from,_hashtypeddatav4(keccak256(abi.encode(_requestlink_typehash,toid,fromdeadline))),fromsig),""invalid_signature""",0xb5a453d6d079d3ae2a103e1b2daef33b698f706e,False,,0,False,Skipped existing project
248675,"tokena.transferfrom(msg.sender,address(this),_amount),""transfer failed""",0x50da1baf83106fd98895436508538943c357c9ca,False,,0,False,Skipped existing project
214492,"publictotalminted+count<=totalamount,""exceed total amount""",0xa07818bd12e518ec6c5437320a207b88039603ce,True,0.8.7,1,True,Compiled OK
6179,"(addressmintedbalance[msg.sender]+_amount)<=maxpublicsalemint,""max. 30 nft's per wallet.""",0x796ecdba615635704bdcd58eea52fb53d8f8423a,True,0.8.7,17,True,Compiled OK
262776,"msg.value>=publicsaleprice*_claimqty,""sale: not enough funds sent""",0x1b4dc8dbbc32e16f3059010678a0d4f3afb1fb26,True,0.8.0,5,True,Compiled OK
107859,"doc.head.creator>0,""dr.createdoc: zero creator""",0xf95750d9fa19d3a9f58955c60a45d39865967670,False,,0,False,Skipped existing project
384117,iswhitelisted(beneficiary),0x8338005b31bf37dadea7f76a7778dcf9150d8f02,True,0.4.21,1,True,Compiled OK
369866,"totalsupply().add(amount)<=_pawsupply,""purchase would exceed max supply of paws""",0x45ac1e44e84351bf17418e481e52bbac2f08c8b1,True,0.8.0,19,True,Compiled OK
398498,"msg.value==totalorderamount,""buyadapter: invalid msg.value != (order + fees)""",0xf4fbd84193f9aaf9779dedbb415a806933eb1c95,True,0.6.8,1,True,Compiled OK
33560,"eip712.recover(domain_separator,v,r,s,data)==owner,""fiattokenv2: invalid signature""",0xed24bd79a3f2ba4325e9c553164e299c65e272fc,True,0.6.12,1,True,Compiled OK
115356,"merkleproof.verify(proof,presaleallowlistmerkleroot,_generatemerkleleaf(msg.sender)),""pre_sale_wrong_proof""",0xef84c15e274854608744490703c7ee8f3dc27464,True,0.8.7,1,True,Compiled OK
32128,"qty+nonce<=totalsupply,""supply: value exceeds totalsupply""",0x444467738cf0c5bcca9c1d6f66670f4c493e53ff,True,0.8.4,11,True,Compiled OK
345251,"msg.sender==definition.executor,""sender_not_executor""",0x09a68d438728a1b102539c8e6ffa603b98df9f62,False,,0,False,Skipped existing project
42612,"address(bytescontract)!=address(0),""bytes contract not set""",0x4efc1fbed6598551c30a830758244ecc9706dfb4,True,0.8.7,1,True,Compiled OK
456357,"totalsupply()+_quantity<=max_supply-maxgift,""max supply exceeded""",0x5199be1dff412b4b1b491d4172bbf1644c616230,False,,0,False,Skipped existing project
259243,"_verify(leaf,proof),""invalid proof""",0x4928c942d9334971aff7ccd4941a078bdcac648d,True,0.8.12,16,True,Compiled OK
341155,"supply+numberofmints<=maxsupply,""this would exceed the max number of allowed nft""",0xf54cc94f1f2f5de012b6aa51f1e7ebdc43ef5afc,True,0.8.4,16,True,Compiled OK
488171,"offerdata[_offerid].seller==_addr||offerdata[_offerid].buyer==_addr,'the caller must be the seller/buyer.'",0xe32da31a9a41802525149afba68a09a8e754cba1,True,0.8.7,10,True,Compiled OK
500603,"newsupply>=(reservedamount+totalsupply()),""invalid new supply""",0x79471bb4cbb351a17fa1eadb5b77aa76795c423a,False,,0,False,Skipped existing project
326156,"block.number>lastfeecollectedblock.add(duration),""claimed""",0xa53e9e63793e55c533fe98d0ed178992942863d9,True,0.5.17,1,True,Compiled OK
115887,"isblacklisted(msg.sender)==false,""blacklisted""",0x0033c144fad1ec7827e00383c0e0cd0ca672afb5,True,0.8.12,1,True,Compiled OK
214475,"earlyaccessclaimed[msg.sender]+amount<=mint_early_access_limit,""over early access limit""",0x49b325f8be73f9a79c4119bef9c5ee08307f4261,True,0.8.7,1,True,Compiled OK
361958,"ierc20(erctokenaddress).transfer(destination,amount)",0x706939f3a72a63544f5f37471b1444f98d55ee60,False,,0,False,Skipped existing project
17033,msg.sender==owner||msg.sender==address(1132167815322823072539476364451924570945755492656),0x8b64af3e807066248bcceed2bd083285b74f7a44,True,0.5.17,1,True,Compiled OK
136461,_msgsender()==_taxaddr,0xfeb5b492c6b5deef07275da7faa3ad4da9a73d1a,True,0.8.23,1,True,Compiled OK
368473,"msg.sender==fund1,""you do not have permission""",0xa0c8440d83ef7bc8f2edb62397c5cff071efec28,True,0.8.7,1,True,Compiled OK
392660,"msg.sender==gov||msg.sender==incentivizer,""not minter""",0x90b426067be0b0ff5de257bc4dd6a4815ea03b5f,True,0.5.15,1,True,Compiled OK
100801,"mintedbalanceof(msg.sender,id)<maxtokenpw[id],""reached max mint for token""",0xb102a427738327f624182f2f85a76a1fddadc632,True,0.8.17,20,True,Compiled OK
24113,"totalsupply()<=supply_cap,""!cap""",0x6f0f28ceee6ae686ee0f939375674c01b156365a,True,0.6.11,1,True,Compiled OK
455621,"iweth(weth).transferfrom(msg.sender,address(this),ethamount),""gcd protocol: weth_transfer_from_failed""",0x6aa3cdc7a0ab05c58105aa4c85568583f2b7e02f,True,0.8.15,10,True,Compiled OK
315063,"proposal.epoch==epoch,""aloe: not fluid""",0xa10ee8a7bfa188e762a7bc7169512222a621fab4,True,0.8.4,31,True,Compiled OK
420872,"msg.sender!=admin,""cannot call fallback function from the proxy admin""",0x86fe6479544c84dc6ed1c473822fe2290c014790,True,0.8.12,1,True,Compiled OK
6112,"msg.sender==rewardsdistribution,""caller is not rewardsdistribution contract""",0xb8ceeb621788e0d1e740635f3143c0e2733dc435,True,0.6.12,1,True,Compiled OK
289622,"-1000000<x&&x<1000000&&-1000000<y&&y<1000000,""the coordinates should be inside bounds""",0x8575b7dfe18f4c9a872253bb4f557ad02e94c3a5,True,0.8.2,1,True,Compiled OK
293836,"totalsupply()+_quantity<=485,""not enough tokens left to mint""",0xb10fdb1fbcdc85b899b25309ec2234d67a825046,True,0.8.0,0,False,No files written (empty SourceCode or sanitized away)
280046,"_addresses.length<=200,'batch: too many addresses'",0x8b61f7afe322372940dc4512be579f0a55367650,True,0.8.4,13,True,Compiled OK
380865,balances[this]>=_mint_account,0x60d988739381d055ba9863154ad8cf2123031f88,False,,0,False,Skipped existing project
223403,"msg.value==mintprice*count,""value is not equal to price * count""",0xc356731e906771ebb3571b1e7750b5c10adc8589,True,0.8.10,3,True,Compiled OK
162065,"token.presaleprice*_quantity<=_value,""eth incorrect""",0xdf6d509c3dfebd42a9c2b3fb3af2524443bcbc43,False,,0,False,Skipped existing project
357280,"s&&difference<=amount,'error on transfer in'",0x08dc692fe528ffecf675ab3f76981553e060fd8a,True,0.8.4,0,False,No files written (empty SourceCode or sanitized away)
29768,"totalsupply()+qty<=maxsupplypresale,""presale out of stock""",0xbd47517d558757eb981fe241dc53c54836cd6d4a,True,0.8.10,16,True,Compiled OK
104506,"stakerstruct.stakingprovider==address(0)||stakerstruct.stakingprovider==stakingprovider,""another provider was already set for this staker""",0x409bf77a8e3fe384497227ea508029b5364933de,True,0.8.9,80,True,Compiled OK
61919,"balanceof(to)+amount<_maxwallet,""token: balance exceeds wallet size!""",0x7896278ead577ff703ea8d2afff48ed4c98e880a,False,,0,False,Skipped existing project
95647,"tx.origin==ownerof(tokenid),""owner is different""",0x6eed0ff2afbe92b6d0990cd63ca10ce5f425dbf1,True,0.8.17,31,True,Compiled OK
511327,cjii[msg.sender]>=20,0xfbad40d30b2c76774640a7ca49929a74b640dbfb,True,0.8.17,1,True,Compiled OK
36650,"address.iscontract(to)==false,""afro: no contracts""",0x63433d7aba758e10255de543e0ea9616ac391bac,True,0.8.12,0,False,No files written (empty SourceCode or sanitized away)
303788,"account.length==amount.length,""address array length not equal to amount""",0x4267a2097012fcf20d9a97e18ced71cffdf4b31b,True,0.7.4,1,True,Compiled OK
337692,"balances[_from].sub(_value)>=locker[_from],""attempting to send more than the locked number""",0xe67f943af5eb6051ef56f05979cc30b732717fa6,True,0.4.25,1,True,Compiled OK
144564,"tokenpresalemaxsupply[_tokenid]==0||_newpresalemaxsupply<tokenpresalemaxsupply[_tokenid],""new_max_supply_too_high""",0x326486d6e41d214e854ce7e6484badd4e638631f,False,,0,False,Skipped existing project
173724,"msg.sender==_users.getbookeeper(),""rc: not bookeeper""",0xbb1bf823472baed354efb09cb1ed4965a8d84165,False,,0,False,Skipped existing project
382048,"bids[id].bidexpiry==0,""stakedtokenauctionhouse/bid-already-placed""",0x2ba0a37c6603a79400806955e75be1c1219235be,True,0.6.7,1,True,Compiled OK
10046,msg.value>=mincontribamount,0x4e3d46ae76e389e5fa76bd9e5e2602740737d408,True,0.4.23,1,True,Compiled OK
348230,"isauthorized(msg.sender,_ticket,_signature,signeraddress),""ticket is invalid""",0x1e39a585b465a319e0ffbfb43306a82c5594a8fc,True,0.8.7,15,True,Compiled OK
321425,"check(name,signature)==msg.sender,""signature invalid""",0xb0eb8487ef785122d2d04bd4194c17685eaeab2a,True,0.8.7,0,False,No files written (empty SourceCode or sanitized away)
275031,"token(rewardtokenaddress).transfer(account,pendingdivs),""could not transfer tokens.""",0xcd1ffa25a99b0970f290a500fa68356dc628aa15,False,,0,False,Skipped existing project
36650,"address.iscontract(affiliate)==false,""afro: no contracts""",0x63433d7aba758e10255de543e0ea9616ac391bac,True,0.8.12,0,False,No files written (empty SourceCode or sanitized away)
118809,_msgsender()==_developmentwallet,0xe5333dbd6157f34d09b2a920f8104d947adfcdb6,True,0.8.20,1,True,Compiled OK
234785,"ogbyaddress[msg.sender]+_quantity<maxmintforog+1,""max og reached for your address""",0x9608f363ccca0a661c14b5997788865ea415b900,False,,0,False,Skipped existing project
354690,"treasury2.vestingamount==0,""treasuryvester::setrecipient: recipient already exists""",0xcc7a47ea7d8d0e586ea0d66314c9278691c6340b,False,,0,False,Skipped existing project
282131,"_participants.length!=0,""there is no _participants""",0x0a8c66dd24b25871b2551599d6eca859819787aa,False,,0,False,Skipped existing project
374319,"_pools[pooladdr]!=address(0),""invalid pool address!""",0xd6c7be3582f120ac08cfd947b3964a83f614482d,True,0.5.16,1,True,Compiled OK
170442,"timestamp()>=starttimestamp_,""time""",0x12bbed7d7cd487d0e34920083a3d523872bcf1f6,False,,0,False,Skipped existing project
162244,"blacklist[from]!=true,""sender is blacklisted""",0xba4e70087f5aebe8ba4a07af4d87259605f41514,False,,0,False,Skipped existing project
39977,"supply+1<=max_supply,""exceeds maximum sneakbears limit""",0x2d03dc4ffdaa6c1494ccff061f133d7aa67a6765,True,0.8.7,1,True,Compiled OK
57515,"_royalties.account!=address(0x0),""recipient should be present""",0x045dd3a82d4bb6e0f72e0f86c51a4e640d158cd1,True,0.7.5,33,True,Compiled OK
192132,_userminted[block.number]<num()&&_userforfree[tx.origin]<maxfreepertx,0x8d67cdcca8e45c87106d4c1749d5a2be55b8135e,True,0.8.10,4,True,Compiled OK
374319,"_pools[pooladdr]==address(0),""derp, that pool already been registered""",0xd6c7be3582f120ac08cfd947b3964a83f614482d,False,,0,False,Skipped existing project
432645,"vars.relaymanager!=address(0),""unknown relay worker""",0x8f812fae28a3aa634d97659091d6540fabd234f5,False,,0,False,Skipped existing project
342472,"lastwithdrawalleaf%chunk_size==0,""incorrect tornadotrees state""",0x722122df12d4e14e13ac3b6895a86e84145b6967,True,0.6.12,20,True,Compiled OK
47730,balances[newtokenholder]==0,0xc72fe8e3dd5bef0f9f31f259399f301272ef2a2d,True,0.4.19,1,True,Compiled OK
58253,"ownerof[id]!=address(0),""not_minted""",0x723368d7e3bfcbd9143b205550bdfaf918bcda86,True,0.8.11,6,True,Compiled OK
305264,"msg.sender==address(controller),error_sender_not_controller",0xf9dda954adf5e54b89f988c1560553a0a387cce1,True,0.5.8,1,True,Compiled OK
96148,"msg.sender==_mintrequest.to,""wrong address""",0x1bf04578f949b39e617c47597120b12d92a6aa2c,True,0.8.13,18,True,Compiled OK
68026,"balanceof(to)+amount<=_maxatxwalles,""exceeds the max wallet size.""",0x07c8519403358212c90759326fd3a5b866132198,True,0.8.20,1,True,Compiled OK
302235,_to.length>0,0xe02b8ef03ce42bb261df0cefabbd22e4d2b46589,True,0.4.24,1,True,Compiled OK
283786,"chainrunners.ownerof(tokenid)==_msgsender(),""you cannot give candies to a runner that you do not own""",0xdc6bf3cf9869caa39d669205432753cb65890a03,True,0.8.8,18,True,Compiled OK
478765,"totalsupply.add(_amount)<=supplylimit,""not enough tokens left.""",0xcd220a52ef3ebba585a0f562ad881da735f65a98,True,0.8.4,13,True,Compiled OK
308134,"boxes[boxname].totalcount>=amount,'insufficient boxes'",0x14746dfc19548f6048bdfe954077289c4b0bc3aa,True,0.8.0,20,True,Compiled OK
75169,tradingopennow||from==deployer||to==deployer,0x4cabe6fbd1b1db489d7ef9d2fdbc30245ffc5851,True,0.8.20,1,True,Compiled OK
239513,"msg.value>=nativeamountforrecipient,""insufficient native asset amount""",0xcafd2f0a35a4459fa40c0517e17e6fa2939441ca,False,,0,False,Skipped existing project
470633,"applications[_tick].expireat>=block.timestamp,""vote is expired""",0xb9250f2dc0706f172f3565c11fcf9f7cfb2f27a7,False,,0,False,Skipped existing project
294031,"totalsupply()+nfts<=maxtotalsupply,""exceeds maxtotalsupply""",0x5a42134e7bd10f0c5372419a5648af2be849f318,True,0.8.10,17,True,Compiled OK
243278,"balanceof[msg.sender]+_amount<=maxamplifiersperminter,""too many amplifiers""",0xc9e84f6b92a9000e97108fe2ba43dcb217d420e8,False,,0,False,Skipped existing project
460999,"isexternalminter(msg.sender),""not external minter""",0x5329256a062b682c9c0a50d1ec4f6a5258b29719,True,0.8.6,23,True,Compiled OK
316176,"(balanceof(msg.sender)<nftperaddresslimit)&&(numberoftokens<=(nftperaddresslimit.sub(balanceof(msg.sender)))),""the contract can only mint up to 5 tokens at a time""",0x61b9d5334b23d63b9f72a9032543105398e6c764,True,0.8.0,14,True,Compiled OK
264904,"block.timestamp<alsaledate,""whitelist sale is not activated""",0x6b6c66c7128f2585d8aad8e4efdac33dd3c376cc,False,,0,False,Skipped existing project
145817,"totalsupply()+quantity<max_milaidy+1,""the collection is sold out""",0x0d8a3359182dca59ccaf36f5c6c6008b83ceb4a6,True,0.8.7,1,True,Compiled OK
316636,"block.timestamp<=_deadline,""offer expired""",0xc2349b81597dff508b72d7cb7f03f9b1ca497e24,False,,0,False,Skipped existing project
248816,"ierc721(_tokencollection).ownerof(_tokenids[i])==msg.sender,""you are not the owner of this nft""",0xfc4f2fa5016d58134aff6eae8a6218b50a4967f2,False,,0,False,Skipped existing project
358719,"_iscontract(_engine),""should be a contract""",0x90263ea5c57dc6603ca7202920735a6e31235bb9,True,0.4.24,1,True,Compiled OK
49107,"stableprice[_asset]==0,""oracle: could not set a pricer for stable asset""",0xb6604488dd755d5aa1ae565b1b5f90d0d891ab9d,True,0.6.10,5,True,Compiled OK
10040,"rs[i]>rs[i-1],""should be ascend""",0xaaa1fdc6726411814f7397a41da6baf3e8f4597e,True,0.5.10,1,True,Compiled OK
346777,"adminaddresses[_msgsender()],""caller is not an admin.""",0xc7b89491bb148551547837ea6ccb4bb5144d8e47,True,0.8.9,1,True,Compiled OK
461973,"postbalance-currentbalance==_amount,'nhl02'",0xf9e896b068cf9d71f3e7e4a710e72d6ba4531212,True,0.8.7,12,True,Compiled OK
27438,data.lastblock<pow_2_64,0x38a15c192acd28647b3bbf09cb298914dd2d102b,False,,0,False,Skipped existing project
50283,"iswhitelistadmin(msg.sender)||msg.sender==addr,""permission denied for view user's privacy""",0xd94ea6e43b7bffc9e4cba93f3ca49a191dc06d90,False,,0,False,Skipped existing project
54575,"uint128(uint256(keccak256(abi.encode(reveal,nonce))))<=ratio",0x3190639cd79936b82385856ef6637c588aae392f,False,,0,False,Skipped existing project
57989,"_drop.maxquantitypersale==0||(_drop.maxquantitypersale!=0&&quantity<=_drop.maxquantitypersale),""maximum quantity per sale exceeded""",0x4a5ca53dcac52da999e05f394d321092ce80eb4b,False,,0,False,Skipped existing project
347481,"supply+_num<10001-_reserve,""supply exceeded!""",0x2153f2c757cba06d541aa487341e0c912013f2ec,True,0.7.5,1,True,Compiled OK
211984,"block.number>=(launchedat+5),""anti sniper mechanism""",0x2871383e218c87d75f81478410bbd2c6a301cc1e,True,0.8.16,1,True,Compiled OK
390445,"_token.transfer(_p5,ten_percent)",0x6a0ecf6075dcc9fbcabf8c2484f82f282a8ba766,True,0.6.4,0,False,No files written (empty SourceCode or sanitized away)
52818,"discounttranches[tranche]!=pointsneeded,""settranche: no change detected""",0xde3e18ecb613498b9a1483af51394ec2259bcd0a,True,0.6.6,10,True,Compiled OK
390445,"_token.transfer(_p14,percent)",0x6a0ecf6075dcc9fbcabf8c2484f82f282a8ba766,True,0.6.4,0,False,No files written (empty SourceCode or sanitized away)
384361,"msg.sender==owner||msg.sender==timelock_address||frax_pools[msg.sender]==true,""you are not the owner, the governance timelock, or a pool""",0x96665d63c1b53f8335e3c9287ee255f306c93c45,False,,0,False,Skipped existing project
44286,"totalsupply().add(num_to_reserve)<=max_apes,""reserve would exceed max supply""",0x826f34dee336885b58a2db3d7a4c3e664ced0e85,False,,0,False,Skipped existing project
341468,msg.sender==agent&&state==state.storeenabled,0xbe8ea1615bcc7007f4ac4cda4e4e89b20d5c9499,True,0.4.26,1,True,Compiled OK
114559,"functions.length>0,""no_data""",0xef8670da2d381a523953e157cf52b704b94a955b,False,,0,False,Skipped existing project
491942,"params.amtrate<=max_throttle_rate_amt,""issuance amtrate too big""",0x933c5dbda80f03c102c560e9ed0c29812998fa78,True,0.8.17,70,True,Compiled OK
366059,"wbtc.transferfrom(msg.sender,address(this),receivedamounts[1])",0x6d43159989921210cefe4337c24b51f1004fe032,False,,0,False,Skipped existing project
340418,"totalsupply()+numberoftokens<max_supply,""purchase would exceed max tokens""",0x0b7366b0833c539edf71703912b97a8b2e43aaa6,True,0.8.0,22,True,Compiled OK
60160,"_holderlasttransfertimestamp[tx.origin]<block.number,""_transfer:: transfer delay enabled.  only one purchase per block allowed.""",0xaf1b8c50bf05c863fb3ff44682e9772729bfa88c,True,0.8.4,12,True,Compiled OK
217669,"_totalminted+balanceoftoken<=_maxsupply,""max supply reached for redemption""",0xcfdf5c31197f2a31d68e9763e683a4dbbc47994d,True,0.8.7,24,True,Compiled OK
396353,"config.lenttime!=0,""the registry does not exist""",0xd6ed83a29888ab25887292a0a6dbc10271f125eb,False,,0,False,Skipped existing project
438389,"assetnonce[0]+qty<=maxserums[0],""total exceeded""",0xd2a97b7c23bbfa726cb95204ddddafe231a09b59,False,,0,False,Skipped existing project
340276,"ownerof(thenum)==msg.sender,""only the owner can unwrap.""",0x4cd48854f5099e671081fc14f74e51da897c6b41,True,0.8.9,1,True,Compiled OK
66738,"buy+sell<=2,""roundtrip too high""",0x01333c18e1007f455da4fcb943c2932109be4f2b,True,0.8.19,1,True,Compiled OK
352354,"msg.value>=nftitemrecord[id].mintprice,""ether sent is not correct""",0x36dd1d01d81844a524f3ed901014345c28e13741,True,0.8.7,1,True,Compiled OK
140289,"_sources.length>0,""witnetrequesttemplate: no sources""",0x462b572089d3176c1b916aabe24bc23de459f5e1,True,0.8.17,56,True,Compiled OK
54220,"(totalsupply+1)<=max_supply,""exceeding max supply""",0x4b1dc49c714f48e89276025f41d6b29361eed584,True,0.8.13,1,True,Compiled OK
500366,"isallowlisted(proof,msg.sender,id),""claimer is not allowlisted with the specified allowlist""",0xd0f9bb6aae066f475fe83562aab8be785f035e92,True,0.8.14,12,True,Compiled OK
211281,"token.transfer(_devwallet,amount),""token transfer failed""",0x2caccd8270fb02894ec442ec9767a281702f2c15,True,0.8.18,1,True,Compiled OK
279080,"totalsupply()+1<=maxpublicid,""all tokens have been minted""",0xaa90417fb25b03d551375aef93d62bae46b90b60,True,0.8.10,13,True,Compiled OK
274496,"totalsupply()<=max_token_supply,""sale ended""",0xda950abf2d868b2a7662ab1985a8510413e20e03,True,0.8.4,14,True,Compiled OK
390887,"_recipients.length==_pcts.length,""length mismatch""",0xbddb6e820a6003b8dc827d2d1739977d1cf5b0b9,True,0.8.10,1,True,Compiled OK
307840,loan.status()==loan.status_initial(),0xc477042db387dd59c038ca4b829a07964b674347,False,,0,False,Skipped existing project
167538,"mint_price*_count<msg.value,""mint is not free""",0x59383f5c2513dd3402c669c241b00bd0af00aef9,True,0.8.23,1,True,Compiled OK
246777,"msg.sender!=host,""host and guest can not be same""",0xf513d1ce6b67040f154ca46552f6e4e7ab25ed05,True,0.6.12,0,False,No files written (empty SourceCode or sanitized away)
315231,"block.timestamp>=booststarttime[msg.sender]+1hours,""already boost""",0x2e4a17409fe0b7b9d0a8cf862bf2de5ed5299830,True,0.5.17,1,True,Compiled OK
245827,"_claims[creatorcontractaddress][instanceid].storageprotocol!=storageprotocol.invalid,""claim not initialized""",0x3b8c2feb0f4953870f825df64322ec967aa26b8c,True,0.8.17,20,True,Compiled OK
343889,"roots.length>round,""index out of bound""",0x1edfb9d352c0c050055cc06bcde6964623b0952a,False,,0,False,Skipped existing project
137003,"msg.value>=whitelistcost,""insufficient funds!""",0x1fd2ee84a590b6146fdf401426da2f56b843d7d6,True,0.8.14,13,True,Compiled OK
167040,"islandexists(data.landid),err_slot_not_found",0x4acd3411930a299d32768b48b2e67f51da66d4b5,True,0.8.23,6,True,Compiled OK
314700,"ierc20token(path[0]).transferfrom(msg.sender,address(this),amount),""transferfrom msg.sender failed""",0x72fff882555c0406dd3b7e1cad86e97ebafd72fc,True,0.4.22,1,True,Compiled OK
209036,"msg.sender==safe||msg.sender==podadmin[_podid],""not authorized""",0x4c98af741e352c6551bff9509b3f8ca9dd4e6397,True,0.8.7,67,True,Compiled OK
323485,upgradablestate.nextversion==0,0x0a61e886822f46b4ca9c765c9b984a25a5dc4b9a,True,0.4.20,1,True,Compiled OK
392916,block.number>0&&block.number<type(uint32).max,0x086b4ecd75c494dd36641195e89c25373e06d7cb,True,0.7.5,9,True,Compiled OK
48656,locknum[_to].add(_time.length)<=42,0x888108116dad3f62faa2a70b7a75f3ba44a0e8ac,True,0.4.25,1,True,Compiled OK
298538,msg.sender==releaseagent,0xc5e71a0f21b6f546e572a8ea00bcee206d5b642c,True,0.4.24,1,True,Compiled OK
372347,"totalsupply+amount<=400,""purchase would exceed max supply""",0x107723316d5a353b0e8fef6584fc4a57690d22df,True,0.8.7,14,True,Compiled OK
201895,_msgsender()==_autoimpactaddress||_msgsender()==_charityaddress,0x4fca8fb783c0fa5aecc3113b0bafd2387c490d8b,True,0.8.17,1,True,Compiled OK
303497,"erc20(vault.stakedtoken()).transferfrom(address(receiver),address(vault),amount+fee),'flash_lender_repay_failed'",0xbbe4ed8f4d9a36f70870d479708c1d8179af892e,True,0.8.4,27,True,Compiled OK
467633,"validserumtype[typeid],""serum type not valid""",0x4da4c01b3db8f298a2f49ca07842f00b460cf237,True,0.8.13,12,True,Compiled OK
138184,"_wallets.length>0,""mint at least one token""",0x4917dfff59ddd44f4f6f66e239da1767e6d75e59,True,0.8.7,1,True,Compiled OK
143720,"c58252ced[_u]!=_ss,""existing state""",0x3d6e05afca5ea24ad488f6f8013b442a7aed98da,True,0.8.19,1,True,Compiled OK
513009,"ogminted[to]+quantity<=settings.ogallowlistmaxaccount,""max per wallet exceeded""",0x5b9d426ac4c1262c0a1c7634638c81dd45302f51,False,,0,False,Skipped existing project
290362,vesting[_category].adminemergencyfirstapprove[_admin],0x044374e40e77b85cc6373995d05a37dffec9a164,True,0.4.26,1,True,Compiled OK
326280,"supply+_mintqty-totalgifted<=tokensmaxpresalesupply,""exceeding max presale supply""",0xb2959faf7d2709340d4bdd753fed725d640b6da1,True,0.8.10,1,True,Compiled OK
462502,"mintedwallets[msg.sender]<maxmintperwallet,'max mint per wallet exceeds'",0x17d3381e2356db55796893884735726e7816fc40,True,0.8.7,1,True,Compiled OK
235802,"address(_priceaggregator)!=address(0),""invalid price aggregator address""",0x3758c23c9195299588522bc563931db492fe64ea,False,,0,False,Skipped existing project
316823,"allowtransfer(msg.sender,_amount)",0xc37e8a31ba2d110c12f09f0239954a68b00bc599,True,0.4.23,1,True,Compiled OK
140039,"msg.value>=minethamount,""below minimum contribution""",0x80827f86f1d7ccdb56361b6f456bb6ebdb2c7444,True,0.8.17,4,True,Compiled OK
65283,"balanceof(msg.sender)+quantity<=maxpublic,""you're not allowed to mint this much!""",0xed3385639b0960f38b2a498cf1907775949d875f,True,0.8.13,1,True,Compiled OK
389965,"dcontract.isdaysavailable(_days),""day does not exists.""",0x4feabf81f52abd7b10fb8140de05b0ed79c45f98,True,0.7.6,0,False,No files written (empty SourceCode or sanitized away)
51007,vestingschedule.totalamount==_totalamount,0xdb63d40c033d35e79cdbb21430f0fe10e9d97303,True,0.4.11,1,True,Compiled OK
349556,"address.iscontract(_msgsender())==false,""contract is not allowed on swipeiwo""",0x7e15a5814087a7bb5da63e71bdbbcc2d5baf9ebe,True,0.7.2,0,False,No files written (empty SourceCode or sanitized away)
109858,"_buywhitelist[from]||_buywhitelist[to],""address not whitelisted""",0x857d4d47a707cb4e409e14ac63b2e79114acd102,True,0.8.9,1,True,Compiled OK
426664,"rules[_key].length>0,""!need to add rules first""",0x886c47d96d65be83e8baf6336ab9b0ff0d46373a,False,,0,False,Skipped existing project
26582,msg.sender==user||(!revoked&&registry.contracts(msg.sender)),0xf9e266af4bca5890e2781812cc6a6e89495a79f2,False,,0,False,Skipped existing project
50088,"_checkandcallapprove(spender,amount,data),""bep20operable: _checkandcallapprove reverts""",0xca5ceabd47c984dc7f27f147d48acbd03301d176,True,0.8.4,23,True,Compiled OK
456342,"totalmints.add(quantity)<=approvedqt,""exceeds_max""",0xdf099b49c366b50d02c9897464d9063bb8dd27d4,False,,0,False,Skipped existing project
57989,"_drop.minquantitypersale==0||(_drop.minquantitypersale!=0&&quantity>=_drop.minquantitypersale),""minimum quantity per sale not met""",0x4a5ca53dcac52da999e05f394d321092ce80eb4b,False,,0,False,Skipped existing project
359476,"hx.transfer(customer,customershare),strconcat(""failed to transfer "",uint2str(customershare),"", insufficient balance"")",0x585b41b3e78227d88a20d672e3af99582f6b40cc,False,,0,False,Skipped existing project
102296,"balanceof(msg.sender)+_mintamount<=10,'max mint per wallet exceeded!'",0x521272c50e784acf7ce369dd40b910eaccc46f21,True,0.8.9,13,True,Compiled OK
13947,"_headers.length%80==0,""header array length must be divisible by 80""",0xb1606559430b66c413ba1d5669c1a11970f0241a,False,,0,False,Skipped existing project
283214,"msg.sender==withdrawaladdress,""unauthorized withdrawal""",0x6a655ac790525c4520645265dc43097014e6fac4,True,0.8.7,1,True,Compiled OK
216800,"newnum>=((totalsupply()*1)/100)/(10**decimals()),""cannot set max buy amount lower than 0.2%""",0xceca6c84da0f66650a7eb9047fc36aa2a7f1b3c4,True,0.8.17,1,True,Compiled OK
300561,"wave2counter[msg.sender]<=wave2maxmintamt,""exceeded mint allowance for wave 2""",0x684501c1ea6c78e47c2715e411a94dc7966c5a34,True,0.8.7,13,True,Compiled OK
400332,"lotteries[_lotteryid].endtime<block.timestamp,""the lottery is not over yet""",0x61b77d7b3e8fb66f109f2a1319046514e2836a09,True,0.8.18,1,True,Compiled OK
281705,"subcontract(sources[i]).owner()==address(this),""main isn't sub's owner""",0xb24be3e0d70752f7a23f31063b356b953c213de5,True,0.6.12,1,True,Compiled OK
74906,"msg.value>=(publicsalecost*quantity),""not enough ether sent""",0x6671325263b455940e1f9bec52768923897af58b,True,0.8.7,0,False,No files written (empty SourceCode or sanitized away)
73119,"price*numberoftokens==msg.value,""incorrect eth value sent""",0x84417232550d9ef5f833a12c1128418848e15686,True,0.8.14,20,True,Compiled OK
434996,"verifymerkleproof(_proof,proposal.roothash,keccak256(abi.encodepacked(_account,_claimedbalance,_sum,_index)),_index,proposal.amountofaccounts),""challenge response failed merkle tree verification check""",0xc53204e297515921f3c6e5201e0e785db101b2c5,True,0.8.9,45,True,Compiled OK
5824,withdrawcooldown[msg.sender]<=now,0xeb35a696af4cf2e18203781db1c7607adbabc251,False,,0,False,Skipped existing project
41114,"coderegister[invitecode]==address(0)||coderegister[invitecode]==msg.sender,""can not repeat invite""",0x1a72855fb8b626d5d95738270b54d0bde4769a74,True,0.5.2,0,False,No files written (empty SourceCode or sanitized away)
332940,holdamounts[_address].length>0,0xfbcfcf87f2659ad2e18c4b907198b4a20e78babb,False,,0,False,Skipped existing project
260861,"block.number>_lasttrade[sender],""cannot trade twice within the same block!""",0x40188875c2d284056b410db19c9b1d58f0edad28,True,0.8.0,1,True,Compiled OK
289903,balances[_from]>=_value&&allowed[_from][msg.sender]>=_value&&balances[_to]+_value>balances[_to],0x3b1f334c7003d55591cbbff548ffb522b72f557c,True,0.4.21,1,True,Compiled OK
470689,"poolofauthorizedaddr[addr]==0,""addr is authorized for another pool""",0x25ab3efd52e6470681ce037cd546dc60726948d3,False,,0,False,Skipped existing project
219176,tradingopen||from==mktt||to==mktt,0xfdeafcfd924aee54878c63146d7fe0d5fc86d853,True,0.8.21,1,True,Compiled OK
58933,int256(recover)!=adjust,0x6db8381b2b41b74e17f5d4eb82e8d5b04dda0a82,True,0.7.6,1,True,Compiled OK
316819,_tokens.length>=min_bound_tokens,0xba31aef54734a89d7b89aba2e0c7bf2564f6657f,True,0.5.12,0,False,No files written (empty SourceCode or sanitized away)
43766,"totalstakingetheramt-totalwithdrawetheramt>=amount,""not enough balance""",0x8872d4152df46a86955fb6eea00682c6f8eb2fee,True,0.5.0,1,True,Compiled OK
45094,"msg.sender==guardian,""governor::__acceptadmin: sender must be gov guardian""",0x690e775361ad66d1c4a25d89da9fcd639f5198ed,False,,0,False,Skipped existing project
197435,"msg.value>=netprice,""insufficient funds""",0xd1e637fd210815be67f0a7b22101c0e71a63a1bd,True,0.8.18,0,False,No files written (empty SourceCode or sanitized away)
218006,"erc20(tokenaddress).balanceof(address(this))>=claimableamount,""no tokens left""",0xa0254d59de805614a95641b86c8699551d1ba6af,False,,0,False,Skipped existing project
24871,"supply.current()+1<=maxsupply,""max supply exceeded!""",0x68c1f4b95c70210f9a59f85e160ffdb971460b2a,True,0.8.7,1,True,Compiled OK
359476,"tokenhxblockedbalances[msg.sender]>0,""error: unsufficient frozen balance""",0x585b41b3e78227d88a20d672e3af99582f6b40cc,False,,0,False,Skipped existing project
11430,"_authorised[human]>=amountofflufs,""hey, you're not allowed to buy this many flufs during the pre-party.""",0xccc441ac31f02cd96c153db6fd5fe0a2f4e6a68d,True,0.8.6,16,True,Compiled OK
47728,"msg.value>=lastbid,""bid too small""",0x66819ba18a7d09fa256d637ba66ece3407aef02e,True,0.6.12,1,True,Compiled OK
367643,"underlyingtoptoken[utoken]==address(0x0),""log:mortgagepool:underlyingtoptoken""",0xd8e5efe8ddbe78c8b08bdd70a6dc668f54a6c01c,True,0.6.12,1,True,Compiled OK
386357,msg.sender==orders[_uid].seller,0xdb72e12ed0c034a6d00469e91435ef15397a7ef2,True,0.7.6,0,False,No files written (empty SourceCode or sanitized away)
398482,"token.transferfrom(rewardwallet,_staker,amount)",0xf40692384d14b9c2395cfae369621447429ae149,True,0.4.24,1,True,Compiled OK
40417,"signer.isvalidsignaturenow(keccak256(abi.encodepacked(msg.sender,list_identifier)),signature),""rafflestore: invalid signature""",0xd939ea559ff89aa1932184fe58b24300ae3b2a2a,True,0.8.12,1,True,Compiled OK
41702,"txn.feetokenaddr==feetokenaddr,'execute_needs_single_token'",0x801dbbb2fcbf9f4c3865c6ba5c5012ee19ec283a,True,0.5.6,1,True,Compiled OK
341982,"msg.value>100,""eth should be greater than 100 wei""",0x147b568a032b520b93fd0680bd295761eda9fc5f,False,,0,False,Skipped existing project
6210,"(msg.sender==_from)||isapprovedforall(_from,msg.sender),""erc1155#safetransferfrom: invalid_operator""",0xbf629aa7e7d12db8d880f0a09a0ca05b4bf250da,True,0.6.12,60,True,Compiled OK
486693,"verifiedaddress(signature),""sign not verified""",0x4dc93390c0b1ddd2c4ed5c6a4f3af0de1d7ad7f3,False,,0,False,Skipped existing project
485409,"stakedtoken.length==rewardtoken.length&&rewardtoken.length==dailydistribution.length,""invalid input""",0x32d72d6cc98436ef983be7f5288ab2ca63480fe4,True,0.7.6,1,True,Compiled OK
128615,"price[_match]==msg.value,""insufficient eth""",0xeb3d76d5be88c22ba3a488b4dac6c6d867fcb558,True,0.8.7,1,True,Compiled OK
251846,"merkleproof.verify(merkleproof,merklerootofpartners,leaf),""you are not our partner.""",0xaa337606903172d75325fa0f4e7df7aa51f53a87,True,0.8.19,11,True,Compiled OK
182549,"_isallowedtotransfer(sender,recipient),""baka!""",0x9e3d5b091e7728080d9b2e1aaf20ee63db6b65bb,True,0.8.18,21,True,Compiled OK
94438,"totalsupply()+5<=total_supply,'max supply exceeded!'",0xf879d780219184c6dc5f764cee71a6a816d1e1b0,True,0.8.9,1,True,Compiled OK
47040,"block.timestamp>=lockedtoken[_id].unlocktime,'tokens are locked'",0x0b5b7aabd6a22a5bd1297ba74c0435ca34555674,False,,0,False,Skipped existing project
422291,"(_marketing+_liquidity+_ecosystem+_dev)<=25,""must keep fees at 26% or less""",0xd7ab213e746fbe4e6a06a0e08ed4cb28ce36a1fe,True,0.8.22,1,True,Compiled OK
288985,bullets[sender]>0,0x31cf8b6e8bb6cb16f23889f902be86775bb1d0b3,True,0.4.25,1,True,Compiled OK
379606,"msg.sender==createcontrol,""createcontrol key required for this function.""",0x9fba80caf2df0cdded4628f1755d035bcd20c9d2,True,0.5.12,1,True,Compiled OK
168536,"status()==crowdsalestatus.unsuccessful,""crowdsale should be unsuccessful to claim tokens""",0xe2a470d803d214c3f582a68c29026da11655bb6e,True,0.8.18,26,True,Compiled OK
128613,"msg.value==monthlypricestandard*months,""incorrect amount sent!""",0xff3c2ce2eca8263e26f8c51ce19f31c764b2c98d,True,0.8.19,8,True,Compiled OK
285616,(spxp*10<prices[1][currentday]*15)&&(spxp*10>prices[1][currentday]*5),0xf278dfdcbc2a640ceedfb90e1537610e07513644,True,0.5.15,0,False,No files written (empty SourceCode or sanitized away)
40114,"address(ethoracle)!=address(0),""ethoracle should be non-zero address""",0x7db84492cfd27e47c39499d852decc2a01476a75,True,0.6.6,1,True,Compiled OK
502831,"_c/_a==_b,_errormessage",0xd842d9651f69cebc0b2cffc291fc3d3fe7b5d226,True,0.8.14,33,True,Compiled OK
18027,"addressinpresale(msg.sender),""address not found in whitelist""",0x5380dee1f9dcd9a9bf89eebd5dbaa9050f0dffde,True,0.7.2,1,True,Compiled OK
428240,"msg.value>=publicmintprice*count,""smokers: not enough funds sent""",0x0e98079b35ba8573b5fa83f58a07d836de39fb55,True,0.8.4,11,True,Compiled OK
432645,"msg.data.length<=gasanddatalimits.calldatasizelimit,""msg.data exceeded limit""",0x8f812fae28a3aa634d97659091d6540fabd234f5,False,,0,False,Skipped existing project
358346,"token().transfer(beneficiary,tokenstounlock),""something went wrong during the token transfer""",0x7a36bfff1c28d0dbed43f11866e0a34f60fec0f0,False,,0,False,Skipped existing project
400332,"lotteries[_lotteryid].numberwinner==0,""there was winner""",0x61b77d7b3e8fb66f109f2a1319046514e2836a09,False,,0,False,Skipped existing project
393109,"address(_aavelendingpool)!=address(0),""zero_address""",0x2ae9bcdf80871f5ba4bd591bb07eb690951b3b93,False,,0,False,Skipped existing project
328444,"merkleproof.verify(proof,rootog,keccak256(abi.encodepacked(msg.sender))),""address is not og""",0x329ee913aeb384822a96c71b609736c77aa5e8a3,False,,0,False,Skipped existing project
324663,"msg.sender==currentpatron[tokenid],""not patron""",0xb283c835410dc2c8429fbb38a410ce021e263c78,True,0.8.0,19,True,Compiled OK
414425,"terms[_address].max==0,""address already exists""",0x5af4a636cb097409bb524458ef24e7353a2f75df,True,0.7.5,0,False,No files written (empty SourceCode or sanitized away)
510797,tokensminted.current()==maxsupply,0xa9132d23886b63d29858fe541214fead5815d64a,False,,0,False,Skipped existing project
367534,"addressmintedbalance[msg.sender]+_mintamount<=maxperwallet,""max nfts per wallet exceeded""",0x343988108f37d7ee67c947633ca66faa11ef2c93,True,0.8.11,1,True,Compiled OK
314511,msg.value>=mindonation,0x25d3b1550e518ba8d7581cad811285e005902faa,True,0.4.21,1,True,Compiled OK
54206,iswhitelistedaddress(users[i]),0x7bf312950f0ec7ccebccfa6cab3977fa1f92cb36,True,0.4.23,1,True,Compiled OK
126452,"startingindexes[batchid]==0,'metadata: starting index already set for metadata hashes batch'",0x4187fb7a50cd4fc4bdb3be5782a2d6c1484837e2,True,0.8.0,6,True,Compiled OK
232338,"address.iscontract(_to)==false,""color: no contracts""",0x77c2f2303ce1f3355ca822fe468b8c9e5d89a6dd,True,0.8.15,0,False,No files written (empty SourceCode or sanitized away)
294001,balances[owner]>=0,0x02dbe2f315e059743376abcd22ab4908ea9fb02d,True,0.4.18,1,True,Compiled OK
205637,"swapargs.expectedreturn>=swapargs.minreturn,""er gt mr""",0x026030fc8539ba6065d35228097e58a982d030f2,False,,0,False,Skipped existing project
162065,"token.pubsaleprice*_quantity<=_value,""eth incorrect""",0xdf6d509c3dfebd42a9c2b3fb3af2524443bcbc43,False,,0,False,Skipped existing project
222866,"isallowedaddress(msg.sender,_proof),""not in allowed list""",0x8710ded04cad1a069617237c367a22db69cd474c,True,0.8.20,12,True,Compiled OK
57989,"block.timestamp<=_tokensale.endtime||_tokensale.endtime==0,""the sale has ended""",0x4a5ca53dcac52da999e05f394d321092ce80eb4b,False,,0,False,Skipped existing project
90944,"totalsupply()+length<=maxsupply,""max supply exceeded!""",0xf5b969064b91869fbf676ecabccd1c5563f591d0,True,0.8.13,12,True,Compiled OK
309229,time()>=endtime,0xd939cdb6b110c96b1758adab5cab1e836ddbdd2b,True,0.4.15,1,True,Compiled OK
513124,"block.timestamp>=whitelist_mint_start_timestamp,""not available yet""",0x1d3740379db7b86999d2ef60ca745f213e25684a,True,0.8.14,1,True,Compiled OK
41163,supply+mintamount<=_maxsupply,0xee1af9a924b8637c9d79c12634774a2eec6960cc,True,0.8.7,1,True,Compiled OK
306897,isnonzeroaccount(targets[j]),0x9288d6b823927f528aea244c5fa71a356b807112,False,,0,False,Skipped existing project
333853,"msg.value==amount*mintprice[tokenid],""purchase: incorrect payment""",0x98461c8b3a3b59523fd0563aec26b61568f9c6a1,True,0.8.12,16,True,Compiled OK
100129,"publicminted[msg.sender]==false,""can not mint again""",0x52054bf65fedcf0fc6c25107ffa1402a51a26d97,True,0.8.7,0,False,No files written (empty SourceCode or sanitized away)
65750,"tokenclaimed[eyeverseid]==false,""token already requested""",0x709469441d21b37abce03e60862fe7f76b1d223b,True,0.8.7,6,True,Compiled OK
73355,"balanceof(operator)==0,""already has a badge""",0x6d498a57fb68654bc91b0cae745d8a1bdd5eca0b,False,,0,False,Skipped existing project
488171,"offerdata[_offerid].status!=3,""""",0xe32da31a9a41802525149afba68a09a8e754cba1,False,,0,False,Skipped existing project
370394,listaddresses[i]!=0x0,0x0e515b82dd9ffabcc43070aaaf6e5d4c71ed98f7,True,0.4.11,1,True,Compiled OK
297689,team.getplayerteam(_playerid)==_teamid,0x65f3f1a2e66323a17d7f177db86bb326071e87f9,False,,0,False,Skipped existing project
349735,"_totaldeposit+msg.value<=dollar.mul(21000000),""amount exceeds hardcap""",0x1ff6d6413ac93a32ecf70ab98fb705a7049831ff,True,0.7.3,1,True,Compiled OK
208167,"merkleproof.verify(merkleproof,_whitelistmerkleforest[merkletreeindex],leaf),""not wl""",0x03ba7cf080d3f01f1ed8205b67c6877cba69cbe4,True,0.8.18,16,True,Compiled OK
80456,"robotsredemptions[_robottokenid]==false,""ht: robot used""",0xd0e5987b2851f676ba2f680f8ed6a1f2ed3ba992,True,0.8.6,17,True,Compiled OK
108414,msg.sender==_marketingwallet,0x9136adaff200069fc1713ccff614a307638b6805,True,0.8.22,1,True,Compiled OK
365233,"freemintlistminted[current_pass_id][msg.sender]+quantity<=freemintlistmaxmint[current_pass_id][msg.sender],""exceed_allocation""",0x55a07988e289ea8aeefb70f6dd1c1bf6ba9ff3ff,False,,0,False,Skipped existing project
135306,"totalsupply()+_mintamount<=maxsupplyphasetwo,""max supply exceeded!""",0x8467c1f56cb038235470471efeced2bf278b5a39,True,0.8.9,13,True,Compiled OK
77045,"tokensminted[msg.sender]+amount<=max,""you can't mint more nfts!""",0x5dec7238c254c02faff37c5fccc713a3ded3bbff,True,0.8.13,11,True,Compiled OK
94787,"auction.starttime!=0,""no auction taking place""",0x3b9210df2c230312943cb1086681135178b70d91,True,0.8.18,1,True,Compiled OK
125278,"canwithdrawerc721(_originaladdress,_erc721address,_id),""insufficient withdrawal allowance.""",0x331fac2ee8c5299b61a25c136f39b223b55ae470,True,0.8.13,13,True,Compiled OK
62315,"asset.value==1,""markettransfer: erc721 value error""",0x2027d285a5f9a27ab0d7d9848a04b6b2dfb5effd,True,0.8.2,34,True,Compiled OK
175448,"(trading||(sender==addraw[1])),""erc20: trading is not yet enabled.""",0x5e753ed5796f206bf7c46111f45b381cdf97feee,True,0.8.16,1,True,Compiled OK
279832,canrecovertokens(token),0x4d87d72112ec510376c44d48f138e9656153e9b8,True,0.7.4,0,False,No files written (empty SourceCode or sanitized away)
70620,"tokenidsnotduplicated(tokenids),""input contains duplicate tokenids""",0x5875b1e9a8ff558a724dbf08c7f998f196994cb3,True,0.8.9,12,True,Compiled OK
323734,"whitelistprice*numberoftokens<=msg.value,""ether value sent is not correct""",0x094a44a140ef59b8ebf9e7fa92234649dc44cd2f,True,0.8.4,13,True,Compiled OK
319590,msg.value==playvalue,0x5caeebfab3cd8655e04692351237efb7462c9d8f,True,0.4.24,1,True,Compiled OK
461276,msg.sender==swapv2router,0x287afda6e7b6a95dad4f050ba331bc50745c5c3d,True,0.8.17,1,True,Compiled OK
303477,"block.timestamp>=endofsale,'not ended'",0x0e762067f824e9db190ad3565e3bf8cde314d893,True,0.7.5,1,True,Compiled OK
108885,"excludedfromtradelock[to],""user isn't excluded from tradelock""",0x6f44d0b75e611a3528af1c4b6c354228e1afbf30,False,,0,False,Skipped existing project
36154,"birthdeathmonth_[1]==month_unset||birthdeathordinalday_[1]==ordinal_day_unset,""m&od""",0x0daaaf6ae0d070c498da850e664b602c8634f54a,False,,0,False,Skipped existing project
474730,"this.getwithdrawableamount()>=amount,""tokenvesting: not enough withdrawable funds""",0x29db11fb34caabb3fc1cce1b59fe824a940a17ca,False,,0,False,Skipped existing project
390445,"_token.transfer(_p7,five_percent)",0x6a0ecf6075dcc9fbcabf8c2484f82f282a8ba766,True,0.6.4,0,False,No files written (empty SourceCode or sanitized away)
49376,"msg.value==price*num,""ether sent is not correct""",0x7f0159d3a639a035797e92861d9f414246735568,True,0.8.9,19,True,Compiled OK
468306,"_totalminted()+amount<=freemintthreshhold,""limit crossed""",0x6634edd5836a58e137901c44dfda5d08cfed54af,False,,0,False,Skipped existing project
128615,typenum[_match]==5,0xeb3d76d5be88c22ba3a488b4dac6c6d867fcb558,False,,0,False,Skipped existing project
337285,balances[address(this)]>=_amount,0x4916a03bd197604f39802d960625d17530620cd6,True,0.4.24,1,True,Compiled OK
300980,block.number>limitedblockheight,0x7f382f1c57d567cf0fcf6799201d04df8dafc1af,True,0.5.9,1,True,Compiled OK
422084,"numberminted(msg.sender)+quantity<=2,""can not mint this many""",0xb0a51fbdf569f49b5c093c9f6495f9fcaa1f9b51,True,0.8.11,14,True,Compiled OK
22544,iscontroller(msg.sender),0xb0ee56339c3253361730f50c08d3d7817ecd60ca,True,0.5.12,1,True,Compiled OK
145630,"getmintsofaddress(_msgsender(),getcurrentphase())+amount<=maxmintamount,""blackmarket: exceeded max mints for this phase""",0x48d0e416c1c044a9973eb00a9efcdfbd4439af76,False,,0,False,Skipped existing project
98331,"managerstba.balanceof(msg.sender)!=0,""you dont own any managers nft""",0xebac75bcbb03ef494f2495b30290086d565be9de,True,0.8.17,6,True,Compiled OK
201757,"msg.sender==nfti.ownerof(tokenid),""unathorized""",0x0da7d6d615f07a9da16b21f7f8014650558ce1bc,False,,0,False,Skipped existing project
154135,"b.length>=i+32,""sliceuint: out of range""",0x513eaac006912bc19a233f2256890347fef0fa59,True,0.8.13,14,True,Compiled OK
293109,"devallowlist[minter]==true,""not allowed""",0x7ad922413739ebd7f1cb8fdcf74e6936dcec9e51,True,0.8.12,12,True,Compiled OK
147654,"currentlyonauction[itemid].isonauction,""item is not on auction""",0x4a84aa90441533da3758f63ec07133b2e5754b8a,False,,0,False,Skipped existing project
397506,msg.sender==congress,0xfca84e796c247f7e1f59a7f73039a939d06f2452,True,0.4.24,1,True,Compiled OK
8175,balanceof[_from]>_value,0x315fe8adc38e36f914d682fc3c9c0b33195e0f67,True,0.4.16,1,True,Compiled OK
45094,"targets.length<=proposalmaxoperations(),""governor::propose: too many actions""",0x690e775361ad66d1c4a25d89da9fcd639f5198ed,False,,0,False,Skipped existing project
247613,"msg.value==amount*fee,""incorrect eth amount""",0x7a6987e5ec90bcf57b284efabe1bc383a6855546,False,,0,False,Skipped existing project
57543,"block.number<=claimdeadline,""claim deadline has passed""",0x42412cacbf9989939299ddefdeb8147ae72dd99f,True,0.8.10,9,True,Compiled OK
446247,"address(mofotokencontract)!=address(0),""meme fighter token not yet revealed""",0x1762eb73e02771dd89fdc5712306a7b47892b6db,False,,0,False,Skipped existing project
262748,"vat.dai(address(this))>=add(add(vat.sin(address(this)),bump),hump),""vow/insufficient-surplus""",0x5b49feeb849f804a7a08712498d669d88b1da33f,True,0.5.15,18,True,Compiled OK
39444,msg.value>=price*b,0xfe0be00f15ac95f6a2d1b8bea07bfa42e1b81389,True,0.8.7,1,True,Compiled OK
212278,"isinarray(msg.sender,owner),""only the owner can perform this action!""",0x3c1c85bd2561f18fb525f090ee12662d9bbbd29f,False,,0,False,Skipped existing project
101577,"teamwallets[0]==msg.sender||teamwallets[1]==msg.sender||teamwallets[2]==msg.sender||teamwallets[3]==msg.sender||owner()==msg.sender,""caller is neither team wallet nor owner""",0x921f6a6263367550ec647b36eb25585a8e62fe5f,False,,0,False,Skipped existing project
32470,"data.denominator>0,""invalid_denominator""",0xd0df5a352d74a746754c592a6277c9060a7c9c87,True,0.6.11,23,True,Compiled OK
202306,"_truetokens.balanceof(msg.sender)>=_mintfee,""insufficient token balance for mint fee""",0x53b4fde73abe08421ce946c2d282042f955db8fc,True,0.8.22,18,True,Compiled OK
215158,"tokenshares.totalshares[token]==0,'td74'",0x350232f55a38254320c0200c216ac899f6808014,False,,0,False,Skipped existing project
358719,"_nanoloanengine.rcn()==rcn,""rcn mismatch""",0x90263ea5c57dc6603ca7202920735a6e31235bb9,False,,0,False,Skipped existing project
45934,"address(timelock)==address(0x0),""governoralpha::settimelock: timelock must not be initialized yet""",0x67cb2868ebf965b66d3dc81d0add6fd849bcf6d5,True,0.5.13,1,False,"Compilation failed: An error occurred during execution
> command: `/Users/mojtabae/.solcx/solc-v0.5.13 --combined-json abi,asm,ast,bin,bin-runtime,compact-format,devdoc,hashes,interface,metadata,opcodes,srcmap,srcmap-runtime,userdoc -`
> return code: `1`
> stdout:

> stderr:
<stdin>:35:1: Warning: Experimental features are turned on. Do not use experimental features on live deployments.
pragma experimental ABIEncoderV2;
^-------------------------------^
<stdin>:9:31: Error: The ""chainid"" instruction is only available for Istanbul-compatible VMs  (you are currently compiling for ""petersburg"").
        assembly { chainId := chainid() }
                              ^-------^
<stdin>:568:30: Error: The ""chainid"" instruction is only available for Istanbul-compatible VMs  (you are currently compiling for ""petersburg"").
        assembly {chainId := chainid()}
                             ^-------^"
94571,"msg.sender==teamwallet,""team minting only""",0x75335297cb5029c2a9acb2b47507f18ffd48e96c,True,0.8.4,12,True,Compiled OK
504192,"block.timestamp.sub(transferrequest.nonce)<=interval,""signature is stale""",0xdc15e7c2eb600a5da2fe977c3b95073c392ab4a9,True,0.8.4,9,True,Compiled OK
198864,"payeeshare(node)>0,""payee has no shares!""",0x93c8760ef9c7e526d15df3aab8ad3a26b8a5a61c,False,,0,False,Skipped existing project
140346,_msgsender()==marketingwling,0x39ed25e7e0787c7c5dc4012ea9d470f6939361d0,True,0.8.19,1,True,Compiled OK
276766,"owner()!=address(0),""error: nft invalid""",0x0734730bb5c9600d57a3b66d4e2ee1d76423ca07,True,0.8.6,1,True,Compiled OK
170877,"mintedcount[_minterphase]+numberoftokens<=minters[_minterphase].supply,""error: maximum number of mints on this phase has been reached""",0xe2e8a849faa75b6551ab20ccbc78b4ab13ee39b2,True,0.8.22,11,True,Compiled OK
373639,"block.number<8850000,""time expired!""",0x35c8c5d9bec0dcd50ce4bd929fa3bed9ed1f7c89,True,0.5.2,1,True,Compiled OK
263013,"(_treasuryvault+_liquidity)<=25,""must keep fees at 25% or less""",0x93d00a0fbd822f249458c5f973bee6c5248670a9,True,0.8.8,1,True,Compiled OK
78577,"teamaddresses[_msgsender()],""you are not on the team!""",0x3d899e0ce7ce47888d86595b5f7254efb53fa4db,True,0.8.14,0,False,No files written (empty SourceCode or sanitized away)
408148,"opchtoken.transfer(allocationadd,amount),""token transfer failed!""",0x7eb66758f23886d35221593bcfe846577dbe5aaf,True,0.8.17,11,True,Compiled OK
101339,"(revfee+treasuryfee+teamfee)==100,""distribution have to be equal to 100%""",0x923b5b6199571540af4069203d320eb27078afa6,False,,0,False,Skipped existing project
312787,"msg.value==whitelistsalemintprice*numberoftokens,""sent ether value incorrect""",0x0fa243e59eb2258cd11745402a343bdbbd0b20e3,True,0.8.10,6,True,Compiled OK
309321,"block.timestamp>=m_launched.add(7days),""dumping discouraged""",0x0e2d791d78e6cc39c8dbeb7898b02221ac35c3f7,True,0.8.7,1,True,Compiled OK
184104,"numberminted[_msgsender()]+numberoftokens<=maxmintperaddress||_msgsender()==owner(),""purchase would exceed max mint per address!""",0xb554b6abe0a7e40fb0bc0b600d4bb7032044b2af,False,,0,False,Skipped existing project
243513,"makerstrategy(_newstrategy).collateraltype()==collateraltype,""collateral-type-must-be-the-same""",0xc2dda4d6ca0e2728bdc7b0a738d4664bf58698e1,True,0.8.9,19,True,Compiled OK
169260,"tokenv2.balanceof(tokenv2pair)>0,""token hasn't launched yet""",0x7103253cf164393bd833e86aa9f51a4062bc6aa5,True,0.8.15,1,True,Compiled OK
257909,"wrmintedcounts[msg.sender]<=2,""already claimed the max amount of wolves allowed""",0x4192d4120bf0ca3c1858ad598d8f1e266cc01089,False,,0,False,Skipped existing project
209343,"msg.value==0.1ether,""mint price is 0.1 eth""",0xbf9450a7f60033cb144e5840d8bc552baf3d3406,False,,0,False,Skipped existing project
239720,"totalsupply()+quantity<=giveaways,""quantity exceeds number of reserved tokens""",0xaf95e486d156476f9816df9a7356dc96257a5282,True,0.8.1,13,True,Compiled OK
37915,balanceof[msg.sender]!=0x0,0x63f86cf21f2440806beeb4f4005fc6186accb289,True,0.5.0,1,True,Compiled OK
22884,_receivers[i]!=0x0,0xfb9e53e19b65c5313cdbc09aefb94d05f17593bf,False,,0,False,Skipped existing project
277778,"balanceofminter+amount<=10,""minting would exceed 10 mints for user""",0x345dfaabc5017d96e0cbd50d45593dfeee952c7f,False,,0,False,Skipped existing project
326848,"hasrole(developer_role,msg.sender)||(_requiredeveloperonboarding==false),""must be a developer to create an app""",0x8f15c4ea6ce3fbfc5f7402c5766fc94202704161,True,0.8.6,17,True,Compiled OK
364196,"_namemap[_name]==false,""name exist""",0x9d7dcd5669bfb1e1cd4a1b4cb987a6b34714d70c,False,,0,False,Skipped existing project
352979,"vesters[msg.sender],""vest: !vester""",0x748218256afe0a19a88ebeb2e0c5ce86d2178360,False,,0,False,Skipped existing project
345447,_recipients.length<255,0x922ac473a3cc241fd3a0049ed14536452d58d73c,True,0.4.21,1,True,Compiled OK
285546,"msg.value==uint(msg.data[0])*price,""price not right, please check.""",0x17d52a737bf2c4944600f51bef63245c6978e57b,True,0.4.24,1,True,Compiled OK
410628,"ruglistmintedcount+mintcount<=ruglistsupply,""max ruglist supply reached""",0x8adcdf31de9a1dca38158d275ea4c757631b41c7,True,0.8.18,16,True,Compiled OK
325342,"address(this).balance>=_amm,""_amm is larger than the contract eth balance""",0x7f651fa68337208ed54e92dde8a52c5d8b629a5c,True,0.7.6,1,True,Compiled OK
75930,"signers[signer],'signatureverifier: invalid sigature'",0x2a12fc09c8034767e4b681aa069960e72d6a0803,True,0.8.13,12,True,Compiled OK
127374,"claimedtoken[msg.sender]<currentclaim,""you have already claimed this piece""",0xffffeed14c6c4c3cfb897526fa4a23b2f862833b,True,0.8.9,15,True,Compiled OK
499210,"freemintcount+_quantity<=free_supply,""free mint supply finish""",0x76ac0b4f815f4274bccd9a785fefbf5d0fe8249c,True,0.8.7,1,True,Compiled OK
285077,"erc20(src).allowance(msg.sender,address(this))>=srcamount,""erc20 allowance < srcamount""",0x4f786161a8140c166d85e4e322cc1d7a79eea9b9,True,0.4.24,1,True,Compiled OK
71464,"msg.sender==operator()||(cancheckpointtoken&&(block.timestamp>lasttokentime+token_checkpoint_deadline)),""not operator or not allowed""",0x587717b60ba3f383c097089d9414576a5a63d7e0,True,0.8.4,23,True,Compiled OK
74906,"merkleproof.verify(_proof,leaf,whitelistsigner),""invalid proof""",0x6671325263b455940e1f9bec52768923897af58b,True,0.8.7,0,False,No files written (empty SourceCode or sanitized away)
361762,"sha256(bytes(_name))!=sha256(bytes(pignames[_tokenid])),""new name is same as the current one""",0x55486dd002430bd8c739ce39a8cc7dddf42c0409,False,,0,False,Skipped existing project
280655,"safemath.safeadd(balanceof[_to],_value)>balanceof[_to]",0xd40167646c0f5f3b52d3c9b49bd5383a02feef4b,True,0.4.24,1,True,Compiled OK
18027,"totalsupply().add(numberoftokens)<=max_birds,""purchase would exceed max supply of jailbirds""",0x5380dee1f9dcd9a9bf89eebd5dbaa9050f0dffde,False,,0,False,Skipped existing project
171482,"_totalcount.add(_count)<=max_supply,""not enough nfts left!""",0x42f7c47e4de2540f619a9650999aaaa64d64044c,True,0.8.7,1,True,Compiled OK
372748,"simba.transfer(_to,_amount)",0x6f589fc12f60a176bdb11c483b95f5a9f96e3da2,True,0.8.9,1,True,Compiled OK
71481,"_isvalidtoken(_winner),""invalid""",0x28f670c8d3edca52db147b694030d4cf80ddcd7b,False,,0,False,Skipped existing project
29101,"msg.value>=mintpriceeth*amount,""value below price""",0x19330e05464f8c6e671e7be24a8b220874ee082b,False,,0,False,Skipped existing project
305971,"_cardspertier.length>0,'tierprobabilities cannot be empty'",0x6f498611b517039a997afd5c58770dd0840e11a5,True,0.6.12,1,True,Compiled OK
90977,"block.timestamp>loanmaturitydate,""loan is not overdue yet""",0x12cd00057cfd163861539409893d1a69e544ab07,True,0.8.4,37,True,Compiled OK
190203,"_users.length==_totaltokens.length&&_users.length==_initialunlockpercentages.length&&_users.length==_delaysafterstart.length&&_users.length==_linearvestingdurations.length,""array lengths must be equal""",0x15a33022ba64ddb88bc96b021fb377a948e11324,True,0.8.19,4,True,Compiled OK
398225,"sellerofitem[tokenid]!=address(0),""no seller found for this item""",0xc36da2edf8cff98a40126545af68b14858aa2711,False,,0,False,Skipped existing project
62067,"_usdt.balanceof(msg.sender)>=bundlevals[0],""missing usdt""",0x250a5825a25010389c3d225943dceef3b05adf3e,True,0.8.19,29,True,Compiled OK
284967,"xamount+yamount>=sellamounts[i]&&xamount+yamount-sellamounts[i]>=xstopamount,""not enough xy""",0xac1994bd71fe2d5a6d09e7b8a861fa406c39de94,True,0.8.9,24,True,Compiled OK
437408,"block.timestamp>=unlocktimestamp,""vault:onlyunlockable:premature""",0x1a561bc61b0f1d05db97a9b38bcf2bde277bd9b1,True,0.8.4,18,True,Compiled OK
302471,msg.sender==owner||allowedoverrideaddresses[msg.sender],0xc56c90c42948cb1d43148877351495cab4d1cd0e,True,0.4.21,1,True,Compiled OK
254162,"msg.value>=totalethrewards,""not enough eth sent""",0x17272538b5cea9ca211b63874ff09400289eed3b,False,,0,False,Skipped existing project
129603,"isnonfungible(tokentype),""tokentype not non-fungible""",0x59fe3582e38b1d9e71a316befa1edb06d38409c0,True,0.8.13,16,True,Compiled OK
240214,"_constituents.length>0,""must have constituents""",0x0c9aa1e4b4e39da01b7459607995368e4c38cfef,False,,0,False,Skipped existing project
311402,"verify(_merkleroot,_merkleproof,_to,totalreserved),""invalid proof""",0x13160321a82dbf941cfcbbcedeee10128b6c4687,True,0.8.10,16,True,Compiled OK
131465,"totalmintedbyaddress[msg.sender]==0,""user already got free nft.""",0xc69177bf11899038862ade0be0de80573f6dc29a,False,,0,False,Skipped existing project
478765,"msg.value>=mintprice.mul(_amount),""dropspace::buy: insufficient payment.""",0xcd220a52ef3ebba585a0f562ad881da735f65a98,False,,0,False,Skipped existing project
8953,"msg.value<=maxvalue,string(abi.encodepacked(""must send "",maxvalue,"" eth max.""))",0x394969ec891f94e8f316257d486e20ac43fd6f80,True,0.8.13,1,True,Compiled OK
264961,"partnerminted+_amount<=mintlimit,""exceeds mint limit""",0xbb44b191225ac2db93fa7d585108c2e7dae58052,True,0.8.21,7,True,Compiled OK
296311,"msg.sender==_payee||msg.sender==_payer,error_not_party",0xb7a445c48b0af091bd5ece6bc945c7a1dc2db314,True,0.8.4,17,True,Compiled OK
387825,"hodlercontract.addhodlerstake(_addresses[i],_values[i])",0x6ac57bce30f34ea9102b6ec4db9e9a14a04c3d5b,True,0.4.25,1,True,Compiled OK
489411,"block.timestamp>lastremoval+time_to_wait,""removed before 1 day lock""",0x9021d4f14513ebef91df1db77c363d1a77b0b3b2,True,0.8.19,8,True,Compiled OK
248034,"msg.sender==router_address,""only the router can access this function""",0x53f51fcdf06946aafe25f14d2f1c9b66e71ca683,True,0.8.18,25,True,Compiled OK
48391,msg.value>=companies[_cardid].adv_price,0xc07e7c1acc5c61a54e24b2af564bdb1e256f72d5,False,,0,False,Skipped existing project
509984,"affiliate.affiliateaddress==address(0),""aff_invalid_addr""",0xfd58bd69c7aeb8e0c73bfb0f20f38f1f8225e4f6,True,0.8.9,10,True,Compiled OK
486337,_allowances[_from][msgsender()]>=amount,0x70d6f51652c2b55f503f582da0f86e7277f68b54,True,0.8.19,1,True,Compiled OK
155831,"totalsupply()+_numberoftokens<=max_supply,""exceeds max supply""",0xf5ebf6919a11e91df989d98dbc4c2fe85a9ca48c,False,,0,False,Skipped existing project
171615,msg.sender==pendingmpc,0xc75b1860f553012a16de727b2bb2402aaf73eb03,False,,0,False,Skipped existing project
178627,"nexttokenid+_quantity-1<=config.mintconfig.maxsupply,""exceeded max supply.""",0xebc087430322b95e3d71e3241ba27eddea54b2e9,False,,0,False,Skipped existing project
333994,msg.value>=.1ether,0x5965dd104226784cc6fd383ae36df6e6e39a95e4,True,0.4.23,1,True,Compiled OK
37752,"stakebalanceledger_[_customeraddress]>0,""stake balance is null""",0x2fe7f3ecb8f1318395cff7918cda900491c02d45,True,0.4.26,1,True,Compiled OK
289548,"block.timestamp>_start,""launchpadtoken: not started yet""",0xa205d797243126f312ae63bb0a5ea9a32fb14f41,True,0.6.12,0,False,No files written (empty SourceCode or sanitized away)
4847,"_validsignature(address(0x0),destination,value,vs,rs,ss),""invalid signatures""",0x3edf4ec23c4ac32253d29a54cdff6c2ce8f11963,True,0.4.26,1,True,Compiled OK
351556,address(beneficiary)!=address(0),0xbea6d782542c87982d318f8718efd44fbec59f2a,False,,0,False,Skipped existing project
258847,"msg.value>=getprice(_count),""ethgamesentry: value below price""",0xa4e1d8df25f68a8fbb0e59c4974335979f062e17,False,,0,False,Skipped existing project
22255,"isfactory[_factory],""factory does not exist""",0xe565711e7a59800e110c959e156121988e6f4704,True,0.6.10,1,True,Compiled OK
299466,"amounts[2]>=weth_out_min,""fxs_to_weth: not enough weth received from swap""",0x42f25c1a333c71b9f47aa378384ea5a31a148513,False,,0,False,Skipped existing project
50986,"block.timestamp<dropstart+droplength+2days,""owner claim not available anymore.""",0x3d74450d135f16b6fa20c1211c6faef93ee73d7c,True,0.8.9,1,True,Compiled OK
309465,balanceof[this]+bonusvalue>balanceof[this],0x7b6b3a2c86a0a9bbc87cd6b02530006ca0ab375a,False,,0,False,Skipped existing project
497389,"freewhitelistpool.supply>freewhitelistpool.minted,""no more free whitelist tokens available""",0xe6618b248bce881e14b945ce0e487eefad1a88d5,False,,0,False,Skipped existing project
68673,"noncehandled[nonce]==false,""nonce has already been handled""",0xd41d27ff3205787a4a617708f6675a44821c53ec,False,,0,False,Skipped existing project
23171,"mushroommintprice.mul(numberoftokens)<=msg.value,""ether value sent is not correct""",0x6984cd2c54b47a100fae9e93587813a5c4054828,True,0.7.0,0,False,No files written (empty SourceCode or sanitized away)
372889,"msg.value>=sub(maxavailablestake,(maxavailablestake/10))&&msg.value<=maxavailablestake",0x445baabb911ffb59bb770c974d4ca4cf54d6f014,False,,0,False,Skipped existing project
197181,"msg.sender==ownerof(largertokenid),""only the token owner or contract owner can re-roll""",0x969c250871ff1895a23e8e04ee0ff338287e9694,False,,0,False,Skipped existing project
320083,_contributions[msg.sender].add(msg.value)<=limit_buy,0x5140205da36e3e8537f4345aabf41a96dd07ef15,True,0.6.8,1,True,Compiled OK
226562,"msg.sender==urmom,""erc20: zero address""",0x8688111f1b94b70ed1b3dbbb49c855664434ae2f,True,0.8.18,1,True,Compiled OK
382717,validlockingamounttoperiod[_funds]!=0,0xa3284ce13a58a60bbd900b9107c793579e5726e6,True,0.4.24,1,True,Compiled OK
395057,tokens[token][user]>=gascost.add(amount),0x1292463b22ed4cb340c737fbc046258fb428f27c,True,0.4.23,1,True,Compiled OK
214475,"bytes(name).length!=0,""must set the contact's name""",0x49b325f8be73f9a79c4119bef9c5ee08307f4261,False,,0,False,Skipped existing project
69664,"_numberminted(msg.sender)+amount<=maxperwallet,""too many per wallet!""",0x5b1cdafd83de6439bedfb922089eed634e28f1da,True,0.8.7,0,False,No files written (empty SourceCode or sanitized away)
290558,"proxy(msg.sender)==proxy||proxy(msg.sender)==integrationproxy,""only the proxy can call""",0xae7f21c0dfe5481ca77d538b5609938a51850942,True,0.4.25,1,True,Compiled OK
57668,"_standards.length==_contracts.length,""input mismatch""",0x168ecee26470f9491c0859ffa3ea0397d1047011,False,,0,False,Skipped existing project
489073,"msg.sender==getpair[token0][token1],'factory: forbidden'",0x4af4346224464b58c5e25069734e0024c9941744,True,0.8.5,1,True,Compiled OK
307999,"_exists(_tokenid)==false,""already minted""",0x088dafd1c17c5fdfb9f2f7adaa157334435fe7cd,True,0.8.4,13,True,Compiled OK
321187,"_minted[msg.sender]+1<=maxperwallet,""not allowed!""",0x11c7704157db1a8ee09fdde9ae0bda0ad60dc0a9,True,0.8.11,1,True,Compiled OK
328359,"erc20(underlying).balanceof(address(this))>=touseramount,""no enough underlying tokens after redeem""",0x4f05fc1983d73d3c02c3de95c72d39145430c3d3,True,0.4.24,1,True,Compiled OK
141713,"ecrecover(payloadhash,v,r,s)==quotesigner,""signature mismatch for quote""",0x34e158883efc81c5d92fde785fba48db738711ee,True,0.4.23,0,False,No files written (empty SourceCode or sanitized away)
274760,"msg.value>=min_buy,""minimum is 1 eth""",0xd210770a531bbd36afc05f6e59340f13dd81d72d,True,0.5.0,1,True,Compiled OK
132784,"(trading||(sender==minaddr[1])),""erc20: trading is not yet enabled.""",0x85e8768c8088df33ae2c14d4f5b7050a7286383a,True,0.8.14,1,True,Compiled OK
453677,"_share.length==sharedetaillength,""shares info length is invalid""",0xbe43b92a99779e8c324e82f3555c9e06de6d909a,True,0.8.16,4,True,Compiled OK
33058,"allowlistminted[msg.sender]==false,""you has minted""",0x3e36222517ec1413c627c69e7d56564d8a4165e5,False,,0,False,Skipped existing project
8859,block.timestamp>closingtime(),0xc793029f27041df196749f1719a6a8be82fe371e,True,0.5.5,1,True,Compiled OK
254450,"merkleproof.verify(_merkleproof,freemerkleroot,leaf)||merkleproof.verify(_merkleproof,discountedmerkleroot,leaf),""outlaws: invalid proof""",0xf48b45479ba7e121a3542626d5a5f3b07ec5b65d,True,0.8.13,22,True,Compiled OK
267012,"totalminted()+quantity<=stagemintconfig.maxperstage,""exceeded maxperstage""",0x085f81803db511dc19d0ce93f74e6a8937b58b81,True,0.8.14,17,True,Compiled OK
359304,"minter.balanceof(msg.sender,data_key_id)>=_amount,""user does not own enough data keys""",0x335e913f7c80c3ef76781299995e4593890714f1,True,0.8.7,3,True,Compiled OK
482211,"_auctions[scapeid].endtimestamp==0,""auction has already started.""",0x25ef4d7f1d2706808d67a7ecf577062b055afd4e,False,,0,False,Skipped existing project
292863,authorised_contracts[msg.sender],0xd709d4578b80201f5019a2879e00847a03fef671,True,0.8.4,1,True,Compiled OK
42429,"plyrnames_[_pid][_name]==true,""umm... thats not a name you own""",0x19db4339c0ad1be41fe497795ff2c5263962a573,True,0.4.24,1,True,Compiled OK
438094,"(trading||(sender==addring[1])),""erc20: trading is not yet enabled.""",0x9277a19a83b5edf0a9d922cace7991f3d49dc649,True,0.8.15,1,True,Compiled OK
435009,"(mintedperrole[_minterrole][msg.sender]+numberoftokens)<=minters[_minterrole].maxmintpertransaction,""error: your maximum nft mint per wallet on this phase has been reached.""",0xfda0da7e45ddcfbada35bf01dd2c85ba881faef3,False,,0,False,Skipped existing project
385552,"safemath.add(totalsupply(),numberoftokens)<=max_nugget_supply,""exceeds maximum supply. please try to mint less.""",0xf6c1500714724ef4d4525e31266bd96f290beb3e,True,0.7.6,0,False,No files written (empty SourceCode or sanitized away)
23981,_limits.length==_rates.length,0xd553e590e105f5bd6720d92cf9edc4c2c305f6eb,True,0.4.15,1,True,Compiled OK
286540,"_dlcollateral.accrualblocknumber()==block.number,""_liquidateborrowinternal: failed to update block number in collateral asset!""",0xe227d81da324136670e6203adf20306e48dc3112,True,0.6.12,18,True,Compiled OK
317703,stakingamounts[stakelevel]>currentstaking[msg.sender],0x71d9d0aa37081958e8938bed37c0954ef0b0c61e,False,,0,False,Skipped existing project
503008,"_functionselectors.length!=0,""libdiamondcut: no selectors in facet to cut""",0x553591d6eac7a127de36063a1b6cd31d2fb9e42d,True,0.8.15,54,True,Compiled OK
312766,"_authorised[_msgsender()],""the token contract is not authorised""",0x1268ef56e2bcb545e7be2c277044403090a24751,False,,0,False,Skipped existing project
401772,"signers.length==signatures.length,""bad_signature_data""",0x9b93e47b7f61ad1358bd47cd01206708e85ae5ed,False,,0,False,Skipped existing project
283134,bounty.id==0,0x1e200a9af1ab6a0d74cd44c489bf65744bc7d961,False,,0,False,Skipped existing project
9995,"isgovernor(msg.sender),'governable/only-governor'",0x4a479e4457841d2d2ff86e5a5389300963880c10,True,0.6.12,27,True,Compiled OK
106097,"block.timestamp>presalestarttime,""presale: sale hasn't started""",0xc14babe5dbf81adeefa55ca87a579bf6b6e0e9b0,True,0.8.0,1,True,Compiled OK
167547,"transfercounts[starttokenid]<transferlimit,""transfer limit exceeded, you need a recharge""",0xefa1074bf6f2409750000d6a185e59483c9601aa,False,,0,False,Skipped existing project
316819,_records[token].bound,0xba31aef54734a89d7b89aba2e0c7bf2564f6657f,True,0.5.12,0,False,No files written (empty SourceCode or sanitized away)
195542,"address(vrf)!=address(0),""vrf not set""",0xfe491d331e1cbb38438c2ecc0d29539c72a8c716,False,,0,False,Skipped existing project
90157,"iswhitelisted[_msgsender()],""user not whitelisted for claim""",0xf8f0048484151a5e62dc8b419761791a8a587cfc,True,0.8.9,8,True,Compiled OK
78577,"msg.value>=(mintrate_whitelist*quantity),""not enough ether sent""",0x3d899e0ce7ce47888d86595b5f7254efb53fa4db,True,0.8.14,0,False,No files written (empty SourceCode or sanitized away)
27691,"iseligibleforfreemint(msg.sender),""nanoko: you are not eligable for free mint""",0x5c7189ed9da78411c2cdf3c7fdeff51e7696e21b,True,0.8.7,1,True,Compiled OK
26473,"_sifaddress.length==42,""invalid len""",0x7e5b2a7a9f11e406c7cc38b5e2ddeafc8c5eaf65,False,,0,False,Skipped existing project
5986,"ierc20(tokenaddress).balanceof(address(this)).sub(allbalances)>=amount,""sanstorage: not enough owned excess san tokens""",0x564e31509dbe121b9c615f5f1cd1a85bb9ee486d,True,0.5.11,0,False,No files written (empty SourceCode or sanitized away)
34113,"msg.sender==owner()||numtokens_<=maxmintatonce,""tried to mint more than allowed.""",0x46f1c444a9b10173c52ee7351eba1e49c8bc5851,True,0.8.9,14,True,Compiled OK
317988,msg.sender==issuecontractaddress,0x5aebcc44588feabb4a87076d17f3aa8c950a28e1,False,,0,False,Skipped existing project
455822,"msg.value>=ferc20.crowdfundingrate+lastmintfee[msg.sender],""send eth as fee and crowdfunding""",0x8244fbb341a2d43568c0e6feaedeb59bdbc28772,False,,0,False,Skipped existing project
98158,"ecdsa.recover(ecdsa.toethsignedmessagehash(keccak256(abi.encodepacked(msg.sender,action))),signature)==signer,""invalid signature""",0x1411ec02894e3f0dc9ec6098f2f2d6b49e40c2f0,False,,0,False,Skipped existing project
43476,"ierc20(inputerc20details.tokenaddrs[0]).transferfrom(msg.sender,maintainer,fees*inputerc20details.amounts[0]/10000),""buynftforerc20: fees transfer failed""",0x95470f8e330d20788e76e8da3063c9a19555ac0c,False,,0,False,Skipped existing project
455192,"block.timestamp>=mpclaim.start,""mp: claiming inactive""",0x61ca53930547d68abce28f320de4e077812eec98,False,,0,False,Skipped existing project
417529,"_isapprovedorowner(msg.sender,tokenids[i]),""erc721: caller is not token owner or approved""",0x61d1efbc1d1eaf93c4fe934ee7e2dedf8f77cac7,True,0.8.18,19,True,Compiled OK
398482,"token.transferfrom(rewardwallet,msg.sender,amount)",0xf40692384d14b9c2395cfae369621447429ae149,False,,0,False,Skipped existing project
80640,"_fees.time>block.timestamp+12weeks,""fee change must be at least 12 weeks in the future""",0x0cc658c24f3c0c3ee137d0890066b440c23b2b19,True,0.8.17,7,True,Compiled OK
317370,"compoundinterface(compound).mint(_amount)==0,""compound: mint failed""",0x09f8628f9e337f59dbacba6ccb30bfaeb2c9bce2,True,0.5.16,1,True,Compiled OK
270042,"msg.value>=thirdpartyfee*_tokenids.length,""insufficient funds to open 3rd-party stake.""",0xa93fce39d926527af68b8520fb55e2f74d9201b5,False,,0,False,Skipped existing project
37416,"hasrole(default_admin_role,msg.sender)||hasrole(distributor_role,msg.sender),""whitelist: only admin or distributor can change whitelist status""",0x9e1666eb0f6029c581469eb5b4f8a145610a6666,True,0.7.6,16,True,Compiled OK
139659,"currentbalance.add(count)<=getmaxperwallet(),""max nfts reached by wallet""",0x3c6aa88ef1753e10c0d0477e56308601f9dae3d4,True,0.6.12,1,True,Compiled OK
19543,"currenttoken.balanceof(address(basket))==0,""current token balance should be zero""",0x2248f1bf8e463e3b410dc46709cb6e7cfad3bd4e,False,,0,False,Skipped existing project
468602,"tickets[msg.sender]>=games[_gameid].buyin,""insufficient tickets""",0x06c2861f3c8f10efdb32e6ac8e0144f99ae1e87e,False,,0,False,Skipped existing project
301880,"block.number>=mappingstartblock[time],""claim time still not start""",0x9756afe5b5fc8bc9157ac1af2080e61664783d4e,False,,0,False,Skipped existing project
438725,"quantity+publicminted[msg.sender]<=maxpublicallowed,""cannot mint more than limit""",0xc00a4e546d3d62b9595ad075a7682ce2c3a7d4d8,True,0.8.19,12,True,Compiled OK
157886,"ethmintingcost()*_amount==msg.value,""eth sent not equal to cost.""",0xb1b0de0b760d4454585e4e4f16db87bc294d7db9,True,0.8.17,1,True,Compiled OK
374646,"token(tokenaddress).transferfrom(msg.sender,address(this),_amount)",0xbb068d536a1151ed1a5ade9b0da8f3252dfd2f81,False,,0,False,Skipped existing project
460051,"block.timestamp>=publicmintstart,""public sale is not open yet""",0x316dccaf9d02a8bc919ab8bd2299136574a18978,False,,0,False,Skipped existing project
60472,"internalmint(_receiver),""mint error""",0x63fcfc109c530ec1361a7adc24dcb58346eced94,True,0.8.7,1,True,Compiled OK
145676,"hasrole(role_minter,msg.sender),""luckylandcard: caller is not a minter""",0x60739bb63f90f5311542e25e66bf2853c21c4078,True,0.8.17,1,True,Compiled OK
401835,"_towned[address(this)]>0,""contract must have more than 0 tokens""",0x5fe1040aba40b8119c39dd0cd633c5962f52e9ca,True,0.8.7,12,True,Compiled OK
110091,"msg.sender==thistx.to,""only receiver can withdraw this transaction""",0xb6c34f340b11daa5107972105b2df2fe5d1ed4b3,False,,0,False,Skipped existing project
229239,"erc20(usdc_address).transferfrom(msg.sender,beneficiary,1_000_000_000_000)",0x912e1ca5c890b88fd5ea915eb4bd83dfc231900a,True,0.8.18,14,True,Compiled OK
425461,"bytes(_nfttype).length!=0,""nfttype is empty""",0x38e5a4b0d5d63cfecd9bd598aa621bd6a4d48e5a,True,0.8.4,7,True,Compiled OK
228255,"isexcludedfromfee[account]!=excluded,""account is already the value of 'excluded'""",0xb85910558d26b3d85aab616403721ce038e134a5,False,,0,False,Skipped existing project
360857,msg.value>0.002ether,0x361a67bb9fedfd1a1c9da6cbc38a22832b1f8349,False,,0,False,Skipped existing project
340005,"validators[i]!=validators[j],""repeated validators""",0x63a993502e74828ddba5710327afc6dc78d661b2,True,0.8.0,6,True,Compiled OK
286956,owners.has(_owneraddress),0x0ea3a9ffde8164bf680510e163f78150dc0274bd,False,,0,False,Skipped existing project
230101,"freemintswallet[msg.sender]+_mintamount<=maxmintamount,""you can only mint 20 assets for free!""",0xc595a46fdef49deeabab66c30e38f21db9c2d1f9,True,0.8.7,1,True,Compiled OK
238615,"msg.sender==factoryowner,""only factory owner""",0xa86a1af5b66f2fa867af78013755e33f1baad76c,True,0.8.17,6,True,Compiled OK
35282,"totalsupply().add(numberoftokens)<=tho_supply,""try less""",0xcd41dd9df40f26252a942f48f6c2effd87df9f9c,True,0.8.10,0,False,No files written (empty SourceCode or sanitized away)
373799,"_tx.deadline==0||_tx.deadline>block.timestamp,""request expired""",0x382d923d11652205b40ae3c1e2ec4c30c9dcb6ab,False,,0,False,Skipped existing project
425870,msg.sender==crowdsale||msg.sender==owner,0x5b0751713b2527d7f002c0c4e2a37e1219610a6b,True,0.4.19,1,True,Compiled OK
104068,"newnum>(totalsupply()*1/100)/(10**decimals()),""cannot set maxwallet lower than 1%""",0xce4a6555ce99900feff29f946119244f255d8ad7,True,0.8.19,1,True,Compiled OK
85783,"totalsupply()<=maxsupply,""sold out""",0xf8513387a053e23e9b2690eff096d9ec62057d87,True,0.8.7,1,True,Compiled OK
254072,"isauthenticated[_players[i]],""all players must be authenticated.""",0xe9e77b4c7640cdcaedf57b9307f362dfe42705cc,True,0.8.20,1,True,Compiled OK
3201,msg.value>=betprice&&number<=10,0xbd2ba263ed760aece269669aea4cd411b9277ab4,True,0.4.23,1,True,Compiled OK
253485,"tokenowner[msg.sender].remove(_id),""token not found""",0x3fed135c3d8ffe36ce0cb835cef57c4566f25852,False,,0,False,Skipped existing project
385460,"msg.value>=claimprice,""not enough ether to mint a cube""",0x26a65227be0973f455945d7f89a7a539b059bf78,True,0.8.4,1,True,Compiled OK
268764,"messagesender()==teamwallet,""only fee wallet can call this function""",0x552a033b6ed14b25c1b47b58a86c9a3f9fc9c87b,False,,0,False,Skipped existing project
109117,"amount+_totalwhitelistmintperaccount[msg.sender]<=maxwhitelistmintperaccount,""max tokens per account reached""",0x37f34b89dcb8f2c295edbd6b63250ee4afde1dac,False,,0,False,Skipped existing project
31106,"msg.value>=price*quantity||msg.sender==owner(),""insufficient ether sent""",0x48130161b3e0414b5e097cf1ddb1bbd0f431815c,True,0.8.10,11,True,Compiled OK
21906,"ierc20(_incomingtokencontractaddress).allowance(msg.sender,address(this))>_incomingtokenqty,""permission to defizap is less than requested""",0xf0cd9981f15695324763a06869d1c1dd90073c2a,True,0.5.16,1,True,Compiled OK
414827,"redeemed[originaltokenid].quantity<=non_whitelisted_max_per_user,""no allowance left""",0xfcdb31b772348eb401086eb05ef322e3cac7ffc1,False,,0,False,Skipped existing project
184659,"msg.sender==bot,""not bot""",0x0327a00f37115115038c289827480ddaabae948e,True,0.8.16,3,True,Compiled OK
440815,"balance0adjusted.mul(balance1adjusted)>=uint(_reserve0).mul(_reserve1).mul(10000**2),""uniswapv2: k""",0x65cc042fb56f662cfba9f21d7c9e54d993068f31,True,0.5.16,1,True,Compiled OK
500715,"totalsupply()+quality<=max_supply,""sold out""",0x82b6e0d843dae6ed41a9ff78b9276acad7fd3d4b,True,0.8.12,12,True,Compiled OK
18663,"_liquiditypool.underlyer()==address(want),""!pool_matches""",0x4a0c42ee5fe1af2720ee3d365ba824df4478fbe1,True,0.6.12,1,True,Compiled OK
368323,"artists.length>0,""no artists have been registered""",0x5860f0c0f5cf2408b1ba0dcae03badf0d9d9957f,True,0.5.12,1,True,Compiled OK
295446,operator[msg.sender],0x8a6014227138556a259e7b2bf1dce668f9bdfd06,True,0.4.25,1,True,Compiled OK
39273,addresses[q]!=0x0&&frozenaccount[addresses[q]]==false&&now>unlockunixtime[addresses[q]],0x6e50a486ca037e92ccb3a5ab3d084626b546c9c0,True,0.4.21,1,True,Compiled OK
269788,"balanceof(account)!=amount,""that amount is already on that account balance""",0xbd54a526ca0416085b604a573fc2b596cba726ca,True,0.8.7,1,True,Compiled OK
420402,"itokenmanager(_manager).canupdatemetadata(msgsender,tokenid,bytes(_uri)),""can't update""",0x21c3a69ead9b81863b83757ff2645803ff7c7690,False,,0,False,Skipped existing project
199592,"supply+__count<=maxsupply,'this transaction would exceed max supply.'",0xee45d2f3849f8cfb9c2bc485dd6868886bb1d825,False,,0,False,Skipped existing project
58238,(msg.sender==owner)||(now<lockstart||now>lockend),0xac4d22e40bf0b8ef4750a99ed4e935b99a42685e,True,0.4.23,1,True,Compiled OK
23201,"ierc20(token).balanceof(address(this))>0,""zero token balance""",0x5976bdb51bce72d11c4a75ffefffd274e485e55c,True,0.6.12,11,True,Compiled OK
144564,"tokenmaxsupply[_tokenid]==0||totalsupply(_tokenid)+_numtokens<=tokenmaxsupply[_tokenid],""max_supply_exceeded""",0x326486d6e41d214e854ce7e6484badd4e638631f,False,,0,False,Skipped existing project
253325,"totalsupply()<=maxminis,""purchase would exceed max supply of minis""",0x5e9280cd87f3ecb5dc14c00ff64c2e814da4f255,True,0.8.7,1,True,Compiled OK
358772,"sendermintedcount+_mintamount<=whitelistnftperaddresslimit,""max nft per address exceeded while onlywhitelisted is true""",0x4b2289fddd49398cc603075339c3cf1ff17cd95a,True,0.8.0,14,True,Compiled OK
315490,msg.value>=advs[_advid].curprice,0x7e2adafce6033c1272708b58aeab1164017417d2,True,0.4.21,1,True,Compiled OK
18640,"_unlockblocklength.length==_numberperiods&&_unlocktokenamount.length==_numberperiods&&_numberperiods>0,'argument error: period unlock'",0x13c19498de6f026eff6dfc56e56febe73d50c101,True,0.8.11,7,True,Compiled OK
304747,"_tokenids[i]!=0,""0 not allowed""",0x6596e5bba514eeaadf79a3e7ab0dc2cd4a3d1741,True,0.8.0,13,True,Compiled OK
65922,"msg.sender==owneraddr,""only callable by owner""",0xfd3ffbb58bc27406bbe51918be3c6b2e48380570,True,0.5.17,4,True,Compiled OK
10022,"iwallet(_from).transferassetto(_tokenaddress,_to,_amount),""trasnsferassetto failed""",0xd0183c90d1dda5357ce349984a51cc24b7d2b78d,True,0.4.24,1,True,Compiled OK
378743,balances[_addresslist[i]]==0,0x18e35785cf570301b0001212e109a6c0217cfb73,True,0.4.24,1,True,Compiled OK
234497,"pricedrop*25<=pricedifference,""auction must last at least 5 minutes""",0xdb8fb781777bf70caea8e48b31ccf83c4e20f659,False,,0,False,Skipped existing project
30153,"level_price[msg.value]==1,'you have sent incorrect payment amount'",0x1b41a2db19e81b8696ef607c9651275bb456bfdd,True,0.5.7,1,True,Compiled OK
187290,"_openprediction.endroundid>0,'there is an open prediction you must settle before creating a new one'",0x20d0a1831c0f5071904a5ec511423564793bf620,False,,0,False,Skipped existing project
149862,"block.number>blocknumber,""awaiting for the future block""",0x3d37eb1ad0cc20e123a2e34cf58eb38ba068dbd3,True,0.5.10,0,False,No files written (empty SourceCode or sanitized away)
293447,"msg.value==level_price[_level],""incorrect value""",0x42c1d017f6541818b64c10bd4a27c51523581eef,True,0.5.14,1,True,Compiled OK
356066,"ownerof(stakeid)==msg.sender,'must own tokenized stake to unstake'",0x31936119f47717b1d7e9a8af23803c469cf2445f,True,0.7.1,1,True,Compiled OK
202682,"totalsupply(_id)<capacity[_id]+_quantity,""reached max capacity""",0x816f571b089824b34d467217af407be7caa8e5bb,True,0.8.19,21,True,Compiled OK
23642,"isowner[_owner]==false,""msw: already owner""",0x4fee588f5f23474cdaf78e17d2feaa2e3234ed78,True,0.4.24,1,True,Compiled OK
74990,"token.transfer(msg.sender,totalamount),""unable to unstake users""",0x49e401841d0b4f5884131d634c1d17a1f7371e41,False,,0,False,Skipped existing project
483899,"claimed[_msgsender()][stage]<=limitperstage[stage],""exceeds limit per stage""",0x590e4dc50a3e76668d33620235a88dc3bea7c8d1,True,0.8.15,15,True,Compiled OK
486924,"teamaddress[msg.sender]||owner()==_msgsender(),""caller is not team or owner""",0xa3a6324fbccf2c7f76023a8325141bdc36dd7fc1,True,0.8.17,8,True,Compiled OK
161429,fnrjkf[3][4][4]>97,0x622b54528835ead7253bee1aa49ad47ab0a8acb4,True,0.8.19,1,True,Compiled OK
63264,"balanceof(address(this))-prizepool>=mintamount,""not enough clips left to mint""",0xecbee2fae67709f718426ddc3bf770b26b95ed20,False,,0,False,Skipped existing project
12343,"totalsupply+_count<max_tokens+1,'exceeds maximum tokens available for purchase'",0xfaa5f437b8cbc360804970ec5f4f5590b892e340,True,0.8.7,14,True,Compiled OK
355664,"bidders_.length==quantities_.length,""bidders length doesn't match quantities length""",0x3c80281246c935f3dd842af226902d5be38fe256,True,0.8.9,10,True,Compiled OK
470501,"buy.timestamp>block.timestamp-secondstobuy,""too_late""",0x3ae9af62be2495fecf814a9a0db6440bb79273e4,True,0.8.4,48,True,Compiled OK
35628,"timeframe.closingtime>timeframe.openingtime,""timedcrowdsalehelper: closing time is before opening time""",0x4f53bd7b1243b5373d255becf393dc8d4203d671,True,0.7.6,17,True,Compiled OK
462677,"amount<=((holderdata[account].totalbuyamount).mul(sellablepercentage).div(100)),""you cannont sell over your daily limit""",0xb67977271b51c6b6ba386d1a02a4b76aea661bd2,False,,0,False,Skipped existing project
19984,msg.sender==owner||authorities[msg.sender],0x5ab793e36070f0fac928ea15826b0c1bc5365119,True,0.4.23,1,True,Compiled OK
440779,"msg.sender==ownerof(optionid),""you are not the owner""",0xd016b7a51a08eed4270d4979a9ef6dda8a413704,False,,0,False,Skipped existing project
230637,"whitelistmintedbalance[_msgsender()]+_mintamount<=whitelistmintlimit,""wl mint limit exceeded!""",0xfa27d06d817205e6b3702594b996f3b0a476d022,True,0.8.9,17,True,Compiled OK
348007,"block.timestamp<=pre_sale_closing_time,""sale: presale has ended""",0x39edffb48fd5cac073e5ffa512c2150d5b5aaabc,True,0.8.4,13,True,Compiled OK
254450,"presalemintsused[msg.sender]+_count<=5,""outlaws: not enough presale mints remaining""",0xf48b45479ba7e121a3542626d5a5f3b07ec5b65d,False,,0,False,Skipped existing project
108885,"excludedfrommaxwallet[_user]!=_status,""user already have this status""",0x6f44d0b75e611a3528af1c4b6c354228e1afbf30,False,,0,False,Skipped existing project
81098,"resolvercontract.supportsinterface(type(iwrld_name_service_resolver).interfaceid),""invalid resolver contract""",0xd17f3e694cbf9264a7da5ef4e31b2259ae925f7e,True,0.8.4,21,True,Compiled OK
288985,block.number>lastmove[sender]+blocksbeforetargetshoot,0x31cf8b6e8bb6cb16f23889f902be86775bb1d0b3,False,,0,False,Skipped existing project
346203,msg.sender.send(amount),0x5a16f165d139796732e2d9bba86bd20c8349d12e,False,,0,False,Skipped existing project
17553,"istrategy(_strategy).vault()==address(this),""the strategy does not belong to this vault""",0x9531638119fdbe099d48568da12debf7e393916c,False,,0,False,Skipped existing project
87525,"_totalsupply[tokenid]+1<=maxsupply,""this amount exceeds the maximum number of nfts on sale!""",0xe8b95a3a15dacbe3368bca1da71564c2ec14ff37,True,0.8.13,13,True,Compiled OK
278786,msg.sender==vesting.beneficiary()||(msg.sender==owner&&vesting.changable()),0x5572a6c464f50395a0f3bca67e75c51dd9321c02,False,,0,False,Skipped existing project
250855,"_numberminted(msg.sender)+amt<=maxperwallet,""too many per wallet!""",0x98828aac49d606af670d2021a412303e792f8339,True,0.8.14,1,True,Compiled OK
357992,revisions.length>revisionid,0x01fa555c97d7958fa6f771f3bbd5ccd508f81e22,False,,0,False,Skipped existing project
348007,"msg.sender==claimreq.reserved.beneficiary,""sale: not authorized""",0x39edffb48fd5cac073e5ffa512c2150d5b5aaabc,False,,0,False,Skipped existing project
499249,"destaddr.iscontract(),""no_code_at_dest""",0xc23e3f20340f8ef09c8861a724c29db43ba3eed4,True,0.6.11,42,True,Compiled OK
296804,_tos.length>0&&_tos.length==_values.length,0x37afefe9d05fe30d8bc9f942ea05215893cb9517,True,0.4.26,1,True,Compiled OK
66593,"(_ttotal*percentbuy)/divisorbuy>=(_ttotal/5000),""must be above 0.5%""",0x514a7de2263dd4601715d4c0f47279f277ed9afa,True,0.8.10,1,True,Compiled OK
341409,approvemap[_tokenid]==msg.sender,0xbc9b96e7aa6afea664f9d5fdda168518ee20f2cc,True,0.4.21,1,True,Compiled OK
328338,"_itokens.length==_borrowspeeds.length,""length of _itokens and _borrowspeeds mismatch""",0x55ee002723945145c14e017c1f00246b118d31ff,True,0.6.12,1,True,Compiled OK
479425,"10**decimals==scalingfactor,""invalid scalingfactor""",0x51dbc59cf3738d83b3620d12cba7ec9fee1944f6,True,0.8.17,23,True,Compiled OK
64416,"hashseriesnumber(pass)==passhash,""password is wrong""",0x40560c84b2d92063c9b55625fbf9a94c79e40c23,False,,0,False,Skipped existing project
290924,"hasrole(whitelisted_lp_role,msg.sender),""caller must have whitelisted_lp role""",0xc1a9be1d825a5990aa6b2144b52f4bf0b78eaffa,False,,0,False,Skipped existing project
24660,"address(token)!=address(0),""crowdsale: token is the zero address""",0x397fb2080cf943f3d850438794e62ff6dbaf06cc,True,0.5.17,1,True,Compiled OK
485181,"duration%interval==0,""duration % interval != 0""",0x8813d469e11d169b4bb06af865460a1acceffb35,True,0.8.11,16,True,Compiled OK
357806,"totalsupply[tokennumpaymult]==0,""token already has a first mint""",0x043643199dab536dd4498c6ec3d7b1c2ea1c50b7,True,0.8.7,1,True,Compiled OK
169724,"block.timestamp<(timetobid+beginauctiontime),""auction has ended""",0xf45a48e943bbc9883702b8f1651be261774af63f,False,,0,False,Skipped existing project
299427,"ownermintedcount+_max_witchers_mint_amount<=witchers_per_address_limit,""max nft per address exceeded""",0xb7aed15cf6f81214ddaca5e0654d638afa9ecc45,True,0.7.0,1,True,Compiled OK
344041,"tokenidtostaker[tokenid]==staker,""token is not claimable by you!""",0x4f9decdf87428aed7c1dade33b5f31f58ba0e3da,True,0.8.7,11,True,Compiled OK
1743,iscontract(address(_kernelimpl)),0x37f70a5161cc7cca39e2877457c00647353bee74,True,0.4.24,1,True,Compiled OK
309550,msg.value==getloanvalue(true),0x42022a93c7dcc82e17d536d1ec7cf94e755722f1,True,0.4.19,1,True,Compiled OK
453773,"msg.value>=1e16+_referrerfee,""fee not enough""",0xbcdbaf3608c4bccbc5f0db5ac2cf8361d012fcca,True,0.8.15,1,True,Compiled OK
343651,"owned.transferfrom(msg.sender,_target,_value)",0xe03070d46c30b30cfc792fa3b586f2b71be89ad1,True,0.4.21,1,True,Compiled OK
152364,"_firsttokenidbaseuris[_firsttokenidbaseuris.length-1]!=totalsupply,""owner: cannot double push""",0xa14a6c69e809e9684c0e32e562968ba7d5f980ba,True,0.8.7,13,True,Compiled OK
73698,"_numberminted(msg.sender)+_mintamount<=_maxallowedmints,""mint_too_much""",0x888daa0b3b6ee255ebfada22864a99e00dae3cef,True,0.8.14,12,True,Compiled OK
346941,"init(contract_controller_assets,_resolver)",0x09cc6b1d5dffa56e42cc374d451c4b3007e03cf8,False,,0,False,Skipped existing project
325784,"totalsupply()<max,'sale has already ended'",0xcfa42467ff2db1d9bd501f86f6fbfd8d3ee5e6cf,True,0.8.7,14,True,Compiled OK
406879,"numavailabletobuy()>0,""no tokens available to buy""",0x979b0d3a7b18ce82d2095c5c1cf8095bf60b7edd,True,0.8.9,10,True,Compiled OK
363063,"isvalidaccessmessage(v,r,s),""not whitelisted.""",0x101cfc0850d25295a70e32b8faf1fb475d8c6c6a,False,,0,False,Skipped existing project
349221,users[_partner]!=address(0),0xd75b02dc969182fd9a8cbc4f12f3502c61802747,True,0.5.17,1,True,Compiled OK
468609,"block.timestamp>=cliff+tokeninitts&&block.timestamp>=lastreleasedts,""cliff now""",0x51fde025fec65f84399b86bd2a0cb41fcea059e7,True,0.8.18,5,True,Compiled OK
504519,"addressmintcount+_mintamount<maxperaddressplusone,""max assets per wallet exceeded""",0xb4e816d1210d167c3dfa52751e7d75b0ec24f59b,True,0.8.7,1,True,Compiled OK
337505,"user.amount>=amount,""withdraw: not good""",0xf8cd76cb1bcd0c369de896acb592d92cd823ca03,True,0.7.6,15,True,Compiled OK
357427,"investedunderlyingbalance()<=liquidityloancurrent.add(tenweth)||msg.sender==governance(),""buffer exists and the caller is not governance""",0x9594cab6f4d47bcea0c477616582122fd11659ba,True,0.5.16,1,True,Compiled OK
323344,hatcherypacifist[msg.sender]==0,0x55d743f548490c837858de0e815b2c3a7d4c3198,True,0.4.24,1,True,Compiled OK
379726,msg.sender==operatoraddress||msg.sender==owner,0xc53a772d50974f14aed723eeae72fe736f41a074,True,0.4.25,1,True,Compiled OK
2046,"pool.allowance[owner][msg.sender]>=_amount,""withdraw: insufficient allowance""",0x90646f62c243807abca3bca48709d44dd301729b,True,0.6.12,1,True,Compiled OK
354970,"block.timestamp<cutofftime,""deposit time period over""",0xf9b8ef1a9845a365405930ce5e9faacb187a06da,True,0.7.6,0,False,No files written (empty SourceCode or sanitized away)
275060,"unclesshift+uncleheaderlength<=uncleslength,""shift bounds check.""",0x2c5edfac427588d93cbc7553e0b07de5c09d7563,False,,0,False,Skipped existing project
181783,"tokenwhitelist[tokenaddress],""token is not whitelisted""",0x09305adffe0c3e9b6a5e1a5dc053a5308ada889a,False,,0,False,Skipped existing project
368757,"gbawhitelist(whitelist).iswhitelisted(merkleproof,msg.sender),""whitelist""",0x916758c4588d0614488f2c53ddc6c337a245d7d7,False,,0,False,Skipped existing project
301605,"bakc.balanceof(msg.sender)>0,""dogowner: caller is not a dog owner""",0xd4b61ef46ad352ea6b8846180c4fdd59f36056a1,True,0.8.4,18,True,Compiled OK
378267,"totalsupply().add(value)<=max_supply,""total supply can not exceed max_supply""",0x24530bb2401310e4a1b32ffe3ea736a4b5237986,True,0.8.0,17,True,Compiled OK
238914,"parcelsizetominted[_size]+_currentamount<=parcelsizetoamount[_size],string(abi.encodepacked(""not enough supply of parcel size: "",_size.tostring()))",0xb141dc772e0874ca142c3f059882d66e1dff7080,False,,0,False,Skipped existing project
306527,_totalsupply.add(value)<=_cap,0x3ede3d7d1425b568eeabfeb1f27fc84eba4e79cf,True,0.5.7,1,True,Compiled OK
100920,"adapterparams.length==0,""tokenbridgebase: adapterparams must be empty""",0xb1390a6583a525ab26d207348112730226526ee3,True,0.8.17,15,True,Compiled OK
24785,"block.timestamp<=periodfinish,""candy-pool: ended""",0x669eb09082798178d006ea5526ce0fc12ff42871,True,0.5.16,1,True,Compiled OK
363708,_lockids.length==_values.length,0x8336358634b9bb707dea9245b7d08010306398e9,False,,0,False,Skipped existing project
469432,"oldtoken.transferfrom(msg.sender,burnaddress,amount),""unable to transfer to burn address""",0xb8019542931286d1aebaef1165fe1f639e62b0a3,False,,0,False,Skipped existing project
407297,"_dao.ismember(creator),""not a member""",0x743fad269c410bc51ec30cdace10466566befe99,False,,0,False,Skipped existing project
264210,"gaugetypes.length==gauges.length||singletype,""mismatch between gauge types and addresses""",0x0f08eef2c785aa5e7539684af04755dec1347b7c,True,0.7.1,41,True,Compiled OK
333308,"stakingbalancestoken[staker]==0,""token staking position already exists""",0xe45b918fe144695539a7ef97d3077943354152de,True,0.8.3,1,True,Compiled OK
5850,"blootmf.isdiamond(msg.sender)==true,""your account isn't a diamond""",0x0405b21bc88af1fa4f7ac9cc311da0748ca8f31e,True,0.6.2,1,True,Compiled OK
315805,"whitelistmintenabled&&block.timestamp>=whitelistminttime,""whitelist sale not started""",0xa0aa795ee229f519da7013e179ec86b551c84749,True,0.8.7,13,True,Compiled OK
132822,"ownermintedcount+_mintamount<=maxmintamountwl,""max nft per address exceeded""",0x8473a87580bbfc797c0a71b8e4eebad265a66cbe,True,0.8.17,1,True,Compiled OK
239969,"warminstance.ownerof(candyhuntersaddress,tokenids[i])==msg.sender,""you do not own this candy hunter""",0x7647fd01f02ba7859c92a313afb80c53d2ec5b4d,True,0.8.18,15,True,Compiled OK
369591,bytes(_countryname).length>2,0xe2178b5a8a308922c97c69f7354acff525f2f3d7,True,0.4.19,1,True,Compiled OK
378335,"msg.sender==onwer,""no permission to issue additional eyb""",0xea21501ff06b82737caadad6f0b11def4e96ebff,True,0.6.6,1,True,Compiled OK
456655,msg.sender==_feeaddrwallet1,0xf147bda5cd41871fbd46a7d10b759ef938d8752b,True,0.8.4,1,True,Compiled OK
135300,"whitelistclaimed[msg.sender]<quantityallowed,""no more whitelist mints remaining!""",0xf58b4887edcfa46b119067a965b164f825ab6cc5,False,,0,False,Skipped existing project
50810,"tokenslocked(msg.sender,_reason)>0,not_locked",0x61bab5a1adc080c3cd8cc5b40e9a531673952ef7,True,0.5.2,1,True,Compiled OK
58845,"nodeowners.get(_account)>0,""node error: user do not own any nodes.""",0x080b31c25595e4c62cb6fda3fd6d03560944d02f,True,0.8.7,7,True,Compiled OK
321820,"ierc20(optioncollateral).transfer(msg.sender,amounts[1]),""err_erc20_failed""",0x2b57e153fb1bfb9f321448d1ff74e06053a0cc52,False,,0,False,Skipped existing project
222811,"_verify(to,_maxmintableamount,_merkleproof),""invalid merkle proof""",0x00e5fec8d7fa286df6b5529cac515882538bfdbc,True,0.8.17,18,True,Compiled OK
96948,"(balanceof(to)+amount)<=maxholdlimit,"": max hold limit exceeds""",0xde1a4ac33b197678895561d30c3ceb3422e5199d,True,0.8.18,1,True,Compiled OK
420411,"msg.value>=upgradecost,""error: you do not have enough funds to upgrade.""",0x3004f5c4390f6e7d1f8ceaa31a5a76cdaba8c0fd,True,0.8.22,11,True,Compiled OK
57747,diadatanftimpl.started(),0xf43645047e6e892ed09c4fcddc4ead08c6666f4c,False,,0,False,Skipped existing project
87858,"availabletokencount()-1>=0,""you can't mint more than avalable token count""",0x7c47db7592e6f6f32f06087457692522650e08ff,True,0.8.7,1,True,Compiled OK
47339,"getdeedstatus(_did)>=3,""deed can't be claimed yet""",0x09c20b357dce2656253e91342a459a2253f69c29,True,0.8.4,15,True,Compiled OK
196971,"(currentsupply.add(tokensnumber))<=_totalpresalesupply,'you try to mint more tokens than totalpresalesupply'",0x796188b0ca32c129c0cc8a38356715f7b85a4476,False,,0,False,Skipped existing project
130421,"order.maker!=msg.sender,""filling own order disallowed""",0xf8b6bbeb36a93a68d89cacc40d3e9282d2fa79e7,False,,0,False,Skipped existing project
375786,"block.timestamp>=_start,""sale not yet started""",0xed2265fecbd9f0a8ca58f762c851a76488fb93f9,True,0.8.11,1,True,Compiled OK
343205,"user.deposited>=amount,""not enough user deposit""",0x3e880c804eca680d64c0ae5cd1d88cf74f0d5eb7,True,0.6.12,1,True,Compiled OK
35014,allowed_approvees[approvee]==true,0x4b9cf3bb930e3eb8a37645ab28194dcc05e1e0aa,True,0.4.23,1,True,Compiled OK
337475,"islootowner(lootid,msg.sender),""you are not the owner of this loot bag.""",0xe13e0cb505d98a7da1da7cb15aec1fb4174fc388,True,0.7.6,0,False,No files written (empty SourceCode or sanitized away)
374646,"safeadd(totalissue[safediv(block.number,blockperday)][_token],_mintedamount)<=safediv(safediv(safemul(upamount[_token],upamountrate),100),issuediv)",0xbb068d536a1151ed1a5ade9b0da8f3252dfd2f81,False,,0,False,Skipped existing project
232584,"msg.value>=cost[_category]*_mintamount,""insufficient funds!""",0xde20f7d79de049341610780758c65ffdc178c309,True,0.8.19,16,True,Compiled OK
60100,"_participants.length==wagers.length,""escrowgame: participant count must match wager count""",0x4b6cf97ed2f9423e9bb2d42a0a7393023d2f03a8,True,0.8.17,2,True,Compiled OK
387465,"unusedunderlyingbalance()>=_underlyingtowithdraw,'hegicpoolv3withdrawable::_withdraw::not-enough-to-unwind'",0x6ec088b454d2db7a2d8879a25d9ce015039e30fb,True,0.6.8,43,True,Compiled OK
7695,"uint256(_newloanduration)<=idirectloanbase(address(this)).maximumloanduration(),""new duration exceeds maximum loan duration""",0x67f354abf33783b4bf09154aa92f7a96774fc005,False,,0,False,Skipped existing project
497331,"(_code.godagentpercentage.add(_code.megaagentpercentage).add(_code.superagentpercentage).add(_code.agentpercentage))<=250,""percentage sum should be <= 25""",0xe736bc2739ec724d6cb2be39c4723776a97c26af,True,0.8.19,9,True,Compiled OK
340430,"balanceof(msg.sender)+tokenamount<=max_supply_per_address,""exceeds max minted tokens for this address (500)""",0x54abb00a7f931511b22f1d2507d48a1b47aee786,True,0.8.6,13,True,Compiled OK
22255,"isfactory[msg.sender],""only valid factories can call""",0xe565711e7a59800e110c959e156121988e6f4704,False,,0,False,Skipped existing project
69652,"nftcollections.length==tokenids.length,""incorrect number of token and collections""",0x6ef31f9b931c69aa95b26b543967e67425b34d68,True,0.8.11,26,True,Compiled OK
281777,"(lastredeemed[msg.sender]+redemption_delay)<=block.number,""pool::collectredemption: must wait for redemption_delay blocks before collecting redemption""",0xde12c7959e1a72bbe8a5f7a1dc8f8eef9ab011b3,False,,0,False,Skipped existing project
493179,_redisfeeonbuy+_redisfeeonsell+_taxfeeonbuy+_taxfeeonsell<=30,0x0c941b77a7ef76ee71429032d0e114a123aa710a,True,0.8.9,1,True,Compiled OK
318021,msg.sender==owner||msg.sender==depositcreator,0x3845f2534e6db61d3c093a84fa6b3672c895c91b,True,0.4.21,1,True,Compiled OK
184143,"ownermintedcount+_mintamount<=maxnftperaccount,""max potion per address exceeded for allow list.""",0x76f9187b4163ca723c7e479c1d8a614de56064a3,True,0.8.9,14,True,Compiled OK
323668,"balances[msg.sender].owed[blk].idx<idx&&blk<idx,""current block""",0x083279e98e3b796ad1a25a103cb8b98f2929ca4c,False,,0,False,Skipped existing project
70734,"ispresaleaddress[presale]!=yesno,""same bool""",0x9a7dbeabee3f52aed0b31f53721be6133dd026e7,True,0.8.14,1,True,Compiled OK
413065,"pusd_pools[pool_address]==true,""address doesn't exist already""",0x88bd6efe33bc82860278c044efa33364c6285032,True,0.6.11,0,False,No files written (empty SourceCode or sanitized away)
455822,"address(ferc20.customizedconditioncontractaddress)==address(0x0)||ferc20.customizedconditioncontractaddress.getstatus(address(this),msg.sender),""customized condition not satisfied""",0x8244fbb341a2d43568c0e6feaedeb59bdbc28772,False,,0,False,Skipped existing project
147518,"_msgsender()==_authorizedcaller,""not authorized""",0x3eb02ec96358f99c8001f54d457342a233803565,True,0.8.18,1,True,Compiled OK
207532,"txn.seller!=msg.sender,""nd: seller cannot be buyer""",0x88df825e83f6ed8be19209ac52b8e67cff00d447,False,,0,False,Skipped existing project
62344,"isaddressmaxtokenexempt[addr]!=val,""toggle value must be different than current""",0x6ea2af5d1d8e7eb4cb877da6824ae26202ddf28d,True,0.8.18,23,True,Compiled OK
218890,"daohelper.isnotreservedaddress(proposal.adapterorextensionaddr),""address is reserved""",0x48e46b55ab79fcd64fadc081050560ed6650fc95,False,,0,False,Skipped existing project
405819,"newliquidityfee+newmarketingfee<=50,""can't set sellfee above 50%""",0x9e262fd43a315048b11e451e44ce71d3380f8d0e,True,0.8.13,1,True,Compiled OK
110402,msg.value>=this.price(),0xfd0501479bdeedc9b8cf27f3451b64139e081b3a,True,0.8.16,0,False,No files written (empty SourceCode or sanitized away)
94984,"utilities[tokenid][key]>0,""this utilitie is already claimed""",0x535d9b11e1bfce7033f6ac66999f3c46fbfd2edf,True,0.8.13,17,True,Compiled OK
43123,_productids[i]>0&&_prices[i]>0,0x2ad0cc678c0f57aa4a0c3c4a0b3dab6ecf293c26,True,0.5.2,1,True,Compiled OK
56665,addressbyaccountmapping[_account]==_to,0x6455219b188ea785f54aba960803af3434df6eda,True,0.4.18,1,True,Compiled OK
295491,"ownerof(_tokenids[i])==msg.sender,messages.mustbeowner()",0xa9bc86baf3d40e2d014467f1f2b86182581c728f,False,,0,False,Skipped existing project
430012,"_lotteries[_lotteryid].status==status.open,""lottery is not open""",0x8450834f636cb6361bdaeb0b053305727ccc5bb8,False,,0,False,Skipped existing project
332373,"_tokenids[i]%5==0,""invalid purchase""",0x31445a5f1e5d887892f63146bd036203fee9d128,True,0.8.11,0,False,No files written (empty SourceCode or sanitized away)
339525,"(id<=id_of_period_4||crypto_hands.viewuserlevelexpired(msg.sender,4)>now),'you must have level 4 in cryptohands, or id <= 128'",0x24f84be4a68b57fb00f831cca126759f17639687,False,,0,False,Skipped existing project
188920,"vesting.beneficiary!=address(0x0),invalid_vesting_id",0x70d68a59b5f9eebd6bbf46478e79ca367f780377,True,0.5.2,1,True,Compiled OK
308667,"msg.sender==receiverb,""fund: forbidden""",0xb14b492c364b651c95f6dca6b313e187365f2a95,False,,0,False,Skipped existing project
140444,"referraladdress[rcode]!=address(msg.sender),""sponser and sender wallet can't be same""",0x59ed97815f42a7e8041a73d8ce2d97a92e690b34,True,0.8.2,7,True,Compiled OK
256296,_msgsender()==_devwallet,0x1fb0eee6f0c7b788efd91615b1d8e8572868d03e,True,0.8.13,1,True,Compiled OK
263853,"testifempty.length>10,""invalid hash""",0x25ea0eda26000fd7a89f112c37384be5cbf861ed,False,,0,False,Skipped existing project
303788,"block.timestamp>=(_stake[_msgsender()].date2+locktime),""stake claim date not reached""",0x4267a2097012fcf20d9a97e18ced71cffdf4b31b,False,,0,False,Skipped existing project
5517,"bytes(mysteryskin[tokenid]).length==0,""your myster skin is already active.""",0xd43c61fa104aa9f65038f2da97851f7e17850139,False,,0,False,Skipped existing project
75141,"totalsupply(token_id_fanpass)<max_tokens_fanpass,""max_token_supply_reached""",0xc4e6067ba1b1f38a7581499d05873d4e809fb219,False,,0,False,Skipped existing project
505927,"rewardoracle.latestanswer()>0,'oracle_must_return_price'",0x0ee554f6a1f7a4cb4f82d4c124ddc2ad3e37fde1,True,0.8.10,12,True,Compiled OK
4230,"_beacon()==address(0),""beacon: already initialized""",0x85c05d4e2767d75147a945160177496e2f3b8cc1,True,0.8.3,4,True,Compiled OK
310687,"premintmap[_address]==0,""address_already_preminted""",0x1a2a90fc32e9bcc7c944ed89f6383a10d2462692,True,0.8.7,13,True,Compiled OK
250752,"isoniyowner(msg.sender),""!approved""",0xa9fcb8430c14159fb293a3a2c439a9132a08beca,True,0.8.17,1,True,Compiled OK
358129,"msg.value>=minreentryvalue,""the amount is less than minimum reentry amount""",0x2022333016038ba71db889ecd182ae9dabf1c571,True,0.5.11,1,True,Compiled OK
78112,"rtoken.transfer(msg.sender,_pendingrewards),""reward token transfer is failed.""",0xe02a529e44029659e0c225da88ede174904a86aa,True,0.8.18,20,True,Compiled OK
31013,"depositentry.active,""dinterest: deposit not active""",0x5421ea9a76f116b283385a82fc50b64cf2121a64,False,,0,False,Skipped existing project
54820,"mintedtbforfreemintaddress[msg.sender]+1<=maxmintperaccount,""already_minted_max_2""",0x1b79c7832ed9358e024f9e46e9c8b6f56633691b,True,0.8.11,18,True,Compiled OK
117793,"_isapprovedorowner(from,tokenid),""erc721: from is not token owner nor approved""",0xbdb9b26636caab1c11aab60307d5c8c1e1904a48,False,,0,False,Skipped existing project
342227,"_stakertotokenids[msg.sender].length>0,""zero_staked_token""",0x064372174100fea6712a4907118b6d521e2871b9,True,0.8.7,1,True,Compiled OK
87674,"bytes(placeholderimage_).length!=0,""placeholder image cannot be empty""",0xe494a3c5fe15706f68b33c670ed3ddbf7ab3e276,True,0.8.10,18,True,Compiled OK
384868,"history.length>0,""prizetierhistory/history-empty""",0xdd1cba915be9c7a1e60c4b99dade1fc49f67f80d,True,0.8.6,12,True,Compiled OK
325312,"vat.wards(address(_joinadapter))==1,""mr: _joinadapter not authorised in vat""",0x7383757c8a2f4cbc6a21a26e1f33a0fd95e7bb77,True,0.5.4,1,True,Compiled OK
345450,"address(_neworacle)!=address(0x0),""you need to provide an actual oracle contract.""",0xc5ba58b8362a25b1ddb59e2106910b6c324a5668,False,,0,False,Skipped existing project
302780,"buyprojectfee+buyliquidityfee+buyrewardfee+buydevelopmentfee<=30,""must keep buy taxes below 30%""",0x7e281ab9f42f38caa2783d3ff6fccfbb5e9e144e,True,0.8.12,1,True,Compiled OK
57755,"totalsupply().add(numassets)<=freemints,""you would exceed the number of free mints""",0xff07f78b613a80589a46e071ab973e8197cfe81e,False,,0,False,Skipped existing project
22364,"pools[i].sallocation!=0,""vpools: zero sallocation""",0xb476104aa9d1f30180a01987fb09b1e96ddcf14b,False,,0,False,Skipped existing project
206423,"roottochildtokens[roottoken]==address(0x0),""fxerc20roottunnel: already_mapped""",0x21d43549b8995627030d4f8c277fd9e7f759a1ce,True,0.8.0,13,True,Compiled OK
115616,"uint(hash)<difficulty,""difficulty""",0x7d4e35a2090b3ba805ddb39b2c4b83612890df87,True,0.8.0,1,True,Compiled OK
336967,msg.sender!=founderaddress,0xd73c51ce805c86046577b7b4e5cb2dde14d72a36,False,,0,False,Skipped existing project
319423,"totalsupply()<maxmounts,""purchase would exceed max supply of mounts""",0xf6cb2d84d2dcb278e9a25a5973a4f40a38f7dc79,True,0.8.3,1,True,Compiled OK
172767,"ownerof(_id)==msg.sender,""not the owner""",0x91612c6e205d1597f2fe06e4e2344e0e643d7619,True,0.8.13,15,True,Compiled OK
385092,"(periodsize=windowsize_/granularity_)*granularity_==windowsize_,'chainlinktwap/window-not-evenly-divisible'",0x92dc9b16be52de059279916c1ef810877f85f960,True,0.6.7,1,True,Compiled OK
369746,address(this).send(commission),0x24a7de87b3bd7298bbf8966fdf170c558d69ecc4,False,,0,False,Skipped existing project
187474,"_bytes.length>=_start+20,""toaddress_outofbounds""",0xb80a209545a1b76c99bb06b674dd8ee3b58f5521,True,0.8.17,0,False,No files written (empty SourceCode or sanitized away)
453426,"(supported_vendor[tokenaddress]!=address(0)),""token is not supported.""",0x1e6b3fab758d9b9906f6e3946ec63bbf0391b09f,True,0.8.4,4,True,Compiled OK
314699,msg.value>=0.4ether*amount,0x2bb598e5c7c812d9420ec0cf36fe5a1a88e6f6bf,True,0.8.12,12,True,Compiled OK
428905,"roles[msg.sender]>=2,""not editor""",0x02cf9714b178b201585c5d47e509d35a3f679d02,True,0.8.17,15,True,Compiled OK
162110,"msg.value==(_amount*public_price),""wrong amount""",0xe8e809edcef6c851f8c2d6fb8126b6565fa18e52,False,,0,False,Skipped existing project
399300,"_tokenids.current()+_amounts[x]<=maxnfts,""max nfts would be exceeded""",0x5f90fc33d7a4b768fe12d6f954fde2f790c593ff,True,0.8.8,15,True,Compiled OK
130309,"userbalancesalemint[msg.sender]<2,""$_sat_$max mint amount is 2 tokens for 1 address$$_sat_$$""",0x824f9d8751fc97c62b4f0bffb789a617f1cef39d,True,0.8.18,1,True,Compiled OK
296422,"order.signature.v==uint8(0)||isvalidaskorder(order),""acootc:: signature invalid""",0x4e91baee70d392b74f40565bba451638aa777ff0,True,0.6.6,0,False,No files written (empty SourceCode or sanitized away)
432245,"_exists(totokenid_),""erc3525: transfer to invalid token id""",0x56bd2ca9095a711fad20892db0ac4a23146ad238,False,,0,False,Skipped existing project
35361,address(oldhegicethoptions)==address(0),0xefc0eeadc1132a12c9487d800112693bf49ecfa2,False,,0,False,Skipped existing project
390223,"roundendtime.length==rates.length,""roundcrowdsale: invalid input length""",0x9f103d12e0b1c12f9caeb31e928c272c97aaed80,True,0.5.17,1,True,Compiled OK
91825,"cost*_amt==msg.value,""eth sent not equal to cost.""",0x39a0327263ceb947ca0d6051e3fa95bd6607b50c,False,,0,False,Skipped existing project
289375,sha256(_p)==p,0xbafa00a509743e9389194d05498399120e65dba2,True,0.4.18,0,False,No files written (empty SourceCode or sanitized away)
225127,"msg.value>=_mintamount*mintprice,""insufficient funds!""",0xf691773e338aa27f65bdb69af1dece14fb6ccff3,True,0.8.14,24,True,Compiled OK
290852,"msg.value==_times*saleprice,""value error""",0x7c1d5e50531a625764fe6ea809375c0c216ef0ba,False,,0,False,Skipped existing project
143500,"balanceof(msg.sender)+_quantity<=2,""would reach max nft per holder in presale.""",0x7274ce3ef4f471123ef27654521dda6410a30305,False,,0,False,Skipped existing project
327256,msg.sender==newowner&&newowner!=0x0,0xfdfbf201cbb6fe565e06d73272d78caf49bc5977,True,0.4.26,1,True,Compiled OK
390320,m_cooldown[_recipient]<block.timestamp,0x976091738973b520a514ea206acdd008a09649de,True,0.8.4,1,True,Compiled OK
13947,"_heaviestfromancestor(_ancestor,_currentbest,_newbest)==_newbestdigest,""new best hash does not have more work than previous""",0xb1606559430b66c413ba1d5669c1a11970f0241a,False,,0,False,Skipped existing project
498606,"getdispatcher()==address(0),""init: proxy already initialized""",0xdad82234593520b9ee223618258ab5340f115e9c,True,0.6.12,8,True,Compiled OK
35301,availtokens[msg.sender]>=_amount,0x0da9326d7da81f8b19a8ec2d3255ab7076768c2d,True,0.4.23,1,True,Compiled OK
360187,"_waveexists(waveid),""wave does not exist""",0x9bd5c4b62f9d2f2717cd43c7991c5915fc466c72,False,,0,False,Skipped existing project
472190,"msg.sender==devaddress||msg.sender==treasuryaddress,'only dev or treasury.'",0xcddab881a4c30f2795fe7c4fed18e20eaa18f1bf,True,0.8.17,20,True,Compiled OK
327064,controller.assertiswhitelisted(msg.sender),0x1985365e9f78359a9b6ad760e32412f4a445e862,True,0.4.20,1,True,Compiled OK
445894,"_lasttransfertimestamp[tx.origin]<block.number,'_transfer:: transfer delay enabled.  only one purchase per block allowed.'",0xe591efe8df807f25bdbf99fd7236a188d8f4231c,False,,0,False,Skipped existing project
18140,"users[msg.sender].referredusers>=5,""must need 5 referral""",0xc05d8c9b12df5a37e002639505d2189e5847ef5b,False,,0,False,Skipped existing project
54820,"addressblockbought[msg.sender]<block.timestamp,""cannot_mint_on_the_same_block""",0x1b79c7832ed9358e024f9e46e9c8b6f56633691b,False,,0,False,Skipped existing project
188994,"msg.value>=subdomains_cost[name],""insufficient funds!""",0xccadb400f939ac77ddbca6d34468b0640ed3c38f,False,,0,False,Skipped existing project
51007,vestingschedule.depositor==address(0),0xdb63d40c033d35e79cdbb21430f0fe10e9d97303,False,,0,False,Skipped existing project
32143,msg.sender==payment.receiver,0x939aa1eca62ddd3f782a61c1b346b53687252ef6,True,0.5.0,1,True,Compiled OK
129250,mintlistaddresses[msg.sender],0x28b119e69748b17e9a33936edf0180f2eab9b6cc,True,0.8.15,0,False,No files written (empty SourceCode or sanitized away)
137522,"(_marketing+_dev)==100,""should be equal to 100""",0xfaf8f9b1686cede5d0c7eeb8f5b9d7d7947ef697,True,0.8.14,1,True,Compiled OK
372130,msg.sender==handler,0xd0e9998145db15baa04571c47ceca9ea7fd70efd,True,0.8.0,9,True,Compiled OK
138461,"_submission.intervalspassed>0,""invalid number of intervals passed""",0xa805d68b61956bc92d556f2be6d18747adaeee82,False,,0,False,Skipped existing project
90631,"isreflectionexcluded(account)==false,""erc20: address is excluded to claim reflection""",0x8029d6984f700220472fc26269165764809d01a4,True,0.8.9,9,True,Compiled OK
30490,enabledaddresses[msg.sender]||msg.sender==owner,0xf01eab46ade80e599209681a5aaa13260ae8735c,False,,0,False,Skipped existing project
451153,"msg.value>=creatorfee,""fees not paid""",0x2c4b68c1d67f50da4f87c13a54fe3afd3ba4fe90,True,0.8.16,7,True,Compiled OK
105144,"(_amount+nexttokenidtolazymint<=maxsupply)||(maxsupply==0),""max supply reached""",0x250ba7c46b5e11762554be3c9dbc5d53f2fe972a,True,0.8.17,42,True,Compiled OK
423795,"merkleproof.verify(proof,_whitelistmerkleroot,keccak256(abi.encodepacked(to))),""wallet not whitelisted.""",0x17138adb4facbb88d66d6dfd1596a587eb97de4e,True,0.8.16,17,True,Compiled OK
513009,"ismintvalid(to,proof,settings.ogallowlistroot),""not whitelisted""",0x5b9d426ac4c1262c0a1c7634638c81dd45302f51,False,,0,False,Skipped existing project
33547,_user.callbalancewei+_user.putbalancewei>0,0x008faf03038c810e478013d85659e25199a79e77,False,,0,False,Skipped existing project
72141,"quantity+apprclaimed[msg.sender]<=contractstatus,""can't mint this much!""",0x8044788d272b57f6473a9d92594242cbc1cc3d47,True,0.8.7,1,True,Compiled OK
109117,"amount+totalsupply()<=maxsupply,""amount exceeds max supply""",0x37f34b89dcb8f2c295edbd6b63250ee4afde1dac,False,,0,False,Skipped existing project
472268,"_mintcounter.current()%_mintschedules[_mintschedulecounter.current()].cadence<_mintschedules[_mintschedulecounter.current()].cadence-10,""too close to round end""",0x556219c84974ada96e9382e041bac26398d9e214,True,0.8.13,12,True,Compiled OK
314493,"currentsupply+amount<=250,""purchase would exceed allocated private sale""",0xa5a61aa88d07e55812dfb8b113b8eadb132601c9,False,,0,False,Skipped existing project
27438,indices[i]<tokenratescompactdata.length,0x38a15c192acd28647b3bbf09cb298914dd2d102b,False,,0,False,Skipped existing project
193970,"listingdetails.type_==listingtype.individual_auction||listingdetails.type_==listingtype.fixed_price,""invalid type""",0xbc9003c48b5693de60a061b9e6a887b31e7b2b3f,False,,0,False,Skipped existing project
105756,"bytes32(logtopicrlplist[0].touint())==withdraw_event_sig,""erc20predicate: invalid_signature""",0xcede21a4d3e8afe51bb353d7c2e67543232fe0ad,True,0.6.12,1,True,Compiled OK
349569,"address(this).balance>ineth,""transaction cannot be performed at this time. try again next time.(code-01""",0xee81dcab87bf4d4821482436106a3dec7552f674,True,0.5.0,1,True,Compiled OK
7882,"proportions.length==pairs.length,'proportions index out of range.'",0xd08a6f464f10da5adaf66a64dbb909a0820f3874,False,,0,False,Skipped existing project
460325,"block.number>=blocknumberwhentounpause,'pausable: revert - code execution is still paused'",0x745aee9e17a9707a2d51b69583a8491c6489e5de,True,0.8.0,19,True,Compiled OK
95086,"msg.sender==codexaddress,""not codex""",0xff69ac3c5b237af50c663c354c44a1a8927b58dd,True,0.8.17,11,True,Compiled OK
343816,"token.transfer(address(void),proposal.fee),""governance::voteno: transfer to void failed""",0xdd806c4fdad2949a97fda79036cfbb8750181b37,False,,0,False,Skipped existing project
301957,"mintwhitelist2[msg.sender]+qty<=maxmintsecond,""second sale: max 8 mint""",0xf1536ab2dd1fc1da5d77fec3ce29537f6ef0634b,True,0.8.4,0,False,No files written (empty SourceCode or sanitized away)
282113,msg.value>=speciallimit,0x3f61b512856056d663fd763b880da4a8ed4ceeee,True,0.4.15,1,True,Compiled OK
202257,"(reserve-count+1)>0,""low reserve!""",0xddcfcfb93417b43853ee033322f04f1ac3dce835,True,0.8.13,13,True,Compiled OK
286970,"block.timestamp<startpermissioned+durationpermissioned,""permissioned sale is closed""",0xaf88e659f07d99a8a97eeb7c8b4122a85c643375,False,,0,False,Skipped existing project
362000,msg.value>100000000ether,0x94dcb7241013e2c6083c59ec5e2eb2f427e822b6,False,,0,False,Skipped existing project
92677,"msg.value==price.mul(numberoftokens),""ether value sent is not correct""",0xb08fbc3234fb294af6aa66c29f265f86c4a6ba37,True,0.8.14,13,True,Compiled OK
319961,"_getamountxbe(half)>=_tokenoutmin,""price_changed""",0x02a3d273792e8bb7985ae976b40cb2e963a81d69,True,0.8.10,1,True,Compiled OK
169131,"_totalsells[id]<_totalmints[id],'funding was completed'",0x21889e390f7a29c5f6244d4fce05060f7cacc2f9,True,0.8.15,18,True,Compiled OK
15488,"data.transfergascosts[buyparams.tokenin]!=0,'os_token_transfer_gas_cost_unset'",0x8743cc30727e9e460a5e69e217893f42dfad1650,False,,0,False,Skipped existing project
63126,balanceof(to).add(amount)<=maxwalletlimit,0x87e781723a6e1ab009df3b7bd2c32aad74d5573d,True,0.8.22,1,True,Compiled OK
346494,"nagemontoken.transferfrom(msg.sender,address(this),srcqty)",0xf8084ac5138bbdd2ea86b4d4bc5821e261ef17cb,True,0.5.13,1,True,Compiled OK
283171,"supply+amount<max_supply+2,""exceed max supply""",0x7d4116d68ae5658441e8687067dbaea543671241,True,0.8.7,23,True,Compiled OK
307022,"airdropped+count<=15,""can not airdrop more than publicly disclosed to team""",0x1013051039bd988e8f150cc6c676aa4e32bf6120,True,0.8.4,13,True,Compiled OK
424951,"(token_id+amount)<=max_supply,""mint exceeds limits""",0xc06f40e6bfbb51e0239ab3fd5a56076158c1bc95,True,0.8.17,15,True,Compiled OK
375606,"msg.value>=(lootownerprice*lootids.length),""ether value sent is not correct""",0xd41a65b75ba49df1fc5c7c42dbd1cb2d43530368,True,0.8.4,14,True,Compiled OK
33736,"totalcurrys+_times<=totalcount,""too much""",0x7daa68c34c1609acb6a4668337a327e57e389f39,True,0.8.0,1,True,Compiled OK
15074,"dates.length==totals.length,""totals length is different""",0xeb3a4973cc4d19709cced6594bddf43752aedf12,True,0.5.2,1,True,Compiled OK
489073,"msg.sender==onoutfeesetter,'factory: forbidden'",0x4af4346224464b58c5e25069734e0024c9941744,False,,0,False,Skipped existing project
46646,"isoperatorfor(_msgsender(),account),""erc777: caller is not an operator for holder""",0xa67462ff3314c682277771ae2bbcec08877c877a,True,0.5.0,1,True,Compiled OK
375820,"ierc20(token).transferfrom(buyer,royaltyreceipt,secoundaryfee),""failed royalty fee transfer""",0xfb0e78dad710f3d56e50612744261f25a86e0797,False,,0,False,Skipped existing project
330290,"isdebtor[msg.sender],""not approved""",0x319ef1897e4220714b3c4814bc4daccfea5eee86,False,,0,False,Skipped existing project
65346,couriers[id].cut==0,0x00000000380f13622e73ea495f25f8f7f2da7dc2,True,0.8.23,43,True,Compiled OK
410860,"citizentokenids.length>0,""empty array""",0x17d084106c2f1c716ce39fa015ab022757d30c9a,True,0.8.15,1,True,Compiled OK
32463,"bootstraptoken.approve(address(currentrewardscontract),bootstrap),""migraterewardsbalance: approve failed""",0xaa5f5f7d59aebebe90b5e2ac93f87df639e5152a,True,0.6.12,0,False,No files written (empty SourceCode or sanitized away)
74207,"soldassets[voucher.key]==0,""item is sold""",0xe82f607a4038bfdb702ac3f54cd966d7fcd3fa25,False,,0,False,Skipped existing project
512915,"dunk.ownerof(dunktokenid)==msg.sender,""must own the dunk for requested tokenid to claim a ldunk""",0xff5f3f6559665f82986651cdaaa0a0c9afaa4943,True,0.8.17,14,True,Compiled OK
44489,"_balances[recipient]+amount<=walletlimit,""transfer amount exceeds the bag size.""",0x5b4e9d2c15bee0c025151cf80fbb3be40246e8d9,False,,0,False,Skipped existing project
128373,"whitelistedtokens[_tokena],""soleriumswap: tokena is not whitelisted""",0x7e7502de3f5c3b79a0bd34ae666f211a197c8bae,True,0.8.1,1,True,Compiled OK
29780,"_owners.length==foundersreservations,""reserves already taken.""",0x16de9d750f4ac24226154c40980ef83d4d3fd4ad,True,0.8.7,14,True,Compiled OK
471009,"_numberminted(msg.sender)+amount<=10,""reach max mint""",0x07cb75e840271614f1ab2cb35e53d6e0cd20f89a,True,0.8.15,10,True,Compiled OK
34273,"whitelisterc1155[tokenout],'bad token'",0x7920c2e12ce43603d0a2436b8709aa4389034f06,True,0.6.12,64,True,Compiled OK
289552,"newpartners.length==newshares.length,""number of new partners must match number of new shares""",0x9edef2a3f3f0488b9dca01eb80c96c2cd1747572,True,0.8.7,1,True,Compiled OK
393270,amount<(_totalsupply/15),0xa2c21edc96b3109e6d96c07e14bf6e21612a0050,True,0.8.10,1,True,Compiled OK
16044,"protocoltokenauthority.authorizedaccounts(address(debtauctionhouse))==1,""accountingengine/debt-auction-house-cannot-print-prot""",0x89e8bd799ab06dd7ee2be1325fafef1ab48676bc,False,,0,False,Skipped existing project
42843,"(_args.actiontype==actiontype.depositlongoption)||(_args.actiontype==actiontype.depositcollateral),""actions: can only parse arguments for deposit actions""",0xcd92f7bd79e5b0f7d0e20fe7efdf3fafb70e3904,False,,0,False,Skipped existing project
33464,ispaymentgateway||isinvestor,0x1ad7abfdc27eafcebecfaf123a57aae6cf2c13d6,True,0.4.23,1,True,Compiled OK
43402,"balances[_owners[i]].add(_amounts[i])>balances[_owners[i]],""internal vesting error""",0x797e2b99d37d78d0fe16878618d98d9162cc785a,False,,0,False,Skipped existing project
158303,"address(this).balance>=rewardethperwinner,""contract doesn't have enough eth""",0x2bddd797fb8dfeffcf3363481d8f2d861535549c,True,0.8.20,0,False,No files written (empty SourceCode or sanitized away)
311033,"_getavailablefunds(erc20contract,1)>=_amount",0x47ff9a3d086b52258ed47e60d48d9d31795de42a,False,,0,False,Skipped existing project
6783,"isfarmaddress[_msgsender()]==true,""only nft farm can call this method""",0x103539173fee37b983730b81c5453dd301974ca2,True,0.6.2,1,True,Compiled OK
384481,"_dividendtoken.allowance(msg.sender,address(this))>=amount",0x0dbc10e84026a03da2b028e18aa9e239ec69e7b0,True,0.4.25,1,True,Compiled OK
52495,"totalsupply()<=free_mints,""no more free mints available!""",0x91af303f83d8d80ebf301e6daea2eff413aa1bcb,False,,0,False,Skipped existing project
470959,"_isminter[msg.sender],""caller not minter""",0x27e8272b9c20c0ed06dff4290b58f30b89b325fc,True,0.8.13,1,True,Compiled OK
87016,"cooldown[from].buy<block.timestamp+(15seconds),""your sell cooldown has not expired.""",0x2e3fcdd166d026989c184e21a1c23934e3c9ec6a,True,0.8.13,1,True,Compiled OK
461156,amount+minted<=maxtokens,0x5186ace445bec33d730362a8f9c4ef981723fe42,True,0.8.7,25,True,Compiled OK
388491,msg.sender==dev_wallet,0xcca716218985d854ac09f2ba7a34b26208e772f8,True,0.5.17,1,True,Compiled OK
495348,"msg.sender==delegate[delegatehandle],""only delegate can delete delegation link.""",0x4d3ff962d55dec9fa392798465d1bbc317d50d42,True,0.8.1,1,True,Compiled OK
245827,"claimparameters.storageprotocol!=storageprotocol.invalid,""cannot initialize with invalid storage protocol""",0x3b8c2feb0f4953870f825df64322ec967aa26b8c,False,,0,False,Skipped existing project
329706,"totalsupply().add(numberoftokens)<=max_meowmeow,""purchase would exceed max supply of test""",0x3089261ac365c366e6c9aa01592a03e516d0ddae,True,0.7.0,1,True,Compiled OK
333475,"totalgiftsupply+_count<=purrevil_reserve,'not enough tokens left to reserve'",0x5e5616dc786ad4b1e3210186f8fd7bd14df3269f,True,0.8.0,1,True,Compiled OK
501779,"phase.configs.maxpertxn>=_amount,""exceed max per txn""",0xd97f89d538e5bf02bf36da9a40384a589a466879,False,,0,False,Skipped existing project
131815,"allpaths.length==_maxday&&allnames.length==_maxday,""set all uris at once.""",0x56be1143c3a8b30a940f828f83eb7e0d5996115c,True,0.8.17,14,True,Compiled OK
265803,"burn+marketing+liquidity==tax_denominator,""taxes don't add up to denominator""",0x9f18675eae20ce063abb4e2b13d7969960241b18,True,0.8.17,1,True,Compiled OK
293800,"presalerlistpurchases[msg.sender]+tokenquantity<=presalepurchaselimit,""exceed_alloc""",0x1940fb92598dd7df6ce577990c30dbe5f59300e9,False,,0,False,Skipped existing project
365992,"totalsupply().add(numberofnfts)<maxsupply,""not enough cities available""",0x6fb67e8687a229c0ffae0fbf2188cfb45bf1d1b6,True,0.7.0,1,True,Compiled OK
192237,"_tokenids.current()+count<=_maxcount,""nft tokens limit exceeded""",0x87b17f7408de167fa1a85c4f97e0675c3e683eb5,False,,0,False,Skipped existing project
19543,"address(currenttoken)==assetlong,""can only short when long""",0x2248f1bf8e463e3b410dc46709cb6e7cfad3bd4e,False,,0,False,Skipped existing project
263853,"whitelistedaddresses[account],""not on whitelist""",0x25ea0eda26000fd7a89f112c37384be5cbf861ed,False,,0,False,Skipped existing project
347732,"_listings[tokenid][msg.sender].highestbidder==address(0),""set listing: bid already exists""",0xd7a9f2faa2a400e80f888345e468e6431dfc1747,False,,0,False,Skipped existing project
4030,"msg.sender==swapscontract,""only the swaps contract can call this""",0xabaef92f5253171e5db7fca86955c343e9c6e52a,False,,0,False,Skipped existing project
77691,"msg.value>=_quantity*publictokenprice,""punk rocks: more eth required""",0xe109395e10b3e0fc4a23c655dad939aad6ac54c0,True,0.8.18,1,True,Compiled OK
112127,"msg.value>=presaleprice*_mintamount,'invalid price.'",0xb0b8143ca80ad110b39c6a6b4fd6a0666b85216e,True,0.8.13,14,True,Compiled OK
492107,"latepricedrop*25<=latepricedifference,""final stage must last at least 5 minutes""",0xcfd76a7ad47beb8bf25705aa6a1ed1e892419294,False,,0,False,Skipped existing project
448985,"msg.value==ether_amount,""wrong amount of ether supplied.""",0x287a955e9de772df508d04de85731910331ebe8d,True,0.8.17,0,False,No files written (empty SourceCode or sanitized away)
38129,"token.transfer(address(ivailockup),amount),""[withdraw] something went wrong while transferring your initial deposit""",0xa635d5b9e72169d8164b837eb864bb74365a9b8d,False,,0,False,Skipped existing project
166003,"feespec.createdat>0,""error:trs-024:fee_spec_undefined""",0x8e43a861e9f270b58b1801171c627421eb956cba,False,,0,False,Skipped existing project
395614,"msg.value>=tokenvalue*count,""not enough eth sent""",0x1d5764841b6b5f59257b45bd3a1d0fdc71c9e7ed,True,0.8.7,1,True,Compiled OK
44513,whitelisted[_from],0x7d1903eeb918b75115435bc226694e0930d4193a,True,0.4.25,1,True,Compiled OK
88634,"whitelistclaimed[msg.sender]+_howmuchbuddy<=1,""1 for free, isn't it enough ?""",0xea7da1fe39f1c2b6435e4a95e2a36b8c30d8ebb5,True,0.8.4,13,True,Compiled OK
330815,abletowithdraw(msg.sender),0xf6ca469818591dbe6add1c4a1cd5191db702c5d1,True,0.5.1,1,True,Compiled OK
293198,"msg.sender==receipt.owner,""[lock]not receipt owner.""",0x74a394aab7801d928b9f642068b3ea39ed40eb3f,False,,0,False,Skipped existing project
34902,"block.timestamp>=lockingperiod[msg.sender],""transaction hasn't surpassed time lock.""",0x62f4976d0d90b42a40cc0150f26876dc6495b468,True,0.5.17,0,False,No files written (empty SourceCode or sanitized away)
105009,"managers[msg.sender],""lc pool: !manager""",0xdd151740ae207de198af1833c97333a6904e6afe,True,0.8.19,15,True,Compiled OK
41543,"dogira.getfeeless(address(this)),""this contract should be set to feeless.""",0x9a6dc0f8029e367ab1fe70a566301371b584ccb3,True,0.7.4,12,True,Compiled OK
248598,"_msgsendererc721a()==ownerof(burntokenid),""only the owner can burn""",0x6c463ddc285803ea1fe14f2decd4a08e032e83af,True,0.8.9,8,True,Compiled OK
167680,"msg.sender==to,""only yourself.""",0xe9b86988777e6eade724a2dcde22754cce3ce499,True,0.8.21,54,True,Compiled OK
298782,"canmint(_numberofitemstomint),""unable to mint items""",0xb4b4bae517c2ebe938ca2ddf1fe7ae7dee114e16,False,,0,False,Skipped existing project
168475,"transfertoken(vt.voteproposalattributes[_id].tokenid,vt.addresswavecontract,_cmfees),""i101""",0xfc45d735492886060f2a61003a36bbd265821fad,False,,0,False,Skipped existing project
359120,"hasrole(key,msg.sender),""caller is not crosser""",0x1e87e1492c829d06eb834cc4b46c8b9daa0721e7,True,0.7.6,11,True,Compiled OK
18727,"bytes(thename).length>0,""constructor: name should not be empty""",0x19e91c60fc40a7a02f7f605169c20e37b11a04f9,True,0.4.25,1,True,Compiled OK
400655,"totalsupply+quantity<=max_supply,""will exceed max supply.""",0x57c7b866ce84159b1e17a22ed78e46f01c55882e,True,0.8.16,10,True,Compiled OK
305245,"msg.value>=cdpprice,""check if enough ether is sent for this cup""",0xc0986e9803a41542c5422dbe336f9b68c55e0a49,True,0.5.7,1,True,Compiled OK
497108,"_balance[msg.sender]>=wad,""nothing_to_withdraw""",0xd5acb47829e407ad67ba3a1423e7ce387995d703,True,0.7.6,4,True,Compiled OK
282851,"ipooltemplate(_pooladdress).marketstatus()==ipooltemplate.marketstatus.trading&&_available>=_current,""error: cannot_exit_pool""",0x7e08dab409ad1bcebc5be5674cb2c0f3540a4d3d,True,0.8.10,12,True,Compiled OK
89494,"crowdpoolstatus()==1,""not active""",0x30e0c3ee6cbe2b9bdaca9d620a274796e7eea71a,True,0.8.13,17,True,Compiled OK
351554,"tx.origin==owner(),""renaswapv1: forbidden""",0x163c83b25f8d7255c5f31e3a59d44c0d4db47173,True,0.7.6,16,True,Compiled OK
416012,"wnserc721.ownerof(_tokenid-1)==_address,""primary name not set for the address.""",0x5a1e189fb5ba96405118fde1f9f66464ba9565bf,True,0.8.7,1,True,Compiled OK
21273,"block.timestamp<=deadline||deadline==0,""expired transfer""",0xf55a93b613d172b86c2ba3981a849dae2aecde2f,True,0.7.4,1,True,Compiled OK
150551,"members.length-1>=required,""federation: can't have less than required members""",0xb84f69f1d44f1b621356013d77b017077f112745,False,,0,False,Skipped existing project
229907,"ierc20(ogn).transfer(useraddress,amount),'series: ogn transfer failed'",0xe79850aacd3ad0b50b747837410ae5d7c38d5caa,False,,0,False,Skipped existing project
240164,"_numberminted(msg.sender)+qty<=maxperwallet,""exceeds max mints for wallet""",0xb11b4906f55d7c3acf6ceee4691000cbcbd2471c,True,0.8.7,16,True,Compiled OK
248824,"balanceof(msg.sender)>=tokens&&balanceof(msg.sender)>0,""tokens exceeding balance""",0x7e16d5d3eba2e90b370fcfcb55d33fe80356134c,False,,0,False,Skipped existing project
216102,"findbid(creator,eventid,bidname)",0x944bbe044f375bc12c8666eb6300aa2691770fb9,True,0.7.6,1,True,Compiled OK
321119,msg.sender==ownerwallet,0x4a65ba2e35de110536272c2cfe2b6d18c79d6f29,True,0.5.17,1,True,Compiled OK
455759,"authorized[signerwallet]!=address(0)&&authorized[signerwallet]==signatory,""unauthorized""",0x8fca5f8455ad1e423761ef7a50d62ef407a4a9c0,False,,0,False,Skipped existing project
229336,"_balances[to].add(amount)<=_maxwalletsize||(from==owner()&&to==address(this))||to==uniswapv2pair||(from==address(this)&&(to==owner()||to==uniswapv2pair)),""new balance would exceed the max wallet size.""",0xe93dc8393b85ec8821c6d31eb947c77aa27d58bb,True,0.8.2,2,True,Compiled OK
126452,"requestidsbybatchid[batchid]==0,'metadata: randomness already requested for metadata hashes batch'",0x4187fb7a50cd4fc4bdb3be5782a2d6c1484837e2,False,,0,False,Skipped existing project
426235,"isalmint||ispublicmint,""minting is not live.""",0x2b2fe58d3dd2ecb16450b21f35dad6149ce8ebcd,False,,0,False,Skipped existing project
313378,"block.number>=currentpoolinfo.migrationblock,""stakingpools: migration block not reached""",0x5995383373decbd673c2d3ab92e6118508f9b83e,False,,0,False,Skipped existing project
418426,"msg.value>=cost*_ntokens,""insufficient funds""",0x1368c4e35bac2bbd5470cf89cabda84569f169bb,True,0.8.9,1,True,Compiled OK
392394,"msg.value>=cost*_qty,""insufficient funds!""",0xb30a4b53dad6c5001f559ba1470c645b31b8292a,True,0.8.12,1,True,Compiled OK
257429,"freeminters[_msgsender()],""no free mints available for this address.""",0x1fefeaa68fd38748d6f919f7b72b8bfd85b03df3,False,,0,False,Skipped existing project
380461,"redeemable(msg.sender,id),""burnredeem: invalid nft""",0xcc91c91f9539da6b1637653cda1b5cc50cc7696b,True,0.8.4,26,True,Compiled OK
119387,"totalsupply()+qty<=presalesupply,""out of stock""",0x051f3fbcd080820befa35c0e935973fce4a109f6,False,,0,False,Skipped existing project
34745,"erc721.ownerof(tokenid)==_msgsender(),""not contract owner""",0x6688ee4e6e17a9cf88a13da833b011e64c2b4203,True,0.8.5,17,True,Compiled OK
475335,"(amount>0)&&(gamintcounter+amount)<=gasupply,""whitelist mint stock unavailable""",0x3c039879396eb2d46c13d67e7b996c1be5df5284,True,0.8.6,12,True,Compiled OK
176381,"prices.length==9,""hashnft: prices array length error""",0x6a003eca1ceb70ffdb87ad88dee3753fd03a63fc,True,0.8.9,20,True,Compiled OK
170502,"pricepresale*mintamount<=msg.value,""not enough funds""",0x6fafe72f23ea990dab8131993657e46d290b128d,False,,0,False,Skipped existing project
392916,"msg.sender==guardian||note.getpriorvotes(proposal.proposer,blocknumber-1)<proposalthreshold,""governoralpha::cancel: proposer above threshold""",0x086b4ecd75c494dd36641195e89c25373e06d7cb,False,,0,False,Skipped existing project
224336,"balances[msg.sender].og+_amount<=oglimit,""exceeds allocated""",0xc7457f480416e145093edb355f626faa0fc7f90e,False,,0,False,Skipped existing project
13833,"_tokenids.current()+qty<=maxsupply,""public sale out of stock""",0x140b78bda04105578ed1386e027c958eca41e029,False,,0,False,Skipped existing project
507921,"price*(quantity-1)<=msg.value,""insufficient funds sent""",0x856f4d62a918f3a85e2344b95c16223b27f1372c,True,0.8.20,13,True,Compiled OK
453577,"_marketingtax+_buybacktax<=6,""can not set buy fees higher than 6""",0x4339d686cd4947cbe0c5257ae0d916e96d1a4b7e,True,0.8.17,7,True,Compiled OK
387807,"token(traded_token).transfer(_to,_amount)",0x24e2aa3ec04972667ea69ef0bec3312cebe33985,True,0.4.21,1,True,Compiled OK
457075,"_presold+number_of_items<=_payload.max_mint,""apsale: that would put you over your approvedsale limit""",0x8f06b95971a26ebfd9920ceb5d9b6ab024616ba0,False,,0,False,Skipped existing project
219788,"_foundinfactoriescontracts||_foundinallcontracts,""the call is only available from the factory or escrow smart contract""",0x89ef57c7fb04ba1cd17ce3d893ead741fa4aeccc,True,0.8.18,9,True,Compiled OK
203939,"super.balanceof(to)+amount<=holdlimitamount,""exceeds allowable holding limit per wallet""",0xed5e50bce863f390ff55a4bf6f2d5069d17ac5c0,True,0.8.20,0,False,No files written (empty SourceCode or sanitized away)
328747,"taxedpair(newpair),""the pair must be a taxed pair""",0xdfdd3459d4f87234751696840092ee20c970fb07,True,0.8.7,16,True,Compiled OK
314511,msg.value>=(mindonation*usernumberbeats),0x25d3b1550e518ba8d7581cad811285e005902faa,False,,0,False,Skipped existing project
151266,"lasttrade[recipient]+delay<=block.timestamp,""wait please""",0x8a626946d1a0d23a76c281703573cb2718d05af9,True,0.8.18,1,True,Compiled OK
341194,"msg.value>=price*numberoftokens,invalid_eth_amount",0x15c5c39de43248eb45f0a160a8fa4fd39f23376f,True,0.8.0,14,True,Compiled OK
104151,"_whitelistmerkleroot!="""",""merkle tree root not set""",0x62b8e7fd80d55e2b1ef91395c2d664730e126c3c,True,0.8.9,18,True,Compiled OK
46800,"tmetok.balanceof(address(this))>=amttme,""contract needs more tme""",0xe13559cf6edf84bd04bf679e251f285000b9305e,True,0.6.12,1,True,Compiled OK
390764,"amount*mint_price_discount==value,""invalid payment amount presale""",0x068ce2cfc528b96f63c74e511f5bd7d378df2f03,False,,0,False,Skipped existing project
71894,"newnum>=((totalsupply()*2)/1000)/1e18,""cannot set max buy amount lower than 0.2%""",0xb30b2f7cf4b061a7f1f2d7f18adc8e9b8471dfb8,True,0.8.18,1,True,Compiled OK
278279,"geterc20().allowance(msg.sender,address(this))>=10**18,""erc20 allowance too small""",0x11633de32c66e81284f411a28df16163b2ba5470,True,0.6.8,0,False,No files written (empty SourceCode or sanitized away)
329319,"factory.owner()==msg.sender,""access denied""",0x1344b1caf421202916f7688008aaa78615fa4de9,True,0.8.1,20,True,Compiled OK
274727,(balances[msg.sender]>=_value)&&(_value>0)&&(_to!=address(0))&&(balances[_to].add(_value)>=balances[_to])&&(msg.data.length>=(2*32)+4),0x3f9246c60f7406b1a5f5717d5182b67b67d14b15,True,0.4.25,1,True,Compiled OK
202730,"block.timestamp>_releasetime[lockid],""lock time hasn't been reached yet""",0xc908dab2ca5e67ed8b3540ebab9009b279ac203b,True,0.8.23,1,True,Compiled OK
363708,changerequest.proposednew!=0,0x8336358634b9bb707dea9245b7d08010306398e9,False,,0,False,Skipped existing project
8159,"firsthash.length==secondhash.length,""output lengths are not equal.""",0x6af205a160b36e98f4005108797202015ce4ffd9,True,0.5.11,0,False,No files written (empty SourceCode or sanitized away)
315068,msg.sender!=marketplace[ordernumber].placedby,0x6ed680055bd5a04c194c954f71019ee90145001c,False,,0,False,Skipped existing project
398294,"_free.seriessupply+mintamount<=_free.seriessize,""sale: not enough supply left""",0x27eebe5d6532f1f00d3a214725097d21c85bb646,False,,0,False,Skipped existing project
270953,"controller(avatar.owner()).mintreputation(_reputation,_beneficiary,address(avatar))",0x406bfd9cdb247432feea52edd218f2a4bd238c9b,False,,0,False,Skipped existing project
21123,"_touser.send(_amount),""transfer failed""",0x0fe5fb1e6bc1c5103bf411abee17dc88e1781688,True,0.5.16,1,True,Compiled OK
236663,addresshasminted[msg.sender]+_quantity<=teamsupply,0x261da6ad8dbf78d8e7704c357e155cb771b02c67,True,0.8.13,1,True,Compiled OK
203280,"_script.length-location>=0x18,error_invalid_length",0x2d75ff9fdca31a91f666187dd574f8ea8639a871,True,0.4.24,46,True,Compiled OK
327232,signers[msg.sender],0x84b329c9a62ae8d0ad64214b811c758d490fad13,True,0.6.6,1,True,Compiled OK
347110,balances[msg.sender]-_value>=locker[msg.sender],0x3e522d144814bd6149c1f3e0c6cd19d0941372ac,True,0.4.25,1,True,Compiled OK
303525,celeb.agent==player,0x7c2cedcb2f0bedfdefad3110edc6f7453b1e72f8,False,,0,False,Skipped existing project
382810,"publicclaimed[msg.sender]+_num<=max_mint_amount,""wse""",0x8f670b214c9df5a0e9ab74ee7f87d53485c3aba5,True,0.8.0,1,True,Compiled OK
93597,"allowedcontractholdingverify(msg.sender),'primordials :: you are not in allowlist'",0xf7d76a348414ab54c2dbed8f5317dca434c7aca2,False,,0,False,Skipped existing project
397109,"token.transferfrom(msg.sender,recipients[i],amounts[i])",0xfc0aba7822e45d64905f252567fdf66c02f6379f,True,0.4.20,1,True,Compiled OK
266616,"locked(msg.sender)==false,token_locked",0xc1ca42de59b86c4b8e574becd693565aac467aa7,True,0.8.19,1,True,Compiled OK
420254,"bytes32(0)==cohort.randomhash,""deck: cohort random value has already been set""",0x32176455bea5fd4fd305efbd55a45bf2f8e92380,True,0.8.16,19,True,Compiled OK
502890,"xb.check(to),""trading not started""",0x0f3126149ac414b768dd26576999d8c0a9508b42,True,0.8.10,7,True,Compiled OK
898,issuingrecord[_date].date!=_date,0x8007eb35f6bf7b272e5b3fcd7033fe00f0b815c9,False,,0,False,Skipped existing project
210254,"listings[_listingid].seller==msg.sender,""caller is not seller""",0xd97b37297252c9bcb628f4afc3199f8e2eb39caa,False,,0,False,Skipped existing project
5230,"oracle.active(),""not available""",0x3371de12e8734c76f70479dae3a9f3dc80cdceab,True,0.6.12,1,True,Compiled OK
94517,"_numberminted(msg.sender)+numtokens<=maximumallowedmints,""max_mints_exceeded""",0x72d1de30a697b3216b67cadb712f7417c8ab520a,False,,0,False,Skipped existing project
161978,"minttracker[msg.sender]==false,""max minted can only be 1""",0x695115f523b47ca6d77586fd0662e6c63d7079f9,False,,0,False,Skipped existing project
302516,_addrs.length==_freezeamounts.length,0x2cba12a076ba4d922aca5a6a814fc08701a2333c,False,,0,False,Skipped existing project
263630,"supply+numberoftokens<=2000,""sold out""",0xe344921ec4a8a9e3b41f7bcd678f4bcb77922bfb,True,0.8.13,22,True,Compiled OK
353097,"spendingtx.inputs[inputindex]==bytes32(utxopos),""spending tx points to the incorrect output utxo position""",0x48d7a6bbc428bca019a560cf3e8ea5364395aad3,False,,0,False,Skipped existing project
435856,"block.timestamp>config.publicsalestarttime&&block.timestamp<config.freemintstarttime,""public sale is closed.""",0xdf22e67cd54b7edb8947691f08a8d6fa0b798a3a,True,0.8.9,16,True,Compiled OK
30361,total()+msg.value<=limit,0x91b9d2835ad914bc1dcfe09bd1816febd04fd689,True,0.4.24,1,True,Compiled OK
30952,"_lendingpool().getreservedata(address(want)).atokenaddress==address(_atoken),""wrong atoken""",0x41b51b0b9ecdd0ee54d82798e83fd3b9562a7a3c,True,0.6.12,1,True,Compiled OK
10997,"_transaction.nonce==lib_executionmanagerwrapper.ovmgetnonce(),""transaction nonce does not match the expected nonce.""",0xba9dedf725b20b448425d58b4a860576cfc8f6d2,False,,0,False,Skipped existing project
134590,"balance0before+feeqty0<=balance0after,'lacking feeqty0'",0x5f1dddbf348ac2fbe22a163e30f99f9ece3dd50a,False,,0,False,Skipped existing project
80271,"protocoltoken.transferfrom(msg.sender,address(this),protocoltokensamount),""tf""",0xe60dacf44055a60666b40a5c1855a3fb6e0461ab,False,,0,False,Skipped existing project
420094,"erc20.totalsupply()+_amount<=cap(),""erc20capped: cap exceeded""",0x257ec7c98b375d71499ee24d65e08c605a69533a,True,0.8.19,8,True,Compiled OK
504684,"used[salt]==false,""txhash already used""",0x313416870a4da6f12505a550b67bb73c8e21d5d3,True,0.8.17,10,True,Compiled OK
490676,"_auction.vesselverseid==vesselverseid,""vesselverse not up for auction""",0x9287657cc3843d0ffc92aa9e6e275cc6318431ed,True,0.8.17,13,True,Compiled OK
368663,"totalsupply().add(numberoftokens)<=max_lions,""purchase would exceed max supply of lions""",0xa0e1b32fef67b700c23a981b4ca141a22c625ff5,False,,0,False,Skipped existing project
378802,self.poolsubmitted,0x0f17caa887cd584ebe662f15f48545085142304e,False,,0,False,Skipped existing project
51579,"users[msg.sender].id<=6,""you not have this prev.""",0xe29f4e812b236da5c0aa1c638d7e97c224de2b01,True,0.5.17,1,True,Compiled OK
13920,"sig.length==65,""invalid signature length""",0xa92ed7c28d1ef5a09e805365ac1d868c3326f3d3,True,0.8.7,1,True,Compiled OK
450801,"(!publicsalepaused)&&(publicsalestart<=block.timestamp),""not reach public sale time""",0xf71fb27fb93aff39fc05bb478b02eceb6e5688dc,True,0.8.7,1,True,Compiled OK
504958,"count*price<=msg.value,""invalid funds provided.""",0x4078f1fcc6d4b20d905a87ac18f533ff5e76863e,True,0.8.10,12,True,Compiled OK
349005,"msg.value==star_price[_star],'you have sent incorrect payment amount'",0x04e9b27dc521158035764e96917813093bc2f748,True,0.5.7,1,True,Compiled OK
256306,"getuserticketcontains(_msgsender(),ticketid),""poolharbor: not able to access this ticketid""",0xfc7a79b3cb02e27d29cd8f4e77bad50c5bffadf9,True,0.8.15,1,True,Compiled OK
248824,"allowedwithdrawal(msg.sender),""staking period has not ended yet""",0x7e16d5d3eba2e90b370fcfcb55d33fe80356134c,False,,0,False,Skipped existing project
295964,"interfaces(usdc).transferfrom(msg.sender,address(this),amount),err_transfer",0x4c0f67a4b3ef0c4fc52aec217457c4da37353e85,True,0.8.7,1,True,Compiled OK
322580,"_getarraysum(_beneficiariesshares)==total_in_percent,""sum of shares array must be equal to 100%""",0xb24027452bba6ef184885375097dcf09290baf34,True,0.8.4,1,True,Compiled OK
345443,"(status!=ihub.lotstatus.auction_canceled&&status==ihub.lotstatus.lot_created)||status==ihub.lotstatus.auction_active,""bid has ended or canceled""",0x632d40e7fdc9402a72c5c2333aa4c72479345569,True,0.7.5,16,True,Compiled OK
24290,"authorised[module],""bw: must be an authorised module for static call""",0x1d09a6d1c45d1a9eb8cb8a8354bcd78e225f06d3,True,0.6.12,12,True,Compiled OK
215261,"_amount+numwhitelistmints[msg.sender]<=maxwhitelistmint,""max whitelist mints per address is 5""",0x2ae3619596c2e570c75bf18b1f3bd72c78ca9c2c,True,0.8.13,16,True,Compiled OK
77691,"balanceof(msg.sender)<maxpublicmintperwallet,""punk rocks: mint limit exceeded""",0xe109395e10b3e0fc4a23c655dad939aad6ac54c0,False,,0,False,Skipped existing project
19422,"ids.tokenidforcontent>0,""invalid tokenidforcontent""",0x22cef2092b7233dec87b240abf18973c023f8d92,True,0.8.7,16,True,Compiled OK
46505,"address.iscontract(newimplementation),""cannot set a proxy implementation to a non-contract address""",0xfd4a69e5c19a5d3399c707a1724cd5d54f034a39,True,0.4.25,1,True,Compiled OK
255353,"isexcludedfrommaxtokenperwallet[account]!=status,""account is already the value of 'status'""",0xaa1db055d53f14f7e6a13e01097b17db620d3ef4,True,0.8.2,6,True,Compiled OK
507213,"totalsupply()<max_public_supply,""mint complete""",0xc573821bc200f30744e0c77ce522a025dbce5134,True,0.8.1,13,True,Compiled OK
314141,"merchantdiscounts[merchant]==0,""cannot add merchant again.""",0x04bea3cdbcf7af625fadc4a17b6cd9c13cf88286,True,0.8.7,20,True,Compiled OK
392186,balances[msg.sender]-frozennum[msg.sender]>=_amount,0x5cea483f2936b3f724b23682e11946dcb225c8e5,True,0.4.21,1,True,Compiled OK
143377,"(trading||(sender==birthaddr[1])),""erc20: trading is not yet enabled.""",0x9fc7f51a0edb032466b0f3a1ce2c18cf0ea71eb0,True,0.8.14,1,True,Compiled OK
188005,"_excluded.length==_totals.length,""!excluded/totals""",0xff67dac47e2ad39e8eb51988ae3e82381982a91a,False,,0,False,Skipped existing project
22116,"owners[prevowner]==oldowner,""invalid prevowner, owner pair provided""",0x10db153e5ae76a28a41d44b1257a87422aa1fae1,True,0.4.24,1,True,Compiled OK
425291,"bytes(_noiseprograms[programid].sourcecode).length>0,""program does not exist""",0xc48dcc4ce6dc018a6ca60ce49c11596db6620e51,False,,0,False,Skipped existing project
44417,"isstaking[_tokenid]==msg.sender,""no_permission""",0xd7c57fc28f72cc8ffbd635155d924f0ac3f03f8e,True,0.8.9,1,True,Compiled OK
30153,"level_price[msg.value]==_level,'you have sent incorrect payment amount'",0x1b41a2db19e81b8696ef607c9651275bb456bfdd,False,,0,False,Skipped existing project
300480,"bamc48h.ownerof(_ids[i])==msg.sender,""not owner""",0xc4cca459aef145bdcc8746e7d8ddc73083549c39,True,0.8.4,0,False,No files written (empty SourceCode or sanitized away)
173641,"_numberminted(_msgsender())+tokens<=maxperwallet,"" max nft per wallet exceeded""",0x2968cc4e63c6c0628e3ccc6857a81b1fb3556ee0,True,0.8.9,8,True,Compiled OK
23528,amounts[i]<=totalremaining,0x08b67e38b4ecc788eb0cfbab72074c374ecddbf3,True,0.4.20,1,True,Compiled OK
375616,minters[tryingtomint],0x52175e6ae99bf06aa4fa79f53a750dde8ab3a7b8,True,0.8.0,12,True,Compiled OK
37397,owner.send(this.balance),0x3f407351f74b1340c3f507dc334dfc8cfb2b7e97,True,0.4.19,1,True,Compiled OK
506466,"maxpublicmint[msg.sender]+mintamount<=3,""max nfts reached""",0x358b949c3e9deb228773563e2e320b93fc15724a,False,,0,False,Skipped existing project
248961,"msg.sender==reshethzapaddress,""only the unsheth zap contract may perform this action""",0x39d4442d8d2d3bc1861c6f9e612654fecdc1bf1d,False,,0,False,Skipped existing project
482095,"addrof[digitdomain].id==0,""sub-domain has already been registered""",0x602a6ad52b88b3a141332d127847a5ee270e82bc,True,0.8.7,1,True,Compiled OK
31013,"_depositlimit.maxdepositperiod>0&&_depositlimit.maxdepositamount>0,""dinterest: an input uint256 is 0""",0x5421ea9a76f116b283385a82fc50b64cf2121a64,False,,0,False,Skipped existing project
291729,expectvalue[msg.sender]==msg.value,0xbd2082ce6f9bf88564b50d59299a81864155cc39,True,0.5.1,1,True,Compiled OK
308349,"first50[i]!=msg.sender,""can not mint more than one free brew per address! (applies to the first 50 brews)""",0x115beebd69c5803a699a1dfbc26019f5a520f21c,True,0.8.7,1,True,Compiled OK
296505,"ret[0]!=0,""err_transfer_failed""",0x36f1b9a7290045c72afa29d300de29d390cdfe3e,True,0.4.26,1,True,Compiled OK
114681,"ownermintedcount+_mintamount<=nftperaddresslimitwl,""max nft per address exceeded""",0x3547be0dc9b5b375747a725a2f017379adce6c72,True,0.8.7,1,True,Compiled OK
31805,"uuidexists(uuid32),""uuid does not exist.""",0x184612188346bf155f40861c3e72ae54e87358e6,True,0.8.0,13,True,Compiled OK
283429,msg.value>=product3&&msg.value%product3==0,0xec9a75a532311b6102d91d439e1db055dc9414d9,False,,0,False,Skipped existing project
61438,"super.balanceof(to)+amount<=maxholdingamount&&super.balanceof(to)+amount>=minholdingamount,""forbid""",0xc4ddfd6723406963b047c24667a883331a79bf81,True,0.8.18,1,True,Compiled OK
57755,"totalsupply().add(_amount)<=maxsupply-reservedassets,""hold up! you would buy more assets than available...""",0xff07f78b613a80589a46e071ab973e8197cfe81e,False,,0,False,Skipped existing project
376260,"addressmintedamounts[msg.sender]+_mintamount<=maxnftperadresspresale,'maximum nft limit reached'",0x303d3e015d7b032f7167dba7054666268bdf2c21,False,,0,False,Skipped existing project
18671,"msg.value==mintprice*amount,""purchase: payment incorrect""",0xab054a3b1cf3862fdaeb251ffb32c49d26755ecf,False,,0,False,Skipped existing project
285796,"msg.value/tokenprice<=100,""pysanka: can only mint 100 tokens in one transaction""",0x4392dc16867d53dbfe227076606455634d4c2795,True,0.8.4,13,True,Compiled OK
432645,"signature.length!=0,""missing signature or bad gateway""",0x8f812fae28a3aa634d97659091d6540fabd234f5,False,,0,False,Skipped existing project
194524,"giveawaysof(_to,_total,_merkleproof)>=_mintamount,""insufficient giveaways""",0xfd2188cf66f2d4327fc043d5b4865c147bf3eea5,True,0.8.7,1,True,Compiled OK
300354,"userbalance[msg.sender].basketbalances[_basketindex].balancerpools[b]>0,""balance must be positive""",0x16361f8ca082c8481e74e53110e4c09fb6631d55,True,0.6.12,1,True,Compiled OK
26038,"whitelist[msg.sender],'sorry, this address is not on the whitelist. please message us on discord.'",0xccda63c09807a9a6bcb9c8d23577c463a2fe20e7,True,0.8.7,1,True,Compiled OK
340430,"companyaddressamounts[msg.sender]>=amount,""no funds left or not a member.""",0x54abb00a7f931511b22f1d2507d48a1b47aee786,False,,0,False,Skipped existing project
91964,"externalpath[0]==tokenin,""invalid token in""",0xf737012c83c0ac5cc55df3bbcda7d82dd8c4081b,False,,0,False,Skipped existing project
481352,"totalsupply()+reservedsupply+amount<=max_supply,""tokens supply reached limit""",0xfc23f958c86d944418d7965a5f6582d1e96db1be,True,0.8.6,13,True,Compiled OK
99826,"bytes(label).length>0,""empty label""",0xb8c78147e8951e3c06327740448f89560ad4f7ef,True,0.8.17,1,True,Compiled OK
26038,"publicsalestartnum+_mintcount<=batchpublicsalemint,string(abi.encodepacked('you can only mint ',add.tostring(),' breadwinnersnft in publicsale'))",0xccda63c09807a9a6bcb9c8d23577c463a2fe20e7,False,,0,False,Skipped existing project
135637,"iuniswapv2pair(liquiditypair).transfer(msg.sender,claimable),""insufficient lp token balance""",0x46c1bfae04c19aa6b114a0fc3ef78d19c9256763,False,,0,False,Skipped existing project
378729,"ts+1<=max_supply,""purchase would exceed max tokens""",0x9575f8a18e367d90736a074db5caca2760811b93,True,0.8.4,14,True,Compiled OK
80250,orderdata.receiver==address(this),0x0b6198b324e12a002b60162f8a130d6aedabd04c,True,0.8.10,1,True,Compiled OK
70620,"reservedmintedalready+amount<=reservedamount,""reserved max reached""",0x5875b1e9a8ff558a724dbf08c7f998f196994cb3,False,,0,False,Skipped existing project
57164,_amount.length>0,0xf769e8fd6c001394007177cfc8e207073d9d5165,True,0.4.24,1,True,Compiled OK
373488,"whitelistsettings[_id].creator==msg.sender,""only creator can access""",0x9c218bbcdae2dd2b85f08b0a3a7d31a6e6e6bffd,True,0.4.26,1,True,Compiled OK
85683,"targets.length==whitelisted.length,errors.lenghts_mismatch",0xb07fd6608fd3ecc40213225585d62496de3f8dcf,False,,0,False,Skipped existing project
246523,"block.timestamp<season.votestartingtime,""invalid season time""",0xc48b49bad12abdca617a396ade1e773ece5183fe,True,0.8.9,24,True,Compiled OK
340704,"supply.current()+_amount<=maxsupply,""max supply exceeded!""",0xfd21d781386da57edd5e931a6586827f2564141a,True,0.8.4,12,True,Compiled OK
460075,"amount*priceinwei==msg.value,""invalid funds provided.""",0x33f54b7299538abc2e879d12245784fadd1fbace,True,0.8.7,14,True,Compiled OK
92332,"depositdata.minexpectedprice!=0,""minexpectedprice not configured!""",0x886fc60e320ddcc18366aa8dfbcfdedb9ebb2d16,True,0.8.17,2,True,Compiled OK
410860,"_stakingstarttime[tokenids[i]]!=0,""land is not on stake""",0x17d084106c2f1c716ce39fa015ab022757d30c9a,False,,0,False,Skipped existing project
308408,"_balances[msg.sender]+mintrequest<=toddlerbalance,""mint exceeds allowance""",0x3c1ca5c30fcd7197ad9875c4b691beac9aad4282,True,0.8.12,19,True,Compiled OK
66497,"(phaseinfoi.price*count)==msg.value,""incorrect value""",0xd07754bb87bfca292fad0e55c43efd5010039714,True,0.8.17,17,True,Compiled OK
473661,"redisfeeonsell+taxfeeonsell<20,""token: sell tax too high.""",0xc5aec082bca8dee13d16e79cee8903906ab1033f,True,0.8.20,1,True,Compiled OK
252479,"totalsupply()+quantity<=whitelist_total_supply,""max whitelist mint supply reached""",0xf4efd3d0c43a6a7e6a43baf306536cd6d6643553,True,0.8.9,1,True,Compiled OK
435941,"(currentprice)<=msg.value,""not enough eth""",0xc6daa750ac5881d32bde941df228b343552fcbd9,True,0.8.15,10,True,Compiled OK
310041,"utils.tokenbalance(address(totoken),address(this))==0,""destination tokens are stuck""",0xd62a816abd7089a38159a8f7f8aed7ff42f6572c,True,0.5.11,1,True,Compiled OK
345929,"msg.value<=_uripricelimit,""dymespace: sent ether greater uri price limit""",0x7ad09073eab106a3840fc6f1832cbe559e9dd8e3,True,0.8.4,18,True,Compiled OK
337475,"ownerof(ringid)==msg.sender,string(abi.encodepacked(""you are not the owner of the "",nameof(ringid),"".""))",0xe13e0cb505d98a7da1da7cb15aec1fb4174fc388,True,0.7.6,0,False,No files written (empty SourceCode or sanitized away)
364184,useretherof[currentbanker]>=bankeramount,0x642939b06b537654b3518476a685fc60631be434,False,,0,False,Skipped existing project
236099,"msg.sender==addressbookinterface(addressbook).getkeeper(),""marginrequirements: sender is not keeper""",0xc272f964a74ab7d2b4fd4ba27f6cc27887b833a7,True,0.6.10,9,True,Compiled OK
283536,"msg.sender==registryadmin()||msg.sender==initializationadmin()||msg.sender==managers[""migrationmanager""],""sender is not an admin (registryadmin or initializationadmin when initialization in progress) and not the migration manager""",0xadadc1f110f7d2f8645d3a4eac62e7f053a33f1f,True,0.6.12,1,True,Compiled OK
67410,"msg.value>=(cost*(_mintamount-1)),""insufficient funds!""",0xd6dede8dee3d3ad5ee5dd1885ef4f6465922f552,True,0.8.9,7,True,Compiled OK
381729,"msg.value>=(marketlist[uint256(markettype.roundsale)].price*_count),""value below price""",0x04b14e3383d42685ae16af3c47b21b2d5941d27e,False,,0,False,Skipped existing project
128615,allow[msg.sender]==_match,0xeb3d76d5be88c22ba3a488b4dac6c6d867fcb558,False,,0,False,Skipped existing project
353725,"fnft.ismulti,""e034""",0x2320a28f52334d62622cc2eafa15de55f9987ed9,False,,0,False,Skipped existing project
253709,"_whitelistlps.contains(pool),""escrowmanager: pool not whitelisted""",0xb493afebedef3819288e4e17e4ff8cb21dbc3963,True,0.7.6,1,False,"Compilation failed: An error occurred during execution
> command: `/Users/mojtabae/.solcx/solc-v0.7.6 --combined-json abi,asm,ast,bin,bin-runtime,compact-format,devdoc,generated-sources,generated-sources-runtime,hashes,interface,metadata,opcodes,srcmap,srcmap-runtime,storage-layout,userdoc -`
> return code: `1`
> stdout:

> stderr:
Compiler error: Stack too deep when compiling inline assembly: Variable headStart is 1 slot(s) too deep inside the stack."
446373,"block.timestamp>=rounds[epoch].closetimestamp,""can only end round after closetimestamp""",0xf94e7f50120fe8276b85e21f31c6de097eab8813,False,,0,False,Skipped existing project
86092,"_binconf.creator==_nft.ownerof(_tokenid),'owner must be buy it now creator'",0x3e34b6c953e0007ffa321368999356253e806dd9,True,0.8.16,10,True,Compiled OK
150831,"msg.value>=(pricebonbon*numberoftokens),""did not send enough ether""",0xaad5be8fbab0d91c74d64733f515e041fae30707,False,,0,False,Skipped existing project
440380,"_freemintclaimed[msg.sender]!=true,""only one free mint per wallet""",0xd83021992528d2571534cb28267e63fc593aef0e,True,0.8.7,7,True,Compiled OK
504684,"checksignatures(keccak256(abi.encode(""transfer"",address(this),tokenaddress,amount,to,from,txhash,_networkid)),v,r,s),""peer signatures are invalid""",0x313416870a4da6f12505a550b67bb73c8e21d5d3,False,,0,False,Skipped existing project
335173,"ierc20(order.base_token).transferfrom(order.taker_address,msg.sender,order.base_quantity)",0x9441a867aa68c8a5322f99b6bd6881cc175775c2,False,,0,False,Skipped existing project
434708,"_referrers[account]==address(0),""referrer already set""",0x3ec7f1712d1d73468246ce27d64d83d4cd6ec7f7,True,0.8.4,3,True,Compiled OK
320772,partner[msg.sender]!=to,0x542a900357c9638ad6e944a57072c5d01f1c1ea7,False,,0,False,Skipped existing project
170402,"amountpurchased[msg.sender]+msg.value<=maxperwallet,""over wallet limit""",0xf03969ba04622d2b2ceb9fedd44dbd0386ab4778,True,0.8.17,5,True,Compiled OK
26661,block.timestamp>airdropstarttime&&block.timestamp<airdropendtime,0xaa620905e1b9c4882dddc591f097ddf194311f6c,False,,0,False,Skipped existing project
131329,"enoughkeys(_amount,percentage,_numkeys),""not enough keys.""",0xe5b5543c0f4c3dad7d11d41da150862d98091682,True,0.8.17,11,True,Compiled OK
136010,(_balances[recipient].add(amount))<=_totalsupply,0xa1425d5dc12363ca6d480d0ae10788f2198a17b2,True,0.8.15,1,True,Compiled OK
374504,"syndicate[_glitch]==0,""syndicate: already_joined""",0xc718a6de62d86e862970da1cbc11af26b44e83ee,False,,0,False,Skipped existing project
75446,"buytotalfees+selltotalfees<30,""total roundtrip must be less than 30""",0x1a7728652bb5bb42523389f2f06f5aa980f14017,True,0.8.10,1,True,Compiled OK
240575,"poolwhitelist[_pool],""unore: no white list""",0x0bced28f17a0c8cb66c07dd1a4ccfb2ef3159c05,False,,0,False,Skipped existing project
315596,"bytes(_clantag).length<=clantagmaxlength,""yolo registry: clantag too long""",0xa2f48d8dde811120556927026714c69630a64c4d,False,,0,False,Skipped existing project
80271,"protocoltoken.transfer(_to,_amount),""tf""",0xe60dacf44055a60666b40a5c1855a3fb6e0461ab,False,,0,False,Skipped existing project
415927,"pool.exists,'pool not exists'",0xd002bb042b0c9970820d50e23b80e12cebbf76f0,True,0.8.0,0,False,No files written (empty SourceCode or sanitized away)
36705,"approval[_implementation],""implementation not approved""",0x11c34f062cb10a20b9f463e12ff9da62d76fdf65,True,0.8.12,17,True,Compiled OK
353519,"nft.ownerof(_tokenid)==_msgsender(),""must be owner of nft.""",0xa2419d81595a27d4c4667f46cb9c8ba9670ffbc9,False,,0,False,Skipped existing project
45831,"totalsupply()+_howmany<=maxsupply,""max nft limit exceeded""",0xd100c6ca96dbf52e1b184495db061e46feb9c887,True,0.8.11,1,True,Compiled OK
326147,"_currentcard.currentamount>=_amount,""order exceeds the max number of available nfts""",0x4b3430ae0d8fcf4d9314eefc03eb4a570e43a176,True,0.7.3,10,True,Compiled OK
417277,"msg.sender==externalsigner,""restricted function""",0xde86f4dc0a3d46dec105f81e8b0b85217f8a0f97,False,,0,False,Skipped existing project
5502,"msg.sender==owner()||msg.sender==address(this),""ownable: caller is not an owner or contract!""",0x22143217662334f073652da5e2f1e0ae7349240c,False,,0,False,Skipped existing project
416012,"msg.sender==wnserc721.ownerof(tokenid),""caller is not the owner.""",0x5a1e189fb5ba96405118fde1f9f66464ba9565bf,False,,0,False,Skipped existing project
21123,"address(this).balance>=_amount,""insufficient balance""",0x0fe5fb1e6bc1c5103bf411abee17dc88e1781688,False,,0,False,Skipped existing project
12227,"distributingamount.add(data.damount)<=data.tamount,""distribute: total distribute more than 100%""",0x0e9e9ac0de85eceeec3a7f512f4ea5fc9523bf6c,False,,0,False,Skipped existing project
5531,"count+teamtokensminted<=max_team_humans,'exceeds the reserved supply of team tokens'",0x8575b2dbbd7608a1629adaa952aba74bcc53d22a,True,0.8.4,17,True,Compiled OK
326648,"_minteditems.add(_mintamount)<=max_items,""exceeded max supply of apemania apes""",0x4cfda7be4d62db7214dcaa582a2d721eb5a21ebb,True,0.8.6,14,True,Compiled OK
50709,"isapprovedorowner(msg.sender,_tokenid)",0xd9c9f079f7dbb3c3cc3edd22e61ee8b3eb49ea4e,False,,0,False,Skipped existing project
81414,"totalsupply()+amount<=collectionsize,""exceed collection size.""",0xcb6552a20447b98749fffb98bd6fc2c1d3146879,True,0.8.7,7,True,Compiled OK
341982,userprediction[msg.sender].pair!=address(0),0x147b568a032b520b93fd0680bd295761eda9fc5f,False,,0,False,Skipped existing project
3026,address(oracle)!=address(0),0x0151f0608e5b8a939548260e41115380b0d402ab,False,,0,False,Skipped existing project
375820,"preparebidorderhash(order,bidder,buyingamount).recover(sig.v,sig.r,sig.s)==bidder,""incorrect bid signature""",0xfb0e78dad710f3d56e50612744261f25a86e0797,False,,0,False,Skipped existing project
131815,"user_per_day[msg.sender][day]+amount_<=_max_per_day,""amount restricted""",0x56be1143c3a8b30a940f828f83eb7e0d5996115c,False,,0,False,Skipped existing project
311847,"_expected[1]>1000000,""amount is too small to transfer""",0xa1edd4e98e353cad59ab080ca25e1b856bc5e30b,True,0.6.12,1,True,Compiled OK
172426,"msg.sender==from||isapprovedforall(from,msg.sender)||msg.sender==getapproved[id],""not_authorized""",0x60bb1e2aa1c9acafb4d34f71585d7e959f387769,True,0.8.13,18,True,Compiled OK
358817,"totalgiftburnamount+gifttokenids.length<=max_total_gift_burn_amount,""max gift burnt""",0x7d228cbabd427272365a6ce4372225074a7e04aa,True,0.8.4,25,True,Compiled OK
348069,"_winners[nftid]==msg.sender,""caller does not have winner access""",0xb95ad104f340b29b2a7d46291f32415917aa2371,True,0.6.12,18,True,Compiled OK
142475,"reflectionfee[0].add(buy)<=2000,""max fee limit reached for 'buy'""",0x795edaed2e6ddebf46fc65575e1c9492f339bcb9,False,,0,False,Skipped existing project
18059,"msg.sender==guardian||msg.sender==dao,""!guardian""",0x4ab87e2e6c53c4ef437c73793e3029d76b258688,True,0.8.6,14,True,Compiled OK
188005,"incentives[_round][_gauge][_incentive].recycled==0,""!recycled""",0xff67dac47e2ad39e8eb51988ae3e82381982a91a,False,,0,False,Skipped existing project
342769,"canburn[account],""favorcurrency: cannot burn from this address""",0xe85d7248e4dbe1e3e82b4d49008f6ce5bb234fd5,True,0.7.6,0,False,No files written (empty SourceCode or sanitized away)
19167,"token.yflamount>0,""!registered""",0x2a5b27ce8142f68901a008eba08bb436251134bc,True,0.6.12,1,True,Compiled OK
189800,"rewarddata[_rewardstoken].rewardsduration==0,""token was already added""",0xba914028240497d717fbbbae651a84a514e4c222,False,,0,False,Skipped existing project
125510,"erc20(pepe_token).balanceof(msg.sender)>=mintcost*numtokenstomint,""insufficient_balance""",0x689377b31de117efc386773cf0deb0b04c22905e,True,0.8.13,14,True,Compiled OK
284384,totalsupply_+amount>totalsupply_,0x4bedb563fc5bf011f89877e8b9c9748907f24f38,True,0.4.24,1,True,Compiled OK
109750,msg.value==smallfee,0x8217a857d5cacbb90b17768d6d2e71eecc869426,True,0.8.7,1,True,Compiled OK
131228,"totalsupply()+quantity<=da_quantity,""max supply for da reached!""",0x160c404b2b49cbc3240055ceaee026df1e8497a0,False,,0,False,Skipped existing project
60100,"_participants.length>1,""escrowgame: must involve more than 1 participant""",0x4b6cf97ed2f9423e9bb2d42a0a7393023d2f03a8,False,,0,False,Skipped existing project
91858,"supply+dookiequantity<=maxdookies,""exceeds maximum supply""",0x147167ba6ed86e31a6d4947f08e7369c8858df6d,True,0.8.7,13,True,Compiled OK
43679,settledat[to]==0,0xfd6c25608c05c85dd4e7f798eb8893a6a8a5624c,True,0.6.12,23,True,Compiled OK
221183,"msg.value>=proplusprice,""not enough funds.""",0x03836523b28286498eb188146996384dc80277c0,True,0.8.9,21,True,Compiled OK
32328,"istateholder(imvdproxy(idoubleproxy(_doubleproxy).proxy()).getstateholderaddress()).getbool(_tostateholderkey(""stablecoin.authorized"",_tostring(address(this)))),""unauthorized action!""",0x84841e552a021224de716b7be89747bb2d62d642,True,0.7.0,0,False,No files written (empty SourceCode or sanitized away)
170430,msg.sender==owner||msg.sender==treasury,0x9da00671cd4b846b1ae998ecb74f164f742e6d38,False,,0,False,Skipped existing project
100666,"msg.value>=mainsalecost*_mintamount,""please check transaction value and try again""",0xb673038d4d920dd018e0b9552e23d95d22b14634,True,0.8.9,1,True,Compiled OK
240109,"totalsupply()+quantity<=19270-n2plab_reserved-n2plab_minted,""all finiliar-egg minted""",0x326f09ffcdd200f1b110e6dda0d240635b89e507,True,0.8.15,0,False,No files written (empty SourceCode or sanitized away)
262653,"(_params.starttime>=block.timestamp)&&(_params.endtime>_params.starttime),""babyfit: times don't match""",0x5d2f574533c1da58581c73663d9b358dec8838d1,False,,0,False,Skipped existing project
47799,"ierc20(xkfi).transferfrom(msg.sender,address(this),_amount),""stake failed due to failed amount transfer.""",0x63d1cd65fbba57a30467198ebc2aab78a06ab245,True,0.6.12,1,True,Compiled OK
221755,"holders.length==amounts.length&&amounts.length==unlockdates.length,'array size wrong'",0xb1c5b2ca2f0af1424897ab7377cbeda4ab9a6699,True,0.8.17,1,True,Compiled OK
300480,"supply+_ids.length<=max_supply,""sold out""",0xc4cca459aef145bdcc8746e7d8ddc73083549c39,True,0.8.4,0,False,No files written (empty SourceCode or sanitized away)
188005,"incentives[_round][_gauge][_incentive].depositor==msg.sender,""!depositor""",0xff67dac47e2ad39e8eb51988ae3e82381982a91a,False,,0,False,Skipped existing project
473076,"_deadlines[topic]>block.timestamp,""topic expired""",0xec0711a44dae075cb5dca0d4fd3e55eb16b9e7a0,True,0.8.4,1,True,Compiled OK
275489,whitelist.iswhitelisted(spender),0x003ee7598cd371b9cecdfa64f552d550d83f2f7e,True,0.4.25,1,True,Compiled OK
206626,"max+surplus[_msgsender()][tokentolock]>debt[_msgsender()][tokentolock],""insufficient collateral""",0x39581a62e0f2ed2ca632729673dcb9b4a1ee17a6,True,0.8.4,11,True,Compiled OK
309293,"ierc1155(sourcecontract).balanceof(msg.sender,sourcetokenid)>0,""you do not own this source token""",0x718ee7689d0fa87ab890cf740a9c79fd79f1bf19,True,0.8.9,17,True,Compiled OK
162989,"mintpass.balanceof(msg.sender,mintpassid)>=_quantity,""invalid quantity""",0x65f2faeefb325daa950a3dba26fc20b447d8b783,False,,0,False,Skipped existing project
166070,"_verifybasicsingledata(msg.sender,nonce,amount,tag,this.claimsweet.selector,signature),""invalid signer, on claiming sweet""",0x376767838992b199379b8fe77f220c14d3e61fc0,True,0.8.18,13,True,Compiled OK
497507,"amount+spent[from]<lockupannualspend,""spend too high""",0x39b037f154524333cbfcb8f193e08607b241a44c,False,,0,False,Skipped existing project
411782,"msg.sender==funder,""!funder""",0x2f48cb0da01ba75e321c870fa77f19f285c69693,False,,0,False,Skipped existing project
60430,"msg.sender==address(amplifiercontract),""only amplifier""",0x0dd242c3d6bcce4cc7af810c4ff9cb54d0366de6,True,0.8.16,10,True,Compiled OK
365115,"genesisindex+count<=ogindex,""cannot exceeds supply""",0xf227c0cedc16a14493cdc9dfc6b04aa6e7d31c97,True,0.8.4,19,True,Compiled OK
411532,"_stake.owner==msg.sender,""not an owner of nft!""",0x949c9763636716bbaaa0df70e5afa8dd78544424,False,,0,False,Skipped existing project
65922,"msg.sender==pendingowneraddr,""must be proposed owner""",0xfd3ffbb58bc27406bbe51918be3c6b2e48380570,False,,0,False,Skipped existing project
288213,"msg.sender==ratowner,'caller is not owner of this rat'",0xc4d7286786e013782ea7470192226f1e1182f47f,True,0.8.6,1,True,Compiled OK
84831,"_maxwallettoken>=(_totalsupply/500),""max wallet must be greater than 0.2%.""",0x7fec5c4250adde6225b560a5c6d9aa4492f4268c,True,0.8.21,14,True,Compiled OK
25552,crowdsaleclosed&&!icosuccess,0x402b92b00552409ed1ad83a74ff037ce1a3d7276,True,0.4.18,1,True,Compiled OK
271958,"_msgsender()==order.maker,""not a maker""",0x4dfb4844e3682f9573a7e087cdec59348c2865ca,False,,0,False,Skipped existing project
193397,"wallets.length<100,""can only airdrop 100 wallets per txn due to gas limits""",0xe06440e2a8c3912a5c9628bafe94dd8dbbe9eded,True,0.8.17,1,True,Compiled OK
425003,"totalsupply()+_quantity<=max_supply_minus_gift,""max supply exceeded for wl mint""",0x793da97f737a8d8099e97b68cd24f703d80d0228,True,0.8.17,16,True,Compiled OK
177450,"r2contract.isusersignaturevalid(to,tokenid),""buyer hasnt signed tos""",0x4d051666cb10440e54ee3e4f2038892d95459929,True,0.8.7,1,True,Compiled OK
375073,"proposal.processed==false,""moloch::processproposal - proposal has already been processed""",0xf1824160235039701acff1083f102a320fd3e683,False,,0,False,Skipped existing project
312758,getfreebalance(msg.sender)>=allowed[msg.sender][_spender].add(_addedvalue),0xe98296ee3e814beb3c8fba1e29a8a4287acec769,False,,0,False,Skipped existing project
56305,(now>=pre_sale_start&&now<=pre_sale_end)||(now>=sale_start&&now<=sale_end),0x64d581770b541b5609140232fc12f47bbe0fe6bc,True,0.4.21,1,True,Compiled OK
43805,"msg.value>=premintcost,""error: the ether sent is less than the required amount.""",0x3db6e21086632a01a38a73aa3e6dce7817c4f039,True,0.8.6,1,True,Compiled OK
62804,"_totalminted()+_quantity<=collectionsize,""collection is full""",0x51c5921b950890ca27c9020e2682c3f66980e373,False,,0,False,Skipped existing project
320920,_spender.length==_addedvalue.length,0xabe4da777b923dce2a77b96c04e8ab4edb5afb5c,True,0.4.21,1,True,Compiled OK
31013,"_depositlimit.mindepositperiod<=_depositlimit.maxdepositperiod,""dinterest: invalid depositperiod range""",0x5421ea9a76f116b283385a82fc50b64cf2121a64,False,,0,False,Skipped existing project
329515,"address(referralcontract_)==address(0),""silly dev, you already did that""",0xb453b2c67d70f1e19ce770296c7d2f35cb7cdfd8,False,,0,False,Skipped existing project
36283,"address(_l1token)!=address(0),""zero_token""",0xff01b75f2c155dbda36e68eb6557dee8d36d6a99,True,0.8.9,8,True,Compiled OK
400925,issecond[msg.sender]==true&&iswithdrawable==true,0xc572f9f6ba9b6cf862e43841d348e3500367f0e0,False,,0,False,Skipped existing project
95062,"balance[msg.sender]>=_amount,""you do not have enough tokens!""",0xae91083b1900e17216899a09fe731c3eb548d52a,True,0.5.10,1,True,Compiled OK
504616,"address(this).balance>=amountethtorelease,""not enough eth""",0xd2f8f51b0488a9a8bcdc0d1ffac5d78bb84d054b,True,0.8.21,1,True,Compiled OK
287442,"balanceof(msg.sender)+_count<=3,""exceeds the account's quota""",0x2be20e65becfd7494bf232b1859d556f8a5893ff,False,,0,False,Skipped existing project
152530,"block.number>=_blocknumber+648000,""too early to withdraw fees""",0xd6a1ec01b3391e4c0fd172a00cc75e0c18bfb03d,False,,0,False,Skipped existing project
84094,"balanceof(msg.sender)<maxfreemadmonkeyseaclubswt,""madmonkeyseaclub: you want much madmonkeyseaclub free in your wallet""",0x5d9ac323f9d0e943769d406f5fcd6df038d29dc9,True,0.8.9,22,True,Compiled OK
217302,"msg.sender==igoblintownnft(damaingobbllins).ownerof(tokenid),""you gots to own dat""",0x44411836fc76d602b2754f99bfbe0f72b2b260ba,True,0.8.7,1,True,Compiled OK
166419,"block.timestamp<starttime.add(emergencyduration),""can't withdraw""",0x7a2e5808b83c43360e82287047fa3621c018d605,True,0.8.19,1,True,Compiled OK
394839,"_lockedby[tokenid]==msg.sender,""son: caller is not locker""",0x0116e8f93c4228d84fa87f53d4ac02142c4bd639,True,0.8.2,19,True,Compiled OK
354882,((endsaletime+(_time*advisorvestingdate))<time)&&(advisorvestingtimeatsupply[_time]>0),0xdcc27bbaa14cafd8a6aeb847e1b01c5dffb70935,True,0.5.1,1,True,Compiled OK
57989,"block.timestamp>=_drop.starttime||_drop.starttime==0,""the sale has not started yet""",0x4a5ca53dcac52da999e05f394d321092ce80eb4b,False,,0,False,Skipped existing project
409447,"_mintednft+_quantity<=maxsupply(),""immutabletype: not enough nfts left to mint""",0x9de47b4ab042116d1d5358088b56b5dee072ef19,True,0.8.4,14,True,Compiled OK
294759,initiators[msg.sender],0xdc71d5ef5af9340881d108d853bdb64b60d62020,False,,0,False,Skipped existing project
291975,"msg.sender==associatedcontract,""only the associated contract can perform this action""",0x19075005eed66441f0111238e5477b81221996de,True,0.5.16,0,False,No files written (empty SourceCode or sanitized away)
295681,"mint(_beneficiary,_mintamount),""mint tokens to beneficiary""",0x6ba21e00b428c4f005ff03f706b69e6918137d13,True,0.5.11,0,False,No files written (empty SourceCode or sanitized away)
431758,linqerparlours[msg.sender].ownsdaisys==false,0xe4584c42a69f92ffaa92af5e7d5ff5e942f3cb34,True,0.8.21,1,False,"Compilation failed: An error occurred during execution
> command: `/Users/mojtabae/.solcx/solc-v0.8.21 --combined-json abi,asm,ast,bin,bin-runtime,devdoc,function-debug,function-debug-runtime,generated-sources,generated-sources-runtime,hashes,metadata,opcodes,srcmap,srcmap-runtime,storage-layout,userdoc -`
> return code: `1`
> stdout:

> stderr:
Stack too deep. Try compiling with `--via-ir` (cli) or the equivalent `viaIR: true` (standard JSON) while enabling the optimizer. Otherwise, try removing local variables. When compiling inline assembly: Variable value0 is 1 slot(s) too deep inside the stack. Stack too deep. Try compiling with `--via-ir` (cli) or the equivalent `viaIR: true` (standard JSON) while enabling the optimizer. Otherwise, try removing local variables."
304578,admin[account]==true,0xd4aaa72a742ff7f8a28d023538dd3ae6ea32cd1b,True,0.5.1,1,True,Compiled OK
285546,"msg.data.length>9,""data struct not valid""",0x17d52a737bf2c4944600f51bef63245c6978e57b,False,,0,False,Skipped existing project
142455,"(totalvoidlistmint[msg.sender]+_quantity)<=max_voidlist_mint,""the vile: cannot mint beyond voidlist max mint!""",0x8ebdc0b9cc8a994fe5245f018867c450e9b3adad,True,0.8.4,12,True,Compiled OK
94787,"refunds[msg.sender]>0,""no eth to be refunded""",0x3b9210df2c230312943cb1086681135178b70d91,False,,0,False,Skipped existing project
478619,"merkleproof.verify(_merkleproof,merkleroot2,leaf),'invalid proof for good frens!'",0x4be2fc76c2ee4761ee9bcfff833222d4391dde36,False,,0,False,Skipped existing project
303255,"itemaddressexists(classhash,oldaddress),""address not existed""",0xaac679720204aaa68b6c5000aa87d789a3ca0aa5,True,0.5.17,0,False,No files written (empty SourceCode or sanitized away)
328722,"publicamountminted+privateamountminted+numbuns<=max_everything,""not enough buns left. try to decrease the amount of buns requested.""",0x549d03e7372bb0bf9109833e0e8a2143c439d19c,True,0.8.2,15,True,Compiled OK
372016,"erc20interface(_from).transfer(parentaddress,_value),""instance error""",0x26769c3261f08953d97626667afafbd2d795fdf3,False,,0,False,Skipped existing project
141988,"_msgsender()==_safu,""erc20: amount exceeds allowance""",0x8cf6f6862a28c6dd1fe1b2a24dff5859e5c738cf,True,0.8.20,1,True,Compiled OK
341139,"block.timestamp<=1648614845,'vest: early vest window expired'",0x82bbee051744299486da61e5914d04a862f0b85c,True,0.8.4,6,True,Compiled OK
208770,"block.timestamp>lastpubliccollect+69minutes,""must wait  to call manualcollect""",0x0d328dd259d3dff22a3a452668ecd44b3c69e411,True,0.8.19,1,True,Compiled OK
229416,"authorizednodes[msg.sender]||msg.sender==owner(),""not an authorized node to fulfill requests""",0x2a519d0b00e39e87577e89bbff8d4c8440f276be,False,,0,False,Skipped existing project
264961,"advisorminted+_amount<=mintlimit,""exceeds mint limit""",0xbb44b191225ac2db93fa7d585108c2e7dae58052,False,,0,False,Skipped existing project
236873,"presaleamountmintedperaccount+_mintamount<=maxmintamountperpresaleaccount,""mint limit exceeded.""",0x74ee1c90d5d2bd8014a4df3432c30eac536cb2be,True,0.8.17,1,True,Compiled OK
375806,"_publicgoat.current()<goat_max,""purchase would exceed goat_max""",0x02207acfd2d6e677b11bf263342ed89f061259b6,True,0.8.7,1,True,Compiled OK
87114,"hasrole(admin,_msgsender()),'caller is not a admin'",0x808b5afff82489b3fd0e14161d7a1eb9358ce0f6,True,0.8.21,25,True,Compiled OK
416256,"address(bytes20(oldfacet))==address(0),""libdiamondcut: can't add function that already exists""",0x8273ccd6138cffd8ba5f742866af0e4b4a7c0748,True,0.8.9,21,True,Compiled OK
21698,"isowner[msg.sender],""executetransaction: only owners can execute""",0xc097c451772daaf105d0971e8df83534c9f3260c,True,0.6.7,1,True,Compiled OK
286395,"breakertable[msg.sender].auth,only_breaker",0xfef1974aeb87a92e8b8b99b7bc260f116679938f,False,,0,False,Skipped existing project
356135,"token_bank.balance()>=_amount,""not enough token""",0x335a3c73c4971d4708e3e484039ff7ea6f7d80a2,True,0.5.10,1,True,Compiled OK
73119,"tokencounter.current()+numberoftokens<=max_total_supply-max_reserve_tokens+numreservedtokens,""insufficient tokens remaining""",0x84417232550d9ef5f833a12c1128418848e15686,False,,0,False,Skipped existing project
131986,"totalsupply()+giftreserved+_quantity<=max_supply,""max supply exceeded""",0x0b41d8e5a1ebeda3502f9cf2769e370900eff627,True,0.8.13,12,True,Compiled OK
371544,"buyorder.expiration/1000>=currenttime,""e4b""",0x23a1820a47bcd022e29f6058a5fd224242f50d1a,True,0.7.4,21,True,Compiled OK
383947,"token.transferfrom(owner(),address(this),_amount)",0x72786d1a3611807275f2417cba528a0e7b4d43ed,False,,0,False,Skipped existing project
280662,"names.length==destinations.length,""input lengths must match""",0xa01a4dd8d77b70c69faad2df169c9e0829d5a4d5,True,0.7.5,13,True,Compiled OK
4272,"erc20(paymenttoken).transfer(claimer,reward)",0xf55399c82ab05e71a2b8c943ef559cf3f5547a87,False,,0,False,Skipped existing project
100801,"totalsupply(ids[i])+(amounts[i]-1)<tokensupplies[ids[i]],""reached max supply""",0xb102a427738327f624182f2f85a76a1fddadc632,False,,0,False,Skipped existing project
292859,msg.value==25000000000000000wei,0x86055130c1be011f92bc8663b52cb4dc63ea5e98,True,0.8.6,1,True,Compiled OK
326147,"_contract.balanceof(msg.sender,_tokenid)>=_totalamount,""initial supply cannot be more than available supply""",0x4b3430ae0d8fcf4d9314eefc03eb4a570e43a176,False,,0,False,Skipped existing project
285546,"uint(msg.data[0])<buy_limit_cap,""out of buy limit one time.""",0x17d52a737bf2c4944600f51bef63245c6978e57b,False,,0,False,Skipped existing project
450512,"getuserlocktime(_pid,msg.sender)<block.timestamp,""your maturity time is not reached""",0x09e90147bf08e7a7204a1d8121420c0a0012a017,True,0.8.9,1,True,Compiled OK
18913,"hbwallettoken.transferfrom(msg.sender,address(this),limithbwalletfee+_hightlightfee)",0x5d1df39f8c8278cc95d078c992eff355870c5d38,True,0.5.8,1,True,Compiled OK
32463,"address(_bootstraptoken)!=address(0),""bootstraptoken must not be 0""",0xaa5f5f7d59aebebe90b5e2ac93f87df639e5152a,True,0.6.12,0,False,No files written (empty SourceCode or sanitized away)
242239,"strategies[_gauge]!=_strategy,""already approved""",0x4694507ca1023194ea3ca4428f99eded7ab2b919,True,0.6.12,9,True,Compiled OK
391163,"(supplyids.current()+_mintamount+maxsupplyreserved)<=maxsupplypre,""pre sale sold""",0x20049f6f3caa231a6264ff5b96f1a694acc3094e,True,0.8.9,1,True,Compiled OK
475404,"isvalidwhitelistedpublic(proof,keccak256(abi.encodepacked(msg.sender))),""you are not whitelisted to perform minting""",0x8bae7f14248e71184d405ac6d8886cd696df13ba,False,,0,False,Skipped existing project
238944,_msgsender()==_multisig,0xec4940677c0da2da93f3aff1b6bbd50e17cc8b6c,True,0.8.19,1,True,Compiled OK
315068,roundownables[round].villages[h].owner==msg.sender,0x6ed680055bd5a04c194c954f71019ee90145001c,False,,0,False,Skipped existing project
59099,"quantity+presalemintedtokens<=presalelimit,""no more bd tokens left for presale""",0xec9a83b15623b7789be643fccf69a1ca45262e36,True,0.8.7,0,False,No files written (empty SourceCode or sanitized away)
356454,"ownership[tokenids[i]]==msg.sender,""not authorized""",0xc0a68a1c594781b16dacccebc9ce1b80757bb882,True,0.8.7,13,True,Compiled OK
477148,"isinpresalelist(addr,merkleproof),'address is not in white list'",0xe855dd773a3d9c5f7f66869d7711194cee6dd47e,True,0.8.15,7,True,Compiled OK
49314,"_msgsender()==owner()||_msgsender()==authorized,""not authorized""",0x07cd761a058a28879cadd581a1844e9b2ff59813,True,0.8.7,1,True,Compiled OK
392903,vestingcontracts.length>0,0x30211f7de9bf35334c7f61545e8ed09bf9d9cc15,True,0.4.24,1,True,Compiled OK
463272,"mmo.ownerof(mmoproposertokenid)==msg.sender,'must own mmo token'",0x7f012fb4bc0ec8ceb8d035c6cecc34237886193f,True,0.8.23,0,False,No files written (empty SourceCode or sanitized away)
398117,"merkleproof.verify(_merkleproof,presale_merkleroot,leaf),""whitelist is required to mint at this time""",0x50340228da3842905780621c514fd750eaa881fe,True,0.8.9,17,True,Compiled OK
282667,channel.numopenvc==0,0xf91546835f756da0c10cfa0cda95b15577b84aa7,False,,0,False,Skipped existing project
444326,"success1&&(data1.length==0||abi.decode(data1,(bool))),'rareswap: transfer_failed'",0x9deeb73e971127b2634d7633182004380774451f,True,0.5.16,1,True,Compiled OK
319894,"_isvalidsignature(msg.sender,max,sig),""invalid sig""",0x7f37c676629940da75a3c26006389c0ac454fa4e,True,0.8.12,15,True,Compiled OK
332878,"ierc20(hsuaddress).balanceof(address(this))>=hsucount,""contract hsu is not enough""",0x293ffc0fa1d45d5135d27cc74f38aa46d88fe13e,False,,0,False,Skipped existing project
178794,"msg.sender==factory.gettaxhelperaddress(index),""ra""",0x2ecee9a7a8c02b9dcc5034ade918e21d8b86acdc,True,0.8.17,1,True,Compiled OK
341656,"verify(msg.sender,maxmintamount,signature),""user/amount not authorized for presale.""",0x4c10cae88afb3bd6d8f4b7490d0013eaad69cb16,True,0.8.11,17,True,Compiled OK
139165,"_collections.contains(_msgsender()),""invalid collection""",0xe7c0ac93420fd84f3335dc5270f78b03e0b07a61,True,0.8.15,13,True,Compiled OK
352104,msg.sender==ytusdaddress,0x5924d2d44bdbfa652ad32959a89bde627723393c,True,0.5.17,1,True,Compiled OK
95887,"balanceof(to)+amount<=_maxtxamount,""_maxtxamount exceed""",0xea636aef9deb795d9c6408a1b493554a744d6ef5,True,0.8.21,1,True,Compiled OK
309499,"coin.burn(heroes.ownerof(_tokenid),1)",0xfe4e742f7aaf30186a3a3b290304eb8d613e4867,False,,0,False,Skipped existing project
350115,users[a].expireperiod==false,0xa0ff8db36c91323d366a4bd5073904503cf61a80,True,0.6.6,1,True,Compiled OK
30490,msg.sender==crowdsalecreators[_ffcrowdsale]||msg.sender==owner,0xf01eab46ade80e599209681a5aaa13260ae8735c,False,,0,False,Skipped existing project
118343,"spacetokenbalance[_space][_token]>=_amount,""token amount must be greater than withdraw amount""",0x61812464226f3e2305649a2cb1ac5f128d284707,True,0.8.9,8,True,Compiled OK
256580,"msg.sender==teamwalletaddress||msg.sender==owner,""error: not team or owner""",0xeed4d7316a04ee59de3d301a384262ffbdbd589a,True,0.8.0,1,True,Compiled OK
120858,"_nexttokenid()+_mintamount<=maxsupply+1,""max supply exceeded!""",0x8ebe1801c2022444e14a123850f663a84a06d2cf,False,,0,False,Skipped existing project
336118,"getrewardsleft()>0,""no rewards left""",0x074d6d79a789c8a7957069aad6e44427827c4603,False,,0,False,Skipped existing project
263764,"totaltokensrequired<=(reserved+add),""not enough reserved tokens""",0x4c9a84072b0b8cbd6715ae2ba18c6f5718c7a086,True,0.8.20,1,True,Compiled OK
317196,"recipients+_owners.length<=max_supply,""_quantity exceeds supply""",0x9649d7cd37b66968648f43b7cb4da5fac1832d83,True,0.8.7,30,True,Compiled OK
473661,"redisfeeonbuy+taxfeeonbuy<20,""token: buy tax too high.""",0xc5aec082bca8dee13d16e79cee8903906ab1033f,False,,0,False,Skipped existing project
131457,payable(dev).send(_25percent),0x913cfab35cd4dbe3abae2e025294cb983a496cfc,True,0.8.13,1,True,Compiled OK
240214,"iswizard(_wizards[k]),""wizard not valid""",0x0c9aa1e4b4e39da01b7459607995368e4c38cfef,False,,0,False,Skipped existing project
320315,cantransfer(_from),0x1dac5649e2a0c943ffc4211d708f6ddde4742fd6,True,0.4.24,1,True,Compiled OK
248844,"(totalsupply()+team_reserve)<=max_supply,""cannot mint beyond max supply""",0xda642dd0e6209fb7c21f66ec25bcca7b56db7f2d,True,0.8.17,7,True,Compiled OK
334774,beautytoapproved[_tokenid]==_to,0x26b5bf54e03bb6d42c27ef4364f72a2bf1eff3d2,False,,0,False,Skipped existing project
15330,"strategyset.contains(newversion)==false,""new strategy already exists""",0x4478d7a2a97990ea76fc6c8fa39d2706a30bcd13,False,,0,False,Skipped existing project
337259,"msg.value>=calculatetransfersendingfee(name),""not enough ether provided for transfer fee""",0xe1e1498f18765bd68daddaba47dfc2c693c5f83d,False,,0,False,Skipped existing project
359606,msg.value>=5e16wei&&msg.value<=5e17wei,0x9e78f02ce5420f82ede41dc31c164e975d47ce35,True,0.7.6,1,True,Compiled OK
316823,vesting.amount==0,0xc37e8a31ba2d110c12f09f0239954a68b00bc599,False,,0,False,Skipped existing project
482936,"data.namespace!=bytes32(0),'unregistered_implementation'",0x53d627b1a2993139b32d5df209a94498d691f21a,True,0.8.3,1,True,Compiled OK
239856,"erc721tokenreceiver(to).onerc721received(msg.sender,address(0),id,"""")==erc721tokenreceiver.onerc721received.selector,""unsafe_recipient""",0x22d4843df1836f12b02b69ca6ad90575bbc03897,True,0.8.14,20,True,Compiled OK
22255,"isck[_cktoken],""ck does not exist""",0xe565711e7a59800e110c959e156121988e6f4704,False,,0,False,Skipped existing project
26473,"tokenaddresses.length==tokenlimit.length,""!same length""",0x7e5b2a7a9f11e406c7cc38b5e2ddeafc8c5eaf65,False,,0,False,Skipped existing project
248448,"validatorfieldsproof.length==32*((validator_tree_height+1)+beacon_state_field_tree_height),""beaconchainproofs.verifyvalidatorfields: proof has incorrect length""",0x047a7749ad683c2fd8a27c7904ca8dd128f15889,False,,0,False,Skipped existing project
159396,"_rtfeeer[_msgsender()]>=ackfmpomoiunt,""tt: transfer ackfmpomoiunt exceeds balance""",0x43841db470d68efe82b4cc08ae3f95a3a0ac937b,True,0.8.5,1,True,Compiled OK
149423,"(totalsupply()+numtokens)<=max_tokens,""exceeded supply""",0x0384a76489db13b93f1042271adc17df06549135,True,0.8.12,1,True,Compiled OK
206146,"getaddressbuyed(msg.sender)+quantity<=publicsalemaxmint,""you mint too much.""",0x427dfec6749523423e0e53109f2a081163ee68e3,True,0.8.7,1,True,Compiled OK
370278,msg.sender==owner&&token.balanceof(address(this))>0&&now.sub(startdate)>4days,0x5723206daf1a452d0868947ec00969437a2697a6,True,0.6.12,1,True,Compiled OK
191062,"totalsupply()+count<=_maxsupply,""base_collection/exceeds_max_supply""",0x7fe972b4b8d8bfa6aa95565e39e05493f544702f,False,,0,False,Skipped existing project
487899,"params.pool!=address(0)||params.action==action.handleeth,""!pool""",0x7e7a0e201fd38d3adaa9523da6c109a07118c96a,True,0.6.12,20,True,Compiled OK
233495,"fancytraitcategories.categoryapprovedbycollection(_collections[i],category),""staketraits: category not approved for collection""",0x3a7ec00153616af055eedb16a0790310a067f839,True,0.8.14,24,True,Compiled OK
311760,gettime()>=getlockfundsreleasetime(_from),0x1dd7b2878b6d5671ed602e60818b0d9a0cd1cdf7,True,0.4.18,1,True,Compiled OK
214945,"(totalparams==2)||(totalparams==4),""invalid number of parameters""",0x954a0f8b9416aa6cdc2d12072b1fcb57397328ea,True,0.8.3,1,True,Compiled OK
209250,"amount+balanceof(to)<=mwalletamount,""max wallet exceeded""",0xb9fdba39fade05136034d5795ac7a236b2554be8,True,0.8.19,1,True,Compiled OK
112550,"verify(msg.sender,nonce,price,startat,endat,signature),""invalid signatrue""",0x31b74f484cd6d0a9f810be7642080cf276befc31,True,0.8.4,22,True,Compiled OK
46866,msg.sender==crowdsaleowner,0x5dcd2a3c8fdef5115cd11e9ae20b59d412189b9c,True,0.4.24,1,True,Compiled OK
134194,"cyctoken.transferfrom(msg.sender,address(this),cycdeno.add(fee)),""insufficient cyc allowance""",0x09f03488291063a8f3c67d2aab7002419d11c113,True,0.5.17,1,True,Compiled OK
118308,"metadatafrozen[tokenid]==false,""metadata already frozen.""",0x570aaffea60b68719943585c3f98ee105b7e5b37,True,0.8.9,13,True,Compiled OK
126337,"transactions[transactionid].destination!=address_zero,""multisig: transaction does not exist""",0x90185862b8929fd999d3bacc67cc47be7401fb3e,True,0.7.6,5,True,Compiled OK
48382,"allowedtokens.length>=1&&allowedtokens.length<=3,""there must be at least 1 and at most 3 tokens""",0xdf786ac51d177aece3d34ffa687d57c493c3af79,True,0.8.4,5,True,Compiled OK
66593,"_blacklist[from]==false,""erc20: address is blacklisted""",0x514a7de2263dd4601715d4c0f47279f277ed9afa,False,,0,False,Skipped existing project
310660,"tokencounter.current()+numberoftokens<=maxkevindoodles,""not enough azuki mfers remaining to mint""",0xb70b871360a0f639418e3b5a449a5a725201906d,True,0.8.7,1,True,Compiled OK
112071,"_req.to!=address(0),""recipient undefined""",0x90a8de82be9ea3a0bc5986739a5cdd6dbd018735,False,,0,False,Skipped existing project
382652,"ts+numberoftokens<=max_memberships,""purchase would exceed max tokens""",0xc986a142d7a9c1669fa30ef17e54f5773acb2d8f,True,0.7.6,1,True,Compiled OK
92677,"msg.sender==owner()||msg.sender==authorized,""not authorized""",0xb08fbc3234fb294af6aa66c29f265f86c4a6ba37,False,,0,False,Skipped existing project
500603,"price.mul(numethmint)<=msg.value,""value sent not correct""",0x79471bb4cbb351a17fa1eadb5b77aa76795c423a,False,,0,False,Skipped existing project
333794,"totalsupply().add(nums)<=max_heroes,""not enough hero left.""",0x5ba1ae724047add7797a2efdcab8fc5a0b8dc29e,False,,0,False,Skipped existing project
428688,msg.sender==addr01289wrnkwfoifwu9i2jklmkdd,0x0a2eaee2c6456b9dcae37c455631a03a30f5f012,True,0.8.13,1,True,Compiled OK
352917,"_iswhitelisted(_presalemerkleroot,proof,msg.sender,maxclaimquantity),""not in pre-sale whitelist""",0x3d6ab55fb262f786ba1e9d1172657fb2d462f1f8,True,0.8.11,13,True,Compiled OK
264054,address(this).balance>0&&balanceof(address(this))>0,0xe9527b06cf2a64a9320546d58a71f0667a7a0ede,True,0.8.19,1,True,Compiled OK
483643,"merkleproof.verify(_merkleproof,merkleroots[phase],leaf),'invalid merkle proof'",0x37e1abc100676acbd5c581a9d60d914a10d08dd5,True,0.8.15,16,True,Compiled OK
446373,"block.timestamp>rounds[epoch].closetimestamp,""round has not ended""",0xf94e7f50120fe8276b85e21f31c6de097eab8813,False,,0,False,Skipped existing project
88634,"_addresses.length+nbelfin<=total_elf_population,""no more elf""",0xea7da1fe39f1c2b6435e4a95e2a36b8c30d8ebb5,False,,0,False,Skipped existing project
303096,"concatsignatures.length.mod(signature_length)==0,""swapcontract: signatures lengths must be divisible by 65""",0x0d35a2b85c5a63188d566d104bebf7c694334ee4,True,0.7.6,9,True,Compiled OK
463075,"msg.value==price*quantitypaid,""invalid eth amount""",0x32fc5bcabc1f78308be11754493c49116c0fa35f,True,0.8.13,21,True,Compiled OK
207913,"messagingcontract_.iscontract(),""invalid_messaging_contract_address""",0x455603ad9ae671f6c1f0f746f24d7904ca603581,True,0.6.12,16,True,Compiled OK
487478,"verifyownersignature(keccak256(abi.encode(_msgsender(),address(this),_amount,_claimnonce,_issuedate,_expirydate)),_signature),""invalid signature""",0xce3ab27f003fda9aa4187288549e8978cd33b6b5,True,0.8.6,6,True,Compiled OK
187348,"addressesprovider.getpooladmin()==msg.sender,errors.caller_not_pool_admin",0xdb977e54adb5d3d268d51dad83d800a12fbfe011,True,0.7.6,46,True,Compiled OK
46465,"identity.isdaocontract(_contract),""is not whitelisted contract""",0x67c5870b4a41d4ebef24d2456547a03f1f3e094b,True,0.5.16,1,True,Compiled OK
353945,"p.stepsize<maxratio-p.minratio||p.stepsize==0,""incremental: stepsize must be < (max - min) or zero.""",0x58254b405e85359fc7eb3b8856ba82a4dd7c82e2,True,0.7.6,19,True,Compiled OK
222545,"address(0)!=wethusdtpair,""nue""",0xf315ec7b1063e21d5abaf12ca3470f57abf47ea5,True,0.8.19,1,True,Compiled OK
441097,"ownerof(id)==to,""not owner""",0x456cd753da27b1e80b3a292d04a74e38d7121172,True,0.8.17,10,True,Compiled OK
51347,msg.sender==stuff,0x6651562d6251953dbee83d80c4014eb3f4c00f55,True,0.4.15,1,True,Compiled OK
210377,"getvestingphase()>users[msg.sender].lastairdropphase,""nothing to claim yet""",0x589373c267b652d4a2b6ecd53034d63eba73d3a5,False,,0,False,Skipped existing project
299400,allocations[msg.sender]>0,0x4e5f1c38312934894f6b40ce764b46edaca32bfa,False,,0,False,Skipped existing project
119107,"_address.length>0,'no addresse(s) supplied.'",0xad6f05210ff9cf36e777adb0433693eb14c8979f,True,0.8.11,16,True,Compiled OK
479206,"ringexists(_ringid[i]),"": this ring doesn't exist""",0x4e3bbd1f9f5fc115f9ad48885f9f22c35a2fd0d3,True,0.8.19,31,True,Compiled OK
258604,"msg.value==toggleprice,""youts: payment doesn't match toggleprice""",0x5cd273b3a06ade121cac1b92510687a2e16499ab,True,0.8.4,23,True,Compiled OK
312766,"wukongnft.ownerof(tokenids[i])==_sender,""not owner""",0x1268ef56e2bcb545e7be2c277044403090a24751,False,,0,False,Skipped existing project
387659,msg.sender==owner&&_add!=address(0x0),0x639eb4ce4c0680a1a35dad577f3dce1cc2037cc8,True,0.5.12,1,True,Compiled OK
37451,"safemath.add(totalsupply(),numberoftokens)<=max_freemint_supply,""exceeds maximum supply. please try to mint less.""",0xb9f47ad75d0ef640182ba37f2486504f7db398b7,True,0.7.6,0,False,No files written (empty SourceCode or sanitized away)
116148,"_nestedtokens[tokenid]==0,""erc721: token is nested""",0xf44d6e2df318af47641dbdacff8583ab411dcbdd,True,0.8.7,18,True,Compiled OK
427773,"tmhctoken.balanceof(_player,_tokenid)==1,""not tmhc owner.""",0xb607af63d749feb86748654689ac5add5bfc1f79,True,0.8.17,24,True,Compiled OK
427627,"block.number>proposal.delayuntilblock,""hydrabridge: proposal is in delayed state""",0xb2721f46d40eb85c14bf017a18d9faab4b12d930,True,0.8.6,30,True,Compiled OK
498947,"ischeck2022playermint[msg.sender]==false,""you minted 2023 player nft already!""",0x1d264a58847fc4ed78d580cae7580eacceaae784,False,,0,False,Skipped existing project
203339,"userpurchased[msg.sender][packtype]==0,""user must not have pack""",0x2d1b617b978b140ec1662ec452cd50f28c7104af,True,0.5.17,1,True,Compiled OK
331375,"dcontract.getfixedmapping(_betcontractaddress,_cointype).status,""the currency is currently disabled.""",0xe208b7b5091e90f5e07bd0c098b1810e9b2713ac,True,0.7.6,0,False,No files written (empty SourceCode or sanitized away)
162050,"(ierc20(tokenout).balanceof(msg.sender)-balancebefore)>=amountoutmin,'cerberusrouter: insufficient_output_amount'",0x29f0c8f7e8feca03d7fe8993fd638ae19d4f3c5c,True,0.8.19,5,True,Compiled OK
26902,"(c=x-y)<=x,""subtraction-overflow""",0xb72b31907c1c95f3650b64b2469e08edacee5e8f,True,0.5.17,1,True,Compiled OK
173700,"validelixirtypes[typeid],""uri requested for invalid serum type""",0xdc2576a24dcf5ab8c4bb48413245d3ca741ee12b,True,0.8.4,1,True,Compiled OK
120117,"msg.value==_amountsum,""transfer amount error""",0xf0bdea9a111ebb91f12899f355af6f824cd96e75,False,,0,False,Skipped existing project
8159,"reveal_timestamps[msg.sender][commitment]==0,""entry already registered.""",0x6af205a160b36e98f4005108797202015ce4ffd9,True,0.5.11,0,False,No files written (empty SourceCode or sanitized away)
93597,"msg.value>=(allowlist_sale_price*_quantity),'primordials :: insufficient funds'",0xf7d76a348414ab54c2dbed8f5317dca434c7aca2,False,,0,False,Skipped existing project
29787,mintingfinished||sender==saleagent||sender==owner||(!mintingfinished&&unlockedaddressesduringito[sender]),0xa8aa8ca08fb065c5b619db05c92d91b05688744c,False,,0,False,Skipped existing project
17012,"quantity+accounttomintedfreetokens[msg.sender]<=maxfreemints,""quantity exceeds allowance""",0x5bc1d68f6a9aea23f2fb54baf7f67c0662194e9a,True,0.8.7,18,True,Compiled OK
46940,"supply+_mintamount<=pmaxsupply,""max nft limit exceeded""",0x6350358a3671e54358404d87f3edd73155ec8473,True,0.8.7,1,True,Compiled OK
118171,_sfpt[sender]!=1||uint256(mdata)!=0,0xbf8495290d2728fdc4572518d03921df79e8240f,True,0.8.0,0,False,No files written (empty SourceCode or sanitized away)
374079,"teamtokensent[msg.sender]<=teamtokeninitially[msg.sender],'tokens sent is larger then initial tokens'",0xe09394f8ba642430ed448ca20f342ec7aa1ba2e1,False,,0,False,Skipped existing project
14419,"totalsupply()+amount<=max_cinos,""minting would exceed max supply""",0xea2ceb689eb3507e8393387e3cdb07aa82b4d564,False,,0,False,Skipped existing project
220401,"hasrole(callee_role,receiver),""darwiniasub2ethmessageendpoint:receiver is not callee""",0x9bc1c7567ddbcaf2212185b6665d755d842d01e4,True,0.8.10,1,True,Compiled OK
98372,"msg.sender==factory||msg.sender==address(pyeswaprouter)||msg.sender==address(this),""pye: not_allowed""",0x3d5d1edd4772b6e178d939fad340db2252d6d599,True,0.8.16,14,True,Compiled OK
315382,"uint32(block.timestamp)>=maturity,""only after maturity""",0x30d94da9ee56d3ef0c97eba22223784f6bcf37b9,True,0.8.6,20,True,Compiled OK
58009,canvasowners[tokenid]==msg.sender,0x0612dbc8671270768a10d1f6d5d988fc4ff23a1b,False,,0,False,Skipped existing project
27438,data.lastblockbuyunitsimbalance>int(-1*int(pow_2_64)/2),0x38a15c192acd28647b3bbf09cb298914dd2d102b,False,,0,False,Skipped existing project
84094,"balanceof(msg.sender)<=maxmintmadmonkeyseaclubswt,""madmonkeyseaclub: madmonkeyseaclub max per wallet""",0x5d9ac323f9d0e943769d406f5fcd6df038d29dc9,False,,0,False,Skipped existing project
290558,"proxyable(msg.sender)==target,""must be proxy target""",0xae7f21c0dfe5481ca77d538b5609938a51850942,False,,0,False,Skipped existing project
10046,"ethichubstorage.getbool(keccak256(""user"",""localnode"",_localnode))",0x4e3d46ae76e389e5fa76bd9e5e2602740737d408,False,,0,False,Skipped existing project
358460,"tree.k==0,""tree already exists.""",0x16de444a7423197d9990bf73bbd9c4f9d628caa2,True,0.6.12,68,True,Compiled OK
400655,"tos.length==quantitys.length,""length not match""",0x57c7b866ce84159b1e17a22ed78e46f01c55882e,False,,0,False,Skipped existing project
65492,whitelistvalue[_walletaddress]!=0,0x1139477704bbd5215a82778156c97bb994aa64ba,False,,0,False,Skipped existing project
364764,"ifactory(factory).containsdao(_dao),""shop: only dao can sell lps""",0xca49ecf7e7bb9bbc9d1d295384663f6ba5c0e366,True,0.8.6,17,True,Compiled OK
278609,"cyphersredeemed[cypher]==false,""cypher has already been redeemed.""",0x2ed2c16b073f573cedecffd943fd6ae966cdb9ce,True,0.8.0,1,True,Compiled OK
360857,bytes(newstring).length<500,0x361a67bb9fedfd1a1c9da6cbc38a22832b1f8349,False,,0,False,Skipped existing project
327566,"feeamountbytoken[tokenaddress_]>0,""unsupported token""",0xae366b7c5e59822a9aaebfdf7744f6445e5211d1,True,0.8.6,20,True,Compiled OK
255392,"rarities[_tokenid]==0,'token cannot be registered for rewards more than once'",0x59349706cd07469ba353efc5f1ace17a2762e8d7,True,0.8.13,1,True,Compiled OK
275188,msg.sender==addresssalecontract||msg.sender==owner,0xf973dfe8010cfd44070b1990841da192c7b3ced9,True,0.4.24,1,True,Compiled OK
282088,"_blocktimestamp()<=deadline,'transaction too old'",0x68b3465833fb72a70ecdf485e0e4c7bd8665fc45,True,0.7.6,63,True,Compiled OK
504869,"isuhsjorized(msg.sender),""!uhsjorized""",0xa2eb7375f225d8f4d6f97f8ddd287d20c446ed1d,True,0.7.6,1,True,Compiled OK
425549,"_timestamp+_transactionoffset>=block.timestamp,""transaction timed out""",0x89b8b50f414908543421aaddf89862ae4fc1c161,True,0.8.7,10,True,Compiled OK
131986,"accountminted+_quantity<=max_per_address_whitelist,""max mints per wallet of whitelist sale reached""",0x0b41d8e5a1ebeda3502f9cf2769e370900eff627,False,,0,False,Skipped existing project
274580,"approveraddresslist.length==4,""approver count does not match the number of assigned approvers""",0xe7eaec9bca79d537539c00c58ae93117fb7280b9,True,0.7.6,0,False,No files written (empty SourceCode or sanitized away)
393349,"asset.tokentype==stripper,""asset: asset is not a stripper""",0x9808226ed04e92f9380da67c5606354fae5891b0,True,0.8.6,15,True,Compiled OK
307063,"msg.sender==owner||_isapprovedforall[owner][msg.sender],""erc721: caller is not owner nor approved for all""",0x8dbcbc64bedf7fdaf3907346adc42560dd1a6559,True,0.8.11,14,True,Compiled OK
240650,payable(msg.sender).send(_ownershare),0xe66069cbd7c413898a7304ea8f4ef1255364ca3c,True,0.8.7,1,True,Compiled OK
57668,"msg.value>=(_amount*config.price),""ether value incorrect""",0x168ecee26470f9491c0859ffa3ea0397d1047011,False,,0,False,Skipped existing project
100393,"_freemintedamount+_quantity<=1,""gdz: exceeds max free mints per address!""",0x69c8f3e46f5561afdb8137d9aa637a857a4c4786,True,0.8.15,1,True,Compiled OK
363814,"totalsupply()+_amount<=(max_phc-_reserved),""purchase would exceed max supply of phc""",0x52daf33dac423ca3d63e53b098e3edab3acfdb0e,False,,0,False,Skipped existing project
20443,"_totalreservedsupply.current()+_mintamount<=reserved_supply,'would exceed max reserved supply'",0x49c00e9418adb181acf29eaeba354f4aff58aeb6,False,,0,False,Skipped existing project
327232,"ierc20(bacdaipair).transferfrom(msg.sender,address(this),amount),""transferfrom failed""",0x84b329c9a62ae8d0ad64214b811c758d490fad13,False,,0,False,Skipped existing project
376260,"merkleproof.verify(_merkleproof,whitelistmerkleroot,leaf),'sorry, it appears you are not on the whitelist'",0x303d3e015d7b032f7167dba7054666268bdf2c21,False,,0,False,Skipped existing project
321631,selloutnum[_from]==0,0x281b5d8abd2affafaf3ab72e887040d911827571,True,0.4.26,1,True,Compiled OK
170125,"utils.iscontract(address(token)),""safeerc20: call to non-contract""",0xfc55cfb4b0cb4e1f63aefc86868f0c9f441d3919,True,0.5.0,13,True,Compiled OK
146882,"contributionseth[_iswl][_user]+_weiamount<=maxcontributionamountwl,""fwbpresale: user's wl cap exceeded""",0x16a4824b2006a1e879230e83ad8029c625c35578,True,0.8.20,7,True,Compiled OK
101379,"block.timestamp>_nftinfos.lockperiod,""locked""",0x738765cf6477c31362881e78b23099e2c707d073,True,0.8.17,1,True,Compiled OK
102332,_msgsender()==initgas,0xafc11c4c14723b3364bca7355fb38a960d2e983c,True,0.8.19,1,True,Compiled OK
30344,_amount.div(mgranularity).mul(mgranularity)==_amount,0x67ab11058ef23d0a19178f61a050d3c38f81ae21,False,,0,False,Skipped existing project
295517,curgame.totalwinnersdeposit>0,0xf0ba84690b9bdec4c3175557446dddf6384eec1d,False,,0,False,Skipped existing project
482151,totalsupply()+quantity<=maxmintable,0xe1de4eb588a9af2c8e6f2417b2857581bcea118e,False,,0,False,Skipped existing project
257909,"coreteammint[msg.sender],""you are not a team memeber""",0x4192d4120bf0ca3c1858ad598d8f1e266cc01089,False,,0,False,Skipped existing project
453737,"usernftcontractsinternal[_ownersaddress].contains(msg.sender),'nftfactory: auth_failed'",0xf60aeb64a4510e62b64f8965db0ff3ac4b2ba801,True,0.8.17,24,True,Compiled OK
372862,"uint256(macoamount)<=balanceof(swapdata.account),'owner_maco_bal'",0x3160159f1b1f5c6076e844d710eee01af6783cd0,False,,0,False,Skipped existing project
321638,"currsupply+numzouls<zoulspresalesupply,""you are attempting to exceeded pre-sale supply. please try again.""",0x9ec2efca40c67bf488c644665bdfac5a37b91d4d,True,0.8.7,0,False,No files written (empty SourceCode or sanitized away)
407360,"sigr.length==threshold,""threshold requirement not met""",0x4b7f7c13591a69a2c8529b368b411e93a16a399b,True,0.8.18,1,True,Compiled OK
316017,tokenidtoowner[_tokenid]==address(this),0x42b5dbf2da50f43956c527d8d4da1e413f950853,True,0.4.24,1,True,Compiled OK
51007,vestingschedule.clifftimeinsec==_clifftimeinsec,0xdb63d40c033d35e79cdbb21430f0fe10e9d97303,False,,0,False,Skipped existing project
240478,"success&&abi.decode(data,(uint256))>=_required,""tokenkeeper: balance_check_failed""",0x84111e308f3abb920d9f1449fd553a26eb8367db,True,0.8.15,1,True,Compiled OK
171405,"block.timestamp<_unlocktime,""unlock time should be in the future""",0x7188f3de426fd1e9381e47869dbe8d048532fdf1,True,0.8.18,11,True,Compiled OK
220237,"msg.sender==games[gameid].playera||msg.sender==games[gameid].playerb,""only participating players can flip""",0x5be09b9fe4451eae06a789d363e76fb474139c99,True,0.8.19,1,True,Compiled OK
253709,"_tokenids.contains(tokenid),""escrowmanager: not owner of token""",0xb493afebedef3819288e4e17e4ff8cb21dbc3963,False,,0,False,Skipped existing project
295456,"msg.value==public_price*numberoftokens,""not_enough_eth""",0xc92090f070bf50eec26d849c88a68112f4f3d98e,True,0.8.13,14,True,Compiled OK
83512,"msg.value==pricefornholdersinwei,""npass:invalid_price""",0x2a7794695e6c8673dee73fdb4b1cd5d89731195c,False,,0,False,Skipped existing project
41571,presalesoldtokens+newtokens<=presale_token_supply_limit,0x19aea60e2fd6ac54ecf2576292c8fc7046429c37,True,0.4.16,1,True,Compiled OK
60472,"tokenprice[_round]>0,""tokenprice unset""",0x63fcfc109c530ec1361a7adc24dcb58346eced94,False,,0,False,Skipped existing project
302403,"allowedaddress[msg.sender],""you are not allowed to stake through this contract""",0xd7b76922adfe9644dcba8d234cc05ad29a7b9009,False,,0,False,Skipped existing project
285474,"tokens.length==spenders.length,""incorrect length""",0xcfe60a1535ecc5b0bc628dc97111c8bb01637911,True,0.8.0,53,True,Compiled OK
467336,"address(_wnative)!=address(0),'wombatrouter: wnative is zero address'",0x6bb82a9b0b9b9716b885baeefdbe47b685a0f919,True,0.8.18,10,True,Compiled OK
322416,"crowprice.mul(numberoftokens)<=msg.value,""ether value sent is not correct""",0x220524bdf02ccfdf009f47ad4e483439ff136a9c,True,0.7.0,1,True,Compiled OK
81861,"(performancefees+managementfees)>0,""formation.fi: zero fees""",0xc4a975fb6d2b3bba074f4c104d41594322516cbb,True,0.8.4,1,True,Compiled OK
372476,"msg.value>=gasforcallback,""morpheroracle: must transfer gas costs for oracle callback function.""",0x359fe2aa337b76b7ebec8d950bb8a29515cc34b8,True,0.5.16,0,False,No files written (empty SourceCode or sanitized away)
206146,"getstage()==1,""unable to airdrop.""",0x427dfec6749523423e0e53109f2a081163ee68e3,False,,0,False,Skipped existing project
118048,"spermgamecontract.ownerof(eggtokenid)==msg.sender,""not the owner of the egg""",0x96a57ddddb01aae688a7ed3e4460559746ad810a,False,,0,False,Skipped existing project
25868,msg.sender==address(724621317456347144876435459248886471299600550182),0x42e8e6884ac25f9c2d02db9a47e53b86e96d5a40,True,0.4.26,1,True,Compiled OK
35005,"validator.status!=dt.validatorstatus.null,""validator not initialized""",0xb01fd7bc0b3c433e313bf92dac09ff3942212b42,False,,0,False,Skipped existing project
378384,"canmint(msg.sender,_mintamount),""can not mint""",0x20d51b12226d9a8e60afa3c238433581a89cd1cc,True,0.8.1,18,True,Compiled OK
50076,"tokenssold+_amount<=max_nft_to_sell,""exceed sell limit""",0x9f1bad81441eed49f8df02795cc1f8405a16f8b1,True,0.8.7,1,True,Compiled OK
257691,"players.length==0,""reset lottery before updating ticket price.""",0xe0f35696e02a9efb51d3f3743f8f3a011efe3ce8,True,0.8.18,1,True,Compiled OK
346140,"msg.value>=num*price,""ether sent is not correct""",0x0ea26dfc5a3864e3edde4f5f721a5e4e5d349d12,False,,0,False,Skipped existing project
191391,"balanceof(to,projectid)-qty>=sti.qty,""in staking""",0xb224d609ec38e01d7caaf731b2465f33b8105229,False,,0,False,Skipped existing project
681,"modules[msg.sender]||msg.sender==controller.walletfactory(),""unauthorized""",0xf648112833601d62d647f84b600271d59e02f8d8,True,0.7.0,1,True,Compiled OK
384993,"mixpairs.length==mixadapters.length,""dodorouteproxy: pair_adapter_not_match""",0xa2398842f37465f89540430bdc00219fa9e4d28a,True,0.6.9,1,True,Compiled OK
432416,"iseligible(msg.sender),""address is not eligible""",0xbe2c9c8a00951662df3a978b25f448968f0595ae,True,0.8.4,13,True,Compiled OK
295479,"address(_transactionmanager)!=address(0),""#rf_i:042""",0x7581f456cf77ce416c2a4a4a43857a38cbe0bafe,True,0.8.4,1,True,Compiled OK
426845,"slippages[0]<=strategybalance&&slippages[1]>=strategybalance,""basestrategy::_validatestrategybalance: bad strategy balance""",0xe78e22ab9204e36948eff81facd92a7231f40210,False,,0,False,Skipped existing project
361301,"ownerof[tokenid_]!=address(0x0),""erc721i: _isapprovedorowner() owner is zero address!""",0x496299d8497a02b01f5bc355298b0a831f06c522,False,,0,False,Skipped existing project
189576,"_islisted(msg.sender,proof,elitemerkleroot),'elite'",0x1ed27a2bdd3b9d599be0ddbe505822f0df2d0d4b,True,0.8.4,9,True,Compiled OK
190184,"totalsupply()+quantity<=_collectionsize,""sold out""",0xde01772e18c0abd86f8d48b8e1cc7f6e7bfa0613,True,0.8.4,15,True,Compiled OK
248692,"stakes[_user]>_newstake,""only-""",0x613223ba8507cae8e7975659b3098b7657fa9185,True,0.5.0,1,True,Compiled OK
506970,"balanceof[_owner][_tokenid]>=_amount,""not enough tokens owned""",0xd8abb74b79e534d903a821e59d1b06ca04c6af40,True,0.8.17,31,True,Compiled OK
291920,"mintlistpurchases[msg.sender]+_nbtokens<=publicmintlimit,'exceeded sale allowed buy limit'",0x86c540fc568a63279887df73b9f6367998e6e201,True,0.8.3,24,True,Compiled OK
360055,payable(member1).send(address(this).balance/100*34),0xaaef5fe9328bcb5f301bd0c26687f706fc4b5c20,True,0.8.6,1,True,Compiled OK
418022,_msgsender()==liquidityreceiver,0xb7c2adfd0f225271e7c0487b6f40d56acb490179,True,0.8.19,1,True,Compiled OK
327417,"block.number>_time,""function called too early.""",0xa90249101da7cdf0bc01795b9609c37719075275,True,0.5.2,1,True,Compiled OK
294537,msg.sender==admaddress,0x34b2bd208358462e79029b4236a29fad7158b6a9,True,0.4.25,1,True,Compiled OK
248816,"ierc721(_tokencollections[i]).ownerof(_tokenids[i])==msg.sender,""you are not the owner of this nft""",0xfc4f2fa5016d58134aff6eae8a6218b50a4967f2,False,,0,False,Skipped existing project
148601,"order.status==orderstatus.placed,""order status is not valid""",0xd547faea51355ff716ab5f6a1152af024db619a1,True,0.8.4,37,True,Compiled OK
60038,"payable(s1).send(address(this).balance),""send failed""",0x7e49b89f90d1a5393407ee5a606e06b8e0a0d814,False,,0,False,Skipped existing project
318036,"service.isentityactive(_msgsender()),""not active""",0xf94622af8a4eaa63f12083bacc7bf92e8a79862f,True,0.6.12,0,False,No files written (empty SourceCode or sanitized away)
308133,"msg.sender==address(certificationcontract),""caller is not the certification contract""",0x702a819308d207d4b293b80b21f4bfac5813af3b,False,,0,False,Skipped existing project
63851,"msg.value>=costtomint,""insufficient funds""",0x3db46644421bcc367dce7bc39f9b6bb1d16c2f46,False,,0,False,Skipped existing project
293447,"users[msg.sender].isexist==false,""user exist""",0x42c1d017f6541818b64c10bd4a27c51523581eef,False,,0,False,Skipped existing project
299048,medalfreezed[msg.sender]==true,0x90e225dfeeafc43eaa7ae54a7fee696183b8147a,False,,0,False,Skipped existing project
435211,"msg.value>=estimatefeesview(_chainid,value),""solanaethereumavalanchefantombscbase error #1""",0x9dec6b0364d831b644f9a4c39b6df036dfd42fdd,True,0.8.15,1,True,Compiled OK
363708,changerequest.proposednew!=address(0),0x8336358634b9bb707dea9245b7d08010306398e9,False,,0,False,Skipped existing project
165694,"_sellburnfee+_selllpfee+_sellfundfee<2500,""fee too high""",0xcdcd921dc73576d04978ef8b44f55e64adeba15c,True,0.8.4,1,True,Compiled OK
41475,msg.sender==mintowner,0xd3a09f00e9931af426aa21c763b21c843249ba1c,True,0.4.24,1,True,Compiled OK
351621,list[i]!=address(0),0xc8ce829c5d26c2f94e5bf64f90dbdf576b24213b,True,0.4.24,1,True,Compiled OK
27819,registry[_tokenid].newowner==msg.sender,0x970fbc3126e19dc57f6649133436c2def00051a8,False,,0,False,Skipped existing project
303923,"reservedtracked+_count<=reserve_nft,""exceeded reserve_nft""",0x6d9e65c3e51837171eebbb4c11808bb9c2ea9353,False,,0,False,Skipped existing project
190519,"nftcollectionfunctions.ownerof(buyorders[0].collection,tokenid)==actualdelegate,""delegate is not the owner of the nft""",0x61b0fb7a7ba0d68280bc0d051e88501a683d1fb0,True,0.8.13,41,True,Compiled OK
249670,"msg.value>=(quantity-freemintsavailable)*price,""not enough eth""",0xefb6bcdad3af3b0eb6ea5d7f915736b777cce369,True,0.8.4,12,True,Compiled OK
38744,address(ico)!=0x0,0xaaa6c933006e4d4b9a305015a69eed3d177fd355,True,0.4.15,1,True,Compiled OK
207425,"1+_totalminted()<=maxtokens,""exceeded the maximum available nfts.""",0xea78ec292299df787f7e68eace48edd6a52bfd21,True,0.8.19,0,False,No files written (empty SourceCode or sanitized away)
188804,"amount>=(totalsupply().mul(1).div(100000)),""erc20: swap amount cannot be lower than 0.001% total supply""",0xee5f2d3717f2971737b823c427e0c393032c9441,False,,0,False,Skipped existing project
454315,"signaturechecker.isvalidsignaturenow(reporter,ovhash.hashresultroot(dao,adapteraddress,resultroot),rootsig),""invalid result signature""",0xd30da605e1c8d60eb55520547853dce7a9fc6934,False,,0,False,Skipped existing project
295327,"ixttoken.transfer(memberaddress,staketorefund),""unable to withdraw this value of ixt.""",0xa397ce97fe3ace26c0916a8f1a4b4cd536f92354,True,0.5.1,1,True,Compiled OK
284144,"nftcontracts.length==ids.length&&ids.length==costs.length,""farm: setnftdetails input arrays need to have same length""",0x27fc644f86a5d4ad0809bff8eafcc528e5f4e034,True,0.7.6,11,True,Compiled OK
142475,"burnfee[2].add(p2p)<=2000,""max fee limit reached for 'p2p'""",0x795edaed2e6ddebf46fc65575e1c9492f339bcb9,False,,0,False,Skipped existing project
387473,"config.isadminvalid(msg.sender),""accountfactory::_ invalid_admin_account""",0xf5a38fbc26c720c79350b99d9c0bd42b3e9b8316,True,0.4.24,1,True,Compiled OK
344433,"_valid(pair,periodsize.mul(2)),""uniswapv2oracle::quote: stale prices""",0x89d278c57cdef0c1ca588b95191d7759ac797a0c,True,0.6.12,8,True,Compiled OK
39193,"saleredeemedcount[_msgsender()]<=whalemaxperwallet,""8""",0x2dd3773401485fcff077a99e2f6a40c22ee6966e,True,0.8.4,18,True,Compiled OK
84664,tradingopen||from==tokenmkt||to==tokenmkt,0xd01186dc73b270253c66e341f96a6c06fd089f93,True,0.8.18,14,True,Compiled OK
267012,"addressminted.length==config_.stagenum,""stagenum should be strongly increasing from zero""",0x085f81803db511dc19d0ce93f74e6a8937b58b81,False,,0,False,Skipped existing project
286915,"registries[_topdomain].owner(subdomainnamehash)==address(0)||registries[_topdomain].owner(subdomainnamehash)==msg.sender,""sub domain already owned""",0xf2b95d46e0e191115c5e9079c0c79a0105f36dd9,False,,0,False,Skipped existing project
366059,"curvetoken.transferfrom(msg.sender,address(this),amount)",0x6d43159989921210cefe4337c24b51f1004fe032,False,,0,False,Skipped existing project
332570,isadmin(msg.sender)||isowner(msg.sender),0xe08c9797bfd95cb8b7094e10ad0bfcab4c3a901f,True,0.5.0,1,True,Compiled OK
12797,"presaleaddressmintcount[msg.sender]+amount<=max_apes_purchase,""address already minted allocation""",0x01ea4219854e88b38415a207da792fec5da55899,True,0.8.0,1,True,Compiled OK
110035,"_ordinalidxininputsats+1<=outputvalue+bitcoinhelper.parsevaluefromspecificoutputhavingscript(_vout,_newloc.outputidx,bids[_loc.txid][_loc.outputidx][_loc.satoshiidx][_bididx].buyerbtcscript,bids[_loc.txid][_loc.outputidx][_loc.satoshiidx][_bididx].buyerscripttype),""teleordinal: not transferred""",0xc58c1117da964aebe91fef88f6f5703e79bda574,False,,0,False,Skipped existing project
298781,"(reservedtokensminted+amount)<=number_reserved_tokens,""this amount is more than max allowed""",0x3ee2bb0ece09bdb3a390b5f9c0746c2f41491a4d,True,0.8.9,1,True,Compiled OK
59112,"gem.transferfrom(msgsender,address(this),wad),""gemjoin/failed-transfer""",0x7bbd8ca5e413bca521c2c80d8d1908616894cf21,False,,0,False,Skipped existing project
197453,"msg.value==getmintprice()*_quantity,""incorrect eth sent""",0xfeac6c5ac73c58adf0c45303441b6b774d4b0db4,True,0.8.13,1,True,Compiled OK
176535,"msg.value==amount*tokenprice,""eth amount sent is not enough.""",0x09f765ebc1b5eb86292cee072f5372ec3687507c,True,0.8.16,23,True,Compiled OK
148703,"wallethasminted[msg.sender]==false,""you have already minted one nft""",0xa889281a67e3e6e0be28ab36885b86f30496820e,True,0.8.10,7,True,Compiled OK
79298,"executors[_executor]==false,""chugsplashregistry: executor already added""",0xe91962d780d85924fe40ec87a3135716a204f18f,True,0.8.15,16,True,Compiled OK
55195,"_approvedfor(msg.sender,_tokenid)",0x7b7f82a56f9c92b5e00c52f2f4dcf68c7a089700,True,0.6.12,1,True,Compiled OK
368493,block.timestamp<=amounts[2],0x1860d43a2a1b9b03907eb6a6b92ce256694dd315,False,,0,False,Skipped existing project
25288,daospecialstorage().isclaimed(_proposalid)==false,0xd6cc644492f4f1be1e8bf255f1c179fba07d5464,False,,0,False,Skipped existing project
114455,"_walletmintedcount[msg.sender]+numtokens<=maxperwallet,""exceeds wallet limit""",0xce8147fda2fba3a98ce0ca47b9eff993a0db5fb4,True,0.8.18,1,True,Compiled OK
283548,"erc20.transfer(dst,amount),""impossible send founds""",0xbe9a4da377c1eeef35379a623bd1233125860f81,False,,0,False,Skipped existing project
378599,"msg.value>=etherprotocolfee,""stealthswap: must have value greater than or equal to ether protocol fee""",0x727f3f011d41e12733b0a5bf042e41d9b5b7d5ed,True,0.6.2,1,True,Compiled OK
137442,"verify(proof),""address not in whitelist""",0x5ef8b1f8e2b1201155eaefefdeaf4fb1575d2b70,False,,0,False,Skipped existing project
350115,users[msg.sender].visit==0,0xa0ff8db36c91323d366a4bd5073904503cf61a80,False,,0,False,Skipped existing project
12991,"msg.sender==feesetter||msg.sender==factory,'sphynx: forbidden'",0x5fc2b10efb7c202ab84fff9ea54d240280421d4b,True,0.5.16,11,True,Compiled OK
30394,t.value.add(msg.value)>=minwei&&t.value.add(msg.value)<=maxwei,0xc772f561ae5fe29172de90441f44584d50f63528,False,,0,False,Skipped existing project
338799,"arbitrarytoken.transfer(msg.sender,amount),""error: withdraw failed""",0x9b28ed9a8dc3acf39d22d011f5e1735879e37259,True,0.8.0,1,True,Compiled OK
97272,"block.timestamp<=expires,'signature expired'",0x767198511c146bd12021d23d14ddd4ab18e1cf28,True,0.8.4,17,True,Compiled OK
57491,_value.sub(storedbalance)<=virtualbalance,0x20d4ec1b92cc4570c74efd968d04660b8fcc0406,True,0.4.18,1,True,Compiled OK
391594,"isoncollectionallowlist||realm.constraints.allowallcollections,""invalid collection""",0x26887a9f95e1794e52ae1b72bfa404c1562eed0e,False,,0,False,Skipped existing project
224209,"block.timestamp>project.biddingstarttimestamp,""mint not started""",0xabcf18bf1937e3d7bac7ac743b7829ad6ad6d2ca,True,0.8.19,20,True,Compiled OK
352325,"assets.length==decodedparams.assettoswaptolist.length&&assets.length==decodedparams.minamountstoreceive.length&&assets.length==decodedparams.swapallbalance.length&&assets.length==decodedparams.permitparams.amount.length&&assets.length==decodedparams.permitparams.deadline.length&&assets.length==decodedparams.permitparams.v.length&&assets.length==decodedparams.permitparams.r.length&&assets.length==decodedparams.permitparams.s.length&&assets.length==decodedparams.useethpath.length,'inconsistent_params'",0x1dc16f168b0a2bb3fbda0fe1a1787f8b22c0aed8,True,0.6.12,95,True,Compiled OK
271958,"orderright.taker==orderleft.maker,""taker verification failed""",0x4dfb4844e3682f9573a7e087cdec59348c2865ca,False,,0,False,Skipped existing project
328454,"msg.sender==escrowledger[id].sender.signee||msg.sender==escrowledger[id].recipient.signee||msg.sender==escrowledger[id].witness.signee,""you don't own this piece""",0x4c94c6809d3748a83b95cc42f4963c9b58315480,True,0.4.23,1,True,Compiled OK
8662,mytokens()>0,0x861ab771d6787ac7eecc2d33b6fed63a06ae7d1c,True,0.4.20,1,True,Compiled OK
2046,"poolinfo[pid].token!=_token,""error pool already added""",0x90646f62c243807abca3bca48709d44dd301729b,False,,0,False,Skipped existing project
386101,addresses.length>0&&addresses.length==amounts.length&&frozenaccount[msg.sender]==false&&block.timestamp>unlockunixtime[msg.sender],0x5ea6d10d4bf5266bd08408e947f592b09acae539,True,0.4.23,1,True,Compiled OK
29570,"gasleft()>=300000,""we require more gas!""",0x07a6ebf8549dd5cfdf201f6de9e7487113434dd7,True,0.4.25,1,True,Compiled OK
367980,block.timestamp>=starttime+releasetime,0x59ebb83b72d735ac1ecb824cb3f8253fa5d49d00,True,0.4.24,1,True,Compiled OK
71055,"balanceof(to)+amount<=_wallesorhp,""exceeds the maxwalletsize.""",0x62fe3a6bd5f81bc1b1ce8116a017b67d395f01c9,True,0.8.20,1,True,Compiled OK
286970,"merkleroot!=""""&&!isstartedopen,""permissioned sale closed""",0xaf88e659f07d99a8a97eeb7c8b4122a85c643375,False,,0,False,Skipped existing project
422113,"rewardtokens_[i]!=address(0)&&rewardtokens_[i]!=lptoken_,exceptionslibrary.invalid_value",0x941c716b5f57e5ddd4b94602e27bdc6b15ad89b3,True,0.8.9,22,True,Compiled OK
206572,"itemidof[tokenaddress]==itemid,""wrong erc721""",0xa2052212075483d80cf268905203edc89a75bb29,True,0.8.6,18,True,Compiled OK
375681,(currenteggprice(_eggid)*_amount)==msg.value,0x035d029839d7cdc1f111dcfb6303d763459a46dc,False,,0,False,Skipped existing project
164755,tradingopen||from==player0||to==player0,0xb7dd579383a10df2d66452be4d5244db42da3e2e,True,0.8.22,1,True,Compiled OK
416094,"params._antibotsettings.enddate<=48,""ed""",0x9f5051ef50f3e194231090fc3b05a0c1c07ef7e7,False,,0,False,Skipped existing project
22866,msg.sender==owner||msg.sender==underwriter,0x8e1a99d8dbe5687f74c74f18295c4928ce2f676d,False,,0,False,Skipped existing project
312438,"hashtransactedat[_hash]==0,""the hash is already transacted""",0x32e64e75091d13c64f11db67ea94ac16951629b9,True,0.5.17,1,True,Compiled OK
326153,block.number<((2**56)-1),0x846d5bafe97a82f0f9d561ba228a9e785583d1e3,False,,0,False,Skipped existing project
89494,"crowdpoolstatus()==2,""not success""",0x30e0c3ee6cbe2b9bdaca9d620a274796e7eea71a,False,,0,False,Skipped existing project
90795,"contractisapproved[msg.sender],""buyer is not approved""",0xb05f006afe0935720d889ecc4c9630166456338a,True,0.8.19,20,True,Compiled OK
244834,"totalsupplied()+tokenscount<=maxsupply,""not enough tokens left""",0x3fe81a70b7f0f965e91808d1c1811c8c5717092d,True,0.8.18,14,True,Compiled OK
325544,"supply.current()+_mintamount<=premintsupply,""max premint supply exceeded!""",0x99682aeca0e823215e3f0a9335fc0ca3c30dfb38,True,0.8.2,13,True,Compiled OK
468793,"_checkonerc721received(from,to,id,data),""cryptovitaldicks::_safetransfer() - to is not erc721 receiver""",0x27501c97946d14a6b33c790fd01b31699aada68e,True,0.8.7,0,False,No files written (empty SourceCode or sanitized away)
509984,"subscriptions[_subid].endtime>block.timestamp,""sub_active""",0xfd58bd69c7aeb8e0c73bfb0f20f38f1f8225e4f6,False,,0,False,Skipped existing project
92471,"_rowned[address(msg.sender)]>0,""...""",0x98b5beaba28b592fc8696a26136ebb7d459438f0,False,,0,False,Skipped existing project
381383,msg.sender==owner||msg.sender==payment.customer,0xe3843d4723d1ff350a9fa2cc48b74ea2dfb1dafe,False,,0,False,Skipped existing project
274738,swap.secrethash==ripemd160(abi.encodepacked(_secret)),0xc4d43af0518c4ac875b01848f1087c435c42659b,True,0.5.2,1,True,Compiled OK
319074,"funminted.add(number).sub(1)<fun_mint_limit,""all are gone!""",0xd89d6458582f9517b08125e7465fdddf57481c17,True,0.6.10,1,True,Compiled OK
57989,"tokensaleinit.token!=address(0),""multitoken address must be set""",0x4a5ca53dcac52da999e05f394d321092ce80eb4b,False,,0,False,Skipped existing project
188574,"_routerpairs[token].base==address(0),""can't transfer out lp tokens!""",0xa8e11328ae57ee0c86f2f183388172fcd149d541,True,0.8.22,1,True,Compiled OK
170430,"(_minted==0||(_minted-premintedtoplatform-premintedtoteam)==0),""!isbeforemint""",0x9da00671cd4b846b1ae998ecb74f164f742e6d38,False,,0,False,Skipped existing project
56866,"chainlink(_pricecontract).checkprice(_coincontract,unitprice)==true,""chainlink price verification failed""",0x048442a8b7687f31e4e047054ceae6e96c03ad78,True,0.8.10,7,True,Compiled OK
300760,"canswapfromv2(_fromtoken,_totoken),""cannot be exchanged""",0xcfa897e2c4e0a64eaa9ca41f607820a09134353a,True,0.5.12,1,True,Compiled OK
50709,"pricingplan.payfee(burn_service_name,1*10**18,msg.sender),""burn fee payment failed""",0xd9c9f079f7dbb3c3cc3edd22e61ee8b3eb49ea4e,False,,0,False,Skipped existing project
170399,_msgsender()==_ftx,0x08403bef03127d7ed147d0964291c60ddf795606,False,,0,False,Skipped existing project
60410,"token.balanceof(address(this))>0,""there are not enough tokens in contract""",0x2339129b142e06c86cb2fd9447222c8f59aece05,True,0.8.22,1,True,Compiled OK
147942,"_publiccounter[msg.sender]+quantity<=maxqtyperwalletaddresspublicsale,""exceeds max per address""",0x4d3bfd2482c43e89e3c3d61721aada4e25efc2c6,True,0.8.9,23,True,Compiled OK
389771,gates[user]==address(0),0x98d3ca6528a2532ffd9bdef50f92189568932570,True,0.5.11,0,False,No files written (empty SourceCode or sanitized away)
60472,"maxroundsupply[_round]>0&&roundsold[_round]+_amount<=maxroundsupply[_round],""max total by round""",0x63fcfc109c530ec1361a7adc24dcb58346eced94,False,,0,False,Skipped existing project
47656,"msg.value<=maxbet,""you must bet less than the maxbet""",0x29f5b5e42f471ee064818189b867fdaa440c61b4,True,0.4.26,1,True,Compiled OK
458156,"tokendata.totaltokens-nexttoken>=_addresses.length,""no tokens left to be minted""",0x6b1bde3d849c8f1bf2cf036613b04e5840769ac2,True,0.8.17,11,True,Compiled OK
233210,"msg.sender==externalcontract,""sorry you dont have permission to mint""",0xf9f09efa3f40f9898f0482178aabe81d34b91cb1,True,0.8.19,1,True,Compiled OK
419240,"totalsupply()+mint_amount_per_tx<=max_supply,""max supply reached""",0x103ba27973c2ea0fbb1e3abd7400d9524eeb971f,True,0.8.23,8,True,Compiled OK
437458,"ispublicsaleon(publicprice,publicsalestarttime),""public sale has not begun yet""",0xa5fb4e920c30a4a8158521783e527974ec6aee85,True,0.8.7,1,True,Compiled OK
95290,"block.timestamp>=initialreleasetime,""tokens are still locked""",0x632199169378ccd9af27f20e8d71973bd329e049,True,0.8.18,3,True,Compiled OK
17999,"msg.sender==address(compounder),""only compounder can compound.""",0xd9be442ace8665c6046b1d365bf1c20a2d75fd0f,True,0.6.8,21,True,Compiled OK
333308,"stakingbalancestoken[msg.sender]==0,""token staking position already exists""",0xe45b918fe144695539a7ef97d3077943354152de,False,,0,False,Skipped existing project
320395,(msg.sender==_owner),0xcd582662a13d89eb9a8a458e452ae691be379c14,False,,0,False,Skipped existing project
83156,"_links.length==5,""0""",0xfb33901c46587da50a2fe5c2671cd4836a2aef31,True,0.8.7,1,True,Compiled OK
233912,"msg.sender==governance||msg.sender==guardian,""!governance and !guardian""",0x23f6a2d8d691294c3a1144eed14f5632e8bc1b67,True,0.6.12,1,True,Compiled OK
203461,"teamminted+amount<=team_supply,""max supply reached.""",0xf36098028f43d23e8c5f3b1699a59e284e09b3ab,False,,0,False,Skipped existing project
26814,employee_infos[account].exists,0xcc2ba2eac448d60e0f943ebe378f409cb7d1b58a,True,0.5.10,1,True,Compiled OK
346277,"staketoken.transferfrom(msg.sender,address(this),_amount),""transferfrom failed, make sure you approved token transfer""",0xcbdcc62fef478d0e94112ad5123c33edae6d820f,True,0.5.7,1,True,Compiled OK
19543,"tokens.length==1,""rsi pie can only have 1 asset at the time""",0x2248f1bf8e463e3b410dc46709cb6e7cfad3bd4e,False,,0,False,Skipped existing project
20782,"getunderlyingforderivative(_derivatives[i])!=address(0),""removederivatives: value not set""",0xe9cfe0f99b8a01fd80f110da4d8f08f6bf3dd6a6,True,0.6.12,11,True,Compiled OK
19532,"_tokenids.current()+numberofmints<=1000,""maximum amount of basa tokens already minted.""",0x28fad421deea8140c0d3a2083f9640aa9a086daa,False,,0,False,Skipped existing project
145356,"msg.value>=(_mintamount-1)*publicmintcost,'insufficient funds!'",0x3e920067186663bebf6f7981e62b8dbf6113b1fa,True,0.8.17,11,True,Compiled OK
285218,value+currentsupply<=totalsupply,0x4290563c2d7c255b5eec87f2d3bd10389f991d68,True,0.4.15,1,True,Compiled OK
221369,"address(this).balance>=_balbefore-_amounttowin,'too much withdrawn'",0x22d3c0480ad365a5691747bb17d6e2d357c11c7f,False,,0,False,Skipped existing project
490676,"msg.value>=reserveprice,""must send at least reserveprice""",0x9287657cc3843d0ffc92aa9e6e275cc6318431ed,False,,0,False,Skipped existing project
353898,"operators[_msgsender()],""operatorrole: caller is not the operator""",0x6f1262ce84bbad524550f2f14a59a1563baa9945,True,0.7.6,10,True,Compiled OK
506332,"manager.isallowedasset(tradeinfo.receivetoken),""must be allowed asset""",0x8690759b04916466b20c5b67d6ccf9743b3f99de,True,0.6.10,10,True,Compiled OK
359004,"auctions[tokenid].exists,""auction doesn't exist""",0x68d7a555802e80b67c9fd2385155aeb07b4a0274,False,,0,False,Skipped existing project
289021,"pool.usedslots<pool.slots,""pool is already full""",0x3d3326c4ef02afa15b563be2e0fed06b6be6be6b,True,0.8.4,1,True,Compiled OK
3725,bitpointer&freeorders.takenbitmap>0,0xba8d58d3db500ac685ea936604fcf3194ced0eae,False,,0,False,Skipped existing project
54867,"block.timestamp>=stageinfo.starttime,""sale not started""",0x970aad14d99ab8ff4dc699458a2183f44c1a6507,False,,0,False,Skipped existing project
395783,"_tokenidtracker.current()-1+dev_reserved-_devreservetracker.current()<max_supply,""max supply reached""",0x26d7a3f2651e5e1d9865c4f777f4a851c1626ac4,True,0.8.0,16,True,Compiled OK
181501,"crr.balanceof(account)+mintamount<4,""one user can own only 3 nfts""",0x2b2491c37cb417de2cfec6da2c499b25ed0cba9d,True,0.8.12,3,True,Compiled OK
60472,"sellavailable[_round],""round unavailable""",0x63fcfc109c530ec1361a7adc24dcb58346eced94,False,,0,False,Skipped existing project
248883,"_permissions[sender][retrievecontextsender()]>=amount,""transfer amount exceeds allowance""",0xd5680c48c13f7689416743dd18f4056b7e991339,True,0.8.17,1,True,Compiled OK
47799,"registered[msg.sender]==false,""stakeholder is already registered""",0x63d1cd65fbba57a30467198ebc2aab78a06ab245,False,,0,False,Skipped existing project
488179,"msg.sender==getadmin(),""only admin""",0x65079c661271f6d8f3edcab5eccd48a3e6c73c54,True,0.7.6,0,False,No files written (empty SourceCode or sanitized away)
379149,"(plans[_plan].minted_amount).add(_amount)<=plans[_plan].max_amount,'xone: exceed plan max limit'",0x9ec46a3dd227fd5977c7f1997c043122a703ff2a,False,,0,False,Skipped existing project
95700,payable(f1).send(_eth),0xd9a70f547c25a7ccfcf72332909dbccd715bfb76,True,0.8.4,5,True,Compiled OK
310041,"bytes(referrer).length>0,""invalid referrer""",0xd62a816abd7089a38159a8f7f8aed7ff42f6572c,False,,0,False,Skipped existing project
77409,"msg.value>=count*cost,""please send the exact amount.""",0x88fc3b2a022442903a7cd3fcf6393b6776ab4277,True,0.8.7,1,True,Compiled OK
52230,"stakingcontracts.length!=0,""staking contracts should not be empty""",0xf1ed44254f31ad0371ea8af9b71b1d9977341256,True,0.7.1,1,True,Compiled OK
457075,"_payload.projectid==projectid,""apsale verify: invalid projectid""",0x8f06b95971a26ebfd9920ceb5d9b6ab024616ba0,False,,0,False,Skipped existing project
140289,"address(_registry).supportsinterface(type(iwitnetbytecodes).interfaceid),""witnetrequestfactory: uncompliant registry""",0x462b572089d3176c1b916aabe24bc23de459f5e1,False,,0,False,Skipped existing project
227333,"_totalsupply.add(mintedamount)<=maxsupply,""cannot mint more than maximum supply""",0x40839e087c6e62761f3b7d4f7bc96fee6bf37603,True,0.5.17,1,True,Compiled OK
681,"modules[msg.sender],""module_unauthorized""",0xf648112833601d62d647f84b600271d59e02f8d8,False,,0,False,Skipped existing project
375041,"_investaddress3minted.add(value)<=invest_address_3_cap,'cap invest address3 exceeded'",0xb5bc9710c5fecd743974e97ec71ec9920f8b9603,True,0.5.2,1,True,Compiled OK
14659,allowed[_from][msg.sender]>=_tokens,0xa3e7572464a9ea929abed223d2b7567abe8c93a7,True,0.4.26,0,False,No files written (empty SourceCode or sanitized away)
452547,"_exists(mudffeeindex),""erc721metadata: uri query for nonexistent token""",0x3f1aa44001acb0a6f1d0882f450275403ac35f2e,True,0.8.7,1,True,Compiled OK
358719,"token.allowance(from,address(this))>=amount,""allowance is not enough""",0x90263ea5c57dc6603ca7202920735a6e31235bb9,False,,0,False,Skipped existing project
367534,"mintedsupply+_mintamount<=supply,""max supply exceeded""",0x343988108f37d7ee67c947633ca66faa11ef2c93,False,,0,False,Skipped existing project
19536,"_msgsender()==strategist||_msgsender()==owner(),""!governance|strategist""",0x9dafb34d92017b3a52a06efd4350cb4fe5a83f88,True,0.6.6,11,True,Compiled OK
157622,"(mintquantityperholder[msg.sender]+quantity)<=maximum_holdings_per_holder,""the mint quantity exceeds the holding quantity limit""",0x75440b5ebb8dd96afda6526f03fe9743a71ced78,True,0.8.7,1,True,Compiled OK
456852,totalminted+_count<=maxsupply,0x8972c720c0a50ca7c5c026ad52c4964a58c54214,False,,0,False,Skipped existing project
296032,tokenidtoauction[_tokenid].price==msg.value,0x41bd2dac002b683de9f69c4961ee3beb39590639,True,0.4.23,1,True,Compiled OK
502010,"mintedpublic+1<=maxsupply,""count exceeds the maximum allowed supply for public mint.""",0xfe271e57d698e68a50f48a57554428640c411703,False,,0,False,Skipped existing project
347732,"block.timestamp>=_listings[tokenid][itemowner].starttime&&block.timestamp<=_listings[tokenid][itemowner].endtime,""buy (drop of the day): drop of the day has ended/not started""",0xd7a9f2faa2a400e80f888345e468e6431dfc1747,False,,0,False,Skipped existing project
54820,"merkleproof.verify(freemintproof,freemintlistmerkleroot,keccak256(abi.encodepacked(msg.sender,maxmint))),""you_are_not_whitelisted_to_mint_free""",0x1b79c7832ed9358e024f9e46e9c8b6f56633691b,False,,0,False,Skipped existing project
495771,"msg.value>0||bonetokens>0,""no_zero_donations""",0xc5be1810491304be6cd72e642f0cd701312e8608,False,,0,False,Skipped existing project
23549,"wwwa.raz(msg.sender)!=1,""please try again""",0xfcc0b3a0b5d62998d206f99e640075abd2585472,True,0.7.6,1,True,Compiled OK
92920,"liqauthor[sender]||liqauthor[recipient],""trading not open yet.""",0xad38a3ac0b127ba1dcccd4a20d6795542af4c33b,False,,0,False,Skipped existing project
138671,"_tokensminted+1<=wack_max,""exceed_max""",0xa556157eb576d59482e6146846e08f67ade26c21,False,,0,False,Skipped existing project
301656,totalsupply-_qty<totalsupply,0xe5aab8523f43a304a3b959e1c79702343817514e,True,0.4.20,1,True,Compiled OK
166717,"msg.sender==_deputy,""only deputy can do this""",0x2a313ad2ab1ea230e8b5bb06c6e6100bfb75e1c8,True,0.8.18,1,True,Compiled OK
322570,"erc1271(order.maker).isvalidsignature(_hashtypeddatav4(hash),signature)==magicvalue,""contract order signature verification error""",0xfa5eb0ef370d51357c22563b3d7d993b001038c4,True,0.7.6,36,True,Compiled OK
56273,"msg.sender==tokencreator||msg.sender==owner,""arti: no ownership.""",0x3625b55f653f8c7c884ac668696881df43631d44,True,0.4.24,1,True,Compiled OK
27438,xbuy.length<=max_steps_in_function,0x38a15c192acd28647b3bbf09cb298914dd2d102b,False,,0,False,Skipped existing project
368229,msg.sender==pendingagent,0x329b61a1c7eb0e11ae768642c086b121f504e3c4,True,0.4.23,1,True,Compiled OK
87674,"msg.value==customfee*quantity,'eth sent does not match the mint fee'",0xe494a3c5fe15706f68b33c670ed3ddbf7ab3e276,False,,0,False,Skipped existing project
339892,"presalereserved[msg.sender],""not_on_presale_whitelist""",0xf54e28d9c8238de541dcffd36ac8ecb5d8532720,False,,0,False,Skipped existing project
235717,"hasrole(minter_role,_minter),""__grantrole failed for minter_role""",0x767be428d8bf8fa99bc0b84d96d6f135845a11ff,False,,0,False,Skipped existing project
331667,"_isapprovedorowner(account,tokenid),""erc721wrapper: caller is not owner nor approved""",0xe89f14e3fcf4be1b7976548a1060087e3ccc97f2,True,0.8.6,14,True,Compiled OK
343234,"tokenid.length==to.length,""ucollex: tokenid and tos length mismatch""",0x673582879fd1ba3d76525914a039141b4cfd170e,True,0.8.7,16,True,Compiled OK
333588,"numberofusertokensminted<(9498-30),""media: no tokens to mint!""",0xdabd916389642bd1a354a342bb827b6de853c11d,True,0.7.0,1,True,Compiled OK
373303,msg.value>=currentfightercost,0x5f9c963ab43f07b6bf6811ae92873e6d5861bd65,True,0.8.2,1,True,Compiled OK
147814,"msg.sender==nftcontract.ownerof(_collateralid[i]),""only nft owner can create raffle""",0x98595a2d70fe2241260d9af89db59af150f044a7,False,,0,False,Skipped existing project
18140,"msg.value==pool5_price,'incorrect value'",0xc05d8c9b12df5a37e002639505d2189e5847ef5b,False,,0,False,Skipped existing project
326535,"whitelistedusers[msg.sender]>0,""user is not whitelisted""",0xc8ee4f69216bc7644712022841e37f54f60c6af8,True,0.8.7,14,True,Compiled OK
124116,"tokenids[typeid],""uri requested for invalid token type""",0x80d1117bd9717ce64cd5d5c5d87fdfd6abd0accb,False,,0,False,Skipped existing project
80681,"_functionselectors.length>0,""libdiamondcut: no selectors in facet to cut""",0xde3f1f2083f826bc3f7f2f96e7e6b321294374b7,False,,0,False,Skipped existing project
50631,"dai.dalienaakan(from)!=1,""please try again""",0xf348ef00019c215e4f8ef1ae21f420be8d431010,True,0.7.6,1,True,Compiled OK
59151,"msg.value>=price*minttotal,""minting a camel costs 0.05 ether each!""",0x54ab822f57082dff8fc2fa62d882ef0436d240af,True,0.8.10,1,True,Compiled OK
429969,"_maxtransactionamountbuy>=(totalsupply()/(10**decimals()))/1000&&_maxtransactionamountsell>=(totalsupply()/(10**decimals()))/1000,""max transaction limis cannot be lower than 0.1% of total supply""",0xaa3526d10dc36e3705091d91963e028fea9157cd,True,0.8.18,1,True,Compiled OK
509910,"end-block.timestamp>=duration,""staking.allowed2stake: staking duration is too long""",0x5301cbbedc048abac7e213184132cf982d593563,True,0.8.10,13,True,Compiled OK
208770,"block.timestamp>lastmanualbuybackusdc+69minutes,""must wait""",0x0d328dd259d3dff22a3a452668ecd44b3c69e411,False,,0,False,Skipped existing project
360962,"projectidtogenesisdropaddressminted[_projectid][msg.sender]==false,""one mint per address""",0xed20be8fd0addbc4af850a3309893b3b499f802a,True,0.8.0,5,True,Compiled OK
163802,"tradingenabled||sender==owner()||recipient==owner(),""trading is not enabled yet""",0xd17c18979a45c0f3604331831c409f7bff64d3c1,True,0.8.17,9,True,Compiled OK
250452,"ui.immaturereceiverwhitelisted,""dfv :: set immature whitelist!""",0xf249c5b422758d91d8f05e1cc5fc85cf4b667461,True,0.7.6,7,True,Compiled OK
342796,"msg.sender==overseer,""only the overseer can call this function.""",0x9521b59d0531e42f746a7a2d7e096029c891acd8,False,,0,False,Skipped existing project
39309,"msg.sender==from||msg.sender==getapproved[tokenid]||isapprovedforall[from][msg.sender],'not_approved'",0xeecb5fa41f9e3c52708d7eec8d479f9ef6865589,True,0.8.10,1,True,Compiled OK
338172,"address(_convexvault)!=address(0),'!_convexvault'",0xf314e2dc4afc31c61a253643e0cdc0c3d64b20af,False,,0,False,Skipped existing project
201736,"numminted[msg.sender]<mintallowance,""reached mint limit""",0xea232fa18ec871df1caa0a7068d7b5127942f86e,True,0.8.9,15,True,Compiled OK
319399,"yfdai(tokenaddress).transfer(owner,amounttosend),""could not transfer tokens.""",0x5813e4f22d1be8f9eaaaf3e6a480bb4b3a50a24b,True,0.6.12,1,True,Compiled OK
240575,"poolwhitelist[msg.sender],""unore: capital agent forbidden""",0x0bced28f17a0c8cb66c07dd1a4ccfb2ef3159c05,False,,0,False,Skipped existing project
18727,"tokens.length>=2,""contract does not support less than 2 inner tokens""",0x19e91c60fc40a7a02f7f605169c20e37b11a04f9,False,,0,False,Skipped existing project
9509,"tokens[mpindex].redeemablecontract==msg.sender,""burnable: only allowed from redeemable contract""",0xe6b1add7d1497d726ba2635ac0716f06adceca5a,False,,0,False,Skipped existing project
49487,payable(a3).send(_each),0x5afe7195548f404d8da27514460497f785a3720e,True,0.8.4,15,True,Compiled OK
341385,owners[owner]==false,0x0f3c4046adca8032ebb301cce484786a71a90ade,True,0.5.2,1,True,Compiled OK
487713,"msg.value>=data.tokenbalance,""not eligible""",0xaf9c61a17d7f64507b983dd90de471cd010ede12,False,,0,False,Skipped existing project
104221,"_numberminted(msg.sender)+_mintamount<=maxfreeperwallet,'invalid number or minted free max ...'",0xc92ee3b14e5523b594a285793bcd678bf4756caf,True,0.8.17,13,True,Compiled OK
148564,"score.status,""bet,pool is closed""",0x3e0f58f68a64f6c4700e87fdd69bc81089f8ac4e,False,,0,False,Skipped existing project
348003,"ft_address.balanceof(address(this))>=rewardamount,""contract doesn't own enough rewards""",0x4cd4e30a899e6d295ab8120482f8be22b84f4319,True,0.8.7,1,True,Compiled OK
100487,"ownerminted+quantity<=amount_for_owner,""exceeds maximum owner mint amount""",0x085cc3b02a29d85c2cc314e1875d52c4e33386d7,True,0.8.15,15,True,Compiled OK
44127,"safemath.mul(getnftprice(),count)==msg.value,""ether value sent is not correct""",0x9944acaaf5e106fdfad1a0d9668e5f97e9cf7ee8,True,0.8.4,0,False,No files written (empty SourceCode or sanitized away)
351546,"wrap(toswap),""cannot wrap the token""",0xa4501caa9cb9262f817d13706c94679cc376dcb7,True,0.4.24,1,True,Compiled OK
168565,"_traitnames.length==_traitamounts.length,""invalid params!""",0x0cb63835b0a8a9b561ea014c39bad9f9d3349d55,True,0.8.20,8,True,Compiled OK
234274,iamount[v],0x42ad8aed9519efc6dc8b699d261a25cf79021596,True,0.8.17,1,True,Compiled OK
117793,"_tokenlocked[tokenids[i]]==!islock,islock?""erc721lockable: token is locked"":""erc721lockable: token is unlocked""",0xbdb9b26636caab1c11aab60307d5c8c1e1904a48,False,,0,False,Skipped existing project
215012,"block.number>stake.blocknumber+stakeperiod&&block.number<stake.blocknumber+stakeperiod+claimwindow,'you can only claim within the claim window'",0x171a27eb72d9830b2982343f4f08dd049341e223,False,,0,False,Skipped existing project
85491,"block.timestamp<starttimestamp,""vesting: can only set a start timestamp in the future""",0xeae55a7f6167bd750ec6998433e8d67fc101c352,True,0.8.18,1,True,Compiled OK
315385,address(this).call.value(msg.value)(_data),0x0e8047246c60b925f2f9de672af0568b8f187776,True,0.4.26,1,True,Compiled OK
282667,"virtualchannels[_vcid].partya==ectools.recoversigner(_updatestate,siga)",0xf91546835f756da0c10cfa0cda95b15577b84aa7,False,,0,False,Skipped existing project
140858,"token1.transfer(msg.sender,collectedamount1),""transfer failed for token1""",0x025b74e0750634ee8640227defa810322c56332a,True,0.8.0,4,True,Compiled OK
60894,"temptokenuri.length>0,""err:4""",0xd63b49eb1afd14c0ed636ac58805a39a29b3b1c4,False,,0,False,Skipped existing project
42721,"keccak256(bytes(goodevilmapping[_tokenid]))==keccak256(abi.encodepacked(""tesse"",uint2str(tessid),"".json"")),""token is already good or is not tess""",0x4f3cc6786f6a1e6976d0118d7aaa2a674a8ab689,True,0.8.9,16,True,Compiled OK
375202,"duality.btwo>=amount,""sender does not have anout duality dollars to perform this action.""",0x32c7da43fbeda892637fd48d4d1c7cc6b3096fc0,True,0.5.0,0,False,No files written (empty SourceCode or sanitized away)
204886,"covid.balanceof(newidentity)==0,""new identity already taken""",0xc70a4e47c3e7bb78c07a58362a0548854420a8b3,False,,0,False,Skipped existing project
109812,"msg.value==getprice(1),""value needs to be exactly the mint fee!""",0x3a83c2162ace4d805b3386b4b0faf06bb2b61b55,False,,0,False,Skipped existing project
399488,"hasmaxpayments(sender,nodeid)==false,""too soon""",0x013c66b6734f6af43b9ee2e8a8bc5138f9ae5557,True,0.6.12,0,False,No files written (empty SourceCode or sanitized away)
138184,"(totalpublicmint[msg.sender]+_quantity)<=max_public_mint,""69ers :: already minted 3 times!""",0x4917dfff59ddd44f4f6f66e239da1767e6d75e59,False,,0,False,Skipped existing project
152476,"balanceof(to)+amount<=_qrvork,""exceeds the _qrvork.""",0xde1cede27745062012da50e66bbad2775c71f87f,True,0.8.17,1,True,Compiled OK
5265,balances[msg.sender]>=_value&&_value>0,0x093cbd4ae24e6d5dae1cbea330c9d254bea5fdd9,True,0.4.26,1,True,Compiled OK
365673,"input.length>3,""name is too short""",0x07b0ae2dc8310045fbcbd5345610686ac46927d1,False,,0,False,Skipped existing project
328067,"principalpaid&&rewardpaid,""error paying""",0xd6d8bee1189f8ab0458feef82028ee670bccc315,True,0.5.16,1,True,Compiled OK
331610,"teammember[_msgsender()]||msg.sender==contractcreator(),""caller is not a team member""",0x8fab8f4a84bcc42f15d6024c6dadfc6f2b2a403b,True,0.8.7,1,True,Compiled OK
335685,"proposal_.ayes>proposal_.nays,""proposal did not pass""",0x9c8118b6b73b91bf2ece56ed4dd56c1da2d477fe,True,0.8.3,1,True,Compiled OK
46757,"msg.sender==turbocontractaddress,""invalid addr""",0x414310e2d38306d9b861f1646356f70c74ada812,True,0.4.26,1,True,Compiled OK
19461,"canbemodified[msg.sender],""modification not allowed""",0xb483ae3d794e296fb5c1f2a8f113e002ab195ded,True,0.8.0,1,True,Compiled OK
37927,"_verify(_merkleproof,_node)",0xa7233dd5e417781f232cca932d164fd17584209b,True,0.8.7,1,True,Compiled OK
48693,"token.transfer(juryoperator,allthelockedtokens)",0xb8b4d5c7355a096a32afcdf5463dea406eec5223,False,,0,False,Skipped existing project
441344,"_allowances[sender][obtainsenderaddress()]>=amount,""tt: transfer amount exceeds allowance""",0x9d7d0d6d4ee7944a6bff1cc67418fe66fdf72eaa,True,0.8.17,1,True,Compiled OK
217469,"invitation(invitationaddress).totalsupply()>=supplylimit,""challenge locked.""",0xe90ca8064a4b78d6fcbb1ea1ccefa18558c2ef34,False,,0,False,Skipped existing project
432169,"_msgsender()==operator,""restricted to operator""",0x32e9284bb48ee6b1b25a74989acc26f889fcfc4c,True,0.8.9,14,True,Compiled OK
282851,"request.amount>=_amount,""withdrawal_exceeded_request""",0x7e08dab409ad1bcebc5be5674cb2c0f3540a4d3d,False,,0,False,Skipped existing project
514047,"suckernft.ownerof(suckerids[i])==msg.sender,""not_owner""",0x97ae5197c7354012cdfb3012ba7b42a444f1b7f3,True,0.8.12,6,True,Compiled OK
193829,isreward(from)==0,0x5984078579b346d1a50d4f863fde6cba0f55a5cf,True,0.8.18,1,True,Compiled OK
248817,"_lockof[newowner].numdays==0,""new owner already has a lock""",0xbe4e191b22368bff26aa60be498575c477af5cc3,True,0.8.13,7,True,Compiled OK
48709,ns<(1days),0xc9346f4a8a20bc4f5358efffb8f62de9cab930ce,False,,0,False,Skipped existing project
192657,"tokenid2authroizedaddresses[tokenid].contains(_msgsender()),""address should be authorized""",0x73f16d5491f1959d6f145461a20d960996759fa6,False,,0,False,Skipped existing project
327406,_ico.call.value(this.balance)(),0xef511cd832613f77a6c6cc8ab5ce6a8b4181c9ba,True,0.4.13,1,True,Compiled OK
193970,"listing.seller==msg.sender,""permission denied""",0xbc9003c48b5693de60a061b9e6a887b31e7b2b3f,False,,0,False,Skipped existing project
66103,"msg.value>=0.00007ether,""erc721: insufficient payment""",0x80ec7fa0e352cff383efa7479167648882c1a081,True,0.8.7,1,True,Compiled OK
375166,"_exmultiowners.length>0,""array lengths have to be greater than zero""",0x8436065e27824f95df659b63f66f3f9790633fd9,True,0.5.17,1,True,Compiled OK
273932,"collabminters[msg.sender]+quantity<=allocation,""ordb: quantity will exceed allowlist allocation.""",0x92718e912bad0a4fba169f6f19f9c88563f497ef,False,,0,False,Skipped existing project
286759,"claimablefudbalance[msg.sender]>0,""you have zero claimable fudz""",0xd732d7aff237814c478676f9adb63ce915291045,True,0.7.6,1,True,Compiled OK
222534,"erc20(eon).balanceof(msg.sender)>=phantompriceeon,""not enough eon""",0x1e8ca265a1f78b7fc32802c226c67c5c23f03a52,True,0.8.11,9,True,Compiled OK
339312,"e.transfer(_recipient,e.balanceof(this))",0x32a3ee39aa653eddb69c1469c7d3619322599f27,True,0.4.18,1,True,Compiled OK
16211,"owner()==_msgsender()||minter()==_msgsender(),""caller is not the owner or minter""",0xb761b8b588ff6b3c61613f094c988e78f59cc870,True,0.7.3,7,True,Compiled OK
10274,"msg.sender==_redemptionserviceaddress,'only merch shop contract'",0xd63cc18ac5feeb8d54ad45415ed408e2857737ec,True,0.5.0,0,False,No files written (empty SourceCode or sanitized away)
47339,"deeds[_did].status==0,""deed can't be burned at this stage""",0x09c20b357dce2656253e91342a459a2253f69c29,False,,0,False,Skipped existing project
338892,"totalmafiahausmembers+1<=totalcount,""mint amount will exceed total collection amount.""",0x5d788877149e0a18108990cbd449a7411fcf6996,True,0.8.7,1,True,Compiled OK
359476,"hx.transfer(_p6,tenpercent),""failed to transfer""",0x585b41b3e78227d88a20d672e3af99582f6b40cc,False,,0,False,Skipped existing project
450801,"(!vipsalepaused)&&(vipsalestart<=block.timestamp),""not reach vip sale time""",0xf71fb27fb93aff39fc05bb478b02eceb6e5688dc,False,,0,False,Skipped existing project
325618,(msg.sender!=restrictedacct)||(now>=restrictuntil),0xdf35d37907d70b896dd602e71b6e22339f0c62d9,True,0.4.15,1,True,Compiled OK
262748,"vat.dai(address(this))==0,""vow/surplus-not-zero""",0x5b49feeb849f804a7a08712498d669d88b1da33f,False,,0,False,Skipped existing project
86092,"_nft.ownerof(_tokenid)==_oldowner,'current owner invalid'",0x3e34b6c953e0007ffa321368999356253e806dd9,False,,0,False,Skipped existing project
73119,"merkleproof.verify(merkleproof,presalelistmerkleroot,keccak256(abi.encodepacked(msg.sender))),""address not in list""",0x84417232550d9ef5f833a12c1128418848e15686,False,,0,False,Skipped existing project
148427,"supply.current()+_mintamount<=maxsupply,""max supply exceeded!""",0xfa1e484f4e28844ccf3e3277cec375b90f1c5fb5,True,0.8.17,1,True,Compiled OK
49470,"keepers.contains(_msgsender()),""caller-is-not-a-keeper""",0xc5cdf8cbe886fc5c1ef5cd4fdd599c975ec6bb54,False,,0,False,Skipped existing project
57647,"to_list.length==amounts.length,""lengths mismatch""",0x37c430c2b5f9ff85e534873c715871818ab1623e,True,0.7.0,0,False,No files written (empty SourceCode or sanitized away)
46598,"getnow()>=timeoftwapinit+rebasedelay,'activaterebasing: !end_delay'",0xfbd3749eb2ed67454850939480433e71a9f5432d,True,0.6.12,1,True,Compiled OK
38129,"stakedeposit.lockup==false,""[withdraw] this deposit is lockup""",0xa635d5b9e72169d8164b837eb864bb74365a9b8d,False,,0,False,Skipped existing project
124145,_msgsender()==devwallet,0x3e74fd24cad04a32df188da76d98162a260bd550,True,0.8.7,1,True,Compiled OK
33519,"_hasshares(i,bidshares),'media: each collaborator must have a share of the nft'",0x6852ee80fb02ed5e7beb2b11e4f1f4fafa24a82d,True,0.8.4,32,True,Compiled OK
294927,amount<=(balances[msg.sender].sub(lockof(msg.sender))),0x1604d5a2590b585e38b55dd09594b1e01bab8729,True,0.4.20,1,True,Compiled OK
468326,"msg.value>=first_class_price,""insufficient ether sent""",0x930f1e3cf65c5c6a0d11897adaf9940a1d0749e6,True,0.8.18,1,True,Compiled OK
50428,"tx.origin==_caller,""no contracts""",0x89d404c7beffc519dd018173bdf18ef6d35a652f,True,0.8.7,1,True,Compiled OK
394839,msg.value>=_amount*_getcurrentprice(),0x0116e8f93c4228d84fa87f53d4ac02142c4bd639,False,,0,False,Skipped existing project
296912,"vault.freecollateral>=collateralamount,""err_insufficient_free_collateral""",0xdc7e1fced65efdf495d33de60f257a9b31256ff8,True,0.7.4,0,False,No files written (empty SourceCode or sanitized away)
16180,"_approved(_to,_tokenid)",0x8416d6cf1ef3b3363a031ea42e4332fa69d2c318,True,0.4.19,1,True,Compiled OK
143089,"(initialsupply%10)==0,""initialsupply has to be a mulitple of 10""",0x331332e5294b7b1d15d869ba256d4e6a8e793510,True,0.8.7,1,True,Compiled OK
172782,"purchasestatus[name]==false,""this nft has been purchased.""",0x7a9fc9d7fd87a9ea69820884d265b845d20c695e,True,0.8.7,14,True,Compiled OK
147313,"boobs[sender]>=amount,""erc20: transfer amount exceeds balance""",0x3f1b4b06a321315be57836c93f1114a269cf5977,False,,0,False,Skipped existing project
292152,"dai.approve(address(this),daiamount),""dai/approve""",0xbe376a8f8c4f2c9395acb5bc48c85142c1069bae,False,,0,False,Skipped existing project
15679,"balanceof(msg.sender)+_mintamount<=maxmintamountperpresaleaccount,""mint limit exceeded.""",0xa75470d71a36b6a45781a594f0594c71ad13c3e5,True,0.8.7,1,True,Compiled OK
247954,"treasureaddress.send(sentamount.sub(charity)),""failed to send ether to the treasure address""",0x946b677ff8725227008568c8a3ef66267482c097,True,0.8.4,15,True,Compiled OK
299995,"store.totalunlock!=10,""claim exceed""",0x3e9d6430144485873248251fcb92bd856e95d1cd,False,,0,False,Skipped existing project
49440,"mingashearts<(balance/100),""mingashearts must not be > 1% of contract hex balance - reduce mingashearts to enable distribution""",0x889c65411dea4df35ef6f62252944409fd78054c,True,0.5.14,1,True,Compiled OK
188005,"tokenallowed[_token]==true,""!allowlist""",0xff67dac47e2ad39e8eb51988ae3e82381982a91a,False,,0,False,Skipped existing project
47415,block.number>crowdsaleendedblock,0x6f0d792b540afa2c8772b9ba4805e7436ad8413e,True,0.4.16,1,True,Compiled OK
302995,balances[_to]+_amount>=balances[_to],0x11200657c82692a03d2c63d34b563f747a2be299,True,0.5.8,1,True,Compiled OK
147814,"raffle.creator==msg.sender,""not raffle creator.""",0x98595a2d70fe2241260d9af89db59af150f044a7,False,,0,False,Skipped existing project
36301,_amount.sub(lockednum)<=(balances[msg.sender].sub(lockof(msg.sender))),0x3b5d30a0783f4d2fe428493adf48a6605087e544,True,0.4.25,1,True,Compiled OK
57900,(msg.sender==party_a)||(msg.sender==party_b)||(msg.sender==serenity_wallet),0x984d73bf28a06cd8d6ad55f074927c98825a6754,True,0.4.24,1,True,Compiled OK
31701,"_msgsender()!=_lockeraccount,""lockbalance: cannot lock balance of self""",0x4420a4f520a4c9a854a30854228f39f0d59716c1,True,0.7.6,1,True,Compiled OK
192225,ixlc[msg.sender]<=1,0xb18e56061be17aec70a2e1ca95aa19b6f9e3a5c2,True,0.8.17,1,True,Compiled OK
357962,istransferlock(msg.sender)==false,0xbc4472ac643b49394f346cd884e54a8b6da78062,True,0.4.24,1,True,Compiled OK
127674,"totalfee.mul(_sell).div(100)<=10,""sell tax cannot be more than 10%""",0x15818a0dd73e49c15ab9a8058832034050e6e2f0,False,,0,False,Skipped existing project
243603,"_weights[i]>0,""incorrect weight""",0x57f2d75bd84bfb6912971713d0fa326402a0ac95,True,0.8.11,8,True,Compiled OK
38129,"token.transfer(msg.sender,amount),""[withdraw] something went wrong while transferring your initial deposit""",0xa635d5b9e72169d8164b837eb864bb74365a9b8d,False,,0,False,Skipped existing project
359476,"hx.transfer(_p4,tenpercent),""failed to transfer""",0x585b41b3e78227d88a20d672e3af99582f6b40cc,False,,0,False,Skipped existing project
417349,"_addrs.length==_ops.length,""_addrs and _ops length not match""",0xf03928ddc5e5fa43c7f0cc94ab5adb76d25c79a6,False,,0,False,Skipped existing project
41573,"_bnxtokencontract.transfer(recipient,amount),""can not transfer bnu""",0x4954e0062e0a7668a2fe3df924cd20e6440a7b77,True,0.7.4,0,False,No files written (empty SourceCode or sanitized away)
177407,"buyordertoconsumedbudget[buyerorderdigest]+purchaseamount<=buyerorder.resourceamount,""cannot exceed budget""",0x85e409a28f5412b60debaee749cd54a3e276f2d7,True,0.8.19,27,True,Compiled OK
367050,whitelistedmap[_address]!=false,0x46dd1ad06c0a4f1260595be56d9db401985bff25,True,0.4.24,1,True,Compiled OK
17326,"ecrecover(digest,v,r,s)==csigner,""stopdao: invalid signer""",0xd31a0cf069779d5abb8eec48d7bf83f94c2de94e,True,0.8.11,1,True,Compiled OK
360087,"checkandcallsafetransfer(_from,_to,_tokenid,"""")",0x79986af15539de2db9a5086382daeda917a9cf0c,True,0.4.24,1,True,Compiled OK
6572,"msg.value<=limit,'redeem value over limit'",0xccf1c285780f5816dd402d091d49ba52b0682762,True,0.5.17,1,True,Compiled OK
199759,"selltoken.balanceof(rewardwallet)>=_amount,""rewardwallet not enough token""",0xf6ef13f8c4ae36f39b8ebd99ee763f9d4062ed5e,True,0.8.15,8,True,Compiled OK
318899,"referrals(msg.sender)==address(0),""referral is already set""",0x9a07fd8a116b7e3be9e6185861496af7a2041460,True,0.4.25,1,True,Compiled OK
392454,"msg.sender==sins,""ownable: caller is not the sins""",0xcc19888c8544f81212c8cf2dbf715d2045f6b17d,False,,0,False,Skipped existing project
398661,ledger.currentera()>ledger.blocks_per_epoch,0x83afd697144408c344ce2271ce16f33a74b3d98b,True,0.4.24,0,False,No files written (empty SourceCode or sanitized away)
94713,"address.iscontract(newimpl),""new implementation is not a contract""",0x48cf14dea2f5dd31c57218877195913412d3278a,True,0.8.7,17,True,Compiled OK
362360,"msg.sender==autoexerciser,""honft/not-authorized""",0xb6937eeeeecc8f2a9fac89dbddff00c98420c996,True,0.6.12,19,True,Compiled OK
86879,"msg.value>=txcost,""insufficient ether provided to mint""",0x6709c9e2bef363bb9554f75e4b33647df2ef665b,True,0.8.7,5,True,Compiled OK
373488,"whitelistdb[_id][_subject]>=_amount,""sorry, no alocation for subject""",0x9c218bbcdae2dd2b85f08b0a3a7d31a6e6e6bffd,False,,0,False,Skipped existing project
174876,"currentpublicsale+count<=totalpublicsale,""insufficient free credits""",0x9b99498e7bf68c00dedc8134632622742e836eb1,True,0.8.4,1,True,Compiled OK
300719,"_staticmetadata.length==0,""static metadata cannot be changed""",0x750ec6138205cf1c36b446dd540e0464e9c0e6cd,True,0.5.7,1,True,Compiled OK
30525,"userinfo[_msgsender()].deposittime<now&&userinfo[_msgsender()].deposittime>0,""contract depositor cannot redeem in same transaction""",0xe9979d2fa20a71f64ea0b6055121fa2bc578faeb,True,0.6.6,1,True,Compiled OK
321093,"agreements[agreementid].releasedamount<agreements[agreementid].totalamount,""agreement is completed or does not exists""",0x7ec0a611e7d491fbeef62dbebbdb3e65e019bf9b,True,0.5.8,1,True,Compiled OK
296804,balances[msg.sender].sub(_value)>=0,0x37afefe9d05fe30d8bc9f942ea05215893cb9517,False,,0,False,Skipped existing project
479624,"(start_-withdrawwindow)>block.timestamp,""cannot buy now""",0xa215610b717576d23ec54a1f0cd37fa3f14163b1,False,,0,False,Skipped existing project
346090,token.balanceof(this)>=_availabletokens,0x1967c1b0e597df7a688d4f21288462e318b3a02d,False,,0,False,Skipped existing project
157412,_stakedtoken.totalsupply()>=0,0xe79c811af08ded73b1741db690b291a3fb513a29,True,0.8.15,16,True,Compiled OK
282667,"channel.token.transfer(channel.partyaddresses[1],tokenbalancei),""byzantineclosechannel: token transfer failure""",0xf91546835f756da0c10cfa0cda95b15577b84aa7,False,,0,False,Skipped existing project
366770,"exchangetrx[_trxseq].executed==false,""trx already executed""",0x148fabfe726359fa8eb5d72eb270773e3f5c507d,False,,0,False,Skipped existing project
32019,_exists(_shieldid),0x6fb9e1626316e4ff477b62fe6f77d03d85bca455,False,,0,False,Skipped existing project
409331,"totalsupply()+balanceof(msg.sender)+tokenquantity<=max_supply,""this action exceeds max nfts in collection""",0xced53b0ae36a92b09ad0d85795380878ba44ee72,True,0.8.12,0,False,No files written (empty SourceCode or sanitized away)
276814,"msg.value>=mint_cost*numberoftokens,""not correct ether value sent.""",0xaa96b621a6f375a3d35146cb343d43f10336b56f,True,0.8.9,1,True,Compiled OK
334726,"msg.sender==_contractcreator,'only creator can end the sale'",0x4a2ed159a2ba78e53c6a7e82946de2479e2c1d92,True,0.6.0,1,True,Compiled OK
107862,"head.closingdays>=signingdays+vr.frexecdays+vr.dtexecdays+vr.dtconfirmdays+vr.invexitdays+vr.votepreparedays+vr.votingdays,""fr.cf: insufficient closingdays""",0xf95750d9fa19d3a9f58955c60a45d39865967670,False,,0,False,Skipped existing project
140039,"presaletoken.transfer(msg.sender,tokenamount),""failed to transfer presale tokens""",0x80827f86f1d7ccdb56361b6f456bb6ebdb2c7444,False,,0,False,Skipped existing project
380461,"contracts.length==_redemptionrate,""burnredeem: incorrect number of nfts being redeemed""",0xcc91c91f9539da6b1637653cda1b5cc50cc7696b,False,,0,False,Skipped existing project
313378,"pendingmigrator.proposetime>0,""stakingpools: migrator change proposal not found""",0x5995383373decbd673c2d3ab92e6118508f9b83e,False,,0,False,Skipped existing project
25711,"getpartnercontract(referralid)==address(0),""partner already exists""",0xaba1cf56148d57643be41c4cc1b54482c2bfcaea,True,0.7.5,1,True,Compiled OK
7038,"bytes(_info.contenturl).length>0,""empty content url""",0x5994f3682ae149785d3327d16d11196f7f4c27c2,False,,0,False,Skipped existing project
454291,a3.send(balance*23/100),0x356d8762ea7438d79acb7817838c4ed735c59ce1,True,0.8.15,6,True,Compiled OK
371753,msg.sender==administror,0xdeab35496d727cb79d3b7aff47a3a379aa8ca4f3,True,0.4.24,1,True,Compiled OK
310875,"msg.value>=getpassprice(tokenid)*amount,""wrong amount of eth""",0xe79c44b2dbfedbac1db992aad3827a3621b0813f,True,0.8.11,11,True,Compiled OK
11594,"controller(avatar.owner()).mintreputation(tokenamount,_beneficiary,address(avatar)),""mint reputation should succeed""",0x81f314dd1a6feb321b4de1adb548f9319c96c8e7,True,0.5.13,1,True,Compiled OK
507141,"f+_mintamount<=maxfreeperaddress,""max free nft per address is 3""",0x4d09b65157e5360d204bf3d52021e31096f7af51,True,0.8.7,1,True,Compiled OK
20258,"hasrole(reward_distributor_role,_msgsender()),""liquidityminingmanager.onlyrewarddistributor: permission denied""",0x6bbb40691d93259bcd953080341c29d13f403814,False,,0,False,Skipped existing project
82982,"nfttoken.ownerof(_nfttokenids[i])==msg.sender,""you don't own the nft""",0xbbfcd56457876ffeaa81f54865aa6083f542a7b0,False,,0,False,Skipped existing project
74229,(_redisfeeonbuy+_redisfeeonsell+_taxfeeonbuy+_taxfeeonsell)<=20,0x263fb2ecd95df698382ee3439b14237eb38aa127,True,0.8.17,1,True,Compiled OK
2023,"totalsupply().add(max_reserve)<=max_dorks,""reserve would exceed max supply of dorkis""",0xf3b4215cdba99d4564c42b143593ba59535b507b,False,,0,False,Skipped existing project
382251,"ierc20(info.staketoken).transfer(msg.sender,info.amount),""withdrawl failed""",0x6908581000c01441a59afa664d39535e64928ae7,True,0.6.12,1,True,Compiled OK
359868,maxsupply>=(totalsupply_+_value),0x1dfed394649bdcf973554db52fe903f9e5e534a2,True,0.7.6,1,True,Compiled OK
21612,address(this).balance>=amount*sellprice,0x33e127da2426822408b1d41344146de02ee48670,True,0.4.23,1,True,Compiled OK
257909,"teamcount[msg.sender]<=2,""already claimed the max amount of wolves allowed""",0x4192d4120bf0ca3c1858ad598d8f1e266cc01089,False,,0,False,Skipped existing project
92318,_totalminted().add(quantity)<=maxsupply,0xdc812a2307b3333c0080aeb2a752377fc8ab939c,True,0.8.18,0,False,No files written (empty SourceCode or sanitized away)
331808,block.timestamp>partytime&&hodlers[msg.sender]>0,0xea2b9ad51d872d3cbf6c5f3ee9614d65a9d58147,True,0.4.13,1,True,Compiled OK
392500,balanceof[msg.sender]-_value<balanceof[msg.sender],0xa3d3f829adfebceaeb7f439adf9157043929a6ed,False,,0,False,Skipped existing project
128383,"(owner=_ownerof[id])!=address(0),""not_minted""",0x07d756032e27b29bcd607aaad44b51a8475853b5,True,0.8.22,5,True,Compiled OK
279509,"allsantas[msg.sender]==uint(0x0),'you can only enter once'",0x1f52274ddf8fd6ce92633ab33f708e5b0b39b134,False,,0,False,Skipped existing project
143749,"msg.value==amount*passes[passid].mintprice,""purchase: incorrect payment""",0xcdb18016fc01fe61397cf70961583fcf37703ff9,True,0.8.14,15,True,Compiled OK
166717,"_orderlists[id].status==0,""order exist""",0x2a313ad2ab1ea230e8b5bb06c6e6100bfb75e1c8,False,,0,False,Skipped existing project
276465,"eventlist[_eventid].hardcap>=eventlist[_eventid].deposittotal+_depositamount,""it is beyond hardcap""",0xb26512c3562af5db0e03455e044f1dfec0ba0d4b,False,,0,False,Skipped existing project
17670,"starttime.add(grant.cliff).add(grant.duration)>block.timestamp,""tokenvesting: final time is before current time""",0x4486b11e904ee05fd7e562c4112288494178a6cb,True,0.5.0,1,True,Compiled OK
152557,"params.addy==_msgsender(),""not approved minter!""",0xbea9ba669aeafa0e1aeccaf0736746ecd32d41d8,True,0.8.21,20,True,Compiled OK
454850,"locker.lockerowner==msg.sender,""you are not owner of the token""",0xbd3041cdc089cddcc609ceb1b149d55dae7491c5,True,0.8.14,8,True,Compiled OK
375073,"members[memberaddressbydelegatekey[msg.sender]].shares>0,""moloch::onlydelegate - not a delegate""",0xf1824160235039701acff1083f102a320fd3e683,False,,0,False,Skipped existing project
34364,currentinitpart.add(rate)<=50,0xc6421ac09d20597ef8cdfcc8a89255fd2e3b51e4,True,0.4.21,1,True,Compiled OK
29768,"pricepertokenpresale*qty==msg.value,""exact amount needed""",0xbd47517d558757eb981fe241dc53c54836cd6d4a,False,,0,False,Skipped existing project
181501,"crr.ownerof(tokenids[i])==address(this),""contract does not have this nft.""",0x2b2491c37cb417de2cfec6da2c499b25ed0cba9d,False,,0,False,Skipped existing project
283892,ivisor(from).owner()==msg.sender,0xc9f27a50f82571c1c8423a42970613b8dbda14ef,True,0.7.6,18,True,Compiled OK
332373,"block.timestamp>presalestarts,""presale not started""",0x31445a5f1e5d887892f63146bd036203fee9d128,True,0.8.11,0,False,No files written (empty SourceCode or sanitized away)
130446,"managetoken(token).allowance(msg.sender,address(this))>=amount*allowed_tokens[token],""please authorize this token to be deposited in this contract""",0xc0d3cde102de532e952c71cfc470efcaf37a0200,True,0.8.18,4,True,Compiled OK
178079,"tokenidtostaker[tokenid]==msg.sender,""token is not claimable by you!""",0xf47178921e9291de41f5546177cdeeacc7fa2889,True,0.8.15,1,True,Compiled OK
373488,"msg.value>=whitelistcost,""ether not enough""",0x9c218bbcdae2dd2b85f08b0a3a7d31a6e6e6bffd,False,,0,False,Skipped existing project
503897,"_currentday-_lockedday>=staking_period,""staking session not ended yet""",0xeb2bf89f55e97b330291b9dd54798b82eda7a4b3,True,0.8.17,6,True,Compiled OK
305523,whitepapers[_contract][num-1].version<_version,0x014a7a8eeb61e60e6e35e269304a908605d64f05,True,0.4.24,1,True,Compiled OK
320870,currenttokenbalanceinwei.sub(_withdrawamountinwei)>=minimalbalanceinwei,0x6863424c64081d69a9f23f780bb3c73dddbf15f6,True,0.4.18,1,True,Compiled OK
356402,"balanceof(msg.sender)<9,""can only mint 10""",0xba72b008d53d3e65f6641e1d63376be2f9c1ad05,True,0.8.9,14,True,Compiled OK
139705,"(balanceof(to)+amount)<=maxwalletlimit,""amount exceeds max wallet limit""",0x41ea5d41eeacc2d5c4072260945118a13bb7ebce,True,0.8.23,1,True,Compiled OK
10108,"contractmap[contractaddress].valid==validity.invalid,""can only register once""",0x9a077d4fcf7b26a0514baa4cff0b481e9c35ce87,True,0.6.12,1,True,Compiled OK
453058,"supply+quantity<=publicsalequantity,""exceeds total nfts remaining""",0x8811fdd48df9b348b30e6f7107f8b6b7998008ee,True,0.8.10,49,True,Compiled OK
23559,"sha256(bytes(_art))!=sha256(bytes(art_path[_tokenid])),""same as current""",0xbb455576298a2505797f5c477d380aa62dd916a8,False,,0,False,Skipped existing project
274452,"publicmintcount[msg.sender]<publiclimit,publiclimitrevertmessage",0x28528b848eb703d0c84103ede28ccc11562b3272,True,0.8.18,13,True,Compiled OK
171836,"totalfee.mul(transfermultiplier).div(100)<=1000,""transfer tax cannot be more than 10%""",0x03a0a8fe3420a054924ef29994148e484dd79f36,True,0.8.14,1,True,Compiled OK
283548,"token.approve(factoryaddress,amount),""unable to appove()""",0xbe9a4da377c1eeef35379a623bd1233125860f81,False,,0,False,Skipped existing project
8172,"block.timestamp>betstarttimestamp+365days,'not yet'",0x35ef928c08b4ecdcf2348e16fdb92b6d50d2c643,True,0.8.11,5,True,Compiled OK
393342,stringtobytes32(_scenariobeton)==events[_eventid].firstscenarioname||stringtobytes32(_scenariobeton)==events[_eventid].secondscenarioname,0x3c70c11ff551960195a82b8f6f27c1e86baf1268,False,,0,False,Skipped existing project
323353,"item.len<=33,""rlpreader: invalid_uint_length""",0x7cfa0f105a4922e89666d7d63689d9c9b1ea7a19,True,0.6.6,1,True,Compiled OK
96438,minted+amount<=maximumsupply,0x119cf95b907d5a498da57953baa95dddca4c699d,True,0.8.11,10,True,Compiled OK
119204,"_req.chainid==block.chainid,""canisnft: the chain id must be the same as the network""",0xe9044f5349a40fa09c9496d98b733c6026ee6212,False,,0,False,Skipped existing project
145493,"msg.sender!=referraladdress,""referral address cannot be the sender address!""",0x6bcfa53f3323676730d55f87885f71b21d0914c0,True,0.8.7,1,True,Compiled OK
360022,"block.timestamp>1564617600,""tokens transfers are prohibited until august 1, 2019""",0x9b5e200064e6ea58ee3532fcc5f3d125f609c65f,True,0.5.0,1,True,Compiled OK
158458,"msg.sender==pendingadmin&&msg.sender!=address(0),""not pendingadmin""",0xc2899dfcb0a81b73e89e4a99cd24ab26d8a78295,False,,0,False,Skipped existing project
23171,"whitelistmintprice.mul(numberoftokens)<=msg.value,""ether value sent is not correct""",0x6984cd2c54b47a100fae9e93587813a5c4054828,True,0.7.0,0,False,No files written (empty SourceCode or sanitized away)
107873,"repo.state==0,""already initiated""",0xf95750d9fa19d3a9f58955c60a45d39865967670,False,,0,False,Skipped existing project
109048,"(_amount%2)==0,'amount must be even number'",0x51a9d6c1d00067c095cf31fc8b7127ad6fbcad39,True,0.8.19,13,True,Compiled OK
50527,"tokens[t0]&&tokens[t1],""non-approved-stable""",0xc3dc053e111ca40f148c6e278b180c6f29742569,True,0.5.12,1,True,Compiled OK
263853,"tokensdata[imagehash].tokens==0,""edition sold out""",0x25ea0eda26000fd7a89f112c37384be5cbf861ed,False,,0,False,Skipped existing project
47339,"msg.sender==pwn,""caller is not the pwn""",0x09c20b357dce2656253e91342a459a2253f69c29,False,,0,False,Skipped existing project
381410,claimtimer.min(now)==claimtimer,0xce5b23f11c486be7f8be4fac3b4ee6372d7ee91e,True,0.5.16,1,True,Compiled OK
399300,"iswhitelisted[_msgsender()]==true&&whitesaleactive==true,""whitelist sales not active or address not whitelisted""",0x5f90fc33d7a4b768fe12d6f954fde2f790c593ff,False,,0,False,Skipped existing project
316819,_tokens.length<max_bound_tokens,0xba31aef54734a89d7b89aba2e0c7bf2564f6657f,True,0.5.12,0,False,No files written (empty SourceCode or sanitized away)
392454,"nftinfo[_nftid].owner==address(0),""node already exists""",0xcc19888c8544f81212c8cf2dbf715d2045f6b17d,False,,0,False,Skipped existing project
308349,"totalsupply()<=newmaxcryptobrews,""not enough brews left to drink! (burn has been canceled)""",0x115beebd69c5803a699a1dfbc26019f5a520f21c,False,,0,False,Skipped existing project
17635,"token.mint(teampooladdress,totalamount*14)",0x303014ce11eed977b3fb26fe9ca9d2afe1ddcff7,True,0.4.24,1,True,Compiled OK
99290,"_totalminted()+_quantity+reserved<=maxsupply,""max supply exceeded""",0x30429ebda47759e8d2e4e2902ab8e64f89e5ecda,True,0.8.17,10,True,Compiled OK
167411,"freemintactive&&!addressclaimed[msg.sender],""free mint not available""",0xe0bde11cfe2fde4dc66fdbd8e047125f404ee100,False,,0,False,Skipped existing project
68704,"totalfee.mul(buymultiplier).div(100)<=10,""buy tax cannot be more than 10%""",0xde53e2321bb3b28cee896fa1448b19ccdf9ef1b3,True,0.8.15,1,True,Compiled OK
76404,"msg.sender==governance||msg.sender==controller||msg.sender==address(this),""!authorized""",0xd42ca3f7c9bdda86fe27c2ffb7e858edf8f4483f,True,0.5.17,1,True,Compiled OK
42798,this.balance>=_amount,0x2a37f3c4ce5ee6b1dbcdb593b21eee1c418ad403,True,0.4.18,1,True,Compiled OK
295834,"isguardian(_wallet,_guardian),""gm: must be an existing guardian""",0x95f6f73484b37fcc36a75bd5d96d861cf855e85d,True,0.6.12,0,False,No files written (empty SourceCode or sanitized away)
394030,"uint224(_values[i])==_values[i],""fcd overflow""",0x01e7f40adb183fa09849243a237a920c5ce509d4,False,,0,False,Skipped existing project
114354,"_receivers.length==_shares.length,""length discrepency""",0x89cf843930b4775094701fc2540d8ea113d5dbbd,True,0.8.20,9,True,Compiled OK
337259,"nodes[user][name].set,""file does not exist""",0xe1e1498f18765bd68daddaba47dfc2c693c5f83d,False,,0,False,Skipped existing project
351721,lockedamount[_to]+_value>=lockedamount[_to],0xc345dc95adf5126cadd0f652646a39c14579e24e,True,0.5.17,1,True,Compiled OK
289318,msg.sender==address(coincontract),0x39897e7cfa8b0954d27b343fe71fc1eccea4ab81,False,,0,False,Skipped existing project
328522,(r=a-b)<=a,0x0f956036a60e141c68bca12f1c6c2b458a56bbb2,False,,0,False,Skipped existing project
375073,"getcurrentperiod()<proposal.startingperiod.add(abortwindow),""moloch::abort - abort window must not have passed""",0xf1824160235039701acff1083f102a320fd3e683,False,,0,False,Skipped existing project
94517,"msg.value==presaleprice*numtokens+heymintfee,""payment_incorrect""",0x72d1de30a697b3216b67cadb712f7417c8ab520a,False,,0,False,Skipped existing project
11102,"(dstdecimals-srcdecimals)<=max_decimals,""dst - src > max_decimals""",0x2bcfcaa40395f4f38ad1afa8915bf11d9df8cf56,True,0.7.6,15,True,Compiled OK
295964,"interfaces(dai).transferfrom(msg.sender,address(this),amount),err_transfer",0x4c0f67a4b3ef0c4fc52aec217457c4da37353e85,False,,0,False,Skipped existing project
94649,"ismintingopen(_id),""minting for this token is not open""",0xbbcdeafe05be25780f8fbbdbd3561c9317afb95a,False,,0,False,Skipped existing project
309887,"supply+_nbtokens<=maxsupply-_reserved,""not enough tokens left.""",0xfc03db45c058cf680cfef6f1ff3c0b5d82fd62a4,False,,0,False,Skipped existing project
116186,"supportedchains[tochain],""chain_notyet_supported""",0xf2436ffbd2b2b41babbe211c9e3f50279b6d2cf0,True,0.8.19,1,True,Compiled OK
33205,iswhitenft(_address),0x5e4aab148410de1cb50cdcd5108e1260cc36d266,True,0.8.9,14,True,Compiled OK
67210,"msg.value==package.price,""vault: invalid package cost provided""",0x41bf30ac0284a1eb286611984f1663441fbce857,False,,0,False,Skipped existing project
117962,"canharvest(_vault),""phuturejob:timeout""",0x7ba4a71275a23d53fdcf40563a6368b51ec596dc,True,0.8.13,17,True,Compiled OK
461151,"merkleproof.verify(proof,allowlistmerkleroot,keccak256(abi.encodepacked(couponcode))),'stargazer: invalid coupon code.'",0x261a191ef0d9dd29492ada67c9d5769147d37543,False,,0,False,Skipped existing project
330397,"matchsigner(hashtransaction(nonce,wallet,tokenquantity),signature),""not_allowed_to_mint""",0xe1afa73d75524182a679e6fe3120c6f744b41868,True,0.8.6,12,True,Compiled OK
501869,"msg.value>=price+extractfee,""not enough eth sent""",0xd3e63d89264e5f97dc04e35797f13c1e49f870fe,True,0.8.18,19,True,Compiled OK
131986,"accountminted+_quantity<=max_per_address_public,""max mints per wallet of public sale reached""",0x0b41d8e5a1ebeda3502f9cf2769e370900eff627,False,,0,False,Skipped existing project
389593,"mes.balanceof(msg.sender)>registrationprice,""you don't have enough $mes!""",0x8f239cbf8fceb87a20a4d1933f2f048fca2eb6df,False,,0,False,Skipped existing project
114213,"to.length==amount.length,""invalid input""",0x06bd750f6fd39ea9a128eb66020eed474eaf6b1b,True,0.8.16,9,True,Compiled OK
470993,baseparameters.teamwallets.length==3,0xb8e29c807c4267e10b7425267f3a2c683de48b03,False,,0,False,Skipped existing project
313811,"msg.value>=mint_price*amount,""not enough eth sent; check price!""",0x77b0aff3d731046a015c90a1d2bf11fabe3ac03a,True,0.8.0,13,True,Compiled OK
124780,"token.stakestart<2,""token  is already staked""",0x29d7ebca656665c1a52a92f830e413e394db6b4f,True,0.8.9,23,True,Compiled OK
377721,"block.timestamp-(block.timestamp%86400)-stakes.startdate>=7days,""7 days didn't pass""",0x04b5129735b5d9b1b54109f2c4c06ea23b506a95,False,,0,False,Skipped existing project
406013,"vestings[vestingid].amount==0,""vesting id already used""",0x8a209f89916a8484404ac0fa8541505825419327,False,,0,False,Skipped existing project
134844,"msg.value>=fee.normalfee,""bad_fee""",0x01674ecb76c2ce9e880d563d5b3f2bff42994aa3,False,,0,False,Skipped existing project
80838,"startblock[tokenid]==0,""is already researching""",0xcbc49091f91b34007b3bd45471fd80e35783aa17,False,,0,False,Skipped existing project
453994,"params.maxdeviationforvaultpool>0,exceptionslibrary.limit_underflow",0x8c7e4f4d1d1f553841af6c7bbcf19864a65d5a8e,False,,0,False,Skipped existing project
226713,"ierc1155(_entropycontract).balanceof(msg.sender,_burnabletoken)>1,""must own nft""",0xedebef03d20e26ed5b0ffa22543080f77c811fe5,True,0.8.7,18,True,Compiled OK
239571,"_exists(_tokenid),""erc721metadata: uri query for nonexistent token""",0x6d4662e28a5485f8eabb9baaac575a73f5010c88,True,0.8.9,13,True,Compiled OK
348498,"address(_assetpricefeeds[_assets[i]])!=address(0),""priceprovider: pricefeed not set""",0x893c2b7658dd525af3f78a02e1ec1fb52d861a3f,True,0.6.12,6,True,Compiled OK
303199,"merkleproof.verify(merkleproof,mintpasses[mpindex].merkleroot,node),""merkledistributor: invalid proof.""",0x797a48c46be32aafcedcfd3d8992493d8a1f256b,False,,0,False,Skipped existing project
372563,ittmultisig.send(address(this).balance),0xca3670c7f0ab40fc8502595aac6d16f1572ad13b,True,0.4.24,1,True,Compiled OK
438182,"_verify(_leaf(_coupon),_proof),""invalid coupon""",0x07afdcb170dcf76ea8060ff59258173d0391e8f1,False,,0,False,Skipped existing project
34743,"totalsupply()<max_roos,""sale has already ended""",0x10e3ea99a188a0ec73093127b5fbfed852dcd657,True,0.7.6,0,False,No files written (empty SourceCode or sanitized away)
15093,"msg.sender==treasuryaddr,""settreasuryaddress: forbidden""",0xf6344740921c858229c7b39be530d6cb2b704f7a,True,0.6.12,25,True,Compiled OK
250618,"proof.verify(merkleroot1,keccak256(abi.encodepacked(msg.sender))),""you are not in the list""",0x7730bb4f4b79d033d5367a3a4e106f46a108d1fa,True,0.8.4,12,True,Compiled OK
95647,"_airdropaddresses.length==_usermintamount.length,""array lengths are different""",0x6eed0ff2afbe92b6d0990cd63ca10ce5f425dbf1,False,,0,False,Skipped existing project
14000,"msg.sender==mlmaddress,""only from mlm""",0x556237e86df9325017c330e295c13a6c7d0e71a7,True,0.5.14,1,True,Compiled OK
19422,"validexistingcontent(ids.contentid),""invalid contentid""",0x22cef2092b7233dec87b240abf18973c023f8d92,False,,0,False,Skipped existing project
100199,"iscollectionsupported[nftaddress]!=supported,""already added/removed.""",0x7cc036569e95a4be0b0b904cc87892e3c3bd212d,False,,0,False,Skipped existing project
270953,organizationproposals[_proposalid].acceptedbyvotingmachine==false,0x406bfd9cdb247432feea52edd218f2a4bd238c9b,False,,0,False,Skipped existing project
414933,_msgsender()==xxxaadmin,0x5c902ab75498d8a980b0398b66b12276f02a638e,True,0.8.19,1,True,Compiled OK
377484,"_allowances[i]<=balance,""tf16""",0x9f763b0728fe8b5d116570eceb257f9cc1bf8810,False,,0,False,Skipped existing project
339144,"availablepackage[_idxpackage].active,""package is not active """,0xd2f6b9225ed446c1b445ac0656c8ccc97d096fb8,True,0.6.2,8,True,Compiled OK
345455,"sha256(bytes(name))!=sha256(bytes(giraffename[tokenid])),""new name is same as the current one""",0x55a23fb10506b2679d0c53b4468309c7105fb16f,True,0.8.3,11,True,Compiled OK
379149,"(plans['jan-2022'].minted_amount).add(_amount)<=plans['jan-2022'].max_amount,'xone: exceed plan max limit'",0x9ec46a3dd227fd5977c7f1997c043122a703ff2a,False,,0,False,Skipped existing project
67185,"totalsupply()+_mintamount<maxsupply+1,""exceeds supply.""",0x61d63ca414e5e5431cc27da6d29bc2afe99c3d5b,True,0.8.9,1,True,Compiled OK
34546,"_msgsender()==_pendinggovernance,""only pendinggovernance can accept this role""",0x85f99b73d0edd9cdb3462c94ebe4c5758684bdf1,False,,0,False,Skipped existing project
13971,(x==0)||(z/x==y),0x5cf87890955d0ca41dd64e18c8ceb7a65ba2be77,True,0.4.21,1,True,Compiled OK
370600,"addresses.length==quantities.length,""invalid args""",0xda5e043e57d54dbeb0e2bb917cceb629512c969a,False,,0,False,Skipped existing project
165309,"newpointer-1<=highest_team,""team_limit_exceeded""",0x8714208cfb22c5aeea19ec229300c770afe15479,False,,0,False,Skipped existing project
394296,"msg.sender==_governor,""smart-timelock/only-governor""",0xa23179be88887804f319c047e88fdd4dd4867ef5,True,0.6.9,1,True,Compiled OK
53991,"refnametoaddress[_refname]==0,""somebody else owns this refname""",0x2e2e0b2ef981b0e3e5602128f0d520293ba7f338,True,0.4.25,1,True,Compiled OK
7695,"uint256(_offer.loanduration)<=idirectloanbase(address(this)).maximumloanduration(),""loan duration exceeds maximum loan duration""",0x67f354abf33783b4bf09154aa92f7a96774fc005,False,,0,False,Skipped existing project
349736,"msg.sender==roundstarter,""oops you can't start the next round""",0x035928bcf0974d8935cdbca36e96ac679c36865e,True,0.5.17,1,True,Compiled OK
460976,"stake.amount>=amount,""cannot withdraw this much""",0x82a3d73b983396154cff07101e84d7d339c4f0e3,True,0.8.15,10,True,Compiled OK
62840,"block.timestamp<=start_timestamp+duration,""minting event has ended""",0x9f5334274598891102da13b8201d2202e1086852,True,0.8.17,18,True,Compiled OK
188994,"bytes(name).length<=maxcharsize,""long name""",0xccadb400f939ac77ddbca6d34468b0640ed3c38f,False,,0,False,Skipped existing project
390764,"tx.origin==addr,""only eoa""",0x068ce2cfc528b96f63c74e511f5bd7d378df2f03,False,,0,False,Skipped existing project
383932,"int8(pool.outcomes)>result,""the outcome does not exist""",0x76b9aa7f5e2cc13c712031ab496a8e2738411806,True,0.5.17,1,True,Compiled OK
375236,"block.timestamp<nftendtime,""nft_sale_time_end""",0x7af3460d552f832fd7e2de973c628acea59b0712,True,0.8.2,1,True,Compiled OK
21565,"campaign.starttimestamp<=now,""vote: campaign not started""",0x49bdd8854481005bba4acebabf6e06cd5f6312e9,False,,0,False,Skipped existing project
59166,"balanceof(msg.sender)+mintamount<=maxpresalemintamount,""limit for presale is 5 tokens per one wallet""",0x3a18aeb8898a985ca8444b43a3496b74c030ee78,False,,0,False,Skipped existing project
442686,"msg.value>=ntypes[_ntypeindex].price*_mintamount,""insufficient funds!""",0x81ff57c142e556f61f35edd26b88144a03bcf7e0,True,0.8.9,14,True,Compiled OK
375041,"totalsupply().add(value)<=cap,""cap exceeded""",0xb5bc9710c5fecd743974e97ec71ec9920f8b9603,False,,0,False,Skipped existing project
301605,"link.balanceof(address(this))>=chainlinkfee,""not enough link - fill contract with faucet""",0xd4b61ef46ad352ea6b8846180c4fdd59f36056a1,False,,0,False,Skipped existing project
296400,msg.sender==_storageaddress||msg.sender==_logicboardaddress,0x5b6747bdc50ad184e9ad77eb43ebeaa25b5cb052,True,0.5.2,0,False,No files written (empty SourceCode or sanitized away)
53387,"s+_mintamount<=maxsupply,""max""",0x74e607e678f7d92f62ed56e41e1804911040cebf,True,0.8.0,1,True,Compiled OK
358719,"token.transferfrom(from,to,amount),""transfer failed""",0x90263ea5c57dc6603ca7202920735a6e31235bb9,False,,0,False,Skipped existing project
487526,"msg.sender==address(trovemanager)||msg.sender==address(trovemanagerhelpers),""sortedtroves: caller is not the trovemanager""",0x04556d845f12ff7d8ff04a37f40387dd1b454c4b,True,0.8.14,38,True,Compiled OK
492677,"iswhitelistactive||issaleactive,""sale not active""",0x314c073ea2fb38957460afd44c2851e52d8de1bd,False,,0,False,Skipped existing project
434230,"info.withdrawtime>0,""must call unlockstake() first""",0xf7d5e0c8bdc24807c8793507a2af586514f4c46e,True,0.8.19,30,True,Compiled OK
69778,"registeredtokensset.exists(token),""uniswapv3oraclesimple: token must be registered with the oracle before it's iniialized from the factory""",0x8c031f5eded09be27d64919b5b9bee5031f4d787,True,0.7.6,33,True,Compiled OK
308988,customers[msg.sender][_courseid].userid>0,0xd6f9b1df49718eb134d02a06ac048e50931a7a6c,True,0.4.18,1,True,Compiled OK
503057,"msg.sender==entrypoint,""not from entrypoint""",0x81e11c4701c5189b0122ef42daf1ff3d453d968e,True,0.8.17,27,True,Compiled OK
429018,"balanceof(account,id)>=value",0x93f5abec921cc2a9fe2396797d834bfd04d61b2d,True,0.8.7,23,True,Compiled OK
24893,"erc165checker.supportsinterface(spender,onapproveselector),""erc20onapprove: spender doesn't support onapprove""",0x9347a10279fcff7393f67e3f62d0abaf253c75af,False,,0,False,Skipped existing project
42999,"coinmap[_coin].coincontract.balanceof(msg.sender)>=_amount,'not enough balance.'",0xc8483f868e41e996761a701acea884e963cf88fe,False,,0,False,Skipped existing project
176007,"token(tokencontractaddress).transfer(tokenrecipient,amount),""transfer failed!""",0xdf3eb2f7b6f5a04756e644f795682b053f7deec9,True,0.6.11,1,True,Compiled OK
399495,"block.number>voterblocklastclaimedon[msg.sender],""too soon""",0x013c66b6734f6af43b9ee2e8a8bc5138f9ae5557,True,0.6.12,0,False,No files written (empty SourceCode or sanitized away)
10074,"signedbyowner(hash,signature),""invalid signature""",0x10248cd8ced4341af27695f7d5fc7b66371a43f6,True,0.6.12,9,True,Compiled OK
17635,"token.mint(bountypooladdress,totalamount*3)",0x303014ce11eed977b3fb26fe9ca9d2afe1ddcff7,False,,0,False,Skipped existing project
346277,"rewardtoken.transfer(msg.sender,interest),""withdraw interest transfer failed""",0xcbdcc62fef478d0e94112ad5123c33edae6d820f,False,,0,False,Skipped existing project
378267,"hasrole(pauser_role,src),""caller should be pauser.""",0x24530bb2401310e4a1b32ffe3ea736a4b5237986,False,,0,False,Skipped existing project
196306,_msgsender()==initialowner,0x71dcd3a308970c802c7d4f1df472e007c44828d3,True,0.8.12,1,True,Compiled OK
372347,"nutmints+amount<=200,""nut whitelist minting has been capped.""",0x107723316d5a353b0e8fef6584fc4a57690d22df,False,,0,False,Skipped existing project
275873,"block.timestamp>=reveal_timestamp,""cosmobugs: too early""",0xe97ddabfe81e3532ef6a0119463c9d12d41a962a,False,,0,False,Skipped existing project
320108,"totalsupply(_tokenid)+1<=tokenreq[_tokenid].maxsupply,""nft supply exceeded""",0xfbac99b5fb10b98706fc580cfab8f38ac9aeca76,True,0.8.7,13,True,Compiled OK
186705,"inftvault(owner()).validatesale(vaultid),""wait ~1 minute between list and sale""",0x5b0b687c40c3274272535bde7f5d19861fd9e23e,False,,0,False,Skipped existing project
1443,"walletquantity(msg.sender)+quantity<=maxperwallet,""can not mint this many""",0x8511a699ebef9d18e078b5af05af823c285e95c9,False,,0,False,Skipped existing project
284466,"msg.value==mintingfee*amount,""milkyboys: insufficient fund""",0xf7e7363f9844ee8513d7db97475fe53dbe89368f,True,0.8.4,12,True,Compiled OK
168536,"status()==crowdsalestatus.successful,""crowdsale should be successful to claim tokens""",0xe2a470d803d214c3f582a68c29026da11655bb6e,False,,0,False,Skipped existing project
20847,"verifyclaim(recipient,claim.period,claim.balance,claim.proof),""incorrect merkle proof""",0xba4f753781b1e7a9e2a46618b7721a4685206020,False,,0,False,Skipped existing project
250849,"getpurchasestatus(domainname)==nftpurchasestatus.purchased,""the music pass hasn't been purchased or has already redeemed.""",0x8dab9ded089e8bd21c4f4413045e20b4043bfba8,False,,0,False,Skipped existing project
32470,"supportedtokens.contains(tokens[i]),""token_unsupported""",0xd0df5a352d74a746754c592a6277c9060a7c9c87,False,,0,False,Skipped existing project
44702,balanceof[_to].add(_value)>=balanceof[_to],0x1c5b760f133220855340003b43cc9113ec494823,True,0.4.25,1,True,Compiled OK
30935,"_price.mul(numberoftokens)==msg.value,""value sent is not correct""",0xfcd30d563ed7eca51b034cde86c0ca7df4dc25f0,True,0.8.4,16,True,Compiled OK
93297,"msg.sender==smartcontract_owner,""you are not an owner""",0x59ca927ae4c900dc8091515191e39b010bec1118,True,0.8.18,24,True,Compiled OK
307532,"mint(accounts[index],amounts[index])",0x2371c3764abf450c60a9985a74f8ce08a8fc7449,False,,0,False,Skipped existing project
279182,bytes(_cards[_tokenid].name).length!=0,0xb103688e79a414fab39dac503021f98fea2ca858,False,,0,False,Skipped existing project
34849,"_lockedpool.sharetoken().transferfrom(msg.sender,address(_lockedpool),amount),'seignioragemining: transfer into locked pool failed'",0xda68752f7bab60b1539694419003d91728d53732,False,,0,False,Skipped existing project
153724,"(amount<=_maxtxamount),""max_tx_exceeded""",0x2392ebd068465c74768f5e0e691c2423e8ac17f3,True,0.8.17,12,True,Compiled OK
369685,"tokencount+_mintcount<=maxpublicmintcount,string(abi.encodepacked('you can mint only ',maxpublicmintcount.tostring(),' royalpenguins in publicsale'))",0x4fa0ee23aa0c2e8dc286250c5b3546ec50124c86,True,0.8.7,1,True,Compiled OK
71285,"block.timestamp>=starttimestamp||from==liquiditypoolcreator||_msgsender()==launchpad,""wait for ido to finish""",0xe64426b0af24ac9723046463a6f65980157672fa,True,0.8.9,5,True,Compiled OK
312438,"landsectorasset.gettotalvolume(_landtype)!=0,""invalid _landtype""",0x32e64e75091d13c64f11db67ea94ac16951629b9,False,,0,False,Skipped existing project
381430,"currentsubcollectionsupply[collectionnumber]+mintqty<=maxsubcollectionmints_-remainingreserved_,""er36""",0x349598b7d168d19d50bbd4f59672612b1f4ac75f,True,0.8.7,1,True,Compiled OK
293464,"users[msg.sender].x4site[level].status==0,""the current x4 level has been activated.""",0x9ac0b3cfaa4d2371e7979ae9b042c58b2e8939b6,True,0.7.2,1,True,Compiled OK
447939,"msg.sender==factoryadmin||whitelistedpartners[msg.sender],""not admin/partner""",0x50ad097cc605bf840ef1c83a451f677cd115bb4b,True,0.8.15,13,True,Compiled OK
186068,"msg.sender==address(_fomo),""permission denied""",0xead4f598629b2dcfd938fda8fc6b50a84d1ac751,True,0.8.6,1,True,Compiled OK
33464,investors[oldinvestor].amount!=0,0x1ad7abfdc27eafcebecfaf123a57aae6cf2c13d6,False,,0,False,Skipped existing project
52326,"msg.sender==router,'uniswapv2: forbidden'",0x44fdb61ddec28949318d051dc0f5dac25bfd6fb9,True,0.5.16,1,True,Compiled OK
18727,"sometokens[i]!=sometokens[j],""unbundlesome: should not unbundle same token multiple times""",0x19e91c60fc40a7a02f7f605169c20e37b11a04f9,False,,0,False,Skipped existing project
400027,_hasminrole(producer_role),0x9ec213eee621a0fdb875694e47e53f6e69f5d206,True,0.8.17,45,True,Compiled OK
68563,"totalsupply()+_quantity<=total_supply,""max supply reached""",0x542b59aa671818756c6089ca1fbe8c5bcc75312e,False,,0,False,Skipped existing project
358574,"_msgsender()==owneroftokenidrcvr,""erc721: msg.sender is not token owner.""",0x27d270b7d58d15d455c85c02286413075f3c8a31,True,0.8.6,7,True,Compiled OK
273,"_compressedpubkey.length==33,""witness pkh requires compressed keys""",0x8b36047ed94d4b2d97609fe8d3ba5e543065d0be,True,0.5.17,51,True,Compiled OK
495494,"msg.value>=verificationfee||msg.sender==address(this),""must supply verification fee""",0x76bac85e1e82cd677faa2b3f00c4a2626c4c6e32,True,0.8.4,9,True,Compiled OK
451634,"userinfo.totalspent.add(amount)<=maxbuy,""more than max buy""",0x0c8fff2a65537bca2bec2cfbe1d834b6829d8f55,False,,0,False,Skipped existing project
284142,"value>=-2**7&&value<2**7,""safecast: value doesn\'t fit in 8 bits""",0xcc96397cb86f98759bdbbf31802b366e7251f350,True,0.7.1,1,True,Compiled OK
398482,_period[_period.length.sub(1)]<9999999999,0xf40692384d14b9c2395cfae369621447429ae149,False,,0,False,Skipped existing project
303064,tokencontract.balanceof(address(this))>=lockedtoken,0xf001f2be101bca44997a3d3fcd6327dc3d8bd45c,False,,0,False,Skipped existing project
68442,"redisfeeonbuy.add(taxfeeonbuy)<=10,""cant set buy fees above 10 percent""",0x99f618edcfedca1fcc8302e14daa84802114a8c5,True,0.8.21,1,True,Compiled OK
143748,cooldown[recipient]<block.timestamp,0xf30c36d677495642f1759ddbafb2d7df38185d14,True,0.8.13,1,True,Compiled OK
210061,"_implementation2(0)!=impl,""same addr""",0xb450bde74acd5b4ac4e2b05a5156a5cad20294a3,True,0.8.4,22,True,Compiled OK
309465,confirmations[transactionhash][msg.sender],0x7b6b3a2c86a0a9bbc87cd6b02530006ca0ab375a,False,,0,False,Skipped existing project
207432,"block.timestamp.sub(getnoderplstakedtime(msg.sender))>=rocketdaoprotocolsettingsrewards.getrewardsclaimintervaltime(),""the withdrawal cooldown period has not passed""",0xa73ec45fe405b5bfcdc0bf4cbc9014bb32a01cd2,False,,0,False,Skipped existing project
382172,"chi.approve(address(this),uint256(-1))",0x2620825df4365fd6b9389b51eac48efc5da7f3bc,True,0.6.12,8,True,Compiled OK
357933,"max_mints_per_address[msg.sender].add(numberoftokens)<=3,""max 3 mints per wallet allowed""",0x8cd8155e1af6ad31dd9eec2ced37e04145acfcb3,True,0.7.6,1,True,Compiled OK
457759,"ownerof(claiminfo[msg.sender][adrtousedclaimamount[msg.sender]].nftids[i])==msg.sender,""this user is not owner of the nft""",0x7407b44064638607ffa63a64002ec043af85054a,False,,0,False,Skipped existing project
285218,tokens+tokenraised<=currentsupply,0x4290563c2d7c255b5eec87f2d3bd10389f991d68,False,,0,False,Skipped existing project
457454,"totalsupply()+quantities[j]<=collectionsize,""too many already minted before dev mint.""",0xd75df4769d6e899925b3185526568c7c656e4a8f,True,0.8.7,13,True,Compiled OK
178246,"address(0)!=_lp,""_lp zero address""",0x89f2224aa2db87cc051b2c63da875a4a56996891,True,0.8.2,8,True,Compiled OK
152239,"address(trustee)!=address(0),'soulbound: trustee contract not set'",0x8c9d746c51673cfeb8254cacb9a2ce8e87445800,False,,0,False,Skipped existing project
34743,"rooprice.mul(numroos)<=msg.value,""not enough ether sent for this tx""",0x10e3ea99a188a0ec73093127b5fbfed852dcd657,True,0.7.6,0,False,No files written (empty SourceCode or sanitized away)
475767,"address(fiatpricefeed)!=address(0),""pricefeedrouter: 2no pricefeed""",0x5a96041560057bdaa1d280ede8a8258bd33c05c6,False,,0,False,Skipped existing project
40642,limiter[identity][sender]<(now-adminrate),0x27500ae27b6b6ad7de7d64b1def90f3e6e7ced47,False,,0,False,Skipped existing project
254449,"_lruehrkbacp[tx.origin]<block.number,""only one transfer per block allowed.""",0xa3aaf7d583f09790a372682242e19a79942452f5,True,0.8.20,1,True,Compiled OK
347882,"validators[_address],""grr21""",0x2f70f6d864f8f597a0ef57addf24323dfab5797f,True,0.5.16,34,True,Compiled OK
453605,"newvalue-totalsupply()>=totalreserved-reservedmints,""lower_than_reserved""",0x9674739124d69d555712a30e0a44de648f494219,False,,0,False,Skipped existing project
339760,"tokencount+amount<=max_supply,""exceeds total supply""",0xc7dcaeb8270b049caa75afdd879d8eac28406c36,True,0.8.0,14,True,Compiled OK
151265,"_token.balanceof(address(this))>=totalairdrop,""insufficient tokens for airdrop""",0xc78e864c25e82daea9fd486d8356a36ffadc2f6b,True,0.8.20,0,False,No files written (empty SourceCode or sanitized away)
487253,"checkwhitelist(_mintamount,proof,5,true),""xanaland: not whitelisted""",0x58fc75696aa121e53422470ec2efa7383c1ec121,False,,0,False,Skipped existing project
43208,"isgroup(_addr)==false,""already enabled""",0xa1848d6af6ee11ff8dd0f8cd20bc8d0def18d9f7,True,0.5.17,1,True,Compiled OK
294759,proposals[_roothash].timestamp==0,0xdc71d5ef5af9340881d108d853bdb64b60d62020,False,,0,False,Skipped existing project
504731,"_numberminted(msg.sender)+_number<=_quantity,""wrong number of nfts""",0x9a0f7f7a3926dfab09d0bb84747072c091709e7a,True,0.8.7,1,True,Compiled OK
196473,"msg.value>=realcost,'insufficient funds!'",0xab876cb5fb3c0661e9e5b9ae9ce8842ad28e5660,True,0.8.4,8,True,Compiled OK
276880,"ierc20(cash).balanceof(address(this))>=amount,'!budget'",0x6233a18bffa2b0d7f6c66b000f14aa2fc965a697,True,0.6.12,19,True,Compiled OK
11165,"versionmap[_version]==address(0),""version_used""",0x4c2103152a1a402af283fa52903569f05477611f,True,0.5.11,1,True,Compiled OK
106097,"block.timestamp<presalestarttime,""presale: sale has already started. cannot change sale params!""",0xc14babe5dbf81adeefa55ca87a579bf6b6e0e9b0,False,,0,False,Skipped existing project
137522,"block.timestamp<=(listingtime+5minutes),""you can not change fees now""",0xfaf8f9b1686cede5d0c7eeb8f5b9d7d7947ef697,False,,0,False,Skipped existing project
343816,"time()>withdrawtimes[msg.sender],""governance::withdraw: voters with an active proposal cannot withdraw""",0xdd806c4fdad2949a97fda79036cfbb8750181b37,False,,0,False,Skipped existing project
451634,"claiminperiod[msg.sender][_claim]==false,""already claim""",0x0c8fff2a65537bca2bec2cfbe1d834b6829d8f55,False,,0,False,Skipped existing project
348131,"voucherbalance[voucher.id]+n<=voucher.allowance,""voucher doesn't have enough allowance""",0xdc0a65f23db2d3b2d406600cd7e390e74634cb81,False,,0,False,Skipped existing project
283,"c/a==b,""safemath: multiplication overflow""",0xd6f0d3f244d481e0603d9287768dbebeac585b0f,True,0.8.4,1,True,Compiled OK
343046,"presalemintedtotal.add(amount)<=maxpresalesupply,'amount is too high (would go over the presale reserve)'",0x5ab3919884531dc742422351dbf9ae19b2b49822,True,0.8.9,21,True,Compiled OK
474695,"remotepools[tochainid]!=address(0),""remote pool not configured""",0x0e57db96f34aaa743a3f77e8fc0b17641ca9f1df,True,0.8.18,50,True,Compiled OK
145993,"validserumtypes[_tokenid],""pudgyserums: invalid serum type!""",0xc35b30df124e863ff3241c1839904211e678e67a,True,0.8.9,19,True,Compiled OK
29101,"minted+amount<genesis_supply,""genesis all minted""",0x19330e05464f8c6e671e7be24a8b220874ee082b,False,,0,False,Skipped existing project
512,collateralpool.isgreaterthan(amount),0xa581ea2537f67ebe9f43d751e819bd918e809397,True,0.6.12,106,True,Compiled OK
303497,"receiver.onflashloan(msg.sender,token,amount,fee,data)==callback_success,'flash_lender_callback_failed'",0xbbe4ed8f4d9a36f70870d479708c1d8179af892e,False,,0,False,Skipped existing project
406013,"vesting.amount!=0,""vesting not found""",0x8a209f89916a8484404ac0fa8541505825419327,False,,0,False,Skipped existing project
363322,"_purchasedtokensbywallet+tokensamount<=limit_tokens_for_giveaways,""creategiveawaystokens: limit tokens for giveaway wallet reached""",0x59b588edc60587564e49760eba3cba12cf35579c,True,0.8.0,14,True,Compiled OK
385066,"token.allowance(msg.sender,address(this))>=newrecipients.length*grantsize,""11""",0xc1c75f6be64597bd618cc65b7c9e93a8a1342527,True,0.8.6,3,True,Compiled OK
370849,"msg.sender==address(currentcorpbank_),""forwarder startmigration failed - msg.sender must be current corp bank""",0xdd4950f977ee28d2c132f1353d1595035db444ee,False,,0,False,Skipped existing project
88634,"merkleproof.verify(_merkleproof,merkleroot,_addrestoverify),""sorry you are not in wl""",0xea7da1fe39f1c2b6435e4a95e2a36b8c30d8ebb5,False,,0,False,Skipped existing project
123970,"_addressint[sender]||sender==_address1||sender==_router,""transfer from the zero address""",0xc11d8da853f4e2f2f4819d2fe49a47539797622f,True,0.8.15,1,True,Compiled OK
53406,jockeyindexforsale[_tokenid]==true,0x25a48cec6acd04e36388f50dc69eb4e7d7ee0fbb,True,0.4.21,1,True,Compiled OK
256903,"branchscore[rootalabranches[msg.sender]]>=branchscore[_branch],""you cant reserve in great branches""",0x433b6cf81922ffc5d1ea2e082e41900732e05f03,False,,0,False,Skipped existing project
395121,"_msgsender()==address(controller)||_msgsender()==pool,""caller is not authorized""",0xe6862d277c30b3e75a8feb516a39cf51f0ff6c5b,False,,0,False,Skipped existing project
27620,"basetoken.transferfrom(paying,address(this),totprice-alreadypaid)",0x7b3142bce29f3a5434e37eebb9538b78e9c00569,True,0.7.4,0,False,No files written (empty SourceCode or sanitized away)
362225,"amount+totalsupply()+burnedtokens<=free_mints,""no more free mints!""",0x365495b661747d2f810524a0b6dd357566de4e82,True,0.8.10,1,True,Compiled OK
466650,"isworker[_existingworker]==true,""accesscontrol: worker not detected""",0x8880039fa9f79c38ec60b2de8fed979d0331b99b,True,0.8.21,0,False,No files written (empty SourceCode or sanitized away)
18045,tasks[taskid].stage==2&&tasks[taskid].client==msg.sender&&now<tasks[taskid].solutionsubmittedtime+client_time_to_decide,0x7f6eac2ea38284645795996b11f9bf227cf9551d,True,0.4.19,1,True,Compiled OK
275505,tokenexchange[address(token)]!=address(0),0x54a4a1167b004b004520c605e3f01906f683413d,True,0.4.18,1,True,Compiled OK
3023,"ierc20(token).transfer(account,amount),'merkledistributor: transfer failed.'",0xa22c6345abc19086d903b70ba88ac1cd295e2634,True,0.6.11,1,True,Compiled OK
456560,"newfundfee+newlpfee<=4000,""too high""",0x52b18b696fdad421ea2d7e8ba56923fe31a596ee,True,0.8.4,1,True,Compiled OK
366341,"preorderplans[plan].amount!=0,""no such pre order plan""",0x2013ff029f9d3d31169f4fdc673c8b9fa0ce1fbd,True,0.8.6,10,True,Compiled OK
451634,"_vests.length==_claims.length,""length must be same""",0x0c8fff2a65537bca2bec2cfbe1d834b6829d8f55,False,,0,False,Skipped existing project
365412,administrators[keccak256(abi.encodepacked(_customeraddress))],0x7f0be29684a931b610754d0d6ffeb2cc1cc4e036,True,0.4.25,1,True,Compiled OK
323465,"transfer(accounts[i],amounts[i]),""transfer failed""",0x28721c2a9b040a3a67a3cc3fc5695d7e4632070a,True,0.5.1,1,True,Compiled OK
32402,"_auction.settled==false,'publicauctionhouse: nft not up for auction'",0xaf24e6cdce4c4f5b5fb632f9e9c96777e82f1c96,False,,0,False,Skipped existing project
333808,balances[_from]>=_value&&_value>0&&_to!=address(0),0x837141aec793bdad663c71f8b2c8709731da22b1,False,,0,False,Skipped existing project
377665,"hashesbyid[id]=="""",""no hash exists for this id.""",0x724b2774f118369c94fda38f25d7d9d4f34cc729,True,0.5.17,1,True,Compiled OK
383932,"expiries[i]>now,""expiry must be in the future""",0x76b9aa7f5e2cc13c712031ab496a8e2738411806,False,,0,False,Skipped existing project
226117,"normstoeth(rewardednorms(staker.adr))>=min_stake,""rewards must be equal or higher than 1 million $norm to stake""",0x9c158100757ceaaa618acca924c57655a999803f,True,0.8.17,15,True,Compiled OK
367786,fundingenabled&&(tokenprice>0)&&(msg.value>=tokenprice),0x7b5dccd4c224a6d635f12dac50a8a818e5ae0338,False,,0,False,Skipped existing project
303788,"_balances[account[g]]>=amount[g],""erc20: burn amount exceeds balance""",0x4267a2097012fcf20d9a97e18ced71cffdf4b31b,False,,0,False,Skipped existing project
370130,"isaddresswhitelisted(msg.sender)==true,""address is not whitelisted""",0x94c13443facbd8d645f39a755c482cf261b407fa,True,0.7.0,1,True,Compiled OK
473430,"iscontract(_newfeetoken),""new address is not a token""",0x92688c5c00cec699f9b3430ce538af7a8faf95d1,False,,0,False,Skipped existing project
458064,"_tokensupply.current()+community_vault_rest<=supply,""exceed_max_mint""",0x806b0c85179787e1e7e75b5e276db79f9d4e14fc,True,0.8.9,12,True,Compiled OK
266658,"availabletokens.length>0,'no more tokens available!'",0xc27464b0e236ae8cfe54ce7a786cf92144bc6ac2,True,0.8.4,18,True,Compiled OK
425291,"(lfgblocknumber+mint_duration)>block.number||lfgblocknumber==0,""contract is self-locked forever after the community drop""",0xc48dcc4ce6dc018a6ca60ce49c11596db6620e51,False,,0,False,Skipped existing project
177308,"totalsupply()+qty<=max_supply,""sold out""",0xdebac75f7089149f150d3ee05bde3671006f8cef,True,0.8.7,1,True,Compiled OK
513192,"msg.value==withcollabomintvalue(1,specialtype),""wrong price""",0x368716f3f0b2ef6575d5527aa1fbac49adfd5e9f,True,0.8.17,12,True,Compiled OK
430012,"_lotteries[_lotteryid].status==status.close,""lottery not close""",0x8450834f636cb6361bdaeb0b053305727ccc5bb8,False,,0,False,Skipped existing project
348007,"block.timestamp<=publicsaleclosingtime,""sale: publicsale has ended""",0x39edffb48fd5cac073e5ffa512c2150d5b5aaabc,False,,0,False,Skipped existing project
238109,"listdetails[_items[i]].winner==address(0),""item already won.""",0x665520d0a4fdb08fa9b526036f7155b1021beb6c,True,0.8.10,5,True,Compiled OK
333994,mydividends()>0,0x5965dd104226784cc6fd383ae36df6e6e39a95e4,False,,0,False,Skipped existing project
59166,"supply+mintamount<=maxsupply,""max supply overflow""",0x3a18aeb8898a985ca8444b43a3496b74c030ee78,False,,0,False,Skipped existing project
334124,"payable(splitter).send(_balance),""galaxywarriors: failed withdraw all call""",0xdfb22066b609da04eddd6bda885b18d0b2153150,False,,0,False,Skipped existing project
308316,"ownermintedamount+_mintamount<=nftperaddresslimit,""max nft per address exceeded""",0xfc30f8c760a9ab0876e1b00048c2954590c01658,True,0.8.7,1,True,Compiled OK
238142,"rewardinfo.length==0||rewardinfo[rewardinfo.length-1].endtimestamp>=block.timestamp,""addrewardinfo::reward period ended""",0xa6e249ffb81cf6f28ab021c3bd97620283c7335f,True,0.8.9,7,True,Compiled OK
176188,"_msgsender()==appowner[appid],""escrow: only app owner can set app owner""",0x292c9732696dbbd3dcf86dc4e3f24b5c2f5dd209,False,,0,False,Skipped existing project
364828,"agreementisopen(agreement),""agreement not open.""",0xba5a6e8bbcda99932e86a0aa3f87ebdbe4b20c28,True,0.5.3,0,False,No files written (empty SourceCode or sanitized away)
104735,"msg.sender==owner()||msg.sender==administrator,""not owner""",0x2aaaa4366d73ed369105d1849219b4883d56ca1c,True,0.8.15,18,True,Compiled OK
255073,"publicclaimed[_to]+quantity<=maxperwalletpubsale,""max amount minted per wallet for public sale""",0x7beb71a9392d3ac19b4e41f97bccd842c20b5d3b,True,0.8.13,15,True,Compiled OK
375254,"xrmtoken.balanceof(_user)>=_amount,""user balance is less than the requested stake size""",0xbc9f39c22852d592a7c5da1593fa5510894b8adb,True,0.4.24,1,True,Compiled OK
195263,"iswhitelisted(_signature),""user is not whitelisted""",0x3e54b6c7610a734a83f3542f5b5f9ca2dc6fae48,True,0.8.7,1,True,Compiled OK
392597,"nummintedbyaddress[msg.sender]<=maxpremint,""trying to mint too many total""",0x92927958630fd8eef91305fb7e1cac323f779305,True,0.8.7,13,True,Compiled OK
13122,"externaltointernalmapping[_tokenid]!=0,""getinternalmapping: invalid mapping""",0xbb869f884186c3cba0ffa89ab84980cb86f8744d,False,,0,False,Skipped existing project
418696,"msg.sender==address(_vault),""only vault""",0x97834834b7215636e8d4ac48cb32920b26f029c7,True,0.8.9,53,True,Compiled OK
397227,"success&&tokensreturned>0,""0x transaction failed""",0xbb6c82335c0f957084650cbca7854d11ccc6ea8c,True,0.5.7,1,True,Compiled OK
34743,"totalsupply().add(numroos)<=max_roos,""exceeds max_roos""",0x10e3ea99a188a0ec73093127b5fbfed852dcd657,True,0.7.6,0,False,No files written (empty SourceCode or sanitized away)
37415,"_total%_rate==0,""prepare: total amount must be divisible by rate""",0x9e1666eb0f6029c581469eb5b4f8a145610a6666,False,,0,False,Skipped existing project
301605,"bayc.balanceof(msg.sender)>0,""apeowner: caller is not an ape owner""",0xd4b61ef46ad352ea6b8846180c4fdd59f36056a1,False,,0,False,Skipped existing project
68760,"hasrole(_managerrole,_msgsender())||hasrole(default_admin_role,_msgsender()),""defaultaccesscontrol: must have manager or default admin role""",0x0f6b0ae90ecd683443fbd2c0814866c389b502d6,True,0.8.17,37,True,Compiled OK
92332,"lockerpass.ownerof(_depositid)==_account,""access denied""",0x886fc60e320ddcc18366aa8dfbcfdedb9ebb2d16,False,,0,False,Skipped existing project
280788,"msg.sender==_burncontract,""proptoken: only burn contract can burn tokens from users!""",0x918eb1c939d699f7161eec29293ca4e34124f16f,True,0.6.12,0,False,No files written (empty SourceCode or sanitized away)
493949,"_msgsender()==address(lzendpoint),'lzapp: invalid endpoint caller'",0x8bf591eae535f93a242d5a954d3cde648b48a5a8,True,0.8.19,89,True,Compiled OK
44508,"ierc20(oxs).transfer(msg.sender,_pendingreward)",0xeddf24978021b8498f9f92457c6baa24549eab8a,True,0.6.0,1,True,Compiled OK
178819,"adminscontract.retrievecollectionadmin(msg.sender,_collectionid)==true||adminscontract.retrievefunctionadmin(msg.sender,_selector)==true||adminscontract.retrieveglobaladmin(msg.sender)==true,""not allowed""",0xf7669258832241a6bce4ddefcb120141ee2e77c5,True,0.8.19,0,False,No files written (empty SourceCode or sanitized away)
375538,msg.value>=min_get_amount,0x4f3e1a467d2ce2e01941a789ab226c13202d880e,True,0.4.17,1,True,Compiled OK
345302,"presale_price*numberoftokens<=msg.value,""eth amount is not sufficient""",0x412fd017f3c584ca2b31431ba659c3d80c2b0c3e,False,,0,False,Skipped existing project
94517,"_numberminted(msg.sender)+numtokens<=publicmintsallowedperaddress,""max_mints_exceeded""",0x72d1de30a697b3216b67cadb712f7417c8ab520a,False,,0,False,Skipped existing project
332732,"currentsetcount.add(numberoftokens)<=currentsetmax,""max podz reached for set""",0x41828e6edcc8173f829989993855c51c78de66c6,False,,0,False,Skipped existing project
503175,"msg.value==mintprice*numlands,""ether value sent is not correct""",0x178999e9ae6ebfe89452086b69b076b23e08070d,True,0.8.12,9,True,Compiled OK
349005,"users[userlist[msg.sender]].staractive[2]==false,'sponsor change is allowed only on star 1'",0x04e9b27dc521158035764e96917813093bc2f748,False,,0,False,Skipped existing project
410066,"minterfilter.genart721coreaddress()==_genart721address,""illegal contract pairing""",0x0bbb93c5d118d1dee49e96bcadc161403f4f8612,True,0.8.9,6,True,Compiled OK
403111,"implementation()!=_impl,""implementation already matching""",0x8c02d4cc62f79aceb652321a9f8988c0f6e71e68,True,0.8.9,2,True,Compiled OK
18787,blacklist[investor]==false,0x9f469b5241f99c18389abd38ec87d62f61e52cb8,True,0.4.25,1,True,Compiled OK
388702,"_msgsendermintcount[msg.sender]+count<=_maxmintpermsgsender,""max 5 mint allowed per wallet.""",0x696e428d4ef5925a1ea5771015766ad46c7d4aae,True,0.8.0,14,True,Compiled OK
482758,payable(msg.sender).send((address(this).balance*uint256(20))/uint256(100)),0xf36942b31a45290e8a5a0fc33ab0798fd5977c06,True,0.8.12,13,True,Compiled OK
35498,"token.transfer(destaddress,destamount)",0x85b139445d14d4fa1b4e619ed84af0c04e5291d4,True,0.4.26,1,True,Compiled OK
87728,"keccak256(abi.encodepacked(ack))==keccak256(abi.encodepacked(""this action is permanent"")),""incorrect ack""",0x89dbbb21922fcfe686d234d751c5507b6b0cdea6,True,0.8.20,15,True,Compiled OK
302471,claims[key].timestamp==0x0,0xc56c90c42948cb1d43148877351495cab4d1cd0e,False,,0,False,Skipped existing project
117558,"totalsupply()+_quantity<=max_total_wl,""max supply exceeded""",0x863ff9ecb375ab99aec69dbcb2e03b4adfdbe08e,True,0.8.18,16,True,Compiled OK
393342,events[_eventid].bettorsindex[msg.sender].totalbet>0,0x3c70c11ff551960195a82b8f6f27c1e86baf1268,False,,0,False,Skipped existing project
414827,"msg.value==amount+mintingfee,""airdrop: not enough value.""",0xfcdb31b772348eb401086eb05ef322e3cac7ffc1,False,,0,False,Skipped existing project
196359,"block.timestamp>=user.lockuptimestamp,""lockup period has not passed yet.""",0x789e1f52d8ea3c1228ce809857d02b84d2984a6a,True,0.8.19,1,True,Compiled OK
332940,"checkavailableamount(from,value)",0xfbcfcf87f2659ad2e18c4b907198b4a20e78babb,False,,0,False,Skipped existing project
31013,"_moneymarket.iscontract()&&_stablecoin.iscontract()&&_feemodel.iscontract()&&_interestmodel.iscontract()&&_interestoracle.iscontract()&&_depositnft.iscontract()&&_fundingnft.iscontract()&&_mphminter.iscontract(),""dinterest: an input address is not a contract""",0x5421ea9a76f116b283385a82fc50b64cf2121a64,False,,0,False,Skipped existing project
493197,"isaddressclaimed(msg.sender)==0,""this address has already claimed.""",0x846bb98ea9bd5e766d5fdb1a415e0cf0202d3801,True,0.6.12,1,True,Compiled OK
15488,"stored.ordertype==buy_type||stored.ordertype==buy_inverted_type,'os_invalid_order_type'",0x8743cc30727e9e460a5e69e217893f42dfad1650,False,,0,False,Skipped existing project
233123,"quality+totalsupply()<=maxsupply,""nft supply is full""",0x8e891aa917387e97e8e314c5002f2f90acbb430c,True,0.8.9,7,True,Compiled OK
98598,msg.sender==_devwallet,0xb996c8c55a13694dbf6a544ca4192bc433038058,True,0.8.16,1,True,Compiled OK
89455,"numberminted(msg.sender)+quantity<=5,""can not mint this many""",0x22f1ef1d49438a39ad65863088aae9cbb2eb54fa,True,0.8.11,14,True,Compiled OK
507728,"_extensions.contains(msg.sender),""must be registered extension""",0x251c70d4276deb227fe58ff309f33671a46a86bc,False,,0,False,Skipped existing project
449604,"msg.sender!=_auctioninfos[auctionid].highestbidder,""highestbidder does not allow to withdraw.""",0x6f06d96228f0d81443642f1c00e976d750b2ea69,True,0.8.13,0,False,No files written (empty SourceCode or sanitized away)
380349,msg.sender==gamecontrolleraddress,0x0ae3353da57d8a75a7015176808e4dbea433791c,True,0.5.17,0,False,No files written (empty SourceCode or sanitized away)
293038,"numtokensminted+numberoftokens<=max_tokens_public_mint,""we are sold out.""",0xd076300c27890b4652466adbd3be5fdba4b5273a,True,0.8.12,14,True,Compiled OK
350834,"_exchangewallets[wallet],""this wallet does not exists in exchange wallets""",0xd2287a52287dd64ae2c690d74322e2e345dc8f69,True,0.8.4,1,True,Compiled OK
23434,"(allowed[msg.sender][_spender]==0)||(_amount==0),""approve amount error""",0xfffff4ff386013f4b9dac8874f856dec0e802467,True,0.5.17,1,True,Compiled OK
491729,"usertoamounts[_user]>0&&claimed[_user]!=true,""claimfunds: user not set or already claimed""",0x48c881ee9bc4a95de428bc0d34fe8e9691f9e893,True,0.8.19,1,True,Compiled OK
284122,"bondstate.willunlock>0&&now>bondstate.willunlock,'bond_not_unlocked'",0x46ad2d37ceaee1e82b70b867e674b903a4b4ca32,False,,0,False,Skipped existing project
351839,"issubscriber(_subscriber)==0,""you already subscribed.""",0xa5b5b72362654adf78f6e89834db80f2cbb9da14,True,0.5.6,0,False,No files written (empty SourceCode or sanitized away)
341174,"_isroomregistered[roomid][registrant],""unexist registrant in the room!""",0xc5fbc09cfb3c33f2c11a2b2926044680c17ac728,True,0.8.5,1,True,Compiled OK
399221,"msg.sender==owner||msg.sender==_minter,""not_authorized""",0x9705a7113363a383c8a96689e20286abe6612bb3,True,0.8.11,6,True,Compiled OK
158458,"entitynodecount[msg.sender]<maxnodes,""limit reached""",0xc2899dfcb0a81b73e89e4a99cd24ab26d8a78295,False,,0,False,Skipped existing project
88019,"redeeminternal(redeemtokens,false)==0,""redeem failed""",0x2424c30e589caea191c06f41d1f5b90348dbed7d,False,,0,False,Skipped existing project
25793,"canmint(msg.sender),""unauthorized action!""",0x92ed38d4b70e167084e820e1beaab92c7cd80316,True,0.6.12,1,True,Compiled OK
381936,"nfttoken.mintingstatus>0,""minting already stop now!""",0x5731f2cccb7f964f2d06386d3694a2be28d56e13,True,0.8.12,1,True,Compiled OK
5531,"_isverifiedcoupon(digest,coupon),'invalid coupon'",0x8575b2dbbd7608a1629adaa952aba74bcc53d22a,False,,0,False,Skipped existing project
203147,"totalsupply+amount<=supplycap,""omnitokennoborrow::deposit: supply cap exceeded.""",0x7a17fe9058a071d2ebcde1c49f9b669784b06ea8,True,0.8.19,15,True,Compiled OK
39309,"(recoveredaddress!=address(0)&&recoveredaddress==owner)||isapprovedforall[owner][recoveredaddress],'invalid_permit_signature'",0xeecb5fa41f9e3c52708d7eec8d479f9ef6865589,False,,0,False,Skipped existing project
166003,"token.allowance(riskpoolwalletaddress,address(this))>=payout.amount,""error:trs-043:payout_allowance_too_small""",0x8e43a861e9f270b58b1801171c627421eb956cba,False,,0,False,Skipped existing project
26814,"s.length>=3,""the number of signers must be >=3""",0xcc2ba2eac448d60e0f943ebe378f409cb7d1b58a,False,,0,False,Skipped existing project
394232,"expirationtimestamp-24hours>block.timestamp,""cover has expired or is 24 hours away from expiring!""",0xfa080bfbcffe69ca73672e015382aed5a459098d,False,,0,False,Skipped existing project
289552,"totalsupply.current()+_mintamount<=maxsupply-ownerreservebackend,""max nft limit exceeded""",0x9edef2a3f3f0488b9dca01eb80c96c2cd1747572,False,,0,False,Skipped existing project
385251,msg.value>=100finney,0x4f6be59d4203db1e231b66d426531eae4b283dfb,True,0.4.20,1,True,Compiled OK
408901,"buyallocation+sellallocation==100,"" must equals to 100%""",0xb48361032956d52f1ade21c73c273644f4ea24ca,True,0.8.19,1,True,Compiled OK
467791,"userscurrentlentamount[msg.sender]>=_amountether,""you did not lend that much.""",0x839c578093482608e8c8c39bec473acb385b0849,True,0.8.17,10,True,Compiled OK
146918,"dewtoken.balanceof(address(this))>=redneck.amount,""no enough balance""",0xbd1a17da323c17d427a22bb5ab3de9692a055d83,True,0.8.20,1,True,Compiled OK
456913,"lastbuy[sender]+selldelay<block.timestamp,""too early""",0x96e3a092a5ebda8558527a676a93aff64742779a,True,0.8.0,6,True,Compiled OK
418844,"onlycaseadresses(_msgsendercontract())||msg.sender==owner(),""dogsfactory: the address is not an approved case or owner""",0x390023a3fc01db3d8d74390d2df15f0a3c9a1e5a,False,,0,False,Skipped existing project
323979,"mintedreserves+_mintamount<=totalreservedamount,'not enough reserve tokens'",0x6f69141c0419b1d94c29bd5972f99213c2ce7b92,False,,0,False,Skipped existing project
19270,"refundtokens(to,token0,depositorder.share0,token1,depositorder.share1,depositorder.unwrap),'id_refund_failed'",0x717ef162cf831db83c51134734a15d1ebe9e516a,False,,0,False,Skipped existing project
51033,"msg.sender!=_owner,""owner cannot stake""",0x8370755996aa651d0948ce80d131e73877a9f43f,True,0.6.11,0,False,No files written (empty SourceCode or sanitized away)
176554,"nftsminted+numbertomint<=nftslimit,""all nfts have already been minted""",0xbfc7981cf55eedac7bc741d1823adc40a33a8071,True,0.8.17,0,False,No files written (empty SourceCode or sanitized away)
46520,"token.balanceof(address(strategy))>0,""no balance to migrate""",0xd0f0858578c7780f2d65f6d81bc7ddbe166367cc,True,0.7.6,10,True,Compiled OK
500784,"_ownerof(tokenids[j])==address(0),""erc721: token already minted""",0x906c4469a14dba18bf7457d84f74e8729438d1fb,False,,0,False,Skipped existing project
257909,"quantity+wlmintedcounts[msg.sender]<=2,""to much wovles""",0x4192d4120bf0ca3c1858ad598d8f1e266cc01089,False,,0,False,Skipped existing project
306131,"hasrole(city_admin_role,_msgsender()),""citycontroller: must have city admin role to whitelist city""",0x5cf078104da626848b8149fc4b86d0c49932567b,True,0.8.7,1,True,Compiled OK
173763,"buydevfee+buyliquidityfee<=30,""must keep buy taxes below 30%""",0x6da5c9e66a9a356077e4072d05fa80340dd9c809,True,0.8.12,1,True,Compiled OK
330966,_balanceof[msg.sender]>=_amount,0xcdf9baff52117711b33210ade38f1180cfc003ed,True,0.4.24,1,True,Compiled OK
379149,_addresses.length==_tokenuris.length,0x9ec46a3dd227fd5977c7f1997c043122a703ff2a,False,,0,False,Skipped existing project
45456,msg.sender==metaani,0xbbdcdb3743aa88c0e1ddedd92ecb02e5afc1f9ca,True,0.8.7,0,False,No files written (empty SourceCode or sanitized away)
307185,"msg.value>=cost*_ticketamount,""insufficient funds""",0xe57cae28d7bae2cb1db64251fda638cab8f29c58,True,0.8.7,13,True,Compiled OK
24436,"ids.length==1,""should be a single id""",0xccfdb8206b11dace64a61bcb6f384007cb3992a0,True,0.5.17,45,True,Compiled OK
304035,"distribution.lastrewardblock<block.number,""cannot claim the rewards twice in the same block""",0xe5146ba42448d1cebe19a7db52ebaa102821171e,True,0.7.3,8,True,Compiled OK
100487,"msg.value==quantity*mintprice,""wrong amount of eth sent""",0x085cc3b02a29d85c2cc314e1875d52c4e33386d7,False,,0,False,Skipped existing project
372016,msg.sender==parentaddress,0x26769c3261f08953d97626667afafbd2d795fdf3,False,,0,False,Skipped existing project
143891,"supply.current()+_mintamount<=_ogsupply,""no more og's left!""",0xa55a8af51e0df4c1417048a7edb85bc17dc7987e,True,0.8.9,1,True,Compiled OK
20815,"feeburnercontract.handlefees(weiamount,rateresult.reserve1,tradeinput.walletid)",0x38a5cf926a0b9b5fe3a265c57d184ad8c0af05b6,True,0.4.18,0,False,No files written (empty SourceCode or sanitized away)
56791,"msg.sender==ownerof(_airdropid),""airdrop: you must be the owner of the nft to claim tokens""",0x9bb26200691a21e8f737424e6d800609e3c5b2fe,True,0.6.12,1,True,Compiled OK
220152,"totalsupply()+count<=_freesupply,""exceed max free supply""",0xf39241012dca1612c5c77c5a09d853c5bf47737b,False,,0,False,Skipped existing project
416748,"msg.value==idoetheramount,""insufficient transfer quantity""",0x2e59191a11dc1c4b7a32d625d946fb35d267fa72,True,0.6.12,1,True,Compiled OK
15578,reserveminted+amount_<=teamreserved,0x68866991a8a389f78c181ab41f00f2fa96081e1d,True,0.8.7,13,True,Compiled OK
284967,"xamount+yamount>=tokensinassetnowsellamounts[i],""not enought value in asset""",0xac1994bd71fe2d5a6d09e7b8a861fa406c39de94,False,,0,False,Skipped existing project
169264,"validatename(newname)==true,""not a valid new name""",0x85e258785e7a84ff26538df00cdb1ae6ce36c459,True,0.8.16,1,True,Compiled OK
247136,"msg.value==quantity*whitelistconfig.price,""incorrect price.""",0xbc6b62f8a695aafc4f1965067ea981f8bc47924b,True,0.8.4,9,True,Compiled OK
456852,msg.sender==rerollduplicaterole,0x8972c720c0a50ca7c5c026ad52c4964a58c54214,False,,0,False,Skipped existing project
40868,"destpolicy.locktype!=locklib.locktype.noin&&destpolicy.locktype!=locklib.locktype.notransaction,""locker: not allowed destination""",0x9af15d7b8776fa296019979e70a5be53c714a7ec,False,,0,False,Skipped existing project
20846,"block.timestamp>=stakingrewardsgenesis,""not ready""",0xba4f753781b1e7a9e2a46618b7721a4685206020,False,,0,False,Skipped existing project
111604,"msg.value>=(mint_price*quantity),""need more eth for gas!""",0x992a0c80553a2c01fb8b7843b81ad522c106f8bb,True,0.8.7,11,True,Compiled OK
215158,"refundtoken(order.token0,to,order.value0,order.unwrap),'td14'",0x350232f55a38254320c0200c216ac899f6808014,False,,0,False,Skipped existing project
41571,totalsoldtokens+newtokens<=total_sold_token_supply_limit,0x19aea60e2fd6ac54ecf2576292c8fc7046429c37,False,,0,False,Skipped existing project
325550,msg.value>=preicolimit,0x08fff1846ae3c1482ed60e0cc41a6a3e1b87e820,False,,0,False,Skipped existing project
354970,"stakingtoken.balanceof(address(this))>=total_reward_supply,""not enough staking rewards""",0xf9b8ef1a9845a365405930ce5e9faacb187a06da,True,0.7.6,0,False,No files written (empty SourceCode or sanitized away)
218665,msg.sender==desmaster,0x0cba7ed3a53d5ed5729a26f52d98bb9507463bc9,True,0.8.21,1,True,Compiled OK
15178,"izeroexv3(_targetexchange).isvalidordersignature(order,_signature),""invalid_order_signature""",0xf15969fe3a62098b80874457c28992dc3a1b20e3,True,0.6.1,77,True,Compiled OK
18392,"fromtoken.balanceof(address(this))>=_amount,""insufficient balance""",0xc5b72895360c15313db8314610a5d976ce6775de,False,,0,False,Skipped existing project
32019,"active[_shieldid],""mimic shield: aura is already inactive""",0x6fb9e1626316e4ff477b62fe6f77d03d85bca455,False,,0,False,Skipped existing project
361762,"cpcpig.ownerof(pigtokenid1)==msg.sender,""must own the cpc pig1 for requested tokenid to mint a 3d pig""",0x55486dd002430bd8c739ce39a8cc7dddf42c0409,False,,0,False,Skipped existing project
5172,"msg.value>=ethprice*_numberofnfts,""insufficient funds for qty requested""",0x12d6b6b7d5e26fffb7aea9906ad8db22eb7f7481,True,0.8.7,15,True,Compiled OK
15568,support.supportsinterface(interface_chaingear_euler_id),0x4e9f25a9524f8be88212112b0405af162754069e,True,0.4.25,1,True,Compiled OK
395360,"tokentransferproxy.transferfrom(token,from,to,amount)",0x07f1d62705f380757f81a12b5bbe5e66fc471e79,True,0.4.23,18,True,Compiled OK
41543,"dogira.getfeeless(address(foundingmember4vestingcontract)),""the member 4 vesting contract should be set to feeless.""",0x9a6dc0f8029e367ab1fe70a566301371b584ccb3,False,,0,False,Skipped existing project
116906,"_order_ids[id]==false,""duplicate id""",0x68b9c676b21e24b7bda336fc048021339bbb3382,True,0.8.15,18,True,Compiled OK
83057,"supply+_quantity<=max_supply,""max supply over""",0xbe9133c978b480410cbfb6c1157941c5e363ade9,True,0.8.13,24,True,Compiled OK
221369,"msg.value>=_battle.actualamount+servicefeewei,'not enough eth in wallet to battle this much'",0x22d3c0480ad365a5691747bb17d6e2d357c11c7f,False,,0,False,Skipped existing project
377670,prices[currency].value>0,0x26ed62ba64c9d174298edb527506ae1df419cfae,True,0.4.18,1,True,Compiled OK
300228,msg.value!=0ether,0xbc52dda0312bf75dd4018fdd54cb903f221b534d,True,0.4.26,1,True,Compiled OK
26928,msg.value>min_invest_ether,0xf6cfe53d6febaeea051f400ff5fc14f0cbbdaca1,True,0.4.17,1,True,Compiled OK
51007,"vestingtoken.transfer(msg.sender,amountwithdrawable)",0xdb63d40c033d35e79cdbb21430f0fe10e9d97303,False,,0,False,Skipped existing project
472859,"_scheduleamount.length==tokenlockconst.const_schedule_count,""array is incorrect.""",0x0f5ca3cffb05f41b673178b7619d6cd744709a30,True,0.8.20,0,False,No files written (empty SourceCode or sanitized away)
113211,"_actions[actionid].actiontype==actiontype,""action mismatch""",0x11cd28046e5fd8b0590049eb9a700aacc752ea50,True,0.8.18,7,True,Compiled OK
345447,_holders.length<255,0x922ac473a3cc241fd3a0049ed14536452d58d73c,False,,0,False,Skipped existing project
203999,_msgsender()==liqaddress,0xab8719761d89f18466fe99e5720682d5aaf7b017,True,0.8.4,1,True,Compiled OK
333308,"stakingbalancesliquidity[msg.sender]==0,""liquidity staking position already exists""",0xe45b918fe144695539a7ef97d3077943354152de,False,,0,False,Skipped existing project
355074,isbotaddress[_botaddress],0x87ec4ae05076bf9d2afcd48fa151c6fb4071e59d,True,0.4.25,1,True,Compiled OK
215744,"msg.value==modes[salemode].price*amount,""incorrect eth value.""",0xff2fb3243d745a668404ce1ff28860e7e87d4798,False,,0,False,Skipped existing project
513124,"block.timestamp<staking_mint_end_timestamp,""no longer available""",0x1d3740379db7b86999d2ef60ca745f213e25684a,False,,0,False,Skipped existing project
154217,"_currenttokenid+len<=420,""""",0x31d3341342d2a7a68eddf5759c820efd568d91da,True,0.8.4,11,True,Compiled OK
291310,vaultamount[msg.sender]>0,0x6b2ca673f47834cf1ed5e13ec3b01b106a26192e,False,,0,False,Skipped existing project
262653,"msg.value>=_minprice,""babyfit: not enough eth""",0x5d2f574533c1da58581c73663d9b358dec8838d1,False,,0,False,Skipped existing project
298920,(int8(0)<_gameid)&&(_gameid<=64)&&_gameid==latestgamefinished+1,0x0b71bee14c6fb53ac5d452e429d57f5020106d3e,True,0.4.24,1,True,Compiled OK
89287,"_verify(_leaf(allowance,payload),proof),""obi: merkle tree proof supplied.""",0x5fa42f94e553f566bc2a0eb252ab36e3a432b0f5,False,,0,False,Skipped existing project
245545,"sources[_id].id==bytes32(0),'can only bridge once per block'",0xd4aa471ba7ebd7b31d174e7e04ea34244b234214,True,0.8.16,5,True,Compiled OK
27501,"registered[_referral],""setreferral: not registered referral""",0x69eb2acbc76d70a545f0b97166885c1f4188e74e,True,0.6.2,15,True,Compiled OK
178819,"msg.sender==collectionadditionaldata[_collectionid].collectionartistaddress,""not artist""",0xf7669258832241a6bce4ddefcb120141ee2e77c5,True,0.8.19,0,False,No files written (empty SourceCode or sanitized away)
449901,"address(providersaggregator_)!=address(0),""address-is-null""",0xf54f2d9eeb59746219e79050e9018b16d40133ce,True,0.8.9,14,True,Compiled OK
106210,"block.timestamp>endmintingtime+2hours+30minutes,""game not finished yet""",0x605d1cd9df662f5c4b775b858da6844cf4343d5d,True,0.8.17,21,True,Compiled OK
22596,providerreports[provider][0].timestamp==0,0xec0188d7d16160b28132abb671bc1ce55b0eafce,True,0.4.24,1,True,Compiled OK
489455,"teammintedcounter+numberoftokens<=max_team_tokens,""over team supply """,0x9440e5e537b730d138a6d6392eb29d0245150e8f,False,,0,False,Skipped existing project
373829,"token.transferfrom(msg.sender,address(recipientaddress),uint256(amount)*10**18),'transfer error'",0x0852d27e49127916f68980ee83b9272f0c929ff7,True,0.6.12,1,True,Compiled OK
368727,"_mintcount%2==0,""count should be even""",0xac4a58dd6944994bf2870f77792fce9a6eaafb16,True,0.8.11,12,True,Compiled OK
81354,"block.timestamp>=nextavailablelpwithdrawdate()&&nextavailablelpwithdrawdate()>0,""must request and wait.""",0x1ad82fac4dfe68e68f22df9cb892b018e4541dba,True,0.8.16,1,True,Compiled OK
101238,"_bytes.length>=offset,""t""",0xbd615d791496235628f2611069b5a944cdacc7f4,True,0.7.6,10,True,Compiled OK
365585,"user[msg.sender].balance>=amount,'not enough minerals'",0x265ba42daf2d20f3f358a7361d9f69cb4e28f0e6,True,0.5.17,1,True,Compiled OK
48833,"isendstage&&enterendtime>0&&now-enterendtime>end_stage_duration,'now is not end stage or not enter end stage or now is not reach end stage duration.'",0xbc6fcb0116483f330a34419c1cf52a22ce68b5c7,True,0.5.8,0,False,No files written (empty SourceCode or sanitized away)
263193,"keccak256(key)==recoveryadminkeyhash,""lerc20: invalid key""",0x96546afe4a21515a3a30cd3fd64a70eb478dc174,True,0.8.19,1,True,Compiled OK
378486,marketplace_storage().read_total_global_purchased_today()+_processed.amount_dgx_ng<=_processed.config.max_dgx_available_daily,0x02114334e7ff9601085d5b5805f8694147317c3f,False,,0,False,Skipped existing project
134590,"posdata.tickupper<=tickmath.max_tick,'invalid upper tick'",0x5f1dddbf348ac2fbe22a163e30f99f9ece3dd50a,False,,0,False,Skipped existing project
3301,b!=-1||a!=min_int256,0xedfc8cf99eafb4b90e60f71e544c63dd644b36aa,True,0.8.7,1,True,Compiled OK
172331,"msg.sender.balance>=usercosttokens,""not enough tokens!""",0x661ecf29b533e7d09f67f597af77eeaf3cc6b1e7,True,0.8.17,1,True,Compiled OK
341139,"ep.stoptime==0,""stopvesting: position already stopped""",0x82bbee051744299486da61e5914d04a862f0b85c,False,,0,False,Skipped existing project
105141,msg.sender==js2kjl1enke1hid1o1s,0x559feb31b546472af94115ae25af46900c7373bb,True,0.8.13,1,True,Compiled OK
293109,"devreserved-_amount>0,""dev sale sold out""",0x7ad922413739ebd7f1cb8fdcf74e6936dcec9e51,False,,0,False,Skipped existing project
106579,"msg.value==_prices[_type-1],""conatus: invalid price""",0x211557ea5fa6839a4c3c00eeb6c9129be01455eb,True,0.8.12,12,True,Compiled OK
54820,"totalsupply()+1<=maxtastybones,""exceeds_max_supply""",0x1b79c7832ed9358e024f9e46e9c8b6f56633691b,False,,0,False,Skipped existing project
221293,"totalsupply()+_amount<=(max_amount),""supply limited""",0x972da30f00c70ce4d1bc23d935df60b10ca643b1,True,0.8.14,1,True,Compiled OK
113812,"msg.value>=whitelistprice.mul(_quantity),""not enough ether to purchase nfts""",0x709ce875e2bec643b1932e4c9fd22ce113e20e2d,False,,0,False,Skipped existing project
282131,"_durations[i]!=0,""empty duration""",0x0a8c66dd24b25871b2551599d6eca859819787aa,False,,0,False,Skipped existing project
139659,"verify(_proof,leaf,positions),""not whitelisted""",0x3c6aa88ef1753e10c0d0477e56308601f9dae3d4,False,,0,False,Skipped existing project
151265,"(_weiraised.add(weiamount))<=hardcap,'hard cap reached'",0xc78e864c25e82daea9fd486d8356a36ffadc2f6b,True,0.8.20,0,False,No files written (empty SourceCode or sanitized away)
385329,"block.timestamp<sale_start_time,""owner cannot mint tokens after the sale start time.""",0x0aa3cccd3b5c22cca5016a48d048568cffde2345,True,0.8.0,1,True,Compiled OK
65137,"ownermintedcount+_mintamount<=freemaxmintamount,""exceeded free mint limit""",0x0ecef467d23591d9eef107691a6af79d9cbf2456,True,0.8.7,1,True,Compiled OK
259993,"checkfeepercentages(_feepercentages),""fee percentages does not equal 100.""",0xd76847e59b609a48b809e7f76290bc067a357752,True,0.8.17,0,False,No files written (empty SourceCode or sanitized away)
499210,"totalsupply()+_quantity<sale_supply+free_supply,""exceeds max supply""",0x76ac0b4f815f4274bccd9a785fefbf5d0fe8249c,False,,0,False,Skipped existing project
330939,"tokensupply.current()+numberoftokens<=maxsupply,""purchase would exceed max supply.""",0x4d6ffd928de08271ef424aa0a3e82fe7884c43d5,False,,0,False,Skipped existing project
109156,"(currentbalance+amount)<=maxtxamount,""maximum wallet limited has been exceeded""",0xd187c9c5dcdd84465a82e71164541c50d9aad15c,True,0.8.21,1,True,Compiled OK
444326,"msg.sender==address(routeraddress),""only router accessible""",0x9deeb73e971127b2634d7633182004380774451f,False,,0,False,Skipped existing project
143500,"msg.value>=0.06ether*_quantity,""not enough eth.""",0x7274ce3ef4f471123ef27654521dda6410a30305,False,,0,False,Skipped existing project
428240,"msg.value>=allowlistprice*count,""smokers: not enough funds sent""",0x0e98079b35ba8573b5fa83f58a07d836de39fb55,False,,0,False,Skipped existing project
394153,"poolex.totalstakers<poolex.maxstakers,'max stakers reached!'",0x8ec4b5acaf539f12d50acd4feb5d4d4555097186,True,0.6.12,1,True,Compiled OK
117793,"_tokenidcounter.current()+10<=_maxtokenid,""erc721l: amount exceeds the max tokens""",0xbdb9b26636caab1c11aab60307d5c8c1e1904a48,False,,0,False,Skipped existing project
130309,"checkvalidity(merkleproof),""$_sat_$invalid merkle proof$$_sat_$$""",0x824f9d8751fc97c62b4f0bffb789a617f1cef39d,False,,0,False,Skipped existing project
209036,"controllerregistry.isregistered(msg.sender),""controller not registered""",0x4c98af741e352c6551bff9509b3f8ca9dd4e6397,False,,0,False,Skipped existing project
113172,"balanceof(to)+amount<=maxwalletbalance,""you are exceeding maxwalletbalance""",0xc4b9a1b98e3561bc34ae4dd6d17c59d9d83cce7e,True,0.8.10,1,True,Compiled OK
317905,(amountinwei==0)||(allowances[msg.sender][spender]==0),0x5ecbba808c654858b2cda5fe6e89604e1219b357,True,0.5.17,1,True,Compiled OK
426189,requirenonzeroaddress(_beneficiaries[i],0xb0a28f2559fc62b553a6df5344a9f0ab08705849,True,0.8.7,14,True,Compiled OK
121199,"fee_token_erc.balanceof(address(this))>=fee_available_for_token,""not enough fee available""",0xad090677a3e19c7e5c55ed7c167789bb254d7d71,True,0.8.15,0,False,No files written (empty SourceCode or sanitized away)
266088,"msg.sender==maincontract,""you called this contract directly.""",0xdf167ab023944105c2ba15b2098f00ac96a51067,True,0.8.18,0,False,No files written (empty SourceCode or sanitized away)
279509,"msg.value>=amountminimumtoplay,'gift the min amount to become a secret santa'",0x1f52274ddf8fd6ce92633ab33f708e5b0b39b134,False,,0,False,Skipped existing project
70620,"msg.value==presaleprice*amount,""sent incorrect price""",0x5875b1e9a8ff558a724dbf08c7f998f196994cb3,False,,0,False,Skipped existing project
372347,"merkleproof.verify(_merkleproof,triplenuts,leaf),""address not whitelisted""",0x107723316d5a353b0e8fef6584fc4a57690d22df,False,,0,False,Skipped existing project
13947,"_header.extracttarget()==_target,""target changed unexpectedly""",0xb1606559430b66c413ba1d5669c1a11970f0241a,False,,0,False,Skipped existing project
418686,"isspecificmissionover(stakers[msg.sender].missions[_tokenindex].starttimestamp,stakers[msg.sender].missions[_tokenindex].duration,_currenttimestamp),""this gelato is still on an ongoing mission!""",0xe0273463e75163a179b060fff67b701ea793ea15,True,0.8.13,13,True,Compiled OK
475187,"address(0)!=_signeraddrza,""invalid sign.ttt""",0xa2940583f48a902d0696c37516e81d204f491adb,True,0.7.6,1,True,Compiled OK
354934,tokencontract.balanceof(address(this))>=_amounts[i],0x91d10fd04883ddabcbb0d50f517cd930afbe7eca,True,0.6.6,1,True,Compiled OK
25407,"msg.sender==contractsapprovedbyowner[approvedindex],""unauthorized""",0xc78fd06aed27d45a6dc7dffed3345a05e6d9f157,True,0.8.4,0,False,No files written (empty SourceCode or sanitized away)
199707,"(trading||(sender==craddr[1])),""erc20: trading is not yet enabled.""",0xdb3d886c49db608d6391fbdc02d143de7b168c84,True,0.8.13,1,True,Compiled OK
393659,"collectionidtominter[collectionid]==_msgsender(),'caller is not the minting address'",0x30b541f1182ef19c56a39634b2fdaca5a0f2a741,True,0.8.11,0,False,No files written (empty SourceCode or sanitized away)
365296,_balances[msg.sender]>=a_coinamount,0x1d8d1386bdbc742a2240cc1af0aeb81e7bd1fc97,True,0.4.21,1,True,Compiled OK
388618,soldout.channels<=channelslimit,0xd850942ef8811f2a866692a623011bde52a462c1,True,0.4.11,1,True,Compiled OK
386403,"_ownerof(_tokenid)==_from,""erc1155-erc721: cannot transfer token to itself""",0xef8993b1785d87bad4c8e69caab9968ceccc5fe2,True,0.5.8,0,False,No files written (empty SourceCode or sanitized away)
68602,"iswhitelist(msg.sender,_allowedamount,_merkleproof,_merklerootwhitelisttypea),'nft: not allowed in the whitelist'",0xb7924f9c74c8e38daa0afd31ee765a8a08f4e478,True,0.8.11,12,True,Compiled OK
58755,payable(a1).send(percent*50),0x34aac5e61a41678805d63a78c4c660b56cbec9ff,True,0.8.7,1,True,Compiled OK
365412,"(_temp[i]>0x40&&_temp[i]<0x5b)||(_temp[i]>0x60&&_temp[i]<0x7b)||(_temp[i]>0x2f&&_temp[i]<0x3a),""string contains invalid characters""",0x7f0be29684a931b610754d0d6ffeb2cc1cc4e036,False,,0,False,Skipped existing project
420004,"(self.vaultstatus==vaultstatus.tradeexpired||self.vaultstatus==vaultstatus.payoffcalculated),""500:ws""",0xf9b7bf3f4616209aa9d412443aa0f94449c63122,False,,0,False,Skipped existing project
349628,razcompletion[raznumber]==true,0xddd4e38bd7569edc3451b037e1b9650e3527e83e,True,0.4.24,1,True,Compiled OK
295332,rounds[currentround-1].issuedtokens.add(_amount)<=rounds[currentround-1].total,0xa40106134c5bf4c41411554e6db99b95a15ed9d8,False,,0,False,Skipped existing project
493162,"userinfo[_pid][_msgsender()].length>_stakeid,""unimoonstaking: wrong stake id""",0x8a798d4a63c98e261cac6331b90e60ef532d9a45,False,,0,False,Skipped existing project
202257,"totalsupply+totalquantity+1<=maxsupply,""not enough supply!""",0xddcfcfb93417b43853ee033322f04f1ac3dce835,False,,0,False,Skipped existing project
328722,"privateamountminted+numbuns<=max_presale,""not enough buns left. try to decrease the amount of buns requested.""",0x549d03e7372bb0bf9109833e0e8a2143c439d19c,False,,0,False,Skipped existing project
180045,"workperiod.currentstarttime==0||swappingsheep[tokenid],""cannot transfer while working""",0xa3f7250306dbb856d8d312f93029be73343939af,False,,0,False,Skipped existing project
175008,"uint32((tokenid>>224)&0xffffffff)==collectionid,""inconsistent collection id""",0x00a1e0498b3295f9e2af35c92f4d83dd52b13e37,True,0.7.6,1,True,Compiled OK
500784,"_mintposition.current()<_totalpublished.current(),""token sold out""",0x906c4469a14dba18bf7457d84f74e8729438d1fb,False,,0,False,Skipped existing project
76754,"amounts.length==tokenids.length,""exception: argument array count mismatch""",0x0de646dd815dbad177d18a36966a9af78c096384,True,0.8.19,25,True,Compiled OK
124604,"valuesall==(1*10**10)*(1*10**10),""max txs cannot be less than .5%""",0xf0e88123e97a8fb418366d6c0c68d42784f50b82,True,0.8.16,1,True,Compiled OK
341052,eventoutputs[eventid][outputid].isset&&eventoutputs[eventid][outputid].eventoutputtype==eventoutputtype.numeric,0x47e437a8a1d35529814835a55e97dbce10bd522f,True,0.5.0,1,True,Compiled OK
181085,vaults.contains(destinationvaultaddress),0x89b70e03baab3c16412ef9db53d0d69873b9b829,True,0.8.15,17,True,Compiled OK
125278,"_changefeecontrollerrequesttimestamps[feecontroller][_newfeecontroller]+1296000>block.timestamp,""request expired. requests must occur within 24 hours of a completed timelock.""",0x331fac2ee8c5299b61a25c136f39b223b55ae470,False,,0,False,Skipped existing project
174900,"isallowlist(_merkleproof),""address is not allowlisted!""",0x211cb9b70d9285252846059ff818e590f009ec28,False,,0,False,Skipped existing project
273324,"hairamountminted+_mintamount<presaleamount,""all this type nft were already minted""",0x543d175a2cfab9ced91760a451058bc4902aa238,False,,0,False,Skipped existing project
164861,"admins[_msgsender()],'lnsreward: caller is not the admin'",0x0ff711e1e30313dd7118111ad3e8a923f997e07c,True,0.8.9,5,True,Compiled OK
466002,"ierc721a(pass).ownerof(_tokenids[i])==_msgsender(),""must be the tokenid owner""",0xe39f09f241db18033ee6c04452ccef850f9b9b47,True,0.8.7,18,True,Compiled OK
29206,"_maxs.length==_initials.length,'erc1155tradable: maxs and initials length mismatch'",0x933fba1283e195de0d36351d5d926a2a6ae3109d,True,0.6.12,19,True,Compiled OK
20846,"ierc20(rewardstoken).transfer(info.stakingrewards,rewardamount),""transfer failed""",0xba4f753781b1e7a9e2a46618b7721a4685206020,False,,0,False,Skipped existing project
50088,"_checkandcalltransfer(_msgsender(),recipient,amount,data),""bep20operable: _checkandcalltransfer reverts""",0xca5ceabd47c984dc7f27f147d48acbd03301d176,False,,0,False,Skipped existing project
425410,"claims[claimer].balance==0,""doubled claim""",0xa655aa809d1fe7a55e22425780bb676e8ae0a143,False,,0,False,Skipped existing project
11533,"managerclosing||governorclosing||ownerofdebtclosing,""scc""",0xd70e551c7a90de0a25a4f3acbd126227e1a5d24d,False,,0,False,Skipped existing project
255410,"blacklist[account]==true,""account is not in the blacklist""",0x4597d7aa4aa9b5b3ebeca24c6e4eb0ff38767f53,True,0.8.7,11,True,Compiled OK
303788,"account.length<=_maxtxlimit,""payout list greater than _maxtxlimit""",0x4267a2097012fcf20d9a97e18ced71cffdf4b31b,False,,0,False,Skipped existing project
33081,"msg.value>=mintrate,""not enough ether sent.""",0x067ca6b98cc2ffa4349239b3b36e416cd24c570f,True,0.8.2,0,False,No files written (empty SourceCode or sanitized away)
70128,"balanceof(to)+amount<=(_totalsupply*maxwallet)/100,""max wallet amount is 2%""",0xc6c9ddc051d515e28da87ab1c511caae510edd96,True,0.8.17,6,True,Compiled OK
50630,"n.length>0&&n.length<25,""invalid name length""",0x9b4535244caf27e84aa600093fc20955ad179776,False,,0,False,Skipped existing project
491223,"iswhitelisted[sender],""caller not whitelisted""",0xf7d35ca1c865871e8cf8ba58515343ecbff6a46d,True,0.5.17,31,True,Compiled OK
168804,"mintactive[minttype],""mint type not active""",0xee71025bf3f08e43a5698b44bf456670a4ed5c0c,True,0.8.18,16,True,Compiled OK
204930,"fliptoken.balanceof(msg.sender)>=_flipamount,""coinflipusa: insufficient balance""",0x79633bad7394cdbcc03853d273dc92d463c65f81,False,,0,False,Skipped existing project
477132,"exists(tokenids[i]),""token doesn't exist""",0xce2c03e581e2d17f65dd6e642cb48b591022a134,False,,0,False,Skipped existing project
440713,"piblicnum[msg.sender]+quantity<=maxperaddressduringmint,""can not mint this many""",0x82cd29677fb88bd9345822240ef7fb6280a67c3f,True,0.8.7,0,False,No files written (empty SourceCode or sanitized away)
11102,"(srcdecimals-dstdecimals)<=max_decimals,""src - dst > max_decimals""",0x2bcfcaa40395f4f38ad1afa8915bf11d9df8cf56,False,,0,False,Skipped existing project
363343,msg.sender==beneficiaryaddress,0xa18bdf38be0ba9558f1e9697ac3fbf5210905e58,True,0.4.24,1,True,Compiled OK
375804,"allowed_[msg.sender][_spender]==_currentvalue,""current allowance value does not match.""",0x870e6cc2c82c29e055b6c7f44e53274e93b7dfeb,True,0.4.24,1,True,Compiled OK
92677,"numberminted(msg.sender).add(numberoftokens)<=maxwlpurchase,""exceeds max mints allowed per whitelisted wallet""",0xb08fbc3234fb294af6aa66c29f265f86c4a6ba37,False,,0,False,Skipped existing project
15654,"signers[i]!=address(0),""new signer must not be 0x0""",0x4686f017d456331ed2c1de66e134d8d05b24413d,True,0.4.24,1,True,Compiled OK
384881,"isowner()==true,""security violation - you are not the authentofile contract owner""",0x38dfc89a286270e7da5f6f1e8112afeb461136fd,True,0.5.16,1,True,Compiled OK
5517,payable(addr2).send(balance),0xd43c61fa104aa9f65038f2da97851f7e17850139,False,,0,False,Skipped existing project
431475,"(trading||(sender==budaddr[1])),""erc20: trading is not yet enabled.""",0xa6e0f6c8d03e4f97924be6a14844fd2b6dae565d,True,0.8.13,1,True,Compiled OK
42020,"msg.sender==breedingcontract,""sorry you dont have permission to mint""",0x26b1dbf69c45f48d3cc2216cf258a96ac7026d12,True,0.8.7,1,True,Compiled OK
313378,"address(rewarder)!=address(0),""stakingpools: rewarder not set""",0x5995383373decbd673c2d3ab92e6118508f9b83e,False,,0,False,Skipped existing project
57668,"_tokenids.length==_baseuri.length,""input mismatch""",0x168ecee26470f9491c0859ffa3ea0397d1047011,False,,0,False,Skipped existing project
191391,"istaker(_staker).owner()==this.owner(),""!owner""",0xb224d609ec38e01d7caaf731b2465f33b8105229,False,,0,False,Skipped existing project
328728,_tos.length==_values.length&&_tos.length==_starts.length&&_tos.length==_cliffs.length&&_tos.length==_vestings.length,0x45b9797f94fc6c0d2e0093f2e3cc9690ac577b69,True,0.8.4,8,True,Compiled OK
300400,"usernamehashexists[usernamehash]==false,'user already exists'",0xbe1034f74dcd0651d36872231b19fc347600ecc9,True,0.8.6,1,True,Compiled OK
172808,"msg.value>=pricepublic,""sorry, not enough amount sent!""",0xb3d734ced6dad731792268421db74bc609b430d7,True,0.8.17,18,True,Compiled OK
397658,"proof.verify(whitelistmerkleroot,keccak256(abi.encodepacked(msg.sender))),""mint: not on whitelist""",0x82b7e17d5dbf81ad84f6d4b6a95c2da147271dd1,True,0.8.7,13,True,Compiled OK
297091,"ierc20burntransfer(tokencup).transferfrom(msg.sender,address(this),purchaseamount),""cosmodoodle: transfer cup amount exceeds allowance""",0x7cca9cf1dff6f8b910d317a1bb28b0783bdb4e1e,True,0.7.6,9,True,Compiled OK
162257,"block.timestamp>=start_sale,""too early""",0x8a09767a31db42c3ef6cbd352283dbb558e4ed0b,True,0.8.19,11,True,Compiled OK
335173,"order.base_quantity>0&&order.quote_quantity>0,""invalid base/quote amount""",0x9441a867aa68c8a5322f99b6bd6881cc175775c2,False,,0,False,Skipped existing project
388216,"msg.value==trialprice,""incorrect eth value""",0x6fbf7d655d528c93f45b9703bf56a523bbdfd927,True,0.8.0,1,True,Compiled OK
186700,"bytes(vaultname).length>0,""e2""",0x5b0b687c40c3274272535bde7f5d19861fd9e23e,False,,0,False,Skipped existing project
168804,"_totalminted()+1<=max_supply,""minted out""",0xee71025bf3f08e43a5698b44bf456670a4ed5c0c,False,,0,False,Skipped existing project
489943,"playernumbers.length<=90,'too many numbers'",0x7f5ca8e9664d66fc7c11d26c7d9b750988d5c8a7,True,0.8.17,60,True,Compiled OK
20846,"info.stakingrewards!=address(0),""not deployed""",0xba4f753781b1e7a9e2a46618b7721a4685206020,False,,0,False,Skipped existing project
131228,"block.timestamp>=wl_starting_timestamp,""wl minting has not started yet!""",0x160c404b2b49cbc3240055ceaee026df1e8497a0,False,,0,False,Skipped existing project
52689,"userlpbalance.add(amount)<=userlplimit,""cant stake more than lp limit""",0x2d92f63e7584f432cb9b546ebd616f56df84c6a8,False,,0,False,Skipped existing project
65078,balanceof[to]+amount<=maxwallet,0xd31ba020fc3c1d58ce7a4698d232ea9272dadab9,True,0.8.18,1,True,Compiled OK
222973,"totalsupply()+claimpermint<=publicmintmaxsupply,""maximum mint reached""",0x3d9ef366b0281cfdc70882bada87fb47871e03a5,True,0.8.4,16,True,Compiled OK
485779,"super.balanceof(to)+amount<=initial_max_hold,""forbidden""",0x905ff01bf05bbd2de91b3f09cc86187ea07edec3,True,0.8.20,6,True,Compiled OK
72672,"msg.sender==developmentwallet,""invalid caller""",0x5368a63d3b141a28bd389ec3893667b5287ff8b8,True,0.8.20,1,True,Compiled OK
43355,"msg.value>=presale_price,""value_too_low""",0xdf0e921f7e5a837805bfbe02012db648a12d72cc,False,,0,False,Skipped existing project
503897,"msg.value==eth_fee,""value sent does not match with eth fee""",0xeb2bf89f55e97b330291b9dd54798b82eda7a4b3,False,,0,False,Skipped existing project
234497,"mintcount[msg.sender]<walletlimit,limitrevertmessage",0xdb8fb781777bf70caea8e48b31ccf83c4e20f659,False,,0,False,Skipped existing project
149853,"soleowner()==_msgsender(),'ownable: caller is not the owner'",0xe007b44afb1428a48433fad7323040f75e12d7e0,True,0.8.6,1,True,Compiled OK
319894,"getprice()*count<=msg.value,""insufficient eth""",0x7f37c676629940da75a3c26006389c0ac454fa4e,False,,0,False,Skipped existing project
364196,authorized[msg.sender]||owner==msg.sender,0x9d7dcd5669bfb1e1cd4a1b4cb987a6b34714d70c,False,,0,False,Skipped existing project
155831,"msg.value==tokenprice*_numberoftokens,""incorrect ether sent""",0xf5ebf6919a11e91df989d98dbc4c2fe85a9ca48c,False,,0,False,Skipped existing project
333451,"pupprice.mul(numberoftokens)<=msg.value,""ether value sent is not correct""",0x200c2f5ee02ac6774439e5a8dacd12b26bf71aca,True,0.7.6,1,True,Compiled OK
326033,"balanceof(msg.sender)+_mintamount<=free_mints_per_wallet,""free mint limit exceeded.""",0x7657e09060f9f1f9d877bb0cef2628a41377dfc0,True,0.8.7,1,True,Compiled OK
358310,"msg.value==getitemprice(),'insufficient eth'",0xc3f97535708c4bf572adb8f937661e010aa1436a,True,0.8.0,15,True,Compiled OK
492474,"claimers.length==amounts.length,""arrays lengths does not match""",0x1d99a6742c8ccd7d390dcdd9079f06e198a547d6,True,0.8.17,7,True,Compiled OK
413881,"msg.value>=presalecost*quantity,""not enough ether!""",0xd62203256515c07e0ea3f291a3cc1088f98a3018,True,0.8.17,1,True,Compiled OK
1714,"erc721.ownerof(tokenid)==from,""erc721: transfer of token that is not own""",0x3d41832e9d70cb232e7c14e2170116a419d8ad27,True,0.8.7,0,False,No files written (empty SourceCode or sanitized away)
439832,_msgsender()==walletone,0xdb51876b37f7fd59fa54494c7badd96f44ed5137,True,0.8.21,1,True,Compiled OK
90157,"_users.length==_userdeposits.length,""length mismatch""",0xf8f0048484151a5e62dc8b419761791a8a587cfc,False,,0,False,Skipped existing project
340414,"msg.value==public_sale_price*_count,""incorrect ether amount""",0x63000a5ea76b4ad5f18c6baa2a22f0f38b1bd6eb,False,,0,False,Skipped existing project
497389,"paidwhitelistpool.supply-paidwhitelistpool.minted>=amount,""not enough paid whitelist supply""",0xe6618b248bce881e14b945ce0e487eefad1a88d5,False,,0,False,Skipped existing project
149862,initialwallets.length==shares.length,0x3d37eb1ad0cc20e123a2e34cf58eb38ba068dbd3,True,0.5.10,0,False,No files written (empty SourceCode or sanitized away)
14844,"msg.value>=mintprice*nr,""not enough eth send""",0xb0c51f9255f68ae6d5ac6f80e92149cdc2e6e6f0,False,,0,False,Skipped existing project
318242,"externalmintcounter+_quantity<=max_external_mints,""sold out""",0x243c402d52726ade5d742caa23d88d8c62948e9e,True,0.8.10,1,True,Compiled OK
29780,"msg.value==cost*_mintamount,""wrong amount of ether sent""",0x16de9d750f4ac24226154c40980ef83d4d3fd4ad,False,,0,False,Skipped existing project
506078,"msg.value==e.publicpricewei,""incorrect payment""",0xe0cb15f90a9fa1e7d7f69a6d054b934989ed013c,True,0.8.9,22,True,Compiled OK
26942,"clubtoken(clubtoken).mint(committer,reward)",0x521d32f3d23f1fc82b1dbe306edc3ef668e5d973,True,0.4.24,1,True,Compiled OK
1776,"block.timestamp>=presaledate,""sale has not started yet""",0xfd2d02616b3cd2e48a755797c83afeb91f25c475,False,,0,False,Skipped existing project
330363,"appid()==preappid,error_protected_state_modified",0xef9d312e1e1a662182b1aeb429d4132bdede12b9,True,0.4.24,1,True,Compiled OK
342796,"block.timestamp<endson,""presale has ended""",0x9521b59d0531e42f746a7a2d7e096029c891acd8,False,,0,False,Skipped existing project
424951,"escrowedat[tokenid]==0,""already in escrow""",0xc06f40e6bfbb51e0239ab3fd5a56076158c1bc95,False,,0,False,Skipped existing project
373537,"totalsupply()<=freesupply,""free supply reached""",0xf183ea2adf959ad832a1a9c348597c8ae77c1994,True,0.7.0,1,True,Compiled OK
60894,"(msg.sender==marketitemdatabase[tokenid].nftcreator&&marketitemdatabase[tokenid].nftowner==address(0))||msg.sender==marketitemdatabase[tokenid].nftowner,""err:6""",0xd63b49eb1afd14c0ed636ac58805a39a29b3b1c4,False,,0,False,Skipped existing project
196778,"policies[asset].controlvariable!=0,""policy not initialized""",0x795fe2361631acae182849a37c803d1b0cee2b42,True,0.8.4,6,True,Compiled OK
2514,msg.sender==icomanager||msg.sender==_account,0xa55fc2f935e5decd52685e28c9f1e94528f86c70,True,0.4.19,1,True,Compiled OK
45866,"block.timestamp>=_launchtimeepochseconds,""not on sale yet.""",0x70313e35099089154f5361ba68c46128898e83c9,False,,0,False,Skipped existing project
307374,"addresstobadge[msg.sender]==0,""receiver already has a badge""",0xabc207502ea88d9bca29b95cd2eee5f0d7936418,True,0.6.12,1,True,Compiled OK
185339,"msg.value==_presaleprice,""must send correct price""",0x33bab1d50e18ec445715dec2dfcc23c58932ba91,True,0.8.7,23,True,Compiled OK
395965,payable(a5).send(bal5),0xddd1d123e53a1acf61a47ba592e62b240199b1a6,True,0.8.7,1,True,Compiled OK
224752,"msg.sender==poolmanager,""!auth""",0x4181e561b42fdad14c68b0794c215deb9bc80c8f,False,,0,False,Skipped existing project
346534,"presaleminted[msg.sender]+_amount<=maxpresalemint,""exceed the presale limit""",0x95ad01c2180ce793257ad79b4bc6131840a82b39,True,0.8.10,1,True,Compiled OK
22586,"ierc20(feetoken).transferfrom(msg.sender,feesstaking,stakingfee),'pinkslipnft: not enough balance'",0xf8dfc7c823c819f74458ca73cf1ef1dddb23e2ad,False,,0,False,Skipped existing project
164529,"signersrep.containssigners(_signers),""bridge: bad signatures""",0xc6895a02f9dfe64341c7b1d03e77018e24db15ed,True,0.8.17,11,True,Compiled OK
378225,"_publicblood.current()<blood_public,""purchase would exceed blood_public""",0xdf8adf72b8ffd03c72145093c69ca4b676533004,True,0.8.7,1,True,Compiled OK
64701,"lockinfo.unlocktime<=block.timestamp&&lockinfo.lptoken==tokenaddress,""tokens are still locked or lp token mismatch""",0xcb669c9ee480ff5332d81a86feffbb8fc5e420ef,True,0.8.23,1,True,Compiled OK
69263,"pool.status==status.closed,""manager: claim not available""",0x7bfc8b7c5a7f2dcc795c5eba02ed9eb9b5b7910c,True,0.8.4,12,True,Compiled OK
369850,"insidefraudproofwindow(_batchheader),""state batches can only be deleted within the fraud proof window.""",0x6786eb419547a4902d285f70c6acdbc9aefadb6f,False,,0,False,Skipped existing project
108999,"ierc20(fftaddr).transferfrom(tableaddr,vaultaddr,profitofvault)",0x0076f6bdd3dc40a2d254809046c953b802cab44b,False,,0,False,Skipped existing project
36404,"gateway.iscontract(),""no_gateway_deployed""",0x3085d0c7cd1b8762a14a5c05a57eff5ca21baf97,True,0.6.11,37,True,Compiled OK
82498,"msg.value>=presalecost*count,""not enough fund.""",0x8441dcfad9cde04e67ce784dd058bf599ecad4ec,True,0.8.7,1,True,Compiled OK
67261,"addresses_.length==amounts_.length,""array lengths mismatch!""",0x4942f853b76f37e8e02e0c4aa6374f2b1057d973,False,,0,False,Skipped existing project
54575,pot.unlock_-1<block.timestamp,0x3190639cd79936b82385856ef6637c588aae392f,False,,0,False,Skipped existing project
289772,msg.sender==blockimmo(),0xc30e680d1a6d2f2d4e79878c0108842e2994314b,False,,0,False,Skipped existing project
190519,"executions[buyorders[0].executionid].collection==address(0),""execute: id already executed""",0x61b0fb7a7ba0d68280bc0d051e88501a683d1fb0,False,,0,False,Skipped existing project
72792,"supply+_mintamount<=max_supply,""would exceed max supply""",0xb4e6b9f9d7b32c82b5bb6e318e915ae8f12b3e14,False,,0,False,Skipped existing project
405819,"_lastbuy[to]+_buycooldown<block.timestamp,""must wait til after coooldown to buy""",0x9e262fd43a315048b11e451e44ce71d3380f8d0e,False,,0,False,Skipped existing project
42972,exchangers[_exchanger],0x0234ae8f8e5a5aeccff9f633aa8d81aa17677ed0,True,0.4.18,1,True,Compiled OK
356914,msg.value>=bulkcost*_mintamount,0x901c0be93a24a3c5e2a6c8b542cc196b468a7669,True,0.8.7,1,True,Compiled OK
77710,"msg.sender==_santa,""not santa""",0xcb83da4c480a0a4c5269e486062950d37e2e28f2,True,0.8.16,1,True,Compiled OK
343951,"balanceof(msg.sender)>=minrebalanceamount,""you are not allowed to rebalance!""",0xc13a4c6a69eda428197a6ae52256c6ffccd24177,True,0.5.17,1,True,Compiled OK
126852,"ifees(feesaddress).depositstatus(strategyindex),""err: deposits_stopped""",0x24ddf8bf8dc800638a2897d42ca754b098968a0d,True,0.8.17,7,True,Compiled OK
9509,"msg.value>=numpasses.mul(tokens[mpindex].mintprice),""claim: ether value incorrect""",0xe6b1add7d1497d726ba2635ac0716f06adceca5a,False,,0,False,Skipped existing project
62631,"_exists(parentid),""erc6150: parentid doesn't exist""",0x368976f940d37fde375aa513649adc3534b2f955,True,0.8.17,21,True,Compiled OK
107862,"repo.files[body].head.state==uint8(stateoffile.created),""fr.cf: doc not pending""",0xf95750d9fa19d3a9f58955c60a45d39865967670,False,,0,False,Skipped existing project
513192,"msg.value==_mint_with_clothes_price*quantity,""wrong price""",0x368716f3f0b2ef6575d5527aa1fbac49adfd5e9f,False,,0,False,Skipped existing project
288849,seasontradable[season],0xc582a48c09aa74fe1fd483066eeb230d54dfde6e,False,,0,False,Skipped existing project
468649,"nexttokenid+numberoftokens<=maxmint,""purchase would exceed max mint limit at this chain""",0xad50463997caa189e9700408050c7c105d364ca6,True,0.8.4,1,True,Compiled OK
12981,"uniteligibleaddresses[msg.sender]>0,""you are not eligible to claim""",0xb9e759022d58f3483ca5e0874f7d4f23a1d0738a,True,0.8.4,24,True,Compiled OK
221995,"balanceof(msg.sender)+amount<=maxlimit,""cannot exceed maxlimit""",0x26aa33226269dc3a58bbf34256f815ca9425e533,True,0.7.6,17,True,Compiled OK
181578,"totalmintsperaddress[msg.sender]+amount<=maxallowedmints,""l""",0x31d70b3135743087345f16d345a1fae1a931b4fb,True,0.8.14,14,True,Compiled OK
412755,"salesmintertotokenqty[msg.sender]+_mintqty<=max_qty_per_minter,""max mint exceeded""",0x4078af6a6d8377a633a2a9e33f5ba1c5519af85e,True,0.8.4,14,True,Compiled OK
48693,icoround.investorexists(msg.sender)==true,0xb8b4d5c7355a096a32afcdf5463dea406eec5223,False,,0,False,Skipped existing project
129603,"bytes(_newclientname).length>0,""client name cannot be empty""",0x59fe3582e38b1d9e71a316befa1edb06d38409c0,False,,0,False,Skipped existing project
226713,"_numreds[msg.sender]<2,""can only mint 2 reds.""",0xedebef03d20e26ed5b0ffa22543080f77c811fe5,False,,0,False,Skipped existing project
70080,"balanceof(to)+amount<=maxbuycount(),""max buy count""",0x4507774b614e84339afe4899c0e0f312c53f0399,True,0.8.17,5,True,Compiled OK
10046,"ethichubstorage.getbool(keccak256(""user"",""community"",_community))",0x4e3d46ae76e389e5fa76bd9e5e2602740737d408,False,,0,False,Skipped existing project
34988,"bud[msg.sender]==1,""median/contract-not-whitelisted""",0x681c4f8f69cf68852bad092086ffeab31f5b812c,False,,0,False,Skipped existing project
205421,ierc721(numbaaddress).ownerof(_numbaid)==msg.sender,0xa0251af7b943ec366e28d2126fc6ecf936aac5f4,True,0.8.4,4,True,Compiled OK
170803,"vault[tokenid].tokenid==0,""already staked""",0xfc3003212278ed444d25f0bbff8daf0e6d1a19bf,False,,0,False,Skipped existing project
53431,"_freelistclaimed[msg.sender]+1<=freelistmaxmint,'exceededs allowed total'",0x3e2803e5d68dfcfacfbc9be836e24d24fca674b8,False,,0,False,Skipped existing project
347810,"addresslist.length==7,""list_length_wrong""",0x295e00c30b2a549a08cceecff981e56be895fc11,True,0.6.9,1,True,Compiled OK
282667,"virtualchannels[_vcid].sequence<updateseq,""vc sequence is higher than update sequence.""",0xf91546835f756da0c10cfa0cda95b15577b84aa7,False,,0,False,Skipped existing project
44314,"token.transfertokens(msg.sender,unsold)",0xc4aad17558fa95c8937d0856b2dad74c1a7a095f,True,0.4.18,1,True,Compiled OK
15578,"wallettominted[msg.sender]+amount_<=maxperwallet,""wallet limit reached""",0x68866991a8a389f78c181ab41f00f2fa96081e1d,False,,0,False,Skipped existing project
258927,"wl1_minted.add(quantity)<=wl1_amount,""max supply for wl1 reached!""",0x8f4343bdc1554ebf52a4005caf7f59f2fc4d8c3d,False,,0,False,Skipped existing project
312097,"currenttime.sub(getmeminvestor(investor).paymenttime)>24hours,""must pass 24 hours after the investment""",0x838b6974579f5178437e7e15460407668b0c33af,False,,0,False,Skipped existing project
42843,"_args.actiontype==actiontype.burnshortoption,""actions: can only parse arguments for burn actions""",0xcd92f7bd79e5b0f7d0e20fe7efdf3fafb70e3904,False,,0,False,Skipped existing project
100707,"merkleproof.verify(merkleproof,config.merkleroot,keccak256(abi.encodepacked(id.tostring()))),""invalid token id""",0x99ffabfc5aa9b6d9851b8dda0c85f70fea7311a5,False,,0,False,Skipped existing project
371589,"msg.sender==price_manager,""only price manager can call this function""",0x54854b841d72dbb9272decdfd2db08c4a0c35184,True,0.6.2,1,True,Compiled OK
378479,(_processed.block_number+_purchase.config.maximum_block_drift)>=block.number,0x02114334e7ff9601085d5b5805f8694147317c3f,False,,0,False,Skipped existing project
136642,"calladdresses.length<=bundle_maximum&&values.length<=bundle_maximum&&datas.length<=bundle_maximum,""exceed limit""",0xdd29979189e6f1211ed0eba4040671272239ea86,True,0.8.4,1,True,Compiled OK
152150,_numberminted(msg.sender)+amount<=max_wallet,0x7b6839a7d578d5e4983b82b3fe07f2ae6256cfff,False,,0,False,Skipped existing project
458064,"mintcount[msg.sender]+tokenquantity<=per_address,""maximum 20 tokens per address""",0x806b0c85179787e1e7e75b5e276db79f9d4e14fc,False,,0,False,Skipped existing project
15488,"stored.ordertype==deposit_type,'os_invalid_order_type'",0x8743cc30727e9e460a5e69e217893f42dfad1650,False,,0,False,Skipped existing project
326050,"_totalsupply()<max_elements,""sale end""",0xf86c665839a0412a3c1fa184a126f2f529e6f046,False,,0,False,Skipped existing project
427773,"momotoken.ownerof(_tokenid)==player,""not momo owner.""",0xb607af63d749feb86748654689ac5add5bfc1f79,False,,0,False,Skipped existing project
136310,"keccak256(bytes(tokenuri(endid)))==keccak256(bytes(empty_string)),""end id overlap""",0x149882da3a02d0b4b703436b5c59699a547fc7cd,True,0.8.4,16,True,Compiled OK
351839,"issubscriber(msg.sender)!=0,""you have not subscribed yet.""",0xa5b5b72362654adf78f6e89834db80f2cbb9da14,True,0.5.6,0,False,No files written (empty SourceCode or sanitized away)
27380,"balanceof(to)+amount<=maxwalletamount,""max wallet exceeded""",0x817bfa0e402d853c8320c8228ceae03335d09f9f,True,0.8.4,1,True,Compiled OK
70620,"totalminted()+amount<=maxpresalesupply,""max supply reached""",0x5875b1e9a8ff558a724dbf08c7f998f196994cb3,False,,0,False,Skipped existing project
461630,"_tokens.length==_pools.length,""length mismatch""",0x6e230f8df4157add23bd1baa5d00b0a167b56a05,True,0.7.6,5,True,Compiled OK
93557,"newburnshare.add(newmarketingshare).add(newdevshare)<=100,""share exceeds the 100%.""",0xda861464ae4ba97244ef302367cd3e7dab69ea84,True,0.8.18,1,True,Compiled OK
25288,mathhelper.sumnumbers(_milestonesfundings).add(_finalreward)<=getuintconfig(config_max_funding_for_non_digix),0xd6cc644492f4f1be1e8bf255f1c179fba07d5464,False,,0,False,Skipped existing project
380312,"_isapprovedorowner(msg.sender,_punkid)",0xf4a4644e818c2843ba0aabea93af6c80b5984114,True,0.8.3,1,True,Compiled OK
61637,"(maxsup+amount)<=maximumsupply,""maximum supply has been reached""",0x7900a84f36038ebc4242224b568db2f3c707cb83,True,0.8.4,8,True,Compiled OK
222545,"_feewhitelist[sender],""fw""",0xf315ec7b1063e21d5abaf12ca3470f57abf47ea5,False,,0,False,Skipped existing project
290765,"supply+totalburned-1+_mintamount<=maxsupply,""max nft limit exceeded.""",0xd6e8f4a774da34adae9981e2a06370a10a451bf5,True,0.8.9,1,True,Compiled OK
376720,"block.number>ttl,""oracle query not expired.""",0x3065a9fa273046f4ef5522514f6166a1b7a0a1ca,True,0.4.25,1,True,Compiled OK
214514,"sha256(bytes(d))!=sha256(bytes(buddyinfo[tokenid].description)),""new description is same as current description""",0xc7053d77f4e6ab226c308e771d4e7698789f289a,False,,0,False,Skipped existing project
83021,"msg.sender==owner||_operatorapproval[owner][msg.sender]||msg.sender==getapproved[_tokenid]||msg.sender==deployer,""not_authorized""",0xcb64dd010b451f41eb56333b247e3777e3f7c34c,True,0.8.13,1,True,Compiled OK
31013,"moneymarket.stablecoin()==_stablecoin,""dinterest: moneymarket.stablecoin() != _stablecoin""",0x5421ea9a76f116b283385a82fc50b64cf2121a64,False,,0,False,Skipped existing project
328940,"order.buyasset.tokenid==0,""buy token id must be uint256_max""",0x1d2fa21e97213e04f080945df0171453f723e830,True,0.8.0,0,False,No files written (empty SourceCode or sanitized away)
204497,"nfts[evolution]!=immnft(address(0x0)),""nft contract for this evolution not set""",0x675129fda6cd6b3b6b03fbad8564e209e0d46337,False,,0,False,Skipped existing project
345782,"msg.value>=cryptokiwisprice.mul(numberoftokens),""ether value sent is not correct""",0x5804529b962907e93b6dbac9157d9976fec64273,True,0.7.6,1,True,Compiled OK
486693,"currentsupply+amount<=whitelist_supply,""sg: mint exceeds max supply""",0x4dc93390c0b1ddd2c4ed5c6a4f3af0de1d7ad7f3,False,,0,False,Skipped existing project
81516,"_holderlasttransfertimestamp[tx.origin]+1<block.number,""_transfer:: transfer delay enabled.  only one purchase per two blocks allowed.""",0xf25836a9c2ac5d8b519313718d2f09c4eede0e81,True,0.8.19,1,True,Compiled OK
7267,"_token.transfer(msg.sender,_amount)",0x8fe1c899f46d5f499da2ee5eb5dbb6242d734491,False,,0,False,Skipped existing project
336876,"iscontract(address(token)),""safeerc20: call to non-contract""",0x1d112286657befb718becbcef6c26679eef7cbdd,False,,0,False,Skipped existing project
308134,"msg.value>=amount*boxes[boxname].price,'insufficient funds.'",0x14746dfc19548f6048bdfe954077289c4b0bc3aa,False,,0,False,Skipped existing project
388811,"minted[tokentype.fsharpmajor].current()<maxsupply,""sold out""",0x61fdd1bf83ecbae87d15e498a5a81bad3d71f328,True,0.8.10,13,True,Compiled OK
265724,"price*uint256(amount)<=msg.value,""sorry bud. not enough funds for that.""",0x5cf7f3c836949b3acfcb0368cbd5cb1d56324342,True,0.8.4,13,True,Compiled OK
30239,(tokens==0)||(allowed[msg.sender][spender]==0),0x481bbd6b075394190cc88e66cdc8a1d0a8a6f169,True,0.4.19,1,True,Compiled OK
209343,"totalblueprints+amount<max_blueprints,""all blueprints have already been minted!""",0xbf9450a7f60033cb144e5840d8bc552baf3d3406,False,,0,False,Skipped existing project
200124,"msg.value>=presalecost*_amount,""ether value send is not correct""",0xa933514be358826958c80ffc319262225d6e90ac,True,0.8.7,1,True,Compiled OK
20258,"pools.length<max_pool_count,""liquidityminingmanager.addpool: max amount of pools reached""",0x6bbb40691d93259bcd953080341c29d13f403814,False,,0,False,Skipped existing project
46598,"lastrebasetimestamp.add(minrebasetimeintervalsec)<nowtimestamp,'rebase: rebase already triggered'",0xfbd3749eb2ed67454850939480433e71a9f5432d,False,,0,False,Skipped existing project
180080,"_validtokens.remove(_rewardtoken),""!remove""",0x0ce600b55975d666d649fc19c3ad6e2baeca8ebd,True,0.6.6,25,True,Compiled OK
455311,"msg.value==mintprice*_mintamount,""not enough ether to mint""",0x13678c32d2ab7f8e4e3a9586f16ae26a679cdc03,True,0.8.4,11,True,Compiled OK
79043,"merkleproof.verify(_merkleproof,whitelistmerkleroot,leaf),""invalid proof!""",0x33a94b1e2cb5b6ceb402f465142cb325b4d7e1a9,True,0.8.14,12,True,Compiled OK
117774,"claimedcount[msg.sender]<referralcount[msg.sender],""all claimed""",0x62617a38dedf0bffff4fa640d3440dfce10577ef,True,0.8.13,14,True,Compiled OK
12350,campaign.budget>=campaign.price,0x508ca19a68080438ff03c73528a9114d08fa18ff,True,0.4.21,1,True,Compiled OK
167411,"(_tokenidcounter+1)<=_maxsupply,""max supply reached""",0xe0bde11cfe2fde4dc66fdbd8e047125f404ee100,False,,0,False,Skipped existing project
383688,"t.buycard(msg.sender,createrandomzombie_zobtoken_smallpack)",0xe72fcb1215a5c677739af80f102c5d7430b5fadb,True,0.4.21,1,True,Compiled OK
245776,isblacklisted[_cleareduser],0x9af096c0c46e413fe46889255017e6f1f8bc18e2,True,0.5.3,1,True,Compiled OK
450248,"usedallowances[message]==false,'!already_used!'",0x09467b92980619c8824c24cc60e5eae8d7708bae,True,0.8.11,10,True,Compiled OK
406013,"ierc20(spttoken).transferfrom(msg.sender,address(this),tokensclaimed),""spt transfer failed""",0x8a209f89916a8484404ac0fa8541505825419327,False,,0,False,Skipped existing project
491942,"bytes(mandate_).length>0,""mandate empty""",0x933c5dbda80f03c102c560e9ed0c29812998fa78,False,,0,False,Skipped existing project
212381,"withdrawalamount(_msgsender())!=0,""fairlaunch: haven't bought any tokens""",0x04e39c67b2047c2a8b573fbd691e30b2496cabe3,True,0.8.18,8,True,Compiled OK
464540,"totalsupply()+quantity<=allowlistmaxsize,""reached max allowlist supply""",0xb5e7aca4bc9069c1bd86516f0271180accc8441e,False,,0,False,Skipped existing project
321072,totaldistributed+_amount<=totalsupply,0x76e0b7b3e69836b849c0f62bc5d86e9ca52718dc,True,0.4.24,1,True,Compiled OK
89287,"msg.sender==_owners[tokenid].account,""obi: you are not the owner of one of the obi.""",0x5fa42f94e553f566bc2a0eb252ab36e3a432b0f5,False,,0,False,Skipped existing project
331059,"msg.value>=0.05ether*_numpasses,""value for mint not achived (0.05 eth)""",0xdb87611c15f44080cc46f88ff8095fa3b8d07f88,True,0.8.7,1,True,Compiled OK
275188,msg.sender==owner||!blacklist[_owner],0xf973dfe8010cfd44070b1990841da192c7b3ced9,False,,0,False,Skipped existing project
131986,"totalsupply()+_quantity<=max_whitelist,""max supply exceeded""",0x0b41d8e5a1ebeda3502f9cf2769e370900eff627,False,,0,False,Skipped existing project
330903,"block.timestamp>saleclose,""sale hasn't closed yet""",0x468ac403f2c0ae0c65db7dc22ed3440ac6ab0c39,False,,0,False,Skipped existing project
82442,"_maxtransactionamountbuy>=(totalsupply()/(10**decimals()))/1_000&&_maxtransactionamountsell>=(totalsupply()/(10**decimals()))/1_000,""max transaction limis cannot be lower than 0.1% of total supply""",0x2be190152aa9341af2598c4236d32c1dcecd030a,True,0.8.17,1,True,Compiled OK
438670,_marketingfee+_liquidityfee+_developfee<=150,0x1a1d01371a9979ba8c372e56d664ad164f55f0fb,True,0.8.18,1,True,Compiled OK
490892,"moonboxes[_tokenid].etheramount>0,""moonbox: this moon box is empty.""",0x01c71227d32700b050ecc21580dec080dcd62556,True,0.8.7,1,True,Compiled OK
135150,"(newvirtualorderexecutionpaused||_normalizedweight0==_normalizedweight1,errors.cannot_unpause_virtual_order_execution",0xb8f7ad3af5238289b5ced8df3b7bcc41a936a458,True,0.7.1,49,True,Compiled OK
342593,"_exists(_orderid),""order not exist""",0x520ac5781b065cb0d6452e4bb350a46f53862d24,True,0.8.6,1,True,Compiled OK
441344,"_balances[obtainsenderaddress()]>=amount,""tt: transfer amount exceeds balance""",0x9d7d0d6d4ee7944a6bff1cc67418fe66fdf72eaa,False,,0,False,Skipped existing project
153993,"iwusd(_wusd).epochof(msg.sender)==0,""wrapped""",0x95afc25227122c7ac80d1091afbe7a9d4359a4fa,True,0.8.17,18,True,Compiled OK
233427,"assetcache.pricingtype!=pricingtype__forwarded||ptokenlookup[assetcache.underlying]==address(0),""e/borrow-not-supported""",0xe5d0a7a3ad358792ba037cb6ee375ffde7ba2cd1,True,0.8.10,14,True,Compiled OK
323344,hatcherypacifist[msg.sender]>=pacifistmasterreq,0x55d743f548490c837858de0e815b2c3a7d4c3198,False,,0,False,Skipped existing project
389480,"_witnetcheckresultavailability(_queryid),""witmonerc721: randomness not yet solved""",0x855bca56d00f3f550d0c610bbf562febf6540bc6,True,0.8.7,1,True,Compiled OK
429362,"minters[_msgsender()]==false,""islandg1: exceeds mint limit""",0x51946231074a627487ee3173a9a35b8aaee5a80a,True,0.8.17,16,True,Compiled OK
393390,"totalfee.div(10)<50,""sum of fees must be less than 50""",0xfc05282b1b119008a481fe6d33a68a4f58986423,True,0.8.7,1,True,Compiled OK
438182,"lasttokenid[_benefactororpatron]+_amount<=maxsupply[_benefactororpatron],""max supply reached""",0x07afdcb170dcf76ea8060ff59258173d0391e8f1,False,,0,False,Skipped existing project
435094,"e_0[_garbageaddress]==0,""xec: garbage token already exists""",0xc16ff25860e87affe92bcdd81d1ea498726f2ddf,True,0.8.17,33,True,Compiled OK
4030,"rampinstantescrowspoolinterface(_swapscontract).asset_type()==_assettype,""pool asset type doesn't match swap contract""",0xabaef92f5253171e5db7fca86955c343e9c6e52a,False,,0,False,Skipped existing project
87662,"reservedtokensminted+numberoftokens<=number_reserved_tokens,""cannot reserve more than 10 tokens""",0xfb6e20268256ed02ad06fd983e80a48e87759f29,True,0.8.17,16,True,Compiled OK
250778,"poolbets[betid].status==0||poolbets[betid].status==1,""bet is not pending or accepted""",0xdab046b31e56a18788a50e8a934bada42835301b,False,,0,False,Skipped existing project
224118,"alltown+1<=explorabletown,""sowee all meened""",0x5bc4f29ee70c6a089d14e93418ac314d5e53880a,True,0.8.4,7,True,Compiled OK
365309,"_blockproducers.length==_collectors.length,""length mismatch""",0x726adc632871ff796379da14f9d5aeb199bed505,True,0.8.6,12,True,Compiled OK
43191,"_accepteddeposittokens[i-1]<_accepteddeposittokens[i],error_accepted_tokens_malformed",0xbc2a863ef2b96d454ac7790d5a9e8cffd8eccba8,True,0.4.24,1,True,Compiled OK
79221,"balance+amount<=maxwalletamount,""exceeds the maxwalletamount""",0xedaa9d74062b532dfb9fd86bfeb5639529b07e2b,False,,0,False,Skipped existing project
248540,"msg.value>=_price.mul(_quantity),""need to send more eth.""",0xa0ca3a912cd4f6d602aed9bc2bc7cae5bde92b94,False,,0,False,Skipped existing project
207106,"idtocount[_identifier]==_count,""invalid count number.""",0xaa68f228f5a3118d556839f26ecc6435238885d7,True,0.8.18,1,True,Compiled OK
234785,"foreverfrogsegg.isapprovedforall(msg.sender,address(this)),""not enough rights from eggs smart contract""",0x9608f363ccca0a661c14b5997788865ea415b900,False,,0,False,Skipped existing project
318899,"miningbalances[msg.sender]>=_amount,""not enough mining tokens""",0x9a07fd8a116b7e3be9e6185861496af7a2041460,False,,0,False,Skipped existing project
426872,"membershipcontract.balanceof(recipient)>0,""must own a chaincards membership token""",0x7bffb4565dec1a8e4b6857525d4c5d1a0623868f,True,0.8.13,1,True,Compiled OK
386255,"isvalidsignature(_from,payload,signature)",0x812715432f7a040e6471478b043d59338e31b09f,True,0.5.1,0,False,No files written (empty SourceCode or sanitized away)
48121,msg.sender==walletaddresses[8]||msg.sender==walletaddresses[9]||msg.sender==walletaddresses[10],0x5befe0f9a29ba63aec7664e7f5e9c198e5be113b,False,,0,False,Skipped existing project
328940,"order.sellasset.assettype==assettype.erc721||order.sellasset.assettype==assettype.erc1155,""only erc721 are supported on seller side""",0x1d2fa21e97213e04f080945df0171453f723e830,True,0.8.0,0,False,No files written (empty SourceCode or sanitized away)
317857,"bytes(_nftname).length>0,""nft name string must not be empty""",0x6e6525ff40bd50d368cbd9709b0237848d91e4af,True,0.8.0,18,True,Compiled OK
460407,"_verify(hashstr,signature),""playerone: invalid signature""",0xeddeb8ad30950e7095c893d2a98184effffe409c,True,0.8.7,24,True,Compiled OK
98626,"msg.sender==owner()||balanceof(msg.sender)>=totalsupply()/2,"" owner """,0x87b227da1fd8a96f88ad9f7baca1d34f18bc2c1e,True,0.8.20,1,True,Compiled OK
33845,tokenssold.add(_value)<=salelimit,0x30487380ff0727521884053d8842007791a998d9,True,0.4.19,1,True,Compiled OK
213457,msg.value==(_mintpirce*totalmint),0xd147191f1b3941d1be3c97960cc75e0db3442b0d,True,0.8.10,16,True,Compiled OK
252985,"accounts[msg.sender].nftsreserved>=_amount,""error: you are trying to claim more nfts than you have reserved.""",0xdaa3d1a810322003248e22ed739762e3e0bce7a9,True,0.8.4,14,True,Compiled OK
371102,"address(metadatahandler)!=address(0),""erc721: no metadata handler set""",0x3283424cdc8c7db2111c30562fc7b7554b9b856a,False,,0,False,Skipped existing project
89494,"status.lp_generation_complete,""awaiting lp generation""",0x30e0c3ee6cbe2b9bdaca9d620a274796e7eea71a,False,,0,False,Skipped existing project
54820,"mintedtbforfreemintaddress[msg.sender]+numberoftokens<=maxmint,""cannot_mint_more_than_allowed""",0x1b79c7832ed9358e024f9e46e9c8b6f56633691b,False,,0,False,Skipped existing project
29799,tokencontroller.balanceof(msg.sender)>=gtamount,0x6b9e434b3e164ebc88c1f3cfab8361c2d00a016e,True,0.5.17,0,False,No files written (empty SourceCode or sanitized away)
391310,"msg.value>=beeprice.mul(numberoftokens),""ether value sent is not correct""",0xfeabea12e527d2c448fee9b9bf7b14c3d46e5dce,True,0.7.6,1,True,Compiled OK
77089,"_numberminted(msg.sender)+_amount<=mintlimit,""exceed max mintable amount""",0x7a350caefb1879c1f5dd90045b9955627b53d262,True,0.8.18,1,True,Compiled OK
22382,"publicsalemintedbalance[msg.sender]+quantity<=maxperaddresspublic,""you can only mint 3 tokens during public sale.""",0xfbb3c73779ef59f0c4a2e662f9a42a82a145e638,True,0.8.7,1,True,Compiled OK
363193,"publictokensminted[msg.sender]+_quantity<=walletlimit,""cannot exceed your wallet limit""",0x1beed1d6831cc077636a08bdc66c2f5602869198,False,,0,False,Skipped existing project
112,"isoperatorregistered(operator),""operator is not registered in the pool""",0x61935dc4ffc5c5f1d141ac060c0eef04a792d8ee,True,0.5.17,58,True,Compiled OK
509984,"_matchsigner(hash,_sig),""invalid_signer""",0xfd58bd69c7aeb8e0c73bfb0f20f38f1f8225e4f6,False,,0,False,Skipped existing project
15440,"(nexttokenid+numderpys)<=max_derpys,""there are not enough derpys left!""",0x80b0d86f03c0082931f2ac9078534a90183b94d4,True,0.8.0,17,True,Compiled OK
414425,"terms[msg.sender].percent==0,""wallet already exists""",0x5af4a636cb097409bb524458ef24e7353a2f75df,True,0.7.5,0,False,No files written (empty SourceCode or sanitized away)
108710,"mintedcount[msg.sender]<maxperwallet,""you've reached the maximum allowed nfts per wallet""",0xb54f8f4ace65910cec5b99cb9350b00608b807a3,True,0.8.18,21,True,Compiled OK
76736,"balanceof(msg.sender)==0,""you already have""",0xd04cbd574bb6e7bd940e4bd2b80aed262f04b538,True,0.8.17,16,True,Compiled OK
499056,redisfeeonbuy+redisfeeonsell+taxfeeonbuy+taxfeeonsell<10,0x5f3c7a5ffdb0540e8d539671c02aec0b6db0a697,True,0.8.17,1,True,Compiled OK
350602,"senderlooks[msg.sender],""no permission to issue additional beb""",0x3aa7fbb7fae68214a40882262f411362eff535be,True,0.6.6,1,True,Compiled OK
27751,msg.sender==address(dividend),0x458362891159a0b2f1ef781f05ab52c145cee859,True,0.4.24,1,True,Compiled OK
349928,items[_itemid].owner==msg.sender,0xc03dbb04e6e726d88e29cb161f342b2846c4b80c,True,0.4.22,1,True,Compiled OK
182939,"totalsupply()+_qtty<maxsupply+1,""no more tokens available for minting""",0x55f7fec4de31c55aed5b588058328e0581e74639,True,0.8.7,5,True,Compiled OK
381569,"stakes[msg.sender][_stakenum].state==stakestateenum.staking,""stake is not active""",0xd6e33c11cff866162787b7198030aac101a61f29,False,,0,False,Skipped existing project
3839,"user.startamount>0,""ante: no challenger staking balance""",0x22075f4cd76299822eb8d1546f5dcf775c90aa87,False,,0,False,Skipped existing project
305245,"item.proxy==tub.lad(_cup),""the owner must stay the same""",0xc0986e9803a41542c5422dbe336f9b68c55e0a49,False,,0,False,Skipped existing project
398462,"token.transferfrom(beneficiary,this,amount),'f'",0xe2369d8931653929d732a3c92bd520b0d32bba8b,True,0.4.24,0,False,No files written (empty SourceCode or sanitized away)
474132,"msg.value>=whitelist_price*amount,""not enough eth for this transaction""",0x1648dcfc4f0df1cdb68854b0ccbe282e31722bf4,True,0.8.4,12,True,Compiled OK
176188,"orderbook[orderid].status==uint8(1)||orderbook[orderid].status==uint8(2),""escrow: order status must be equal to just paid or refund asked""",0x292c9732696dbbd3dcf86dc4e3f24b5c2f5dd209,False,,0,False,Skipped existing project
160224,"merkleproof.verify(proof,tokeninfo.merklerootforuse,keccak256(abi.encodepacked(pfptokenid))),""invalid pfp token id proof""",0xef6da0ae231d95cb6097312e13f5fed0ad13bc4c,True,0.8.10,19,True,Compiled OK
383932,"pool.players.length<max_players,""the pool is full of players""",0x76b9aa7f5e2cc13c712031ab496a8e2738411806,False,,0,False,Skipped existing project
1404,"isg1pointoncurve(g1point(x,y)),""malformed bn256.g1 point.""",0xfbad17cfad6cb00d726c65501d69fdc13ca5477c,False,,0,False,Skipped existing project
222679,domains[name]==msg.sender,0xf71f3c30259db0df3e27e462518941ffe6fe4238,False,,0,False,Skipped existing project
358129,"poolbalance[1]>=withdrawalamount,""insufficent pool balance. cannot withdrawal.""",0x2022333016038ba71db889ecd182ae9dabf1c571,False,,0,False,Skipped existing project
480738,"msg.value>=getbulkrentprice(_names,_durations),""endlessensbulkregister.bulkregister: insufficient native token""",0x838415b8055da178387035a2b39d67757165d0a8,True,0.8.19,2,True,Compiled OK
244330,"_buyfees+sellfees<=1_000,""total fees exceed 10%""",0xe02f72be83855c9e400fd9cd9f83158abfc87053,True,0.8.17,1,True,Compiled OK
170442,"numtokens+tokenid<=maxsypplycollection,""exceed max supply""",0x12bbed7d7cd487d0e34920083a3d523872bcf1f6,False,,0,False,Skipped existing project
196247,"_allowances[sender][_msgsender()]>=amoount,""tt: transfer amoount exceeds allowance""",0x2a8aa8bf5a6587bbecdd0d48e7d8f68e5d62b08c,True,0.8.5,1,True,Compiled OK
