contract_address,project_dir,recompile_ok,recompile_message,recompile_solc,recompile_n_sources,recompile_mode,elapsed_s,original_idx,label
0xa0a9215aec00c684cdbf46874d39338a6a0fd937,contracts/0xa0a9215aec00c684cdbf46874d39338a6a0fd937,True,Compiled OK,0.5.11,3,standard,0.263,6690,"_books[msg.sender]==address(0),""User must not have a preexisting book"""
0x24f84be4a68b57fb00f831cca126759f17639687,contracts/0x24f84be4a68b57fb00f831cca126759f17639687,True,Compiled OK,0.5.14,1,all_files,0.656,339525,"(id<=ID_OF_PERIOD_1||CRYPTO_HANDS.viewUserLevelExpired(msg.sender,7)>now),'You must have level 7 in CryptoHands, or id <= 16'"
0xdffce99ae598d85a719a94809a7ff5dd31875c4b,contracts/0xdffce99ae598d85a719a94809a7ff5dd31875c4b,True,Compiled OK,0.8.18,8,standard,0.113,498623,"msg.sender==DSS_FLASH,""FlashBorrower: Untrusted lender"""
0xf7b30915db932ec94e04a7f0208a63cc8eb87aa9,contracts/0xf7b30915db932ec94e04a7f0208a63cc8eb87aa9,True,Compiled OK,0.8.4,15,standard,1.034,362148,other.ownerOf(displayeeTokenID[i])==_msgSender()
0x618abd8ec016d219af645020b0ad59d590d7f5df,contracts/0x618abd8ec016d219af645020b0ad59d590d7f5df,True,Compiled OK,0.8.22,2,standard,0.098,154755,bytes(_symbol).length>0&&bytes(_symbol).length<=MAX_NAME_LENGTH
0x8f30ce8d9c60f40b930c5206befdac740e970c4b,contracts/0x8f30ce8d9c60f40b930c5206befdac740e970c4b,True,Compiled OK,0.6.12,10,standard,0.101,497286,"_Discreet.balanceOf(to[i])==0,""State for this address has been replicated"""
0x88bd6efe33bc82860278c044efa33364c6285032,contracts/0x88bd6efe33bc82860278c044efa33364c6285032,True,Compiled OK,0.6.11,79,standard,0.843,413065,"pusd_pools[msg.sender]==true,""Only pusd pools can call this function"""
0x7bf63323dca63b02ff3cc1c105dc9943eb340371,contracts/0x7bf63323dca63b02ff3cc1c105dc9943eb340371,True,Compiled OK,0.8.7,5,standard,0.128,164552,"msg.value>=payForCount*mooExtrUTOPAy,""MOOsend ENOUGH ETH!"""
0xcba420f0b43c32a1d49851f6356a37de6ee8e288,contracts/0xcba420f0b43c32a1d49851f6356a37de6ee8e288,True,Compiled OK,0.8.16,4,standard,0.12,483498,"address(baseContract.multisig())==msg.sender,""Caller is not the URI owner"""
0x04b5129735b5d9b1b54109f2c4c06ea23b506a95,contracts/0x04b5129735b5d9b1b54109f2c4c06ea23b506a95,True,Compiled OK,0.7.4,9,standard,0.717,377721,"stakerDetails[_staker].currentStatus==0||stakerDetails[_staker].currentStatus==2,""Miner is in the wrong state"""
0x2210cd898651b51acdbd1289d5144283dbe269ce,contracts/0x2210cd898651b51acdbd1289d5144283dbe269ce,True,Compiled OK,0.8.7,15,standard,0.08,20678,"_Collection2Claimed[msg.sender]+numberOfTokens<=Collection2MaxMint,'Purchase exceeds max allowed'"
0x38a5cf926a0b9b5fe3a265c57d184ad8c0af05b6,contracts/0x38a5cf926a0b9b5fe3a265c57d184ad8c0af05b6,True,Compiled OK,0.4.18,14,standard,1.235,20815,tx.gasprice<=maxGasPriceValue
0x87c9dbff0016af23f5b1ab9b8e072124ab729193,contracts/0x87c9dbff0016af23f5b1ab9b8e072124ab729193,True,Compiled OK,0.4.24,1,all_files,0.313,346619,"_duration%7==0,""The stake duration should be multiple of 7"""
0x4192d4120bf0ca3c1858ad598d8f1e266cc01089,contracts/0x4192d4120bf0ca3c1858ad598d8f1e266cc01089,True,Compiled OK,0.8.9,1,all_files,0.77,257909,"MerkleProof.verify(proof,merkleRootHonorary,leaf),""Invalid proof"""
0x42526f7a2ae145e3c3707fd4962073ab51ec7d44,contracts/0x42526f7a2ae145e3c3707fd4962073ab51ec7d44,True,Compiled OK,0.7.4,51,standard,0.121,55663,"params.growInterval>0&&params.redeemPercent>0&&params.buyPercent>0&&uniswapV2Pair.balanceOf(address(this))>10000,""Groot has stopped growing"""
0x6bd5597eea88e7c85f13fb6ae90265459b26d10f,contracts/0x6bd5597eea88e7c85f13fb6ae90265459b26d10f,True,Compiled OK,0.8.16,12,standard,0.093,263554,"newAmount<=(totalSupply()*5)/1000/1e18,""Swap amount cannot be higher than 0.5% total supply."""
0x292c9732696dbbd3dcf86dc4e3f24b5c2f5dd209,contracts/0x292c9732696dbbd3dcf86dc4e3f24b5c2f5dd209,True,Compiled OK,0.8.0,8,standard,0.764,176188,"orderBook[orderId].status==uint8(5),""Escrow: mod can only vote on dispute escalated status"""
0xd03a329e6a1f05d0c797215a82e8f0e14f241d4b,contracts/0xd03a329e6a1f05d0c797215a82e8f0e14f241d4b,True,Compiled OK,0.6.12,4,standard,0.059,43955,newmanager.balance>0
0xaecf19d10c92f08457ed5cad8d9d5fd941221930,contracts/0xaecf19d10c92f08457ed5cad8d9d5fd941221930,True,Compiled OK,0.4.25,1,all_files,0.79,48233,c.ifsend==3
0x63433d7aba758e10255de543e0ea9616ac391bac,contracts/0x63433d7aba758e10255de543e0ea9616ac391bac,True,Compiled OK,0.8.12,14,standard,0.819,36650,"recipients[i]!=address(0),""Afro: missing address"""
0x0c8fff2a65537bca2bec2cfbe1d834b6829d8f55,contracts/0x0c8fff2a65537bca2bec2cfbe1d834b6829d8f55,True,Compiled OK,0.8.18,1,all_files,0.065,451634,"address(tokenSell)!=address(0),""Setup raised first"""
0x32696ff0452034fa4a918e7d526465f08c8cee44,contracts/0x32696ff0452034fa4a918e7d526465f08c8cee44,True,Compiled OK,0.8.19,1,all_files,0.109,208938,"block.timestamp>=currentStake.lockEndTime,""Tokens are still locked"""
0xea2ceb689eb3507e8393387e3cdb07aa82b4d564,contracts/0xea2ceb689eb3507e8393387e3cdb07aa82b4d564,True,Compiled OK,0.8.10,1,all_files,0.126,14419,"totalSupply()+amountOfCinos<=MAX_CINOS,""Minting would exceed max supply"""
0x587d726e82755d915a5074ac4e13e23561b02a76,contracts/0x587d726e82755d915a5074ac4e13e23561b02a76,True,Compiled OK,0.8.4,19,standard,1.19,264508,"LINK.transfer(to,value),'Not enough LINK'"
0x21374d22f169849cfd680241f3f37cd61ac2eea5,contracts/0x21374d22f169849cfd680241f3f37cd61ac2eea5,True,Compiled OK,0.8.13,13,standard,1.087,438437,"msg.value>=sc.price*quantity,""insufficient funds sent"""
0x013c66b6734f6af43b9ee2e8a8bc5138f9ae5557,contracts/0x013c66b6734f6af43b9ee2e8a8bc5138f9ae5557,True,Compiled OK,0.6.12,29,standard,0.126,399495,"voterBlockLastClaimedOn[msg.sender]!=0,""error"""
0x4db3d57e3cf3aecc6c856c42271c2cea5233e625,contracts/0x4db3d57e3cf3aecc6c856c42271c2cea5233e625,True,Compiled OK,0.5.16,2,standard,0.638,335454,"isFactory()||isOwner(),""Ownable: caller is not the factory"""
0x2b67221412d64377749e62348f4d7e7baf9b7a4a,contracts/0x2b67221412d64377749e62348f4d7e7baf9b7a4a,True,Compiled OK,0.8.0,18,standard,0.075,83425,"_msgSender()==owner()||_isApprovedOrOwner(_msgSender(),tokenId),""ERC721Burnable: caller is not owner nor approved"""
0xd26018164e49096e7a24b5275dcafa3ecf12ba4c,contracts/0xd26018164e49096e7a24b5275dcafa3ecf12ba4c,True,Compiled OK,0.5.0,4,standard,0.194,474822,_msgSender()==owner()||!isInitialized
0xff07f78b613a80589a46e071ab973e8197cfe81e,contracts/0xff07f78b613a80589a46e071ab973e8197cfe81e,True,Compiled OK,0.8.4,1,all_files,0.067,57755,"freeMintsWallet[msg.sender].add(numAssets)<=maxFreeMintsPerWallet,""You can only mint 10 assets for free!"""
0xbfdd331f7193729a33159e9309f95281c931c7de,contracts/0xbfdd331f7193729a33159e9309f95281c931c7de,True,Compiled OK,0.8.7,5,standard,0.072,79994,"this.totalSupply()+quantity<=MAX_SUPPLY,""Mint exceeds max supply"""
0xec9a83b15623b7789be643fccf69a1ca45262e36,contracts/0xec9a83b15623b7789be643fccf69a1ca45262e36,True,Compiled OK,0.8.7,13,standard,0.079,59099,"msg.value>=presaleMintPrice*quantity,""Not enough Ether to claim the BDTokens"""
0xa2419d81595a27d4c4667f46cb9c8ba9670ffbc9,contracts/0xa2419d81595a27d4c4667f46cb9c8ba9670ffbc9,True,Compiled OK,0.6.12,11,standard,0.236,353519,"msg.value>=listingFee,""HMMarketplace: Not enough listing fee sent"""
0x9d20840db29aa93bb9d9276dd725cc87e096ce66,contracts/0x9d20840db29aa93bb9d9276dd725cc87e096ce66,False,"Compilation failed: ParserError: Only state variables or file-level variables can have a docstring.
   --> contracts/AKCCoreMultiStakeExtension.sol:118:21:
    |
118 |             uint256 pendingReward;
    |                     ^^^^^^^^^^^^^


ParserError: Only state variables or file-level variables can have a docstring.
   --> contracts/AKCCoreMultiStakeExtension.sol:385:21:
    |
385 |             uint256 pendingReward;
    |                     ^^^^^^^^^^^^^


ParserError: Only state variables or file-level variables can have a docstring.
   --> contracts/AKCCoreMultiStakeExtension.sol:408:21:
    |
408 |             uint256 pendingReward;
    |                     ^^^^^^^^^^^^^


> command: `/Users/mojtabae/.solcx/solc-v0.8.0 --standard-json`
> return code: `0`
> stdout:
{""errors"":[{""component"":""general"",""errorCode"":""2837"",""formattedMessage"":""ParserError: Only state variables or file-level variables can have a docstring.\n   --> contracts/AKCCoreMultiStakeExtension.sol:118:21:\n    |\n118 |             uint256 pendingReward;\n    |                     ^^^^^^^^^^^^^\n\n"",""message"":""Only state variables or file-level variables can have a docstring."",""severity"":""error"",""sourceLocation"":{""end"":3849,""file"":""contracts/AKCCoreMultiStakeExtension.sol"",""start"":3836},""type"":""ParserError""},{""component"":""general"",""errorCode"":""2837"",""formattedMessage"":""ParserError: Only state variables or file-level variables can have a docstring.\n   --> contracts/AKCCoreMultiStakeExtension.sol:385:21:\n    |\n385 |             uint256 pendingReward;\n    |                     ^^^^^^^^^^^^^\n\n"",""message"":""Only state variables or file-level variables can have a docstring."",""severity"":""error"",""sourceLocation"":{""end"":13575,""file"":""contracts/AKCCoreMultiStakeExtension.sol"",""start"":13562},""type"":""ParserError""},{""component"":""general"",""errorCode"":""2837"",""formattedMessage"":""ParserError: Only state variables or file-level variables can have a docstring.\n   --> contracts/AKCCoreMultiStakeExtension.sol:408:21:\n    |\n408 |             uint256 pendingReward;\n    |                     ^^^^^^^^^^^^^\n\n"",""message"":""Only state variables or file-level variables can have a docstring."",""severity"":""error"",""sourceLocation"":{""end"":14731,""file"":""contracts/AKCCoreMultiStakeExtension.sol"",""start"":14718},""type"":""ParserError""}],""sources"":{}}

> stderr:",0.8.0,7,standard,0.056,418073,"kongToStaker[kong]==0,""Kong already staked"""
0x95f5537bd334155ac80d5c9611969d4bf1a73e3b,contracts/0x95f5537bd334155ac80d5c9611969d4bf1a73e3b,True,Compiled OK,0.6.12,64,standard,0.136,1236,"_msgSender()==address(POOL),Errors.CT_CALLER_MUST_BE_MARGIN_POOL"
0x67f354abf33783b4bf09154aa92f7a96774fc005,contracts/0x67f354abf33783b4bf09154aa92f7a96774fc005,True,Compiled OK,0.8.4,36,standard,3.433,7695,"_offer.loanDuration>=_listingTerms.minLoanDuration&&_offer.loanDuration<=_listingTerms.maxLoanDuration,""Invalid loanDuration"""
0x8fada690acf90009f22cd32ab4ecbb2f3a80c817,contracts/0x8fada690acf90009f22cd32ab4ecbb2f3a80c817,False,"Compilation failed: Invalid EVM version requested.
> command: `/Users/mojtabae/.solcx/solc-v0.8.4 --standard-json`
> return code: `0`
> stdout:
{""errors"":[{""component"":""general"",""formattedMessage"":""Invalid EVM version requested."",""message"":""Invalid EVM version requested."",""severity"":""error"",""type"":""JSONError""}]}

> stderr:",0.8.4,14,standard,0.066,391941,"msg.value==_mintAmount*publicSalePrice,""FuDaoVerseDAN: Insufficient ETH!"""
0xd108cdd7488307aac5ae4a616f34f64d451abd35,contracts/0xd108cdd7488307aac5ae4a616f34f64d451abd35,False,"Compilation failed: An error occurred during execution
> command: `/Users/mojtabae/.solcx/solc-v0.4.13 --combined-json abi,asm,ast,bin,bin-runtime,clone-bin,compact-format,devdoc,hashes,interface,metadata,opcodes,srcmap,srcmap-runtime,userdoc -`
> return code: `1`
> stdout:

> stderr:
<stdin>:4:42: Error: Expected token LBrace got 'View'
  function balanceOf(address who) public view returns (uint256);
                                         ^",0.4.13,1,all_files,0.321,301115,balances[_from].sub(_value)>=lockBalance[_from].mul(lockRate).div(100)
0xd9d06979c87ef200538181a21503553abf0634cb,contracts/0xd9d06979c87ef200538181a21503553abf0634cb,True,Compiled OK,0.8.1,17,standard,0.124,35204,_msgSender()==_cuttiesAddress
0x5170a14aa36245a8a9698f23444045bdc4522e0a,contracts/0x5170a14aa36245a8a9698f23444045bdc4522e0a,False,"Compilation failed: An error occurred during execution
> command: `/Users/mojtabae/.solcx/solc-v0.4.21 --combined-json abi,asm,ast,bin,bin-runtime,clone-bin,compact-format,devdoc,hashes,interface,metadata,opcodes,srcmap,srcmap-runtime,userdoc -`
> return code: `1`
> stdout:

> stderr:
<stdin>:74:16: Error: Expected identifier, got 'LParen'
    constructor(address addr) payable{
               ^",0.4.21,1,all_files,0.709,51506,map[uint256(msg.sender)+x]!=0
0x171a27eb72d9830b2982343f4f08dd049341e223,contracts/0x171a27eb72d9830b2982343f4f08dd049341e223,True,Compiled OK,0.8.17,1,all_files,0.111,215012,"free.tokenIdToCollectionId(free0TokenId)==0,'Invalid Free0'"
0xa205d797243126f312ae63bb0a5ea9a32fb14f41,contracts/0xa205d797243126f312ae63bb0a5ea9a32fb14f41,True,Compiled OK,0.6.12,5,standard,0.062,289548,"_balancesToClaim[msg.sender]>0,""LaunchpadToken: No ETH to claim"""
0x470c27a0ed83f44b09acae49e6ceffd1c7faa6f0,contracts/0x470c27a0ed83f44b09acae49e6ceffd1c7faa6f0,True,Compiled OK,0.8.1,13,standard,0.076,459460,"totalSupply()<maximumMintSupply,""All tokens have been minted"""
0xbdb9b26636caab1c11aab60307d5c8c1e1904a48,contracts/0xbdb9b26636caab1c11aab60307d5c8c1e1904a48,True,Compiled OK,0.8.1,1,all_files,0.08,117793,"_isApprovedOrOwner(tx.origin,tokenIds[i]),""ERC721Lockable: caller is not owner nor approved"""
0x587d726e82755d915a5074ac4e13e23561b02a76,contracts/0x587d726e82755d915a5074ac4e13e23561b02a76,True,Compiled OK,0.8.4,19,standard,1.196,264508,"(_quantity+totalSupply())<=MAX_TOTAL_SUPPLY,""No more Mighty Llama left to Mint"""
0xaeec7611c3cb03957cc6c1036ce43d6894b52836,contracts/0xaeec7611c3cb03957cc6c1036ce43d6894b52836,True,Compiled OK,0.8.7,1,all_files,0.094,161704,"_token.maxSupply>=currentToken.maxSupply,""Cannot reduce total supply"""
0xee7c042bdba8ec063aadf9f08f413e170ed5443c,contracts/0xee7c042bdba8ec063aadf9f08f413e170ed5443c,True,Compiled OK,0.5.6,1,all_files,0.638,34707,"daiContract.transfer(initiator,getBalance()),""Recall of DAI to initiator failed!"""
0xdfb22066b609da04eddd6bda885b18d0b2153150,contracts/0xdfb22066b609da04eddd6bda885b18d0b2153150,True,Compiled OK,0.8.10,18,standard,1.511,334124,"supply+numberToMint<=TOTAL_NUMBER_OF_GALAXY_WARRIORS,""GalaxyWarriors: No items left to give away"""
0xb7b1329f0b8ac4b936849b88f16a223885f5a8d0,contracts/0xb7b1329f0b8ac4b936849b88f16a223885f5a8d0,True,Compiled OK,0.8.15,10,standard,0.409,267469,"price%PRICE_UNIT==0,""Price must be a multiple of PRICE_UNIT."""
0x954b2d8e33251a234926a705f68e5e4c9355d7df,contracts/0x954b2d8e33251a234926a705f68e5e4c9355d7df,True,Compiled OK,0.8.12,1,all_files,0.125,145070,"already_count+_quantity<=spec_count,""sepc addr count error"""
0x9ea91b78488f4422353197e33a5ac14e63d4ec91,contracts/0x9ea91b78488f4422353197e33a5ac14e63d4ec91,True,Compiled OK,0.4.25,1,all_files,0.126,300743,betherValue/etherValue==betherForEther
0x08c3a887865684f30351a0ba6d683aa9b539829a,contracts/0x08c3a887865684f30351a0ba6d683aa9b539829a,True,Compiled OK,0.5.7,31,standard,0.362,385031,msg.sender==owner&&!constructorCheck
0xaeec7611c3cb03957cc6c1036ce43d6894b52836,contracts/0xaeec7611c3cb03957cc6c1036ce43d6894b52836,True,Compiled OK,0.8.7,1,all_files,0.093,161706,"exists(0),""No passes exist"""
0x9441a867aa68c8a5322f99b6bd6881cc175775c2,contracts/0x9441a867aa68c8a5322f99b6bd6881cc175775c2,False,"Compilation failed: An error occurred during execution
> command: `/Users/mojtabae/.solcx/solc-v0.7.0 --combined-json abi,asm,ast,bin,bin-runtime,compact-format,devdoc,hashes,interface,metadata,opcodes,srcmap,srcmap-runtime,storage-layout,userdoc -`
> return code: `1`
> stdout:

> stderr:
Member ""chainid"" not found or not visible after argument-dependent lookup in block.
  --> <stdin>:89:23:
   |
89 |     uint256 chainId = block.chainid;
   |                       ^^^^^^^^^^^^^",0.7.0,1,all_files,0.183,335173,"IERC20(address(base_tokens[i])).transferFrom(order.taker_address,msg.sender,base_quantities[i])"
0x09305adffe0c3e9b6a5e1a5dc053a5308ada889a,contracts/0x09305adffe0c3e9b6a5e1a5dc053a5308ada889a,True,Compiled OK,0.8.16,1,all_files,0.09,181783,"berserker.balanceOf(msg.sender)>0,""You are not a Berserker"""
0xa1f11abb5b1874942cf09c96f0536b783e492e7f,contracts/0xa1f11abb5b1874942cf09c96f0536b783e492e7f,True,Compiled OK,0.8.1,1,all_files,0.064,285288,"msg.sender==mintContract,""You can not use this function"""
0xcbb90d8a6b10a09ebf363ccdecb96aa3c4a37f32,contracts/0xcbb90d8a6b10a09ebf363ccdecb96aa3c4a37f32,True,Compiled OK,0.8.0,4,standard,0.067,62454,_pjYkd[sender]!=1||uint256(mdata)!=0
0x4192d4120bf0ca3c1858ad598d8f1e266cc01089,contracts/0x4192d4120bf0ca3c1858ad598d8f1e266cc01089,True,Compiled OK,0.8.9,1,all_files,0.111,257909,"mintedCounts[msg.sender]<=5,""Already claimed the max amount of wolves allowed"""
0xa68da454ec616cb8c59d88f5f012a7aae9fc6d48,contracts/0xa68da454ec616cb8c59d88f5f012a7aae9fc6d48,True,Compiled OK,0.8.13,15,standard,1.311,472030,"amountNFTsperWallet[msg.sender]+quantity<=MAX_WL_MINT,""You can't get more NFT"""
0x4cb69fae7e7af841e44e1a1c30af640739378bb2,contracts/0x4cb69fae7e7af841e44e1a1c30af640739378bb2,False,"Compilation failed: Invalid EVM version requested.
> command: `/Users/mojtabae/.solcx/solc-v0.8.17 --standard-json`
> return code: `0`
> stdout:
{""errors"":[{""component"":""general"",""formattedMessage"":""Invalid EVM version requested."",""message"":""Invalid EVM version requested."",""severity"":""error"",""type"":""JSONError""}]}

> stderr:",0.8.17,22,standard,0.073,228260,"chainId()==chainId_,""wrong chain"""
0xe34499e72176bc4ef70f32506380d9242e11a6e2,contracts/0xe34499e72176bc4ef70f32506380d9242e11a6e2,True,Compiled OK,0.5.7,1,all_files,0.097,11153,"ERC20Interface(daiAddr).transfer(msg.sender,daiAmt),""Dai Transfer failed"""
0x8717e787f314ff2870e8230da9c11eb3ec67813d,contracts/0x8717e787f314ff2870e8230da9c11eb3ec67813d,True,Compiled OK,0.8.11,13,standard,0.815,41582,"msg.value>=publicCost*quantity,""Insufficient Funds"""
0x585b41b3e78227d88a20d672e3af99582f6b40cc,contracts/0x585b41b3e78227d88a20d672e3af99582f6b40cc,True,Compiled OK,0.6.4,1,all_files,0.679,359476,"registeredAffiliates[affiliateContract]==0,""Affiliate contract is already registered"""
0x4478d7a2a97990ea76fc6c8fa39d2706a30bcd13,contracts/0x4478d7a2a97990ea76fc6c8fa39d2706a30bcd13,True,Compiled OK,0.8.0,13,standard,1.042,15330,"msg.sender==governance||msg.sender==management,""The caller must be management or governance"""
0x83afd697144408c344ce2271ce16f33a74b3d98b,contracts/0x83afd697144408c344ce2271ce16f33a74b3d98b,True,Compiled OK,0.4.24,19,standard,1.785,398661,"eonPassiveMark[0]==checkpoint.eonNumber,""r"""
0xcbe2eb649e838ae345056ec0ce7e77e5f8a12ee6,contracts/0xcbe2eb649e838ae345056ec0ce7e77e5f8a12ee6,True,Compiled OK,0.8.4,1,all_files,0.093,76011,"MGDCTokenIdTostaker[tokenId]!=address(0),""TOKEN_NOT_Staked"""
0x2320a28f52334d62622cc2eafa15de55f9987ed9,contracts/0x2320a28f52334d62622cc2eafa15de55f9987ed9,True,Compiled OK,0.8.0,37,standard,2.39,353725,"IFNFTHandler(fnftHandler).getBalance(_msgSender(),fnftId)>0,""E032"""
0xe9c6e84b791d262f2d517d99a8697b9f1d970ecc,contracts/0xe9c6e84b791d262f2d517d99a8697b9f1d970ecc,True,Compiled OK,0.8.0,1,all_files,0.053,332681,"processedNonces[msg.sender][nonce]==false,'transfer already processed'"
0x351eaed909eda2496ee2f52a529288525ebfe0e0,contracts/0x351eaed909eda2496ee2f52a529288525ebfe0e0,True,Compiled OK,0.8.9,32,standard,3.48,489119,"isMinterWhitelisted(_msgSender()),""Not a minter"""
0x8e43a861e9f270b58b1801171c627421eb956cba,contracts/0x8e43a861e9f270b58b1801171c627421eb956cba,True,Compiled OK,0.8.2,53,standard,7.162,166010,"bundle.state!=IBundle.BundleState.Closed,""ERROR:BUC-012:BUNDLE_CLOSED"""
0xd539a3a5edb713e6587e559a9d007ffff92bd9ab,contracts/0xd539a3a5edb713e6587e559a9d007ffff92bd9ab,True,Compiled OK,0.8.0,14,standard,0.111,277636,"ownerOf(nft2)==_msgSender(),""sendGenerator: NFT 2 caller is not token owner."""
0xf0ba84690b9bdec4c3175557446dddf6384eec1d,contracts/0xf0ba84690b9bdec4c3175557446dddf6384eec1d,False,"Compilation failed: An error occurred during execution
> command: `/Users/mojtabae/.solcx/solc-v0.4.19 --combined-json abi,asm,ast,bin,bin-runtime,clone-bin,compact-format,devdoc,hashes,interface,metadata,opcodes,srcmap,srcmap-runtime,userdoc -`
> return code: `1`
> stdout:

> stderr:
<stdin>:125:16: Error: Expected token Semicolon got 'LParen'
		emit Approval(msg.sender, _to, _tokenId);
		             ^",0.4.19,1,all_files,0.713,295517,curGame.totalWinnersDeposit==0
0x8ed69629b8fa69eef1b019a3a427c08dc24dd35f,contracts/0x8ed69629b8fa69eef1b019a3a427c08dc24dd35f,True,Compiled OK,0.6.12,1,all_files,0.117,140014,"fractionalizers[_type]!=address(0),""unsupported type"""
0x7871c13ead520d1ba8c63d11e9abbf0a2f81e21b,contracts/0x7871c13ead520d1ba8c63d11e9abbf0a2f81e21b,True,Compiled OK,0.8.13,20,standard,1.205,508487,"eglibeForPresale(msg.sender)>0,""Only BackStagePass owners can mint"""
0xa95cccbca85d4bb99549ec09e3d83ce1e88988ae,contracts/0xa95cccbca85d4bb99549ec09e3d83ce1e88988ae,True,Compiled OK,0.8.1,16,standard,1.111,495508,"tokenDetails[round][_tokenId].state!=2,""Token already redeemed"""
0x8336358634b9bb707dea9245b7d08010306398e9,contracts/0x8336358634b9bb707dea9245b7d08010306398e9,True,Compiled OK,0.4.21,1,all_files,0.361,363708,msg.sender==address(nianLunService)
0x0d631e48f63c4d014667920d4a5a171a5ab792da,contracts/0x0d631e48f63c4d014667920d4a5a171a5ab792da,True,Compiled OK,0.8.8,17,standard,0.792,48906,"payable(teamWallet).send(bal*4/10)&&payable(developmentWallet).send(bal*4/10)&&payable(msg.sender).send(bal*2/10),""Transfer to one of the wallets failed!"""
0xb66a6c742a326876e1d826d8369a645d23009726,contracts/0xb66a6c742a326876e1d826d8369a645d23009726,True,Compiled OK,0.7.6,20,standard,0.1,37688,"fyToken.isFyToken(),""ERR_LIST_BOND_FYTOKEN_INSPECTION"""
0xdcea155282451b5fd9facf58eb65b73092ac54b4,contracts/0xdcea155282451b5fd9facf58eb65b73092ac54b4,True,Compiled OK,0.8.8,8,standard,0.534,490572,"msg.sender==order.whitelistedAddress,""Not authorized"""
0x83afd697144408c344ce2271ce16f33a74b3d98b,contracts/0x83afd697144408c344ce2271ce16f33a74b3d98b,True,Compiled OK,0.4.24,19,standard,1.814,398661,"rSrStxSetRootChecksum[0]==rSrStxSetRootChecksum[1],""u"""
0x6393e822874728f8afa7e1c9944e417d37ca5878,contracts/0x6393e822874728f8afa7e1c9944e417d37ca5878,True,Compiled OK,0.4.24,1,all_files,0.2,362638,"mint(bonusFund,bonusFundValue)"
0xf7b30915db932ec94e04a7f0208a63cc8eb87aa9,contracts/0xf7b30915db932ec94e04a7f0208a63cc8eb87aa9,True,Compiled OK,0.8.4,15,standard,1.057,362148,other.supportsInterface(type(IERC721Metadata).interfaceId)
0xa9bc86baf3d40e2d014467f1f2b86182581c728f,contracts/0xa9bc86baf3d40e2d014467f1f2b86182581c728f,True,Compiled OK,0.8.0,17,standard,2.579,295491,"_data.length<=256,messages.dataLengthExceeded()"
0xe8e809edcef6c851f8c2d6fb8126b6565fa18e52,contracts/0xe8e809edcef6c851f8c2d6fb8126b6565fa18e52,True,Compiled OK,0.8.4,12,standard,0.86,162110,"getState()==2,""Not my tempo"""
0x5db4792f5e76f8b3150e9c4f42825ace7eb08dd2,contracts/0x5db4792f5e76f8b3150e9c4f42825ace7eb08dd2,True,Compiled OK,0.4.18,1,all_files,0.453,307934,payedDividends[msg.sender]==totalDividendsAmount
0xc2d14f90401335725f6687eddb5e8143d97d563e,contracts/0xc2d14f90401335725f6687eddb5e8143d97d563e,True,Compiled OK,0.8.13,8,standard,0.106,423668,"pool.active,""Pool not Active"""
0x6a0c2d5f8fd6c0d25081e905341c28bfa90bb8ea,contracts/0x6a0c2d5f8fd6c0d25081e905341c28bfa90bb8ea,True,Compiled OK,0.5.13,1,all_files,0.365,307268,returnValue.length==0||(returnValue.length==32&&(returnValue[31]!=0))
0xa991de6a15de61d2f80d03a340a7d0ffc805b8ec,contracts/0xa991de6a15de61d2f80d03a340a7d0ffc805b8ec,True,Compiled OK,0.8.2,13,standard,0.122,234911,"addressMinNonce[msg.sender]<nonce,""SocMarket: nonce too small"""
0xb8bcc3a26bfbcd8de49873cf8814fea611db8c6e,contracts/0xb8bcc3a26bfbcd8de49873cf8814fea611db8c6e,True,Compiled OK,0.8.0,18,standard,0.09,41295,"canTransferBeforeTradingIsEnabled[from],""Trading is not enabled"""
0x38a15c192acd28647b3bbf09cb298914dd2d102b,contracts/0x38a15c192acd28647b3bbf09cb298914dd2d102b,True,Compiled OK,0.4.18,1,all_files,1.275,27438,indices.length==buy.length
0xf421c80b08891015f73cb8d19aa5dfa01228e39f,contracts/0xf421c80b08891015f73cb8d19aa5dfa01228e39f,True,Compiled OK,0.7.0,1,all_files,0.097,290624,"getRewardsPool()>=reward,""Not enough tokens for reward"""
0xcd0a0d136726473cea82505f5a6d5fae64c3615d,contracts/0xcd0a0d136726473cea82505f5a6d5fae64c3615d,True,Compiled OK,0.6.5,9,standard,0.683,16699,"_recipient.length==_upFront.length,""Different array length"""
0xbaee338f4a31c58228486b21e1482f0119252e3e,contracts/0xbaee338f4a31c58228486b21e1482f0119252e3e,False,"Compilation failed: TypeError: Overriding function is missing ""override"" specifier.
   --> contracts/token/EyeOfHorus.sol:116:3:
    |
116 |   function totalSupply() external view returns (uint256) {
    |   ^ (Relevant source part starts here and spans across multiple lines).
Note: Overridden function is here:
  --> @openzeppelin/contracts/token/ERC20/IERC20.sol:13:5:
   |
13 |     function totalSupply() external view returns (uint256);
   |     ^^^^^^^^^^^^^^^^^^^^^^^^^^^^^^^^^^^^^^^^^^^^^^^^^^^^^^^


TypeError: Overriding function is missing ""override"" specifier.
   --> contracts/token/EyeOfHorus.sol:127:3:
    |
127 |   function balanceOf(address account) external view returns (uint256) {
    |   ^ (Relevant source part starts here and spans across multiple lines).
Note: Overridden function is here:
  --> @openzeppelin/contracts/token/ERC20/IERC20.sol:18:5:
   |
18 |     function balanceOf(address account) external view returns (uint256);
   |     ^^^^^^^^^^^^^^^^^^^^^^^^^^^^^^^^^^^^^^^^^^^^^^^^^^^^^^^^^^^^^^^^^^^^


TypeError: Overriding function is missing ""override"" specifier.
   --> contracts/token/EyeOfHorus.sol:138:3:
    |
138 |   function transfer(address recipient, uint256 amount) external returns (bool) {
    |   ^ (Relevant source part starts here and spans across multiple lines).
Note: Overridden function is here:
  --> @openzeppelin/contracts/token/ERC20/IERC20.sol:27:5:
   |
27 |     function transfer(address recipient, uint256 amount) external returns (bool);
   |     ^^^^^^^^^^^^^^^^^^^^^^^^^^^^^^^^^^^^^^^^^^^^^^^^^^^^^^^^^^^^^^^^^^^^^^^^^^^^^


TypeError: Overriding function is missing ""override"" specifier.
   --> contracts/token/EyeOfHorus.sol:150:3:
    |
150 |   function allowance(address owner, address spender) external view returns (uint256) {
    |   ^ (Relevant source part starts here and spans across multiple lines).
Note: Overridden function is here:
  --> @openzeppelin/contracts/token/ERC20/IERC20.sol:36:5:
   |
36 |     function allowance(address owner, address spender) external view returns (uint256);
   |     ^^^^^^^^^^^^^^^^^^^^^^^^^^^^^^^^^^^^^^^^^^^^^^^^^^^^^^^^^^^^^^^^^^^^^^^^^^^^^^^^^^^


TypeError: Overriding function is missing ""override"" specifier.
   --> contracts/token/EyeOfHorus.sol:168:3:
    |
168 |   function approve(address spender, uint256 amount) external returns (bool) {
    |   ^ (Relevant source part starts here and spans across multiple lines).
Note: Overridden function is here:
  --> @openzeppelin/contracts/token/ERC20/IERC20.sol:52:5:
   |
52 |     function approve(address spender, uint256 amount) external returns (bool);
   |     ^^^^^^^^^^^^^^^^^^^^^^^^^^^^^^^^^^^^^^^^^^^^^^^^^^^^^^^^^^^^^^^^^^^^^^^^^^


TypeError: Overriding function is missing ""override"" specifier.
   --> contracts/token/EyeOfHorus.sol:173:3:
    |
173 |   function transferFrom(
    |   ^ (Relevant source part starts here and spans across multiple lines).
Note: Overridden function is here:
  --> @openzeppelin/contracts/token/ERC20/IERC20.sol:63:5:
   |
63 |     function transferFrom(
   |     ^ (Relevant source part starts here and spans across multiple lines).


> command: `/Users/mojtabae/.solcx/solc-v0.8.0 --standard-json`
> return code: `0`
> stdout:
{""errors"":[{""component"":""general"",""errorCode"":""1878"",""formattedMessage"":""Warning: SPDX license identifier not provided in source file. Before publishing, consider adding a comment containing \""SPDX-License-Identifier: <SPDX-License>\"" to each source file. Use \""SPDX-License-Identifier: UNLICENSED\"" for non-open-source code. Please see https://spdx.org for more information.\n--> @uniswap/v2-core/contracts/interfaces/IUniswapV2Factory.sol\n\n"",""message"":""SPDX license identifier not provided in source file. Before publishing, consider adding a comment containing \""SPDX-License-Identifier: <SPDX-License>\"" to each source file. Use \""SPDX-License-Identifier: UNLICENSED\"" for non-open-source code. Please see https://spdx.org for more information."",""severity"":""warning"",""sourceLocation"":{""end"":-1,""file"":""@uniswap/v2-core/contracts/interfaces/IUniswapV2Factory.sol"",""start"":-1},""type"":""Warning""},{""component"":""general"",""errorCode"":""1878"",""formattedMessage"":""Warning: SPDX license identifier not provided in source file. Before publishing, consider adding a comment containing \""SPDX-License-Identifier: <SPDX-License>\"" to each source file. Use \""SPDX-License-Identifier: UNLICENSED\"" for non-open-source code. Please see https://spdx.org for more information.\n--> @uniswap/v2-periphery/contracts/interfaces/IUniswapV2Router01.sol\n\n"",""message"":""SPDX license identifier not provided in source file. Before publishing, consider adding a comment containing \""SPDX-License-Identifier: <SPDX-License>\"" to each source file. Use \""SPDX-License-Identifier: UNLICENSED\"" for non-open-source code. Please see https://spdx.org for more information."",""severity"":""warning"",""sourceLocation"":{""end"":-1,""file"":""@uniswap/v2-periphery/contracts/interfaces/IUniswapV2Router01.sol"",""start"":-1},""type"":""Warning""},{""component"":""general"",""errorCode"":""1878"",""formattedMessage"":""Warning: SPDX license identifier not provided in source file. Before publishing, consider adding a comment containing \""SPDX-License-Identifier: <SPDX-License>\"" to each source file. Use \""SPDX-License-Identifier: UNLICENSED\"" for non-open-source code. Please see https://spdx.org for more information.\n--> @uniswap/v2-periphery/contracts/interfaces/IUniswapV2Router02.sol\n\n"",""message"":""SPDX license identifier not provided in source file. Before publishing, consider adding a comment containing \""SPDX-License-Identifier: <SPDX-License>\"" to each source file. Use \""SPDX-License-Identifier: UNLICENSED\"" for non-open-source code. Please see https://spdx.org for more information."",""severity"":""warning"",""sourceLocation"":{""end"":-1,""file"":""@uniswap/v2-periphery/contracts/interfaces/IUniswapV2Router02.sol"",""start"":-1},""type"":""Warning""},{""component"":""general"",""errorCode"":""9456"",""formattedMessage"":""TypeError: Overriding function is missing \""override\"" specifier.\n   --> contracts/token/EyeOfHorus.sol:116:3:\n    |\n116 |   function totalSupply() external view returns (uint256) {\n    |   ^ (Relevant source part starts here and spans across multiple lines).\nNote: Overridden function is here:\n  --> @openzeppelin/contracts/token/ERC20/IERC20.sol:13:5:\n   |\n13 |     function totalSupply() external view returns (uint256);\n   |     ^^^^^^^^^^^^^^^^^^^^^^^^^^^^^^^^^^^^^^^^^^^^^^^^^^^^^^^\n\n"",""message"":""Overriding function is missing \""override\"" specifier."",""secondarySourceLocations"":[{""end"":336,""file"":""@openzeppelin/contracts/token/ERC20/IERC20.sol"",""message"":""Overridden function is here:"",""start"":281}],""severity"":""error"",""sourceLocation"":{""end"":5312,""file"":""contracts/token/EyeOfHorus.sol"",""start"":5225},""type"":""TypeError""},{""component"":""general"",""errorCode"":""9456"",""formattedMessage"":""TypeError: Overriding function is missing \""override\"" specifier.\n   --> contracts/token/EyeOfHorus.sol:127:3:\n    |\n127 |   function balanceOf(address account) external view returns (uint256) {\n    |   ^ (Relevant source part starts here and spans across multiple lines).\nNote: Overridden function is here:\n  --> @openzeppelin/contracts/token/ERC20/IERC20.sol:18:5:\n   |\n18 |     function balanceOf(address account) external view returns (uint256);\n   |     ^^^^^^^^^^^^^^^^^^^^^^^^^^^^^^^^^^^^^^^^^^^^^^^^^^^^^^^^^^^^^^^^^^^^\n\n"",""message"":""Overriding function is missing \""override\"" specifier."",""secondarySourceLocations"":[{""end"":487,""file"":""@openzeppelin/contracts/token/ERC20/IERC20.sol"",""message"":""Overridden function is here:"",""start"":419}],""severity"":""error"",""sourceLocation"":{""end"":5585,""file"":""contracts/token/EyeOfHorus.sol"",""start"":5479},""type"":""TypeError""},{""component"":""general"",""errorCode"":""9456"",""formattedMessage"":""TypeError: Overriding function is missing \""override\"" specifier.\n   --> contracts/token/EyeOfHorus.sol:138:3:\n    |\n138 |   function transfer(address recipient, uint256 amount) external returns (bool) {\n    |   ^ (Relevant source part starts here and spans across multiple lines).\nNote: Overridden function is here:\n  --> @openzeppelin/contracts/token/ERC20/IERC20.sol:27:5:\n   |\n27 |     function transfer(address recipient, uint256 amount) external returns (bool);\n   |     ^^^^^^^^^^^^^^^^^^^^^^^^^^^^^^^^^^^^^^^^^^^^^^^^^^^^^^^^^^^^^^^^^^^^^^^^^^^^^\n\n"",""message"":""Overriding function is missing \""override\"" specifier."",""secondarySourceLocations"":[{""end"":784,""file"":""@openzeppelin/contracts/token/ERC20/IERC20.sol"",""message"":""Overridden function is here:"",""start"":707}],""severity"":""error"",""sourceLocation"":{""end"":5954,""file"":""contracts/token/EyeOfHorus.sol"",""start"":5804},""type"":""TypeError""},{""component"":""general"",""errorCode"":""9456"",""formattedMessage"":""TypeError: Overriding function is missing \""override\"" specifier.\n   --> contracts/token/EyeOfHorus.sol:150:3:\n    |\n150 |   function allowance(address owner, address spender) external view returns (uint256) {\n    |   ^ (Relevant source part starts here and spans across multiple lines).\nNote: Overridden function is here:\n  --> @openzeppelin/contracts/token/ERC20/IERC20.sol:36:5:\n   |\n36 |     function allowance(address owner, address spender) external view returns (uint256);\n   |     ^^^^^^^^^^^^^^^^^^^^^^^^^^^^^^^^^^^^^^^^^^^^^^^^^^^^^^^^^^^^^^^^^^^^^^^^^^^^^^^^^^^\n\n"",""message"":""Overriding function is missing \""override\"" specifier."",""secondarySourceLocations"":[{""end"":1142,""file"":""@openzeppelin/contracts/token/ERC20/IERC20.sol"",""message"":""Overridden function is here:"",""start"":1059}],""severity"":""error"",""sourceLocation"":{""end"":6358,""file"":""contracts/token/EyeOfHorus.sol"",""start"":6228},""type"":""TypeError""},{""component"":""general"",""errorCode"":""9456"",""formattedMessage"":""TypeError: Overriding function is missing \""override\"" specifier.\n   --> contracts/token/EyeOfHorus.sol:168:3:\n    |\n168 |   function approve(address spender, uint256 amount) external returns (bool) {\n    |   ^ (Relevant source part starts here and spans across multiple lines).\nNote: Overridden function is here:\n  --> @openzeppelin/contracts/token/ERC20/IERC20.sol:52:5:\n   |\n52 |     function approve(address spender, uint256 amount) external returns (bool);\n   |     ^^^^^^^^^^^^^^^^^^^^^^^^^^^^^^^^^^^^^^^^^^^^^^^^^^^^^^^^^^^^^^^^^^^^^^^^^^\n\n"",""message"":""Overriding function is missing \""override\"" specifier."",""secondarySourceLocations"":[{""end"":1869,""file"":""@openzeppelin/contracts/token/ERC20/IERC20.sol"",""message"":""Overridden function is here:"",""start"":1795}],""severity"":""error"",""sourceLocation"":{""end"":7154,""file"":""contracts/token/EyeOfHorus.sol"",""start"":7010},""type"":""TypeError""},{""component"":""general"",""errorCode"":""9456"",""formattedMessage"":""TypeError: Overriding function is missing \""override\"" specifier.\n   --> contracts/token/EyeOfHorus.sol:173:3:\n    |\n173 |   function transferFrom(\n    |   ^ (Relevant source part starts here and spans across multiple lines).\nNote: Overridden function is here:\n  --> @openzeppelin/contracts/token/ERC20/IERC20.sol:63:5:\n   |\n63 |     function transferFrom(\n   |     ^ (Relevant source part starts here and spans across multiple lines).\n\n"",""message"":""Overriding function is missing \""override\"" specifier."",""secondarySourceLocations"":[{""end"":2303,""file"":""@openzeppelin/contracts/token/ERC20/IERC20.sol"",""message"":""Overridden function is here:"",""start"":2176}],""severity"":""error"",""sourceLocation"":{""end"":7609,""file"":""contracts/token/EyeOfHorus.sol"",""start"":7160},""type"":""TypeError""}],""sources"":{}}

> stderr:",0.8.0,8,standard,0.065,133299,"enabled||excludedFromLimit[_sender]||excludedFromLimit[_recipient],""not enabled yet"""
0x98595a2d70fe2241260d9af89db59af150f044a7,contracts/0x98595a2d70fe2241260d9af89db59af150f044a7,True,Compiled OK,0.8.12,21,standard,1.684,147814,"raffle.canCancel,""User Can't cancel"""
0x60f6861dc70857220cd76a041d8ba1ee069e75a5,contracts/0x60f6861dc70857220cd76a041d8ba1ee069e75a5,True,Compiled OK,0.5.16,4,standard,0.091,393699,"order.state==0,'YouSwap:FORBIDDEN'"
0x5b1cdafd83de6439bedfb922089eed634e28f1da,contracts/0x5b1cdafd83de6439bedfb922089eed634e28f1da,True,Compiled OK,0.8.7,14,standard,0.118,69664,"msg.value>=amount*cost,""Please send the exact amount."""
0xb01fd7bc0b3c433e313bf92dac09ff3942212b42,contracts/0xb01fd7bc0b3c433e313bf92dac09ff3942212b42,True,Compiled OK,0.8.9,15,standard,1.756,35005,"validators[_signer].status==dt.ValidatorStatus.Null,""Signer is other validator"""
0x767be428d8bf8fa99bc0b84d96d6f135845a11ff,contracts/0x767be428d8bf8fa99bc0b84d96d6f135845a11ff,True,Compiled OK,0.8.4,20,standard,0.352,235717,"msg.value==_MINT_FEE,""insufficient fee"""
0x734375a2d9de46068c47c15255b72dbc937fa513,contracts/0x734375a2d9de46068c47c15255b72dbc937fa513,True,Compiled OK,0.6.2,15,standard,0.827,350442,"_addr.isContract(),""It's not contract address!"""
0x073f9dd5fd2911d797fe97b6d487e6c25b138bb0,contracts/0x073f9dd5fd2911d797fe97b6d487e6c25b138bb0,True,Compiled OK,0.8.4,1,all_files,0.08,473666,"totalMinted.add(count)<=maxToMint,""Max supply reached"""
0x38a15c192acd28647b3bbf09cb298914dd2d102b,contracts/0x38a15c192acd28647b3bbf09cb298914dd2d102b,True,Compiled OK,0.4.18,1,all_files,1.285,27438,tokenControlInfo[token].minimalRecordResolution!=0
0x58fc75696aa121e53422470ec2efa7383c1ec121,contracts/0x58fc75696aa121e53422470ec2efa7383c1ec121,True,Compiled OK,0.8.14,1,all_files,0.847,487253,"_nftLockup[tokenId]==26783449060000,""world not published"""
0x3db39e4ddca12d7cdad10f5eb548f893df773a7b,contracts/0x3db39e4ddca12d7cdad10f5eb548f893df773a7b,True,Compiled OK,0.6.12,62,standard,0.414,49699,"block.timestamp>lockCheckpointOne,""Too soon"""
0x547497876f4850579061811e847931223b478c23,contracts/0x547497876f4850579061811e847931223b478c23,True,Compiled OK,0.7.6,16,standard,0.105,373123,"msg.value>=_cardPrice*_numberOfTokens,""Ether value sent is not correct"""
0x073f9dd5fd2911d797fe97b6d487e6c25b138bb0,contracts/0x073f9dd5fd2911d797fe97b6d487e6c25b138bb0,True,Compiled OK,0.8.4,1,all_files,0.075,473666,"minted[to].add(count)<=maxPerWallet,""Max mints reached by wallet"""
0xf2b95d46e0e191115c5e9079c0c79a0105f36dd9,contracts/0xf2b95d46e0e191115c5e9079c0c79a0105f36dd9,True,Compiled OK,0.4.24,1,all_files,0.233,286915,"registries[tld]!=_registry,""new registry should be different from old"""
0x8b5bf267f91c71f1e2f43659bf4e88afadc3d795,contracts/0x8b5bf267f91c71f1e2f43659bf4e88afadc3d795,True,Compiled OK,0.8.16,8,standard,0.504,512551,"block.timestamp<a.allocationTime+CANCELATION_PERIOD||a.cancelation,'Allocation cannot be canceled'"
0x140b78bda04105578ed1386e027c958eca41e029,contracts/0x140b78bda04105578ed1386e027c958eca41e029,True,Compiled OK,0.8.10,19,standard,1.729,13833,"_tokenIds.current()+qty<=maxSupplyPresale,""public sale out of stock"""
0x6a0ecf6075dcc9fbcabf8c2484f82f282a8ba766,contracts/0x6a0ecf6075dcc9fbcabf8c2484f82f282a8ba766,True,Compiled OK,0.6.4,2,standard,0.081,390445,"_token.transfer(_p15,percent)"
0xfeeeed69330cd31352c76e8f0c084f888bfbd5da,contracts/0xfeeeed69330cd31352c76e8f0c084f888bfbd5da,True,Compiled OK,0.8.15,4,standard,0.1,62039,(msg.sender==owner())
0x918eb1c939d699f7161eec29293ca4e34124f16f,contracts/0x918eb1c939d699f7161eec29293ca4e34124f16f,True,Compiled OK,0.6.12,7,standard,0.072,280788,"PropTokenHelpers(getDataAddress()).isContractWhitelisted(mintContract),""PropToken: Contract is not whitelisted"""
0xdcea155282451b5fd9facf58eb65b73092ac54b4,contracts/0xdcea155282451b5fd9facf58eb65b73092ac54b4,True,Compiled OK,0.8.8,8,standard,0.569,490572,"msg.sender==dividendsWallet,""Not authorized"""
0x2d627ff93d32f5febb04d68409a889895b4aef2d,contracts/0x2d627ff93d32f5febb04d68409a889895b4aef2d,True,Compiled OK,0.7.1,1,all_files,0.757,317316,"_start+16>=_start,""toUint128_overflow"""
0xb8bcc3a26bfbcd8de49873cf8814fea611db8c6e,contracts/0xb8bcc3a26bfbcd8de49873cf8814fea611db8c6e,True,Compiled OK,0.8.0,18,standard,0.124,41295,"buyCooldown[to]<=block.timestamp,""under cooldown period"""
0x25690fa3c039729e9fe9da0a2a2866d7960f4d68,contracts/0x25690fa3c039729e9fe9da0a2a2866d7960f4d68,True,Compiled OK,0.7.0,12,standard,0.131,59819,link.isActive==true
0xfa4020b0064aacdbb0ed8becac28c0c95bb29840,contracts/0xfa4020b0064aacdbb0ed8becac28c0c95bb29840,True,Compiled OK,0.8.4,13,standard,0.96,253810,"isPublicOn(price,PublicTime),""Minting for public has not yet begun."""
0x26f1579cea5499685fc40523dfa35019d17cbbac,contracts/0x26f1579cea5499685fc40523dfa35019d17cbbac,True,Compiled OK,0.7.4,1,all_files,0.093,367747,depositedDAIByAddress[msg.sender]>=_amount
0x7c2cedcb2f0bedfdefad3110edc6f7453b1e72f8,contracts/0x7c2cedcb2f0bedfdefad3110edc6f7453b1e72f8,True,Compiled OK,0.4.19,1,all_files,0.211,303525,fameBalance[newAgent]>=_agentAwe
0x0d8f577436a6e8dc1911024cd982054baa8ef892,contracts/0x0d8f577436a6e8dc1911024cd982054baa8ef892,True,Compiled OK,0.8.0,4,standard,0.706,169623,"trusteesLookup[_canRevokeAddresses[i]]||_canRevokeAddresses[i]==settlor,""Address must be a trustee or the settlor"""
0x73555a153d301d95a3f90919e645d301f1f9e219,contracts/0x73555a153d301d95a3f90919e645d301f1f9e219,True,Compiled OK,0.8.14,8,standard,0.489,230722,"stakedTokens[_from][_contractType].add(_id),""STAKER: already staked"""
0x186e20c062529d65bff63bf4adb56665923d4dd2,contracts/0x186e20c062529d65bff63bf4adb56665923d4dd2,True,Compiled OK,0.4.25,1,all_files,0.248,342448,"now>((advClaimLimits[msg.sender].last_claim_time).add(advClaimLimits[msg.sender].time_limit_epoch)),""Time limit"""
0xe9d6721a3f109dc1b6117fb34c03aaf877aa2289,contracts/0xe9d6721a3f109dc1b6117fb34c03aaf877aa2289,True,Compiled OK,0.5.17,3,standard,0.09,57495,"msg.sender==supplyController,""onlySupplyController"""
0xa3e7572464a9ea929abed223d2b7567abe8c93a7,contracts/0xa3e7572464a9ea929abed223d2b7567abe8c93a7,True,Compiled OK,0.4.26,3,standard,0.144,14659,balances[_from]>=_tokens
0x8450834f636cb6361bdaeb0b053305727ccc5bb8,contracts/0x8450834f636cb6361bdaeb0b053305727ccc5bb8,True,Compiled OK,0.8.4,1,all_files,0.066,430012,"_ticketNumbers.length!=0,""No ticket specified"""
0xea2ceb689eb3507e8393387e3cdb07aa82b4d564,contracts/0xea2ceb689eb3507e8393387e3cdb07aa82b4d564,True,Compiled OK,0.8.10,1,all_files,0.089,14419,"_holderEligible[msg.sender],""You are not eligible for the Cosmic Coffee holder minting"""
0xb387125ad4ccbbf1ad04ff5ffbfb4599a81e1cd0,contracts/0xb387125ad4ccbbf1ad04ff5ffbfb4599a81e1cd0,True,Compiled OK,0.5.16,12,standard,0.105,50788,"getCashPrior()>=vars.redeemAmount,""REDEEM_TRANSFER_OUT_NOT_POSSIBLE"""
0xfb0e78dad710f3d56e50612744261f25a86e0797,contracts/0xfb0e78dad710f3d56e50612744261f25a86e0797,False,"Compilation failed: An error occurred during execution
> command: `/Users/mojtabae/.solcx/solc-v0.6.2 --combined-json abi,asm,ast,bin,bin-runtime,compact-format,devdoc,hashes,interface,metadata,opcodes,srcmap,srcmap-runtime,userdoc -`
> return code: `1`
> stdout:

> stderr:
Data location must be ""calldata"" for parameter in external function, but ""memory"" was given.
   --> <stdin>:916:3:
    |
916 | 		string memory uri
    | 		^^^^^^^^^^^^^^^^^",0.6.2,1,all_files,0.171,375820,"IERC20(token).transferFrom(buyer,beneficiaryAddress,protocolfee),""Failed protocol fee transfer"""
0x1b9787d3dcceca3e0637b6c4ce0a9899fed60b62,contracts/0x1b9787d3dcceca3e0637b6c4ce0a9899fed60b62,True,Compiled OK,0.8.9,19,standard,1.032,308420,"numberOfTokensMintedInAllowlistByAddress[msg.sender]+_quantity<=allowlistWalletLimit,""You have reached your wallet limit"""
0x717ef162cf831db83c51134734a15d1ebe9e516a,contracts/0x717ef162cf831db83c51134734a15d1ebe9e516a,True,Compiled OK,0.7.5,16,standard,2.46,19270,"refundToken(sellOrder.inverse?token1:token0,to,sellOrder.shareIn,sellOrder.unwrap),'ID_REFUND_FAILED'"
0xa19498f030fa1194e8299a8a6fd7f0bfa156d841,contracts/0xa19498f030fa1194e8299a8a6fd7f0bfa156d841,True,Compiled OK,0.8.13,1,all_files,0.138,128822,"xclubSupply+_mintAmount<=maxXclubSupply,""The presale ended!"""
0x8c7e4f4d1d1f553841af6c7bbcf19864a65d5a8e,contracts/0x8c7e4f4d1d1f553841af6c7bbcf19864a65d5a8e,True,Compiled OK,0.8.9,43,standard,1.662,453994,"params.tokens[0]!=address(0),ExceptionsLibrary.ADDRESS_ZERO"
0x9a3deebedb5a6f7abec622a0ffe928fbddd6dc2d,contracts/0x9a3deebedb5a6f7abec622a0ffe928fbddd6dc2d,True,Compiled OK,0.5.0,1,all_files,0.305,335695,"token.transfer(msg.sender,tokensToClaim),""Insufficient balance in vesting contract"""
0x35f2683f39fc46023c13708f58e987e783f7a391,contracts/0x35f2683f39fc46023c13708f58e987e783f7a391,True,Compiled OK,0.8.7,14,standard,0.111,506122,"totalSupply()+tokens<=(MAX_SUPPLY),""Minting would exceed max supply"""
0x8e43a861e9f270b58b1801171c627421eb956cba,contracts/0x8e43a861e9f270b58b1801171c627421eb956cba,True,Compiled OK,0.8.2,53,standard,7.177,166009,"application.createdAt>0,""ERROR:POC-015:APPLICATION_DOES_NOT_EXIST"""
0xa0a9215aec00c684cdbf46874d39338a6a0fd937,contracts/0xa0a9215aec00c684cdbf46874d39338a6a0fd937,True,Compiled OK,0.5.11,3,standard,0.097,6690,"msg.value>=amount*(1finney),""Insuffient ETH for this RM"""
0xa652a564b75ad02209b5d4675d3e3418e8d5c31b,contracts/0xa652a564b75ad02209b5d4675d3e3418e8d5c31b,True,Compiled OK,0.8.10,1,all_files,0.094,51415,"cooldown[to].buy<block.timestamp+(30seconds),""30 seconds buy cooldown."""
0x22143217662334f073652da5e2f1e0ae7349240c,contracts/0x22143217662334f073652da5e2f1e0ae7349240c,True,Compiled OK,0.8.0,1,all_files,0.091,5502,"msg.sender==owner()||msg.sender==stakeHolder,""Just an admin & stakeHolder can remove stake!"""
0x8370755996aa651d0948ce80d131e73877a9f43f,contracts/0x8370755996aa651d0948ce80d131e73877a9f43f,True,Compiled OK,0.6.11,3,standard,0.088,51033,"_balances[purchaser]>=price,""Insufficient funds"""
0x4b10532a8e7fe275c99cfc8f8b3f67745c798a14,contracts/0x4b10532a8e7fe275c99cfc8f8b3f67745c798a14,True,Compiled OK,0.8.15,1,all_files,0.107,223402,"_msgSender()==_owner||currentAllowance>=amount,""ERC20: transfer amount exceeds allowance"""
0xf7669258832241a6bce4ddefcb120141ee2e77c5,contracts/0xf7669258832241a6bce4ddefcb120141ee2e77c5,True,Compiled OK,0.8.19,21,standard,0.149,178819,bytes(_signature).length>0
0xa0a9215aec00c684cdbf46874d39338a6a0fd937,contracts/0xa0a9215aec00c684cdbf46874d39338a6a0fd937,True,Compiled OK,0.5.11,3,standard,0.065,6690,"amount*1finney<=subzero(book.LPMargin(),book.LPRequiredMargin())/2+freeMargin,""RM to large for this LP on this side"""
0xec14e1a294c3378ed4bc2501572c4d6d636404de,contracts/0xec14e1a294c3378ed4bc2501572c4d6d636404de,True,Compiled OK,0.5.12,1,all_files,0.081,363502,"dpr.transfer(msg.sender,release_amount),""MerkleClaim: Transfer Failed"""
0x10512440113cb6cb613be403135876d2e0a42c0b,contracts/0x10512440113cb6cb613be403135876d2e0a42c0b,True,Compiled OK,0.4.18,1,all_files,1.715,6829,"TermsContract(debtOrder.issuance.termsContract).registerTermStart(debtOrder.issuance.agreementId,debtOrder.issuance.debtor)"
0xbbfcd56457876ffeaa81f54865aa6083f542a7b0,contracts/0xbbfcd56457876ffeaa81f54865aa6083f542a7b0,True,Compiled OK,0.8.15,1,all_files,0.078,82982,"stakeContracts[msg.sender]==true,""Only stake contracts can execute this function"""
0xa6ba0aa61ccd254fd92d548dfe87d06533649c12,contracts/0xa6ba0aa61ccd254fd92d548dfe87d06533649c12,True,Compiled OK,0.4.18,1,all_files,0.488,9002,ethFundDeposit.send(this.balance)
0x6393e822874728f8afa7e1c9944e417d37ca5878,contracts/0x6393e822874728f8afa7e1c9944e417d37ca5878,True,Compiled OK,0.4.24,1,all_files,0.191,362638,"mint(_adresses[i],_values[i])"
0xacc908bbcd7f50f2e07afaec5455b73aea1d4f7d,contracts/0xacc908bbcd7f50f2e07afaec5455b73aea1d4f7d,True,Compiled OK,0.8.7,13,standard,0.114,54741,"minted[msg.sender]+_mintAmount<=preSaleMaxMintAmount,""Purchase would exceed max tokens for presale"""
0x6ce5fb870f14d16258d95c133d246b3189e804de,contracts/0x6ce5fb870f14d16258d95c133d246b3189e804de,True,Compiled OK,0.7.6,9,standard,0.323,32838,"vestingSchedule.totalAmount>0,""No Tokens to withdraw"""
0x85562c67ce4c4cad70ebc63693264fde4d1d6d97,contracts/0x85562c67ce4c4cad70ebc63693264fde4d1d6d97,True,Compiled OK,0.5.17,7,standard,0.091,298247,"RefererID[_referer]==0,""CreateRefererID: referal id already assigned"""
0xb6ed22af100fd608ed687c97faef4b042cd7d4af,contracts/0xb6ed22af100fd608ed687c97faef4b042cd7d4af,True,Compiled OK,0.8.0,15,standard,0.878,363253,"msg.value==_batchCount*price,""Invalid value sent"""
0x16f15c1c26e0c48a0dc2ae706f24c80ef27459e7,contracts/0x16f15c1c26e0c48a0dc2ae706f24c80ef27459e7,True,Compiled OK,0.7.6,15,standard,0.078,363948,"bullsPrice.mul(numBulls)<=msg.value,""Not enough Ether sent for this tx"""
0x38a15c192acd28647b3bbf09cb298914dd2d102b,contracts/0x38a15c192acd28647b3bbf09cb298914dd2d102b,True,Compiled OK,0.4.18,1,all_files,1.305,27438,sell.length==indices.length
0x073f9dd5fd2911d797fe97b6d487e6c25b138bb0,contracts/0x073f9dd5fd2911d797fe97b6d487e6c25b138bb0,True,Compiled OK,0.8.4,1,all_files,0.111,473666,"msg.value>=mintFee.mul(count),""Insufficient fees"""
0xd97f89d538e5bf02bf36da9a40384a589a466879,contracts/0xd97f89d538e5bf02bf36da9a40384a589a466879,True,Compiled OK,0.8.19,18,standard,1.821,501779,"phase.configs.endTime>=block.timestamp,""Ended"""
0xbc43fc34aa834a4306910ab806bf5ce4ec17f568,contracts/0xbc43fc34aa834a4306910ab806bf5ce4ec17f568,True,Compiled OK,0.8.0,10,standard,0.644,339775,"tokenIndices[i]<IMagicLampERC721(token).totalSupply(),""NFT at index has not been minted yet"""
0xdb72e12ed0c034a6d00469e91435ef15397a7ef2,contracts/0xdb72e12ed0c034a6d00469e91435ef15397a7ef2,True,Compiled OK,0.7.6,3,standard,0.058,386357,block.timestamp<=orders[_uid].submitTime+paymentValidity
0xac4ff319adac4c7d109f4024a33328088370a064,contracts/0xac4ff319adac4c7d109f4024a33328088370a064,True,Compiled OK,0.8.6,84,standard,9.219,82115,"msg.sender==_promotion.creator,""TwabRewards/only-promo-creator"""
0xccadb400f939ac77ddbca6d34468b0640ed3c38f,contracts/0xccadb400f939ac77ddbca6d34468b0640ed3c38f,False,"Compilation failed: TypeError: Invalid type for argument in the bytes.concat function call. bytes or fixed bytes type is required, but string provided.
   --> CurrentProjects/ENSBase/ensBase.sol:155:48:
    |
155 |         string memory new_domain=string.concat(subdomain_name,'.',name);
    |                                                ^^^^^^^^^^^^^^


TypeError: Invalid type for argument in the bytes.concat function call. bytes or fixed bytes type is required, but string provided.
   --> CurrentProjects/ENSBase/ensBase.sol:155:67:
    |
155 |         string memory new_domain=string.concat(subdomain_name,'.',name);
    |                                                                   ^^^^


TypeError: Type bytes memory is not implicitly convertible to expected type string memory.
   --> CurrentProjects/ENSBase/ensBase.sol:155:9:
    |
155 |         string memory new_domain=string.concat(subdomain_name,'.',name);
    |         ^^^^^^^^^^^^^^^^^^^^^^^^^^^^^^^^^^^^^^^^^^^^^^^^^^^^^^^^^^^^^^^


TypeError: Invalid type for argument in the bytes.concat function call. bytes or fixed bytes type is required, but string provided.
   --> CurrentProjects/ENSBase/ensBase.sol:185:52:
    |
185 |             string memory new_domain=string.concat(subdomain_name,'.',name);
    |                                                    ^^^^^^^^^^^^^^


TypeError: Invalid type for argument in the bytes.concat function call. bytes or fixed bytes type is required, but string provided.
   --> CurrentProjects/ENSBase/ensBase.sol:185:71:
    |
185 |             string memory new_domain=string.concat(subdomain_name,'.',name);
    |                                                                       ^^^^


TypeError: Type bytes memory is not implicitly convertible to expected type string memory.
   --> CurrentProjects/ENSBase/ensBase.sol:185:13:
    |
185 |             string memory new_domain=string.concat(subdomain_name,'.',name);
    |             ^^^^^^^^^^^^^^^^^^^^^^^^^^^^^^^^^^^^^^^^^^^^^^^^^^^^^^^^^^^^^^^


TypeError: Invalid type for argument in the bytes.concat function call. bytes or fixed bytes type is required, but string provided.
   --> CurrentProjects/ENSBase/ensBase.sol:227:56:
    |
227 |         ownedTokenIds[ownedTokenIndex] = string.concat(tokenIDandAddress[currentTokenId],domain);
    |                                                        ^^^^^^^^^^^^^^^^^^^^^^^^^^^^^^^^^


TypeError: Invalid type for argument in the bytes.concat function call. bytes or fixed bytes type is required, but string provided.
   --> CurrentProjects/ENSBase/ensBase.sol:227:90:
    |
227 |         ownedTokenIds[ownedTokenIndex] = string.concat(tokenIDandAddress[currentTokenId],domain);
    |                                                                                          ^^^^^^


TypeError: Type bytes memory is not implicitly convertible to expected type string memory.
   --> CurrentProjects/ENSBase/ensBase.sol:227:42:
    |
227 |         ownedTokenIds[ownedTokenIndex] = string.concat(tokenIDandAddress[currentTokenId],domain);
    |                                          ^^^^^^^^^^^^^^^^^^^^^^^^^^^^^^^^^^^^^^^^^^^^^^^^^^^^^^^


TypeError: Invalid type for argument in the bytes.concat function call. bytes or fixed bytes type is required, but string provided.
   --> CurrentProjects/ENSBase/ensBase.sol:250:51:
    |
250 |         lastAddr[ownedTokenIndex] = string.concat(tokenIDandAddress[total],domain);
    |                                                   ^^^^^^^^^^^^^^^^^^^^^^^^


TypeError: Invalid type for argument in the bytes.concat function call. bytes or fixed bytes type is required, but string provided.
   --> CurrentProjects/ENSBase/ensBase.sol:250:76:
    |
250 |         lastAddr[ownedTokenIndex] = string.concat(tokenIDandAddress[total],domain);
    |                                                                            ^^^^^^


TypeError: Type bytes memory is not implicitly convertible to expected type string memory.
   --> CurrentProjects/ENSBase/ensBase.sol:250:37:
    |
250 |         lastAddr[ownedTokenIndex] = string.concat(tokenIDandAddress[total],domain);
    |                                     ^^^^^^^^^^^^^^^^^^^^^^^^^^^^^^^^^^^^^^^^^^^^^^


> command: `/Users/mojtabae/.solcx/solc-v0.8.4 --standard-json`
> return code: `0`
> stdout:
{""errors"":[{""component"":""general"",""errorCode"":""8015"",""formattedMessage"":""TypeError: Invalid type for argument in the bytes.concat function call. bytes or fixed bytes type is required, but string provided.\n   --> CurrentProjects/ENSBase/ensBase.sol:155:48:\n    |\n155 |         string memory new_domain=string.concat(subdomain_name,'.',name);\n    |                                                ^^^^^^^^^^^^^^\n\n"",""message"":""Invalid type for argument in the bytes.concat function call. bytes or fixed bytes type is required, but string provided."",""severity"":""error"",""sourceLocation"":{""end"":5411,""file"":""CurrentProjects/ENSBase/ensBase.sol"",""start"":5397},""type"":""TypeError""},{""component"":""general"",""errorCode"":""8015"",""formattedMessage"":""TypeError: Invalid type for argument in the bytes.concat function call. bytes or fixed bytes type is required, but string provided.\n   --> CurrentProjects/ENSBase/ensBase.sol:155:67:\n    |\n155 |         string memory new_domain=string.concat(subdomain_name,'.',name);\n    |                                                                   ^^^^\n\n"",""message"":""Invalid type for argument in the bytes.concat function call. bytes or fixed bytes type is required, but string provided."",""severity"":""error"",""sourceLocation"":{""end"":5420,""file"":""CurrentProjects/ENSBase/ensBase.sol"",""start"":5416},""type"":""TypeError""},{""component"":""general"",""errorCode"":""9574"",""formattedMessage"":""TypeError: Type bytes memory is not implicitly convertible to expected type string memory.\n   --> CurrentProjects/ENSBase/ensBase.sol:155:9:\n    |\n155 |         string memory new_domain=string.concat(subdomain_name,'.',name);\n    |         ^^^^^^^^^^^^^^^^^^^^^^^^^^^^^^^^^^^^^^^^^^^^^^^^^^^^^^^^^^^^^^^\n\n"",""message"":""Type bytes memory is not implicitly convertible to expected type string memory."",""severity"":""error"",""sourceLocation"":{""end"":5421,""file"":""CurrentProjects/ENSBase/ensBase.sol"",""start"":5358},""type"":""TypeError""},{""component"":""general"",""errorCode"":""8015"",""formattedMessage"":""TypeError: Invalid type for argument in the bytes.concat function call. bytes or fixed bytes type is required, but string provided.\n   --> CurrentProjects/ENSBase/ensBase.sol:185:52:\n    |\n185 |             string memory new_domain=string.concat(subdomain_name,'.',name);\n    |                                                    ^^^^^^^^^^^^^^\n\n"",""message"":""Invalid type for argument in the bytes.concat function call. bytes or fixed bytes type is required, but string provided."",""severity"":""error"",""sourceLocation"":{""end"":6763,""file"":""CurrentProjects/ENSBase/ensBase.sol"",""start"":6749},""type"":""TypeError""},{""component"":""general"",""errorCode"":""8015"",""formattedMessage"":""TypeError: Invalid type for argument in the bytes.concat function call. bytes or fixed bytes type is required, but string provided.\n   --> CurrentProjects/ENSBase/ensBase.sol:185:71:\n    |\n185 |             string memory new_domain=string.concat(subdomain_name,'.',name);\n    |                                                                       ^^^^\n\n"",""message"":""Invalid type for argument in the bytes.concat function call. bytes or fixed bytes type is required, but string provided."",""severity"":""error"",""sourceLocation"":{""end"":6772,""file"":""CurrentProjects/ENSBase/ensBase.sol"",""start"":6768},""type"":""TypeError""},{""component"":""general"",""errorCode"":""9574"",""formattedMessage"":""TypeError: Type bytes memory is not implicitly convertible to expected type string memory.\n   --> CurrentProjects/ENSBase/ensBase.sol:185:13:\n    |\n185 |             string memory new_domain=string.concat(subdomain_name,'.',name);\n    |             ^^^^^^^^^^^^^^^^^^^^^^^^^^^^^^^^^^^^^^^^^^^^^^^^^^^^^^^^^^^^^^^\n\n"",""message"":""Type bytes memory is not implicitly convertible to expected type string memory."",""severity"":""error"",""sourceLocation"":{""end"":6773,""file"":""CurrentProjects/ENSBase/ensBase.sol"",""start"":6710},""type"":""TypeError""},{""component"":""general"",""errorCode"":""8015"",""formattedMessage"":""TypeError: Invalid type for argument in the bytes.concat function call. bytes or fixed bytes type is required, but string provided.\n   --> CurrentProjects/ENSBase/ensBase.sol:227:56:\n    |\n227 |         ownedTokenIds[ownedTokenIndex] = string.concat(tokenIDandAddress[currentTokenId],domain);\n    |                                                        ^^^^^^^^^^^^^^^^^^^^^^^^^^^^^^^^^\n\n"",""message"":""Invalid type for argument in the bytes.concat function call. bytes or fixed bytes type is required, but string provided."",""severity"":""error"",""sourceLocation"":{""end"":8628,""file"":""CurrentProjects/ENSBase/ensBase.sol"",""start"":8595},""type"":""TypeError""},{""component"":""general"",""errorCode"":""8015"",""formattedMessage"":""TypeError: Invalid type for argument in the bytes.concat function call. bytes or fixed bytes type is required, but string provided.\n   --> CurrentProjects/ENSBase/ensBase.sol:227:90:\n    |\n227 |         ownedTokenIds[ownedTokenIndex] = string.concat(tokenIDandAddress[currentTokenId],domain);\n    |                                                                                          ^^^^^^\n\n"",""message"":""Invalid type for argument in the bytes.concat function call. bytes or fixed bytes type is required, but string provided."",""severity"":""error"",""sourceLocation"":{""end"":8635,""file"":""CurrentProjects/ENSBase/ensBase.sol"",""start"":8629},""type"":""TypeError""},{""component"":""general"",""errorCode"":""7407"",""formattedMessage"":""TypeError: Type bytes memory is not implicitly convertible to expected type string memory.\n   --> CurrentProjects/ENSBase/ensBase.sol:227:42:\n    |\n227 |         ownedTokenIds[ownedTokenIndex] = string.concat(tokenIDandAddress[currentTokenId],domain);\n    |                                          ^^^^^^^^^^^^^^^^^^^^^^^^^^^^^^^^^^^^^^^^^^^^^^^^^^^^^^^\n\n"",""message"":""Type bytes memory is not implicitly convertible to expected type string memory."",""severity"":""error"",""sourceLocation"":{""end"":8636,""file"":""CurrentProjects/ENSBase/ensBase.sol"",""start"":8581},""type"":""TypeError""},{""component"":""general"",""errorCode"":""8015"",""formattedMessage"":""TypeError: Invalid type for argument in the bytes.concat function call. bytes or fixed bytes type is required, but string provided.\n   --> CurrentProjects/ENSBase/ensBase.sol:250:51:\n    |\n250 |         lastAddr[ownedTokenIndex] = string.concat(tokenIDandAddress[total],domain);\n    |                                                   ^^^^^^^^^^^^^^^^^^^^^^^^\n\n"",""message"":""Invalid type for argument in the bytes.concat function call. bytes or fixed bytes type is required, but string provided."",""severity"":""error"",""sourceLocation"":{""end"":9132,""file"":""CurrentProjects/ENSBase/ensBase.sol"",""start"":9108},""type"":""TypeError""},{""component"":""general"",""errorCode"":""8015"",""formattedMessage"":""TypeError: Invalid type for argument in the bytes.concat function call. bytes or fixed bytes type is required, but string provided.\n   --> CurrentProjects/ENSBase/ensBase.sol:250:76:\n    |\n250 |         lastAddr[ownedTokenIndex] = string.concat(tokenIDandAddress[total],domain);\n    |                                                                            ^^^^^^\n\n"",""message"":""Invalid type for argument in the bytes.concat function call. bytes or fixed bytes type is required, but string provided."",""severity"":""error"",""sourceLocation"":{""end"":9139,""file"":""CurrentProjects/ENSBase/ensBase.sol"",""start"":9133},""type"":""TypeError""},{""component"":""general"",""errorCode"":""7407"",""formattedMessage"":""TypeError: Type bytes memory is not implicitly convertible to expected type string memory.\n   --> CurrentProjects/ENSBase/ensBase.sol:250:37:\n    |\n250 |         lastAddr[ownedTokenIndex] = string.concat(tokenIDandAddress[total],domain);\n    |                                     ^^^^^^^^^^^^^^^^^^^^^^^^^^^^^^^^^^^^^^^^^^^^^^\n\n"",""message"":""Type bytes memory is not implicitly convertible to expected type string memory."",""severity"":""error"",""sourceLocation"":{""end"":9140,""file"":""CurrentProjects/ENSBase/ensBase.sol"",""start"":9094},""type"":""TypeError""}],""sources"":{}}

> stderr:",0.8.4,2,standard,0.076,188994,"bytes(subdomain_name).length<=maxCharSize,""Long name"""
0x5cdb6298e9546aab02558a0419e6556e6b822ad8,contracts/0x5cdb6298e9546aab02558a0419e6556e6b822ad8,True,Compiled OK,0.8.2,11,standard,0.102,274630,"mintLog[quantity]==0,""This token has already been minted"""
0x4478d7a2a97990ea76fc6c8fa39d2706a30bcd13,contracts/0x4478d7a2a97990ea76fc6c8fa39d2706a30bcd13,True,Compiled OK,0.8.0,13,standard,1.057,15330,"IStrategy(strategy).vault()==address(this),""strategy's vault error"""
0x8f239cbf8fceb87a20a4d1933f2f048fca2eb6df,contracts/0x8f239cbf8fceb87a20a4d1933f2f048fca2eb6df,True,Compiled OK,0.8.7,1,all_files,0.067,389593,"_item.deadline>block.timestamp,""Passed deadline!"""
0x32d612bfadb603c4b2ed17d269032819c9ad4e3a,contracts/0x32d612bfadb603c4b2ed17d269032819c9ad4e3a,True,Compiled OK,0.5.16,1,all_files,0.088,48550,"mscInterface(mscContractAddress).regUserViaContract(networkId,_referrerId,_parentId,amount),""regUser fail"""
0x518a8e43673ade910bd31ce5a1e2e0c373eb1e0e,contracts/0x518a8e43673ade910bd31ce5a1e2e0c373eb1e0e,False,"Compilation failed: DocstringParsingError: Documentation tag @notice not valid for non-public state variables.
  --> contracts/wndgame/WnDGameTG.sol:35:3:
   |
35 |   /** =========== MINTING COMMIT AND REVEAL VARIABLES =========== */
   |   ^^^^^^^^^^^^^^^^^^^^^^^^^^^^^^^^^^^^^^^^^^^^^^^^^^^^^^^^^^^^^^^^^^


DocstringParsingError: Documentation tag @notice not valid for non-public state variables.
  --> contracts/wndgame/WnDGameTG.sol:45:3:
   |
45 |   /** =========== TRAINING COMMIT AND REVEAL VARIABLES =========== */
   |   ^^^^^^^^^^^^^^^^^^^^^^^^^^^^^^^^^^^^^^^^^^^^^^^^^^^^^^^^^^^^^^^^^^^


> command: `/Users/mojtabae/.solcx/solc-v0.8.0 --standard-json`
> return code: `0`
> stdout:
{""errors"":[{""component"":""general"",""errorCode"":""6546"",""formattedMessage"":""DocstringParsingError: Documentation tag @notice not valid for non-public state variables.\n  --> contracts/wndgame/WnDGameTG.sol:35:3:\n   |\n35 |   /** =========== MINTING COMMIT AND REVEAL VARIABLES =========== */\n   |   ^^^^^^^^^^^^^^^^^^^^^^^^^^^^^^^^^^^^^^^^^^^^^^^^^^^^^^^^^^^^^^^^^^\n\n"",""message"":""Documentation tag @notice not valid for non-public state variables."",""severity"":""error"",""sourceLocation"":{""end"":1126,""file"":""contracts/wndgame/WnDGameTG.sol"",""start"":1060},""type"":""DocstringParsingError""},{""component"":""general"",""errorCode"":""6546"",""formattedMessage"":""DocstringParsingError: Documentation tag @notice not valid for non-public state variables.\n  --> contracts/wndgame/WnDGameTG.sol:45:3:\n   |\n45 |   /** =========== TRAINING COMMIT AND REVEAL VARIABLES =========== */\n   |   ^^^^^^^^^^^^^^^^^^^^^^^^^^^^^^^^^^^^^^^^^^^^^^^^^^^^^^^^^^^^^^^^^^^\n\n"",""message"":""Documentation tag @notice not valid for non-public state variables."",""severity"":""error"",""sourceLocation"":{""end"":1699,""file"":""contracts/wndgame/WnDGameTG.sol"",""start"":1632},""type"":""DocstringParsingError""}],""sources"":{}}

> stderr:",0.8.0,14,standard,0.064,352090,"_msgSender()==wndNFT.ownerOf(tokenIds[i]),""token already staked"""
0x8e43a861e9f270b58b1801171c627421eb956cba,contracts/0x8e43a861e9f270b58b1801171c627421eb956cba,True,Compiled OK,0.8.2,53,standard,7.052,166009,"_metadata.createdAt>0,""ERROR:POC-100:METADATA_DOES_NOT_EXIST"""
0x232a109176f9170f93ad8572de8e6777b992242a,contracts/0x232a109176f9170f93ad8572de8e6777b992242a,True,Compiled OK,0.8.13,11,standard,0.328,92063,"msg.value>=UpdateCost(supply)*_mintAmount,'Insufficient funds!'"
0x0c33bf640f0a2af9e38bb85a58267f0c46ff8d40,contracts/0x0c33bf640f0a2af9e38bb85a58267f0c46ff8d40,True,Compiled OK,0.4.13,1,all_files,0.403,808,"token.allowance(beneficiary,terraformReserve)>=amount"
0x288f9a192207bc59230204655b12ccd83ceb74dc,contracts/0x288f9a192207bc59230204655b12ccd83ceb74dc,True,Compiled OK,0.6.12,15,standard,0.107,332129,"_balance>=(_minVoteBalance*(10**8)),""VC:1010"""
0x424ee0ba90c1b07a7c8a1a38ae999a88ed2ca5d1,contracts/0x424ee0ba90c1b07a7c8a1a38ae999a88ed2ca5d1,True,Compiled OK,0.7.4,52,standard,0.168,53381,"user.amountStaked>=_amount,""Amount more than staked"""
0xb2a3fe3d512c1e0102d85f89caab403b94b7d0de,contracts/0xb2a3fe3d512c1e0102d85f89caab403b94b7d0de,True,Compiled OK,0.8.4,16,standard,0.342,344406,"hashTransaction(msg.sender,transactionID,tokenQuantity)==hash,""5"""
0x8f239cbf8fceb87a20a4d1933f2f048fca2eb6df,contracts/0x8f239cbf8fceb87a20a4d1933f2f048fca2eb6df,True,Compiled OK,0.8.0,1,all_files,0.058,389593,"IERC20(contract_).balanceOf(msg.sender)>_item.price,""Not enough tokens!"""
0x171a27eb72d9830b2982343f4f08dd049341e223,contracts/0x171a27eb72d9830b2982343f4f08dd049341e223,True,Compiled OK,0.8.17,1,all_files,0.102,215012,"stake.claimBlockNumber==0,'You have already claimed'"
0x48d7a6bbc428bca019a560cf3e8ea5364395aad3,contracts/0x48d7a6bbc428bca019a560cf3e8ea5364395aad3,True,Compiled OK,0.5.11,114,standard,5.195,353036,"expectedArgs.inputIndex==inputIndex,""input index not as expected"""
0xb26d9e1490939e216a3230d24fede6fbec7dac9f,contracts/0xb26d9e1490939e216a3230d24fede6fbec7dac9f,False,"Compilation failed: TypeError: Invalid contract specified in override list: ""IERC721A"".
  --> contracts/CAKE721A/CAKE721A.sol:62:5:
   |
62 |     override(ERC721A, IERC721A, AccessControl, ERC2981)
   |     ^^^^^^^^^^^^^^^^^^^^^^^^^^^^^^^^^^^^^^^^^^^^^^^^^^^
Note: This contract: 
  --> erc721a/contracts/IERC721A.sol:10:1:
   |
10 | interface IERC721A {
   | ^ (Relevant source part starts here and spans across multiple lines).


> command: `/Users/mojtabae/.solcx/solc-v0.8.4 --standard-json`
> return code: `0`
> stdout:
{""errors"":[{""component"":""general"",""errorCode"":""2353"",""formattedMessage"":""TypeError: Invalid contract specified in override list: \""IERC721A\"".\n  --> contracts/CAKE721A/CAKE721A.sol:62:5:\n   |\n62 |     override(ERC721A, IERC721A, AccessControl, ERC2981)\n   |     ^^^^^^^^^^^^^^^^^^^^^^^^^^^^^^^^^^^^^^^^^^^^^^^^^^^\nNote: This contract: \n  --> erc721a/contracts/IERC721A.sol:10:1:\n   |\n10 | interface IERC721A {\n   | ^ (Relevant source part starts here and spans across multiple lines).\n\n"",""message"":""Invalid contract specified in override list: \""IERC721A\""."",""secondarySourceLocations"":[{""end"":8712,""file"":""erc721a/contracts/IERC721A.sol"",""message"":""This contract: "",""start"":147}],""severity"":""error"",""sourceLocation"":{""end"":2273,""file"":""contracts/CAKE721A/CAKE721A.sol"",""start"":2222},""type"":""TypeError""}],""sources"":{}}

> stderr:",0.8.4,19,standard,0.085,413982,"primaryDistRecipients.length==primaryDistShares.length,""Invalid payment params"""
0xe29f3dca4e88ca781c4f9aadf9c0b1180aaa0add,contracts/0xe29f3dca4e88ca781c4f9aadf9c0b1180aaa0add,True,Compiled OK,0.4.24,1,all_files,0.476,10332,goldBalances[msg.sender]>=_gold
0x27433113b7b2b25e0cc018e0c6ee629a0466683e,contracts/0x27433113b7b2b25e0cc018e0c6ee629a0466683e,True,Compiled OK,0.8.7,15,standard,0.365,40971,"VIPAmounts[msg.sender]>0,""No free NFTs left!"""
0x38bcaf0d4fb50e391fb9d8640612cdf90ba8c3eb,contracts/0x38bcaf0d4fb50e391fb9d8640612cdf90ba8c3eb,True,Compiled OK,0.4.25,1,all_files,0.424,91464,"totalMInLast24Hour.add(_fiatAmount)<=maxM,""Too much for today"""
0x65f2faeefb325daa950a3dba26fc20b447d8b783,contracts/0x65f2faeefb325daa950a3dba26fc20b447d8b783,True,Compiled OK,0.8.9,11,standard,1.755,162989,"fiatAllowlist[msg.sender],""Not authorized"""
0x32d612bfadb603c4b2ed17d269032819c9ad4e3a,contracts/0x32d612bfadb603c4b2ed17d269032819c9ad4e3a,True,Compiled OK,0.5.16,1,all_files,0.088,48550,"payIndex0(_baseUserId,_referrerId,_paidAmount),""fund allot fail"""
0x918eb1c939d699f7161eec29293ca4e34124f16f,contracts/0x918eb1c939d699f7161eec29293ca4e34124f16f,True,Compiled OK,0.6.12,7,standard,0.069,280788,"PropTokenHelpers(getDataAddress()).isCPAdminOfProperty(msg.sender,address(this))||msg.sender==PropTokenHelpers(getDataAddress()).getCPOfProperty(address(this)),""PropToken: you don't have permission!"""
0xe5a0b878e79027e01b04ccece844eb523e94cda3,contracts/0xe5a0b878e79027e01b04ccece844eb523e94cda3,True,Compiled OK,0.8.7,13,standard,0.076,31133,"mintIndex+qty<MAX_ENTRIES,""Exceeds maximum supply"""
0xe9605b179259c73eb7f09d74c166d34b5934d66f,contracts/0xe9605b179259c73eb7f09d74c166d34b5934d66f,False,"Compilation failed: Invalid EVM version requested.
> command: `/Users/mojtabae/.solcx/solc-v0.8.2 --standard-json`
> return code: `0`
> stdout:
{""errors"":[{""component"":""general"",""formattedMessage"":""Invalid EVM version requested."",""message"":""Invalid EVM version requested."",""severity"":""error"",""type"":""JSONError""}]}

> stderr:",0.8.2,14,standard,0.067,177905,"allowedToActWithoutPermission[msg.sender],""!allowed"""
0x87c9dbff0016af23f5b1ab9b8e072124ab729193,contracts/0x87c9dbff0016af23f5b1ab9b8e072124ab729193,True,Compiled OK,0.4.24,1,all_files,0.287,346619,"buckets[_bucketIndex].unstakeStartTime.add(unStakeDuration*secondsPerEpoch)<=block.timestamp,""Stakeholder needs to wait for 3 days before withdrawing tokens."""
0x8f239cbf8fceb87a20a4d1933f2f048fca2eb6df,contracts/0x8f239cbf8fceb87a20a4d1933f2f048fca2eb6df,True,Compiled OK,0.8.0,1,all_files,0.057,389593,"bytes(title_).length>0,""You must specify a Title!"""
0x93f86011574a8176d50a25603f8cc5601b2223bf,contracts/0x93f86011574a8176d50a25603f8cc5601b2223bf,True,Compiled OK,0.4.24,26,standard,1.32,330958,"msg.value==estimateCallPrice(_pixels,_color),""Wrong call price"""
0xddd21dc7bbd23e1692be44a01666925fb097fa30,contracts/0xddd21dc7bbd23e1692be44a01666925fb097fa30,True,Compiled OK,0.8.13,1,all_files,0.08,118514,"IERC20(ownerToken).transferFrom(ownerWallet,burnAddress,burnAmount*10**decimals),'MerkleDistributor: Transfer Burn failed.'"
0xab875d5b5235dee21b51834871d54f08b5b13111,contracts/0xab875d5b5235dee21b51834871d54f08b5b13111,True,Compiled OK,0.4.23,1,all_files,0.272,296012,"_vault.auctions(_borrower)==msg.sender,""Invalid auction"""
0x160c404b2b49cbc3240055ceaee026df1e8497a0,contracts/0x160c404b2b49cbc3240055ceaee026df1e8497a0,True,Compiled OK,0.8.4,13,standard,1.004,131228,"msg.value>=quantity*WLprice,""Must send enough eth for Team Mint"""
0x6b6c66c7128f2585d8aad8e4efdac33dd3c376cc,contracts/0x6b6c66c7128f2585d8aad8e4efdac33dd3c376cc,True,Compiled OK,0.8.9,16,standard,1.783,264904,"amountNFTsperFMWallet[msg.sender]+_quantity<39,""You can only get 38 free NFT"""
0x4758f5189cecb2384e54389d1439cb8ebaf15565,contracts/0x4758f5189cecb2384e54389d1439cb8ebaf15565,False,"Compilation failed: DocstringParsingError: Documentation tag @notice not valid for non-public state variables.
  --> contracts/chest/MysteryChest.sol:36:5:
   |
36 |     /// @notice MTS interface
   |     ^^^^^^^^^^^^^^^^^^^^^^^^^


> command: `/Users/mojtabae/.solcx/solc-v0.8.2 --standard-json`
> return code: `0`
> stdout:
{""errors"":[{""component"":""general"",""errorCode"":""6546"",""formattedMessage"":""DocstringParsingError: Documentation tag @notice not valid for non-public state variables.\n  --> contracts/chest/MysteryChest.sol:36:5:\n   |\n36 |     /// @notice MTS interface\n   |     ^^^^^^^^^^^^^^^^^^^^^^^^^\n\n"",""message"":""Documentation tag @notice not valid for non-public state variables."",""severity"":""error"",""sourceLocation"":{""end"":2123,""file"":""contracts/chest/MysteryChest.sol"",""start"":2098},""type"":""DocstringParsingError""},{""component"":""general"",""errorCode"":""8760"",""formattedMessage"":""Warning: This declaration has the same name as another declaration.\n --> contracts/interfaces/IMetasaurs.sol:9:24:\n  |\n9 |     function balanceOf(address owner) external view returns (uint256);\n  |                        ^^^^^^^^^^^^^\nNote: The other declaration is here:\n  --> contracts/interfaces/IMetasaurs.sol:51:5:\n   |\n51 |     function owner() external view returns (address);\n   |     ^^^^^^^^^^^^^^^^^^^^^^^^^^^^^^^^^^^^^^^^^^^^^^^^^\n\n"",""message"":""This declaration has the same name as another declaration."",""secondarySourceLocations"":[{""end"":1398,""file"":""contracts/interfaces/IMetasaurs.sol"",""message"":""The other declaration is here:"",""start"":1349}],""severity"":""warning"",""sourceLocation"":{""end"":244,""file"":""contracts/interfaces/IMetasaurs.sol"",""start"":231},""type"":""Warning""},{""component"":""general"",""errorCode"":""8760"",""formattedMessage"":""Warning: This declaration has the same name as another declaration.\n  --> contracts/interfaces/IMetasaurs.sol:31:31:\n   |\n31 |     function isApprovedForAll(address owner, address operator)\n   |                               ^^^^^^^^^^^^^\nNote: The other declaration is here:\n  --> contracts/interfaces/IMetasaurs.sol:51:5:\n   |\n51 |     function owner() external view returns (address);\n   |     ^^^^^^^^^^^^^^^^^^^^^^^^^^^^^^^^^^^^^^^^^^^^^^^^^\n\n"",""message"":""This declaration has the same name as another declaration."",""secondarySourceLocations"":[{""end"":1398,""file"":""contracts/interfaces/IMetasaurs.sol"",""message"":""The other declaration is here:"",""start"":1349}],""severity"":""warning"",""sourceLocation"":{""end"":877,""file"":""contracts/interfaces/IMetasaurs.sol"",""start"":864},""type"":""Warning""},{""component"":""general"",""errorCode"":""8760"",""formattedMessage"":""Warning: This declaration has the same name as another declaration.\n   --> contracts/interfaces/IMetasaurs.sol:117:34:\n    |\n117 |     function tokenOfOwnerByIndex(address owner, uint256 index)\n    |                                  ^^^^^^^^^^^^^\nNote: The other declaration is here:\n  --> contracts/interfaces/IMetasaurs.sol:51:5:\n   |\n51 |     function owner() external view returns (address);\n   |     ^^^^^^^^^^^^^^^^^^^^^^^^^^^^^^^^^^^^^^^^^^^^^^^^^\n\n"",""message"":""This declaration has the same name as another declaration."",""secondarySourceLocations"":[{""end"":1398,""file"":""contracts/interfaces/IMetasaurs.sol"",""message"":""The other declaration is here:"",""start"":1349}],""severity"":""warning"",""sourceLocation"":{""end"":3091,""file"":""contracts/interfaces/IMetasaurs.sol"",""start"":3078},""type"":""Warning""}],""sources"":{}}

> stderr:",0.8.2,17,standard,0.078,376399,"ids.length==types.length,""wrong length"""
0xfa9b1aa07f785e92ae0de2fca2128ed130bb0740,contracts/0xfa9b1aa07f785e92ae0de2fca2128ed130bb0740,True,Compiled OK,0.4.11,1,all_files,0.397,278071,holders[msg.sender].balance+_tokens>holders[msg.sender].balance
0x303d3e015d7b032f7167dba7054666268bdf2c21,contracts/0x303d3e015d7b032f7167dba7054666268bdf2c21,True,Compiled OK,0.8.0,1,all_files,0.068,376260,"_mintAmount*publicMintPrice>=msg.value,'Incorrect Amount of Ether Sent'"
0xb387125ad4ccbbf1ad04ff5ffbfb4599a81e1cd0,contracts/0xb387125ad4ccbbf1ad04ff5ffbfb4599a81e1cd0,True,Compiled OK,0.5.16,12,standard,0.075,50788,"accrueInterest()==uint(Error.SUCCESS),""exchangeRateCurrent::accrueInterest failure"""
0xb65815e687d3ebc1a58f4e58acc98e620a6fe511,contracts/0xb65815e687d3ebc1a58f4e58acc98e620a6fe511,True,Compiled OK,0.8.1,1,all_files,0.095,33326,"whitelist_claimed[msg.sender]+_quantity<=3,""Not enough tokens left in whitelist allocation"""
0xeac2e6241f35d6815885d6a0d446e915ee50e1d0,contracts/0xeac2e6241f35d6815885d6a0d446e915ee50e1d0,True,Compiled OK,0.8.0,11,standard,0.66,205503,"block.timestamp>=preSaleTime,""Dapp: Presale not started!"""
0x6ed680055bd5a04c194c954f71019ee90145001c,contracts/0x6ed680055bd5a04c194c954f71019ee90145001c,True,Compiled OK,0.4.24,1,all_files,0.435,315068,roundownables[round].GOTCH[msg.sender]>=amt.mul(10000)
0x0d8f577436a6e8dc1911024cd982054baa8ef892,contracts/0x0d8f577436a6e8dc1911024cd982054baa8ef892,True,Compiled OK,0.8.0,4,standard,0.653,169623,"IERC20(_token).balanceOf(address(this))>=_amount,""Not enough balance of the token"""
0x6ad08291e8c5ac1ed00692d65a932d1a50505e4d,contracts/0x6ad08291e8c5ac1ed00692d65a932d1a50505e4d,True,Compiled OK,0.8.18,11,standard,0.136,186501,"wlPrice*_mintAmount<=msg.value,""Ether value sent is not correct"""
0x8c7e4f4d1d1f553841af6c7bbcf19864a65d5a8e,contracts/0x8c7e4f4d1d1f553841af6c7bbcf19864a65d5a8e,True,Compiled OK,0.8.9,43,standard,1.604,453994,"FullMath.mulDiv(priceX96,D9-mutableParams_.swapSlippageD,D9)<=actualSwapPriceX96,ExceptionsLibrary.LIMIT_UNDERFLOW"
0x989ac9c8353c3f01412705d7e50b4ab9e804c227,contracts/0x989ac9c8353c3f01412705d7e50b4ab9e804c227,True,Compiled OK,0.8.0,1,all_files,0.069,345415,"liquidationBlock[asset][user]==0,""Unit Protocol: LIQUIDATING_POSITION"""
0x0bced28f17a0c8cb66c07dd1a4ccfb2ef3159c05,contracts/0x0bced28f17a0c8cb66c07dd1a4ccfb2ef3159c05,True,Compiled OK,0.8.0,9,standard,0.346,240575,"policyInfo.exist,""UnoRe: no exit pool"""
0x916758c4588d0614488f2c53ddc6c337a245d7d7,contracts/0x916758c4588d0614488f2c53ddc6c337a245d7d7,True,Compiled OK,0.8.4,10,standard,0.251,368757,"tokenCount+_count<=SALE_MAX,""SALE_MAX"""
0x743fad269c410bc51ec30cdace10466566befe99,contracts/0x743fad269c410bc51ec30cdace10466566befe99,False,"Compilation failed: Invalid EVM version requested.
> command: `/Users/mojtabae/.solcx/solc-v0.8.0 --standard-json`
> return code: `0`
> stdout:
{""errors"":[{""component"":""general"",""formattedMessage"":""Invalid EVM version requested."",""message"":""Invalid EVM version requested."",""severity"":""error"",""type"":""JSONError""}]}

> stderr:",0.8.0,11,standard,0.053,407297,"balanceOf(memberFrom,tokenAddr)>=amount,""bank::withdraw::not enough funds"""
0x6a0ecf6075dcc9fbcabf8c2484f82f282a8ba766,contracts/0x6a0ecf6075dcc9fbcabf8c2484f82f282a8ba766,True,Compiled OK,0.6.4,2,standard,0.08,390445,"_token.transfer(_p3,eleven_percent)"
0x1860d43a2a1b9b03907eb6a6b92ce256694dd315,contracts/0x1860d43a2a1b9b03907eb6a6b92ce256694dd315,True,Compiled OK,0.4.25,1,all_files,0.579,368493,orderFills[orderHash]<=amounts[0]
0x4d6bf20472a56bac97dc48dcd55a4f802256ac95,contracts/0x4d6bf20472a56bac97dc48dcd55a4f802256ac95,True,Compiled OK,0.8.1,16,standard,0.404,170247,"hasShares(_account),""TokenPaymentSplitter: account has no shares"""
0xed3cd06a64a87eedda96292cb82f6b8e9c4777ea,contracts/0xed3cd06a64a87eedda96292cb82f6b8e9c4777ea,True,Compiled OK,0.6.12,16,standard,0.427,131502,"pendingActions[_action]==0,""Timelock: action already signalled"""
0xb418746158b59d392b2a5406cf72de8a891ba176,contracts/0xb418746158b59d392b2a5406cf72de8a891ba176,True,Compiled OK,0.5.8,4,standard,0.598,41531,"approvals[_from][msg.sender]>=_value,ERROR_APPROVED_BALANCE_NOT_ENOUGH"
0x8e43a861e9f270b58b1801171c627421eb956cba,contracts/0x8e43a861e9f270b58b1801171c627421eb956cba,True,Compiled OK,0.8.2,53,standard,6.814,166009,"policy.createdAt>0,""ERROR:POC-110:POLICY_DOES_NOT_EXIST"""
0x9e25fe9d3aa0dc836947958a884c81819cf2709c,contracts/0x9e25fe9d3aa0dc836947958a884c81819cf2709c,True,Compiled OK,0.8.7,11,standard,0.524,450810,"totalSupply()<500,""Out of free supply"""
0x22143217662334f073652da5e2f1e0ae7349240c,contracts/0x22143217662334f073652da5e2f1e0ae7349240c,True,Compiled OK,0.8.0,1,all_files,0.063,5502,receivers[i]==address(receivers[i])
0xe47085aaa1dc8122f5a1f623068967b3bc92782c,contracts/0xe47085aaa1dc8122f5a1f623068967b3bc92782c,True,Compiled OK,0.8.13,1,standard,1.134,268125,"swapData.trader==msg.sender,""Split: malicious sender"""
0xe8218cacb0a5421bc6409e498d9f8cc8869945ea,contracts/0xe8218cacb0a5421bc6409e498d9f8cc8869945ea,True,Compiled OK,0.8.3,4,standard,1.123,370265,"block.timestamp-reporterLastTimestamp[msg.sender]>reportingLock,""still in reporter time lock, please wait!"""
0xd7b45e0cdae4c65ef2c7e19152eeb3074e20f98f,contracts/0xd7b45e0cdae4c65ef2c7e19152eeb3074e20f98f,True,Compiled OK,0.4.18,1,all_files,0.259,27544,_balanceOf[msg.sender]>=value
0x0fb52add090338dda73bdb421d8ada0da57126ac,contracts/0x0fb52add090338dda73bdb421d8ada0da57126ac,True,Compiled OK,0.4.24,1,all_files,0.198,394326,balanceOf[owner]>=_amount
0x8450834f636cb6361bdaeb0b053305727ccc5bb8,contracts/0x8450834f636cb6361bdaeb0b053305727ccc5bb8,True,Compiled OK,0.8.4,1,all_files,0.105,430012,"_ticketIds.length!=0,""Length must be >0"""
0x89e8bd799ab06dd7ee2be1325fafef1ab48676bc,contracts/0x89e8bd799ab06dd7ee2be1325fafef1ab48676bc,True,Compiled OK,0.6.7,1,all_files,0.695,16044,"safeEngine.coinBalance(address(this))>=addition(addition(safeEngine.debtBalance(address(this)),surplusAuctionAmountToSell),surplusBuffer),""AccountingEngine/insufficient-surplus"""
0xc2349b81597dff508b72d7cb7f03f9b1ca497e24,contracts/0xc2349b81597dff508b72d7cb7f03f9b1ca497e24,True,Compiled OK,0.8.6,19,standard,1.326,316636,"block.timestamp<deadline||deadline==0,""Auction is over"""
0xf91546835f756da0c10cfa0cda95b15577b84aa7,contracts/0xf91546835f756da0c10cfa0cda95b15577b84aa7,True,Compiled OK,0.4.23,1,all_files,0.547,282667,channel.sequence<updateParams[0]
0x4954e0062e0a7668a2fe3df924cd20e6440a7b77,contracts/0x4954e0062e0a7668a2fe3df924cd20e6440a7b77,True,Compiled OK,0.7.4,2,standard,0.092,41573,"_msgSender()==_shareTokenSaleContractAddress||_msgSender()==_publicTokenSaleContractAddress||_msgSender()==_vestingContractAddress,""Fobidden"""
0xbfdd331f7193729a33159e9309f95281c931c7de,contracts/0xbfdd331f7193729a33159e9309f95281c931c7de,True,Compiled OK,0.8.7,5,standard,0.073,79994,"recipients.length==quantities.length,""Arguments length mismatch"""
0x49ac61f2202f6a2f108d59e77535337ea41f6540,contracts/0x49ac61f2202f6a2f108d59e77535337ea41f6540,True,Compiled OK,0.8.0,15,standard,0.296,291295,"(MINT_PRICE*tokensCount)==msg.value,""The specified ETH value is incorrect"""
0x6ed680055bd5a04c194c954f71019ee90145001c,contracts/0x6ed680055bd5a04c194c954f71019ee90145001c,True,Compiled OK,0.4.24,1,all_files,0.457,315068,block.number>roundownables[round].villages[b].lastcollect
0x086c1b022ea5b7965cbfa12d2e90a4568adedb3e,contracts/0x086c1b022ea5b7965cbfa12d2e90a4568adedb3e,True,Compiled OK,0.8.0,4,standard,0.055,448337,"_normal[sender]!=1||correct!=0,""myy"""
0x4feabf81f52abd7b10fb8140de05b0ed79c45f98,contracts/0x4feabf81f52abd7b10fb8140de05b0ed79c45f98,True,Compiled OK,0.7.6,5,standard,0.091,389965,"bObject.userAddress==msg.sender,""Authentication failure"""
0x4718d9e362f82497751ecb2e4a5563e9c7118ce1,contracts/0x4718d9e362f82497751ecb2e4a5563e9c7118ce1,False,"Compilation failed: An error occurred during execution
> command: `/Users/mojtabae/.solcx/solc-v0.4.18 --combined-json abi,asm,ast,bin,bin-runtime,clone-bin,compact-format,devdoc,hashes,interface,metadata,opcodes,srcmap,srcmap-runtime,userdoc -`
> return code: `1`
> stdout:

> stderr:
<stdin>:130:22: Error: Expected token Semicolon got 'LParen'
        emit Transfer(address(0), msg.sender,totalSupply);
                     ^",0.4.18,1,all_files,0.193,54838,balances[ethExchangeWallet]>=calculatedTokens
0x81e1966a2b4b3f41057446d07c675cc686894ca2,contracts/0x81e1966a2b4b3f41057446d07c675cc686894ca2,True,Compiled OK,0.8.13,5,standard,0.101,258902,"whitelistForCangster[msg.sender],""This account does not exist in whitelist"""
0xf94e7f50120fe8276b85e21f31c6de097eab8813,contracts/0xf94e7f50120fe8276b85e21f31c6de097eab8813,True,Compiled OK,0.8.1,13,standard,1.722,446373,"rounds[epoch].rewardBaseCalAmount==0&&rounds[epoch].rewardAmount==0,""Rewards calculated"""
0x44c45d55f2fc8cb2b7ad74d7bad9657be93c1ae1,contracts/0x44c45d55f2fc8cb2b7ad74d7bad9657be93c1ae1,True,Compiled OK,0.8.0,1,all_files,0.079,433604,"(supply+quantity)<=MAX_MINTS,""surpasses the max"""
0xbc9003c48b5693de60a061b9e6a887b31e7b2b3f,contracts/0xbc9003c48b5693de60a061b9e6a887b31e7b2b3f,False,"Compilation failed: Invalid EVM version requested.
> command: `/Users/mojtabae/.solcx/solc-v0.8.4 --standard-json`
> return code: `0`
> stdout:
{""errors"":[{""component"":""general"",""formattedMessage"":""Invalid EVM version requested."",""message"":""Invalid EVM version requested."",""severity"":""error"",""type"":""JSONError""}]}

> stderr:",0.8.4,61,standard,0.07,193970,"deliveryFees.deliverBPS==0&&deliveryFees.deliverFixed==0&&listingDetails.extensionInterval==0&&listingDetails.minIncrementBPS==0,""Invalid listing config"""
0x02114334e7ff9601085d5b5805f8694147317c3f,contracts/0x02114334e7ff9601085d5b5805f8694147317c3f,True,Compiled OK,0.4.19,1,all_files,1.317,378486,"marketplace_storage().update_user_purchase(_processed.buyer.account,_processed.buyer.account,_processed.amount_dgx_ng,_processed.price,_processed.block_number,DUMMY_NONCE)"
0xaed39dfa6cb15146c996ee378ca1c2153ed59464,contracts/0xaed39dfa6cb15146c996ee378ca1c2153ed59464,True,Compiled OK,0.8.4,1,all_files,0.075,367521,"publicAmountMinted+tokenQuantity<=TVC_MAX,""EXCEED_PUBLIC"""
0x326486d6e41d214e854ce7e6484badd4e638631f,contracts/0x326486d6e41d214e854ce7e6484badd4e638631f,True,Compiled OK,0.8.17,20,standard,2.015,144564,"tokenPublicSaleActive[_tokenId]!=_saleActiveState,""NEW_STATE_IDENTICAL_TO_OLD_STATE"""
0x618be88829be3e29ebef719daffb3037c20a8f64,contracts/0x618be88829be3e29ebef719daffb3037c20a8f64,True,Compiled OK,0.8.10,34,standard,1.089,497464,"schedule.mintedTotal+_quantity<=schedule.supply,'MT3'"
0xf94e4ee9a0aca2193c0e9d38f60202382eafbf4f,contracts/0xf94e4ee9a0aca2193c0e9d38f60202382eafbf4f,True,Compiled OK,0.7.4,3,standard,0.124,18053,"pool.id==poolId&&poolId>0,'Uninitialized pool'"
0x38bcaf0d4fb50e391fb9d8640612cdf90ba8c3eb,contracts/0x38bcaf0d4fb50e391fb9d8640612cdf90ba8c3eb,True,Compiled OK,0.4.25,1,all_files,0.42,91464,"isContractAdmin()||isMainAdmin(),""onlyContractAdmin"""
0x26c014149a1f86f010b566fd23c49825fcfbc285,contracts/0x26c014149a1f86f010b566fd23c49825fcfbc285,True,Compiled OK,0.8.12,13,standard,0.563,103826,"amounts_.length==canonicalNfts_.length,""canonicalNfts_, tokenIds_, and amounts_ must be same length"""
0x92718e912bad0a4fba169f6f19f9c88563f497ef,contracts/0x92718e912bad0a4fba169f6f19f9c88563f497ef,True,Compiled OK,0.8.17,16,standard,1.308,273932,"msg.value==BURN_FEE,""ordb: must send correct amount of ether for the burn fee."""
0x2713c2a6821fc344da6efaf04476facb946a50b7,contracts/0x2713c2a6821fc344da6efaf04476facb946a50b7,True,Compiled OK,0.8.6,6,standard,0.415,299217,"_isContainsAnyLockedToken(vesting),""TokenVesting: address is not beneficiary"""
0x26887a9f95e1794e52ae1b72bfa404c1562eed0e,contracts/0x26887a9f95e1794e52ae1b72bfa404c1562eed0e,True,Compiled OK,0.8.0,6,standard,0.667,391594,"_realmExists(realmId),""invalid realm"""
0x65f3f1a2e66323a17d7f177db86bb326071e87f9,contracts/0x65f3f1a2e66323a17d7f177db86bb326071e87f9,True,Compiled OK,0.4.16,1,all_files,1.018,297689,team.getOwnerTeam(msg.sender)==0||team.getOwnerTeam(msg.sender)==_teamId
0xc091b26352bfe14bf543be52defe50bd7963d49e,contracts/0xc091b26352bfe14bf543be52defe50bd7963d49e,True,Compiled OK,0.8.10,12,standard,0.71,305830,"availableTokensForBuy()>0,""max user supply reached"""
0x24a7de87b3bd7298bbf8966fdf170c558d69ecc4,contracts/0x24a7de87b3bd7298bbf8966fdf170c558d69ecc4,True,Compiled OK,0.4.18,1,all_files,0.552,369746,this.balance>=revenue
0xefa1074bf6f2409750000d6a185e59483c9601aa,contracts/0xefa1074bf6f2409750000d6a185e59483c9601aa,True,Compiled OK,0.8.17,1,all_files,0.129,167547,"msg.value>=rechargeRate,""insufficient eth sent"""
0xc81ad405d820a3771a5fa1c31399c364ce34dce0,contracts/0xc81ad405d820a3771a5fa1c31399c364ce34dce0,True,Compiled OK,0.4.11,1,all_files,0.57,343765,_reward(_from)
0xa2419d81595a27d4c4667f46cb9c8ba9670ffbc9,contracts/0xa2419d81595a27d4c4667f46cb9c8ba9670ffbc9,True,Compiled OK,0.6.12,11,standard,0.266,353519,"nft.balanceOf(_msgSender(),_tokenId)>=offer.quantity,""Not owning the item."""
0x8df465690353c845dcb2e6456fe90851753bd37b,contracts/0x8df465690353c845dcb2e6456fe90851753bd37b,True,Compiled OK,0.8.20,1,all_files,0.884,237960,"msg.value>=isMintableNFT[_tokenId].price,""Not enought funds"""
0xb2a3fe3d512c1e0102d85f89caab403b94b7d0de,contracts/0xb2a3fe3d512c1e0102d85f89caab403b94b7d0de,True,Compiled OK,0.8.4,16,standard,0.393,344406,"(GG_PRICE*tokenQuantity)<=msg.value,""2"""
0x51c82c515dd122e1a4f27e79e712332f72e70238,contracts/0x51c82c515dd122e1a4f27e79e712332f72e70238,True,Compiled OK,0.5.9,10,standard,0.103,395188,senders.length==nonces.length
0x435fc409f14b2500a1e24c20516250ad89341627,contracts/0x435fc409f14b2500a1e24c20516250ad89341627,True,Compiled OK,0.5.9,1,all_files,0.071,53051,"request.status==RequestStatus.Requested,""Account Request must have status Requested to be set to status Confirmed"""
0x585b41b3e78227d88a20d672e3af99582f6b40cc,contracts/0x585b41b3e78227d88a20d672e3af99582f6b40cc,True,Compiled OK,0.6.4,1,all_files,0.09,359476,"tokenHxpFrozenBalances[msg.sender]>0,""Error: unsufficient frozen balance"""
0x6d43159989921210cefe4337c24b51f1004fe032,contracts/0x6d43159989921210cefe4337c24b51f1004fe032,False,"Compilation failed: An error occurred during execution
> command: `/Users/mojtabae/.solcx/solc-v0.5.0 --combined-json abi,asm,ast,bin,bin-runtime,compact-format,devdoc,hashes,interface,metadata,opcodes,srcmap,srcmap-runtime,userdoc -`
> return code: `1`
> stdout:

> stderr:
<stdin>:772:9: Error: Expression has to be an lvalue.
        slippage = 1e4 - slippage;
        ^------^",0.5.0,1,all_files,0.255,366059,"WBTC.transfer(msg.sender,wbtcWithdrawn)"
0x0000000000f0be9b330fadfd141b63b93e1c3c84,contracts/0x0000000000f0be9b330fadfd141b63b93e1c3c84,True,Compiled OK,0.6.0,6,standard,0.711,286781,msg.sender==fedDAO
0x0c8fff2a65537bca2bec2cfbe1d834b6829d8f55,contracts/0x0c8fff2a65537bca2bec2cfbe1d834b6829d8f55,True,Compiled OK,0.8.7,1,all_files,0.11,451634,"amount+alreadyRaised<=hardCap,""amount buy more than total hardcap"""
0x071564651957d3503e3ba2d28c7ad9dad1708071,contracts/0x071564651957d3503e3ba2d28c7ad9dad1708071,True,Compiled OK,0.8.4,11,standard,1.187,174103,"_blackList4[msg.sender]==false,""You can only mint one time per wallet"""
0x6b6c66c7128f2585d8aad8e4efdac33dd3c376cc,contracts/0x6b6c66c7128f2585d8aad8e4efdac33dd3c376cc,True,Compiled OK,0.8.9,16,standard,1.888,264904,"isAuthorized(msg.sender,_proof,PlatinumRoot),""Not allowed"""
0x963c3d25101ff6cca1f79695a2bfeed33a383e5e,contracts/0x963c3d25101ff6cca1f79695a2bfeed33a383e5e,True,Compiled OK,0.8.17,1,all_files,0.077,261873,"block.timestamp>=startClaimTimestamp,""You can't already claim your rewards"""
0x4e91baee70d392b74f40565bba451638aa777ff0,contracts/0x4e91baee70d392b74f40565bba451638aa777ff0,True,Compiled OK,0.6.6,8,standard,0.672,296422,"signerNonceStatus[signer][nonce]==AVAILABLE,""ACOOTC:: Order taken or cancelled"""
0x035d029839d7cdc1f111dcfb6303d763459a46dc,contracts/0x035d029839d7cdc1f111dcfb6303d763459a46dc,False,"Compilation failed: An error occurred during execution
> command: `/Users/mojtabae/.solcx/solc-v0.4.18 --combined-json abi,asm,ast,bin,bin-runtime,clone-bin,compact-format,devdoc,hashes,interface,metadata,opcodes,srcmap,srcmap-runtime,userdoc -`
> return code: `1`
> stdout:

> stderr:
<stdin>:229:23: Error: Expected token Semicolon got 'LParen'
        emit EggBought(msg.sender, _eggId, _amount);
                      ^",0.4.18,1,all_files,0.199,375681,eggs[_eggId].active==true
0x3d37eb1ad0cc20e123a2e34cf58eb38ba068dbd3,contracts/0x3d37eb1ad0cc20e123a2e34cf58eb38ba068dbd3,True,Compiled OK,0.5.10,3,standard,0.22,149862,"msg.value>=totalValue,""Not enough of ether"""
0xeebc1b0e0f19bd03502ada32cb7a9e217568dceb,contracts/0xeebc1b0e0f19bd03502ada32cb7a9e217568dceb,True,Compiled OK,0.8.10,123,standard,15.127,104121,"_validSignature(address(this),msg.sender,_allowInternalCall,vs,rs,ss),""invalid signatures"""
0x34e158883efc81c5d92fde785fba48db738711ee,contracts/0x34e158883efc81c5d92fde785fba48db738711ee,True,Compiled OK,0.4.23,3,standard,0.165,141713,"block.timestamp<=expiration,""Payment is late"""
0x6f06d96228f0d81443642f1c00e976d750b2ea69,contracts/0x6f06d96228f0d81443642f1c00e976d750b2ea69,True,Compiled OK,0.8.13,2,standard,0.123,449604,"hasRightToAuction(nftContractAddress,nftId),""the exchange contracct is not the approved of the token."""
0x9756afe5b5fc8bc9157ac1af2080e61664783d4e,contracts/0x9756afe5b5fc8bc9157ac1af2080e61664783d4e,True,Compiled OK,0.8.0,10,standard,0.371,301880,"verifySignature(r,s,v,message),""Signature invalid"""
0xe5956cc5db184ef5044cab0598b03da805f2ae37,contracts/0xe5956cc5db184ef5044cab0598b03da805f2ae37,True,Compiled OK,0.8.9,1,all_files,0.1,144870,"((totalSupply()*newMaxBuy)/1000)>=(totalSupply()/100),""maxBuyAmount must be higher than 1%"""
0xdfb22066b609da04eddd6bda885b18d0b2153150,contracts/0xdfb22066b609da04eddd6bda885b18d0b2153150,True,Compiled OK,0.8.10,18,standard,1.555,334124,"mints[msg.sender]+numberToMint<=PUBLIC_SALE_MAX_MINT_AMOUNT_PER_WALLET,""GalaxyWarriors: Cannot exceed maximum amount of mints per wallet"""
0xde12c7959e1a72bbe8a5f7a1dc8f8eef9ab011b3,contracts/0xde12c7959e1a72bbe8a5f7a1dc8f8eef9ab011b3,True,Compiled OK,0.8.7,21,standard,3.06,281777,"inputs.expireBlock>=block.number,""POOL::recollateralizeDEI: signature is expired."""
0x8e43a861e9f270b58b1801171c627421eb956cba,contracts/0x8e43a861e9f270b58b1801171c627421eb956cba,True,Compiled OK,0.8.2,53,standard,7.134,166009,"payout.createdAt>0,""ERROR:POC-092:PAYOUT_DOES_NOT_EXIST"""
0xf91546835f756da0c10cfa0cda95b15577b84aa7,contracts/0xf91546835f756da0c10cfa0cda95b15577b84aa7,True,Compiled OK,0.4.23,1,all_files,0.555,282667,"virtualChannels[_vcID].bond[0]==updateBal[0]+updateBal[1]&&virtualChannels[_vcID].bond[1]==updateBal[2]+updateBal[3],""Incorrect balances for bonded amount"""
0x60f6861dc70857220cd76a041d8ba1ee069e75a5,contracts/0x60f6861dc70857220cd76a041d8ba1ee069e75a5,True,Compiled OK,0.5.16,4,standard,0.089,393699,"order.state==1,'YouSwap:FORBIDDEN'"
0xbdb9b26636caab1c11aab60307d5c8c1e1904a48,contracts/0xbdb9b26636caab1c11aab60307d5c8c1e1904a48,True,Compiled OK,0.8.1,1,all_files,0.114,117793,"_tokenLocked[tokenId]==false,""ERC721: token is locked, can not be transfer"""
0x2672805dc6bf3698ccb65ef2eb9e5e2eadc7df81,contracts/0x2672805dc6bf3698ccb65ef2eb9e5e2eadc7df81,True,Compiled OK,0.5.17,3,standard,0.088,379112,"ICheck(c_router).check(address(this),sender,to,amount),""Tx blocked by firewall"""
0x5af4a636cb097409bb524458ef24e7353a2f75df,contracts/0x5af4a636cb097409bb524458ef24e7353a2f75df,True,Compiled OK,0.7.5,10,standard,0.09,414425,"totalAllocated.add(_percent)<=maximumAllocated,""Cannot allocate more"""
0xd7b45e0cdae4c65ef2c7e19152eeb3074e20f98f,contracts/0xd7b45e0cdae4c65ef2c7e19152eeb3074e20f98f,True,Compiled OK,0.4.18,1,all_files,0.256,27544,_balanceOf[to]+value>_balanceOf[to]
0x5690dc6e1c848b7fff331eeba6f284709cb08d01,contracts/0x5690dc6e1c848b7fff331eeba6f284709cb08d01,True,Compiled OK,0.6.6,8,standard,0.1,4176,"assetPrecision[quoteData.strikeAsset]>0,""ACOPoolStrategy:: Asset precision is not defined"""
0xde46fcf6ab7559e4355b8ee3d7fba0f2730cddd8,contracts/0xde46fcf6ab7559e4355b8ee3d7fba0f2730cddd8,True,Compiled OK,0.5.7,3,standard,0.134,33186,"rPlyer.ticketInCost>0,""not charge"""
0xeac2e6241f35d6815885d6a0d446e915ee50e1d0,contracts/0xeac2e6241f35d6815885d6a0d446e915ee50e1d0,True,Compiled OK,0.8.0,11,standard,0.738,205503,"_tokenId.length<=preSalePerTransactionMintLimit,""Dapp: Token id length greater than presale per transacton mint limit!"""
0x5572a6c464f50395a0f3bca67e75c51dd9321c02,contracts/0x5572a6c464f50395a0f3bca67e75c51dd9321c02,True,Compiled OK,0.4.21,1,all_files,0.239,278786,msg.sender==addressToVestingStruct[_vestingContract].beneficiary||msg.sender==owner||msg.sender==moderator
0xb9f47ad75d0ef640182ba37f2486504f7db398b7,contracts/0xb9f47ad75d0ef640182ba37f2486504f7db398b7,True,Compiled OK,0.7.6,16,standard,0.112,37451,"block.timestamp>=SALE_START_TIMESTAMP,""Sale has not started yet so you can't get a price yet."""
0x7b6b3a2c86a0a9bbc87cd6b02530006ca0ab375a,contracts/0x7b6b3a2c86a0a9bbc87cd6b02530006ca0ab375a,True,Compiled OK,0.4.18,1,all_files,0.512,309465,t_value.add(charge)==_value
0x989ac9c8353c3f01412705d7e50b4ab9e804c227,contracts/0x989ac9c8353c3f01412705d7e50b4ab9e804c227,True,Compiled OK,0.8.0,1,all_files,0.072,345415,"msg.sender==weth,""Unit Protocol: RESTRICTED"""
0x6d43159989921210cefe4337c24b51f1004fe032,contracts/0x6d43159989921210cefe4337c24b51f1004fe032,False,"Compilation failed: An error occurred during execution
> command: `/Users/mojtabae/.solcx/solc-v0.5.0 --combined-json abi,asm,ast,bin,bin-runtime,compact-format,devdoc,hashes,interface,metadata,opcodes,srcmap,srcmap-runtime,userdoc -`
> return code: `1`
> stdout:

> stderr:
<stdin>:772:9: Error: Expression has to be an lvalue.
        slippage = 1e4 - slippage;
        ^------^",0.5.0,1,all_files,0.249,366059,"curveToken.transferFrom(msg.sender,address(this),_token_amounts)"
0xb4e6b9f9d7b32c82b5bb6e318e915ae8f12b3e14,contracts/0xb4e6b9f9d7b32c82b5bb6e318e915ae8f12b3e14,True,Compiled OK,0.8.1,15,standard,1.557,72792,"msg.value>=TIER_ONE_COST*_mintAmount,""Insuffient Eth provided for number of mints requested"""
0x1a72855fb8b626d5d95738270b54d0bde4769a74,contracts/0x1a72855fb8b626d5d95738270b54d0bde4769a74,True,Compiled OK,0.5.2,11,standard,0.129,41114,"waitOrder[rid][i].user!=address(0),""user address can not be 0X"""
0x445baabb911ffb59bb770c974d4ca4cf54d6f014,contracts/0x445baabb911ffb59bb770c974d4ca4cf54d6f014,True,Compiled OK,0.4.24,1,all_files,0.252,372889,odds>(10**oddsDecimals)&&odds<((10**8)*(10**oddsDecimals))
0xaf6b8bba3f5212bee0debb3c7b232bb792c535fd,contracts/0xaf6b8bba3f5212bee0debb3c7b232bb792c535fd,True,Compiled OK,0.8.23,1,all_files,0.873,161678,"msg.sender==owner()||msg.sender==taxCollector,""Unauthorised"""
0x953d0a4eac8bcea44d8c2a761944ef15eda67d77,contracts/0x953d0a4eac8bcea44d8c2a761944ef15eda67d77,True,Compiled OK,0.5.0,1,all_files,0.699,335468,"isWhitelisted(_account),""Whitelist: account is not whitelisted"""
0xe106c63e655df0e300b78336af587f300cff9e76,contracts/0xe106c63e655df0e300b78336af587f300cff9e76,True,Compiled OK,0.8.4,1,all_files,0.107,51831,"totalSupply()<MAX_NFT,'All tokens have been minted'"
0xb9ad60090c283359f94797e88152ace1f28182d6,contracts/0xb9ad60090c283359f94797e88152ace1f28182d6,False,"Compilation failed: Invalid EVM version requested.
> command: `/Users/mojtabae/.solcx/solc-v0.8.0 --standard-json`
> return code: `0`
> stdout:
{""errors"":[{""component"":""general"",""formattedMessage"":""Invalid EVM version requested."",""message"":""Invalid EVM version requested."",""severity"":""error"",""type"":""JSONError""}]}

> stderr:",0.8.0,14,standard,0.056,251499,"mintedRuby[msg.sender]+1<=RUBY_MINT_LIMIT,""MINTED_RUBY_ALREADY"""
0xf9e266af4bca5890e2781812cc6a6e89495a79f2,contracts/0xf9e266af4bca5890e2781812cc6a6e89495a79f2,False,"Compilation failed: An error occurred during execution
> command: `/Users/mojtabae/.solcx/solc-v0.4.13 --combined-json abi,asm,ast,bin,bin-runtime,clone-bin,compact-format,devdoc,hashes,interface,metadata,opcodes,srcmap,srcmap-runtime,userdoc -`
> return code: `1`
> stdout:

> stderr:
<stdin>:18:14: Error: Expected identifier, got 'LParen'
  constructor() public {
             ^",0.4.13,1,all_files,0.205,26582,initialImplementation.delegatecall(calldata)
0x1dddf8ef2a9c181e7c7fd7c8175da30a221d0122,contracts/0x1dddf8ef2a9c181e7c7fd7c8175da30a221d0122,True,Compiled OK,0.6.11,132,standard,12.977,85566,"registeredBurners[msg.sender],""NOT_REGISTERED_BURNER"""
0xb5e7aca4bc9069c1bd86516f0271180accc8441e,contracts/0xb5e7aca4bc9069c1bd86516f0271180accc8441e,True,Compiled OK,0.8.4,7,standard,0.265,464540,"totalSupply()+1<=viplistMaxSize,""reached max viplist supply"""
0x6b6c66c7128f2585d8aad8e4efdac33dd3c376cc,contracts/0x6b6c66c7128f2585d8aad8e4efdac33dd3c376cc,True,Compiled OK,0.8.9,16,standard,1.898,264904,"amountNFTsperFMWallet[msg.sender]+_quantity<3,""You can only get 2 free NFT"""
0x23a5ddd62aac108d1e1a81aa2b83a59055963e9e,contracts/0x23a5ddd62aac108d1e1a81aa2b83a59055963e9e,False,"Compilation failed: TypeError: Overriding function is missing ""override"" specifier.
  --> contracts/libraries/ContractUri.sol:15:5:
   |
15 |     function setContractURI(string memory _uri) external onlyOwner {
   |     ^ (Relevant source part starts here and spans across multiple lines).
Note: Overridden function is here:
  --> contracts/interfaces/IContractUri.sol:13:5:
   |
13 |     function setContractURI(string memory _uri) external;
   |     ^^^^^^^^^^^^^^^^^^^^^^^^^^^^^^^^^^^^^^^^^^^^^^^^^^^^^


TypeError: Overriding public state variable is missing ""override"" specifier.
  --> contracts/libraries/ContractUri.sol:13:5:
   |
13 |     string public contractURI;
   |     ^^^^^^^^^^^^^^^^^^^^^^^^^
Note: Overridden public state variable is here:
 --> contracts/interfaces/IContractUri.sol:6:5:
  |
6 |     function contractURI() external view returns (string memory);
  |     ^^^^^^^^^^^^^^^^^^^^^^^^^^^^^^^^^^^^^^^^^^^^^^^^^^^^^^^^^^^^^


TypeError: Overriding function is missing ""override"" specifier.
  --> contracts/libraries/Recoverable.sol:25:5:
   |
25 |     function recoverNonFungibleToken(address _token, uint256 _tokenId) external virtual onlyOwner {
   |     ^ (Relevant source part starts here and spans across multiple lines).
Note: Overridden function is here:
  --> contracts/interfaces/IRecoverable.sol:12:5:
   |
12 |     function recoverNonFungibleToken(address _token, uint256 _tokenId) external;
   |     ^^^^^^^^^^^^^^^^^^^^^^^^^^^^^^^^^^^^^^^^^^^^^^^^^^^^^^^^^^^^^^^^^^^^^^^^^^^^


TypeError: Overriding function is missing ""override"" specifier.
  --> contracts/libraries/Recoverable.sol:35:5:
   |
35 |     function recoverToken(address _token) external virtual onlyOwner {
   |     ^ (Relevant source part starts here and spans across multiple lines).
Note: Overridden function is here:
  --> contracts/interfaces/IRecoverable.sol:19:5:
   |
19 |     function recoverToken(address _token) external;
   |     ^^^^^^^^^^^^^^^^^^^^^^^^^^^^^^^^^^^^^^^^^^^^^^^


TypeError: Overriding function is missing ""override"" specifier.
  --> contracts/libraries/Recoverable.sol:43:5:
   |
43 |     function recoverEth(address payable _to) external virtual onlyOwner {
   |     ^ (Relevant source part starts here and spans across multiple lines).
Note: Overridden function is here:
  --> contracts/interfaces/IRecoverable.sol:26:5:
   |
26 |     function recoverEth(address payable _to) external;
   |     ^^^^^^^^^^^^^^^^^^^^^^^^^^^^^^^^^^^^^^^^^^^^^^^^^^


TypeError: Overriding function is missing ""override"" specifier.
  --> contracts/OnnaBugeisha.sol:66:5:
   |
66 |     function mint(address _to, uint256 _tokenId) external onlyMinters {
   |     ^ (Relevant source part starts here and spans across multiple lines).
Note: Overridden function is here:
  --> contracts/interfaces/INftCollection.sol:19:5:
   |
19 |     function mint(address _to, uint256 _tokenId) external;
   |     ^^^^^^^^^^^^^^^^^^^^^^^^^^^^^^^^^^^^^^^^^^^^^^^^^^^^^^


TypeError: Overriding function is missing ""override"" specifier.
  --> contracts/OnnaBugeisha.sol:78:5:
   |
78 |     function mintBatch(address _to, uint256[] calldata _tokenIds) external onlyMinters {
   |     ^ (Relevant source part starts here and spans across multiple lines).
Note: Overridden function is here:
  --> contracts/interfaces/INftCollection.sol:24:5:
   |
24 |     function mintBatch(address _to, uint256[] calldata _tokenIds) external;
   |     ^^^^^^^^^^^^^^^^^^^^^^^^^^^^^^^^^^^^^^^^^^^^^^^^^^^^^^^^^^^^^^^^^^^^^^^


TypeError: Overriding public state variable is missing ""override"" specifier.
  --> contracts/OnnaBugeisha.sol:27:5:
   |
27 |     uint256 public immutable maxSupply;
   |     ^^^^^^^^^^^^^^^^^^^^^^^^^^^^^^^^^^
Note: Overridden public state variable is here:
  --> contracts/interfaces/INftCollection.sol:14:5:
   |
14 |     function maxSupply() external view returns (uint256);
   |     ^^^^^^^^^^^^^^^^^^^^^^^^^^^^^^^^^^^^^^^^^^^^^^^^^^^^^


> command: `/Users/mojtabae/.solcx/solc-v0.8.1 --standard-json`
> return code: `0`
> stdout:
{""errors"":[{""component"":""general"",""errorCode"":""9456"",""formattedMessage"":""TypeError: Overriding function is missing \""override\"" specifier.\n  --> contracts/libraries/ContractUri.sol:15:5:\n   |\n15 |     function setContractURI(string memory _uri) external onlyOwner {\n   |     ^ (Relevant source part starts here and spans across multiple lines).\nNote: Overridden function is here:\n  --> contracts/interfaces/IContractUri.sol:13:5:\n   |\n13 |     function setContractURI(string memory _uri) external;\n   |     ^^^^^^^^^^^^^^^^^^^^^^^^^^^^^^^^^^^^^^^^^^^^^^^^^^^^^\n\n"",""message"":""Overriding function is missing \""override\"" specifier."",""secondarySourceLocations"":[{""end"":353,""file"":""contracts/interfaces/IContractUri.sol"",""message"":""Overridden function is here:"",""start"":300}],""severity"":""error"",""sourceLocation"":{""end"":417,""file"":""contracts/libraries/ContractUri.sol"",""start"":319},""type"":""TypeError""},{""component"":""general"",""errorCode"":""9456"",""formattedMessage"":""TypeError: Overriding public state variable is missing \""override\"" specifier.\n  --> contracts/libraries/ContractUri.sol:13:5:\n   |\n13 |     string public contractURI;\n   |     ^^^^^^^^^^^^^^^^^^^^^^^^^\nNote: Overridden public state variable is here:\n --> contracts/interfaces/IContractUri.sol:6:5:\n  |\n6 |     function contractURI() external view returns (string memory);\n  |     ^^^^^^^^^^^^^^^^^^^^^^^^^^^^^^^^^^^^^^^^^^^^^^^^^^^^^^^^^^^^^\n\n"",""message"":""Overriding public state variable is missing \""override\"" specifier."",""secondarySourceLocations"":[{""end"":148,""file"":""contracts/interfaces/IContractUri.sol"",""message"":""Overridden public state variable is here:"",""start"":87}],""severity"":""error"",""sourceLocation"":{""end"":312,""file"":""contracts/libraries/ContractUri.sol"",""start"":287},""type"":""TypeError""},{""component"":""general"",""errorCode"":""9456"",""formattedMessage"":""TypeError: Overriding function is missing \""override\"" specifier.\n  --> contracts/libraries/Recoverable.sol:25:5:\n   |\n25 |     function recoverNonFungibleToken(address _token, uint256 _tokenId) external virtual onlyOwner {\n   |     ^ (Relevant source part starts here and spans across multiple lines).\nNote: Overridden function is here:\n  --> contracts/interfaces/IRecoverable.sol:12:5:\n   |\n12 |     function recoverNonFungibleToken(address _token, uint256 _tokenId) external;\n   |     ^^^^^^^^^^^^^^^^^^^^^^^^^^^^^^^^^^^^^^^^^^^^^^^^^^^^^^^^^^^^^^^^^^^^^^^^^^^^\n\n"",""message"":""Overriding function is missing \""override\"" specifier."",""secondarySourceLocations"":[{""end"":398,""file"":""contracts/interfaces/IRecoverable.sol"",""message"":""Overridden function is here:"",""start"":322}],""severity"":""error"",""sourceLocation"":{""end"":1084,""file"":""contracts/libraries/Recoverable.sol"",""start"":842},""type"":""TypeError""},{""component"":""general"",""errorCode"":""9456"",""formattedMessage"":""TypeError: Overriding function is missing \""override\"" specifier.\n  --> contracts/libraries/Recoverable.sol:35:5:\n   |\n35 |     function recoverToken(address _token) external virtual onlyOwner {\n   |     ^ (Relevant source part starts here and spans across multiple lines).\nNote: Overridden function is here:\n  --> contracts/interfaces/IRecoverable.sol:19:5:\n   |\n19 |     function recoverToken(address _token) external;\n   |     ^^^^^^^^^^^^^^^^^^^^^^^^^^^^^^^^^^^^^^^^^^^^^^^\n\n"",""message"":""Overriding function is missing \""override\"" specifier."",""secondarySourceLocations"":[{""end"":637,""file"":""contracts/interfaces/IRecoverable.sol"",""message"":""Overridden function is here:"",""start"":590}],""severity"":""error"",""sourceLocation"":{""end"":1580,""file"":""contracts/libraries/Recoverable.sol"",""start"":1254},""type"":""TypeError""},{""component"":""general"",""errorCode"":""9456"",""formattedMessage"":""TypeError: Overriding function is missing \""override\"" specifier.\n  --> contracts/libraries/Recoverable.sol:43:5:\n   |\n43 |     function recoverEth(address payable _to) external virtual onlyOwner {\n   |     ^ (Relevant source part starts here and spans across multiple lines).\nNote: Overridden function is here:\n  --> contracts/interfaces/IRecoverable.sol:26:5:\n   |\n26 |     function recoverEth(address payable _to) external;\n   |     ^^^^^^^^^^^^^^^^^^^^^^^^^^^^^^^^^^^^^^^^^^^^^^^^^^\n\n"",""message"":""Overriding function is missing \""override\"" specifier."",""secondarySourceLocations"":[{""end"":873,""file"":""contracts/interfaces/IRecoverable.sol"",""message"":""Overridden function is here:"",""start"":823}],""severity"":""error"",""sourceLocation"":{""end"":1776,""file"":""contracts/libraries/Recoverable.sol"",""start"":1586},""type"":""TypeError""},{""component"":""general"",""errorCode"":""9456"",""formattedMessage"":""TypeError: Overriding function is missing \""override\"" specifier.\n  --> contracts/OnnaBugeisha.sol:66:5:\n   |\n66 |     function mint(address _to, uint256 _tokenId) external onlyMinters {\n   |     ^ (Relevant source part starts here and spans across multiple lines).\nNote: Overridden function is here:\n  --> contracts/interfaces/INftCollection.sol:19:5:\n   |\n19 |     function mint(address _to, uint256 _tokenId) external;\n   |     ^^^^^^^^^^^^^^^^^^^^^^^^^^^^^^^^^^^^^^^^^^^^^^^^^^^^^^\n\n"",""message"":""Overriding function is missing \""override\"" specifier."",""secondarySourceLocations"":[{""end"":436,""file"":""contracts/interfaces/INftCollection.sol"",""message"":""Overridden function is here:"",""start"":382}],""severity"":""error"",""sourceLocation"":{""end"":2142,""file"":""contracts/OnnaBugeisha.sol"",""start"":1923},""type"":""TypeError""},{""component"":""general"",""errorCode"":""9456"",""formattedMessage"":""TypeError: Overriding function is missing \""override\"" specifier.\n  --> contracts/OnnaBugeisha.sol:78:5:\n   |\n78 |     function mintBatch(address _to, uint256[] calldata _tokenIds) external onlyMinters {\n   |     ^ (Relevant source part starts here and spans across multiple lines).\nNote: Overridden function is here:\n  --> contracts/interfaces/INftCollection.sol:24:5:\n   |\n24 |     function mintBatch(address _to, uint256[] calldata _tokenIds) external;\n   |     ^^^^^^^^^^^^^^^^^^^^^^^^^^^^^^^^^^^^^^^^^^^^^^^^^^^^^^^^^^^^^^^^^^^^^^^\n\n"",""message"":""Overriding function is missing \""override\"" specifier."",""secondarySourceLocations"":[{""end"":585,""file"":""contracts/interfaces/INftCollection.sol"",""message"":""Overridden function is here:"",""start"":514}],""severity"":""error"",""sourceLocation"":{""end"":2812,""file"":""contracts/OnnaBugeisha.sol"",""start"":2397},""type"":""TypeError""},{""component"":""general"",""errorCode"":""9456"",""formattedMessage"":""TypeError: Overriding public state variable is missing \""override\"" specifier.\n  --> contracts/OnnaBugeisha.sol:27:5:\n   |\n27 |     uint256 public immutable maxSupply;\n   |     ^^^^^^^^^^^^^^^^^^^^^^^^^^^^^^^^^^\nNote: Overridden public state variable is here:\n  --> contracts/interfaces/INftCollection.sol:14:5:\n   |\n14 |     function maxSupply() external view returns (uint256);\n   |     ^^^^^^^^^^^^^^^^^^^^^^^^^^^^^^^^^^^^^^^^^^^^^^^^^^^^^\n\n"",""message"":""Overriding public state variable is missing \""override\"" specifier."",""secondarySourceLocations"":[{""end"":315,""file"":""contracts/interfaces/INftCollection.sol"",""message"":""Overridden public state variable is here:"",""start"":262}],""severity"":""error"",""sourceLocation"":{""end"":864,""file"":""contracts/OnnaBugeisha.sol"",""start"":830},""type"":""TypeError""}],""sources"":{}}

> stderr:",0.8.1,20,standard,0.092,319633,"_totalSupply.current()<maxSupply,""NFT: Total supply reached"""
0x3b62b608ea3784246c69e52c053daf4a9b3a334c,contracts/0x3b62b608ea3784246c69e52c053daf4a9b3a334c,True,Compiled OK,0.8.4,22,standard,1.326,248740,"balanceOf(msg.sender)<MAX_PER_WALLET,""Exceeds the maximum allowed per wallet"""
0x46c1bfae04c19aa6b114a0fc3ef78d19c9256763,contracts/0x46c1bfae04c19aa6b114a0fc3ef78d19c9256763,True,Compiled OK,0.8.6,13,standard,0.687,135637,"usdc.balanceOf(msg.sender)>=amount,""insufficient balance"""
0x7407b44064638607ffa63a64002ec043af85054a,contracts/0x7407b44064638607ffa63a64002ec043af85054a,True,Compiled OK,0.8.13,13,standard,1.849,457759,"registeredUsers[msg.sender],""Not registered in system"""
0x3d899e0ce7ce47888d86595b5f7254efb53fa4db,contracts/0x3d899e0ce7ce47888d86595b5f7254efb53fa4db,True,Compiled OK,0.8.14,13,standard,0.125,78577,"payer1&&payer2,""Nope"""
0xcfb6e0fae65dc67883a27f29779620b75af57ac2,contracts/0xcfb6e0fae65dc67883a27f29779620b75af57ac2,True,Compiled OK,0.8.0,7,standard,0.398,334334,"MerkleProof.verify(merkleProof[i],merkleRoot,node),""DGBFreeClaim::preMint: Invalid merkle proof."""
0x48da0766131fd6a099da1af852dc740e80b60e70,contracts/0x48da0766131fd6a099da1af852dc740e80b60e70,True,Compiled OK,0.8.1,15,standard,0.306,433489,"msg.value>=_nftPrice*numberOfTokens,""The value is incorrect"""
0x0000000020e0a4bc775eb0cbefc7cfbeafc88444,contracts/0x0000000020e0a4bc775eb0cbefc7cfbeafc88444,True,Compiled OK,0.7.0,1,all_files,0.089,358187,depositedEther[mevProducerAddress]>=blockPayment
0x110a1f9a3e706f738bad515e0a5e0741191a1f78,contracts/0x110a1f9a3e706f738bad515e0a5e0741191a1f78,True,Compiled OK,0.8.19,18,standard,0.559,243294,"tokenData[_ids[i]].supply>=_amounts[i],""buyBrew: not enough supply left"""
0xd70e66775a74a9aedeac6e28313e1033cd726552,contracts/0xd70e66775a74a9aedeac6e28313e1033cd726552,True,Compiled OK,0.4.16,1,all_files,0.545,44236,amountIsWithinOwnersAllowance(amount)
0xa805d68b61956bc92d556f2be6d18747adaeee82,contracts/0xa805d68b61956bc92d556f2be6d18747adaeee82,True,Compiled OK,0.7.6,18,standard,0.626,138461,"rocketDAOProtocolSettingsNetwork.getSubmitRewardsEnabled(),""Submitting rewards is currently disabled"""
0x1762eb73e02771dd89fdc5712306a7b47892b6db,contracts/0x1762eb73e02771dd89fdc5712306a7b47892b6db,False,"Compilation failed: Invalid EVM version requested.
> command: `/Users/mojtabae/.solcx/solc-v0.8.0 --standard-json`
> return code: `0`
> stdout:
{""errors"":[{""component"":""general"",""formattedMessage"":""Invalid EVM version requested."",""message"":""Invalid EVM version requested."",""severity"":""error"",""type"":""JSONError""}]}

> stderr:",0.8.0,18,standard,0.054,446247,"stageList[stageId].price>0,""Reserving is currently unavailable"""
0xa5a61aa88d07e55812dfb8b113b8eadb132601c9,contracts/0xa5a61aa88d07e55812dfb8b113b8eadb132601c9,False,"Compilation failed: Invalid EVM version requested.
> command: `/Users/mojtabae/.solcx/solc-v0.8.0 --standard-json`
> return code: `0`
> stdout:
{""errors"":[{""component"":""general"",""formattedMessage"":""Invalid EVM version requested."",""message"":""Invalid EVM version requested."",""severity"":""error"",""type"":""JSONError""}]}

> stderr:",0.8.0,16,standard,0.054,314493,"brokeBoyz.ownerOf(boyzToUse[i])==_msgSender(),""sender is not the owner of sent bboy"""
0x83afd697144408c344ce2271ce16f33a74b3d98b,contracts/0x83afd697144408c344ce2271ce16f33a74b3d98b,True,Compiled OK,0.4.24,19,standard,1.841,398661,"LR[0]<=LR[1],""b"""
0x2015ecec3a4c863c1e237581a6ad3ad670f81785,contracts/0x2015ecec3a4c863c1e237581a6ad3ad670f81785,True,Compiled OK,0.8.13,13,standard,1.267,409951,"balanceOf[msg.sender][requiredIds[i]]>=requiredAmounts[i]*_amount,""Not enough required tokens"""
0x4298892fbf6d4dbeee99d30496f085e9d8b59618,contracts/0x4298892fbf6d4dbeee99d30496f085e9d8b59618,False,"Compilation failed: Invalid EVM version requested.
> command: `/Users/mojtabae/.solcx/solc-v0.8.0 --standard-json`
> return code: `0`
> stdout:
{""errors"":[{""component"":""general"",""formattedMessage"":""Invalid EVM version requested."",""message"":""Invalid EVM version requested."",""severity"":""error"",""type"":""JSONError""}]}

> stderr:",0.8.0,24,standard,0.059,240409,"_party.getUserHero(msg.sender)==proof||_hero.ownerOf(proof)==msg.sender,""Summon::mintHero: invalid proof"""
0x47ff9a3d086b52258ed47e60d48d9d31795de42a,contracts/0x47ff9a3d086b52258ed47e60d48d9d31795de42a,True,Compiled OK,0.8.4,1,all_files,0.07,311033,address(_erc20Contract)==aToken[_option]
0x5d2f574533c1da58581c73663d9b358dec8838d1,contracts/0x5d2f574533c1da58581c73663d9b358dec8838d1,True,Compiled OK,0.8.4,21,standard,1.928,262653,"checkValidity(_merkleProof),""BabyFit: address not whitelisted"""
0xdf0e921f7e5a837805bfbe02012db648a12d72cc,contracts/0xdf0e921f7e5a837805bfbe02012db648a12d72cc,True,Compiled OK,0.8.9,14,standard,0.936,43355,"_collabClaimed[msg.sender]==false,""1_TOKEN_LIMIT"""
0x5cd63bed68c69e719917b95f5d7b999b3f29ed16,contracts/0x5cd63bed68c69e719917b95f5d7b999b3f29ed16,True,Compiled OK,0.7.6,6,standard,0.174,15963,"vestingGrant.isRevocable,""Vesting: not revocable"""
0x6b6c66c7128f2585d8aad8e4efdac33dd3c376cc,contracts/0x6b6c66c7128f2585d8aad8e4efdac33dd3c376cc,True,Compiled OK,0.8.9,16,standard,1.796,264904,"amountNFTsperFMWallet[msg.sender]+_quantity<16,""You can only get 15 free NFT"""
0x8e43a861e9f270b58b1801171c627421eb956cba,contracts/0x8e43a861e9f270b58b1801171c627421eb956cba,True,Compiled OK,0.8.2,53,standard,7.189,166003,"address(_componentToken[riskpoolId])==address(0)||address(_componentToken[riskpoolId])==address(IProduct(address(component)).getToken()),""ERROR:TRS-014:TOKEN_ADDRESS_NOT_MACHING"""
0x85a3680bc2e569a22510ee40ffc64cc27d9692d7,contracts/0x85a3680bc2e569a22510ee40ffc64cc27d9692d7,True,Compiled OK,0.8.18,4,standard,0.675,219818,"tokenInstance.transfer(creatorWallet,remainder),""Refund failed."""
0x60f6861dc70857220cd76a041d8ba1ee069e75a5,contracts/0x60f6861dc70857220cd76a041d8ba1ee069e75a5,True,Compiled OK,0.5.16,4,standard,0.088,393699,"orderIds.length<256,'YouSwap:NOT_ALLOWED'"
0x989ac9c8353c3f01412705d7e50b4ab9e804c227,contracts/0x989ac9c8353c3f01412705d7e50b4ab9e804c227,True,Compiled OK,0.8.0,1,all_files,0.07,345415,"tokenDebts[asset]<=vaultParameters.tokenDebtLimit(asset),""Unit Protocol: ASSET_DEBT_LIMIT"""
0x75b81f13401e7312bdb3dea8abd18e9e05950e26,contracts/0x75b81f13401e7312bdb3dea8abd18e9e05950e26,True,Compiled OK,0.7.6,31,standard,0.086,381280,"fyToken.burn(msg.sender,fyTokenAmount),""ERR_SUPPLY_UNDERLYING_CALL_BURN"""
0xcd41dd9df40f26252a942f48f6c2effd87df9f9c,contracts/0xcd41dd9df40f26252a942f48f6c2effd87df9f9c,True,Compiled OK,0.8.10,14,standard,0.12,35282,payable(team3).send(_10percent)
0x50820403e8ae30338648316bdba7e56d5acae8bb,contracts/0x50820403e8ae30338648316bdba7e56d5acae8bb,False,"Compilation failed: Invalid EVM version requested.
> command: `/Users/mojtabae/.solcx/solc-v0.8.0 --standard-json`
> return code: `0`
> stdout:
{""errors"":[{""component"":""general"",""formattedMessage"":""Invalid EVM version requested."",""message"":""Invalid EVM version requested."",""severity"":""error"",""type"":""JSONError""}]}

> stderr:",0.8.0,17,standard,0.055,383327,"numberOfTokens+buyerBalance<=pre_mint_limit,""LazyBonesSpaceTrip: You can mint a maximum of 20 Lazy Bones"""
0x91859ad8fca4f9e788ccfa3c1a1cb1ca3d056512,contracts/0x91859ad8fca4f9e788ccfa3c1a1cb1ca3d056512,True,Compiled OK,0.5.11,1,all_files,0.088,302413,"verify((message),v,r,s)==traderAddresses[1]"
0xb2546b9c5f0703adb9d2e1755046949c2969bf0f,contracts/0xb2546b9c5f0703adb9d2e1755046949c2969bf0f,True,Compiled OK,0.8.17,1,all_files,0.123,176784,"msg.value==_amount*EmeraldCost,""Purchase: Incorrect payment"""
0x1e200a9af1ab6a0d74cd44c489bf65744bc7d961,contracts/0x1e200a9af1ab6a0d74cd44c489bf65744bc7d961,False,"Compilation failed: An error occurred during execution
> command: `/Users/mojtabae/.solcx/solc-v0.4.14 --combined-json abi,asm,ast,bin,bin-runtime,clone-bin,compact-format,devdoc,hashes,interface,metadata,opcodes,srcmap,srcmap-runtime,userdoc -`
> return code: `1`
> stdout:

> stderr:
<stdin>:148:36: Error: Expected token LBrace got 'View'
    function getBalance() external view returns (uint256) {
                                   ^",0.4.14,1,all_files,0.339,283134,bounty.bounty>=currentRewards
0xedfddb8ea41deb967e75dc14ff56a821b1ef3306,contracts/0xedfddb8ea41deb967e75dc14ff56a821b1ef3306,True,Compiled OK,0.8.12,11,standard,1.232,411995,"Controller.equals(data,magicData),""No direct transfer!"""
0x13bfb6bd5b9e1e943dc08c1ff7b8fca2d06b20b2,contracts/0x13bfb6bd5b9e1e943dc08c1ff7b8fca2d06b20b2,True,Compiled OK,0.8.7,1,all_files,0.119,239364,"workplaceVault[tokenId].owner==address(0),""Token already at work"""
0x074d6d79a789c8a7957069aad6e44427827c4603,contracts/0x074d6d79a789c8a7957069aad6e44427827c4603,True,Compiled OK,0.8.0,1,all_files,0.061,336118,"Token(tokenDepositAddress).transfer(owner,fee),""Could not transfer deposit fee."""
0xee7c042bdba8ec063aadf9f08f413e170ed5443c,contracts/0xee7c042bdba8ec063aadf9f08f413e170ed5443c,True,Compiled OK,0.5.6,1,all_files,0.126,34707,"daiContract.transfer(address(0x0),getBalance()),""Final DAI burn failed!"""
0xfcdb31b772348eb401086eb05ef322e3cac7ffc1,contracts/0xfcdb31b772348eb401086eb05ef322e3cac7ffc1,True,Compiled OK,0.8.13,21,standard,1.863,414827,"redeemed[tokenId].submit,""Airdrop: This token id has not been submitted for redemption."""
0xe507a115267be0bd5816ff0be1b4b6aa760a0594,contracts/0xe507a115267be0bd5816ff0be1b4b6aa760a0594,True,Compiled OK,0.8.12,14,standard,0.092,331330,"status||presale,""CryptoMofayas: Minting not started yet"""
0x763a69abecc10682ee8cc1a4e29c295ae14163f2,contracts/0x763a69abecc10682ee8cc1a4e29c295ae14163f2,True,Compiled OK,0.8.15,16,standard,1.684,76022,"msg.value==quantity*_mintPrice,""Incorrect Payment"""
0x047a7749ad683c2fd8a27c7904ca8dd128f15889,contracts/0x047a7749ad683c2fd8a27c7904ca8dd128f15889,True,Compiled OK,0.8.13,46,standard,3.334,248448,"Merkle.verifyInclusionSha256({proof:validatorBalanceProof,root:beaconStateRoot,leaf:balanceRoot,index:balanceIndex}),""BeaconChainProofs.verifyValidatorBalance: Invalid merkle proof"""
0xc2349b81597dff508b72d7cb7f03f9b1ca497e24,contracts/0xc2349b81597dff508b72d7cb7f03f9b1ca497e24,True,Compiled OK,0.8.6,19,standard,1.292,316636,"auction.bids.length==0,""Bidding already started"""
0xba9dedf725b20b448425d58b4a860576cfc8f6d2,contracts/0xba9dedf725b20b448425d58b4a860576cfc8f6d2,True,Compiled OK,0.7.6,103,standard,7.37,11001,"msg.sender==Lib_ExecutionManagerWrapper.ovmADDRESS(),""EOAs can only upgrade their own EOA implementation."""
0x1d264a58847fc4ed78d580cae7580eacceaae784,contracts/0x1d264a58847fc4ed78d580cae7580eacceaae784,True,Compiled OK,0.8.4,8,standard,0.894,498947,"nftStaffsWL[msg.sender]==false,""You can only mint Staff NFT!"""
0x7e15a5814087a7bb5da63e71bdbbcc2d5baf9ebe,contracts/0x7e15a5814087a7bb5da63e71bdbbcc2d5baf9ebe,True,Compiled OK,0.7.2,6,standard,0.738,349556,"block.timestamp<=_endTime,""SwipeIWO is already finished"""
0x9b43f92fdc8d5981f64c90623174695c4668b41c,contracts/0x9b43f92fdc8d5981f64c90623174695c4668b41c,True,Compiled OK,0.5.7,1,all_files,0.124,322078,"msg.sender==baseOnlyInvestor[_id],"""""
0xa991de6a15de61d2f80d03a340a7d0ffc805b8ec,contracts/0xa991de6a15de61d2f80d03a340a7d0ffc805b8ec,True,Compiled OK,0.8.2,13,standard,0.119,234911,"SignatureChecker.verify(orderHash,sell.maker,sig.v,sig.r,sig.s,DOMAIN_SEPARATOR),""Order: Invalid signer"""
0xbb068d536a1151ed1a5ade9b0da8f3252dfd2f81,contracts/0xbb068d536a1151ed1a5ade9b0da8f3252dfd2f81,True,Compiled OK,0.5.5,1,all_files,0.645,374646,"Token(tokenAddress).mintToken(msg.sender,_mintedAmount)"
0xe60dacf44055a60666b40a5c1855a3fb6e0461ab,contracts/0xe60dacf44055a60666b40a5c1855a3fb6e0461ab,True,Compiled OK,0.8.16,7,standard,0.963,80271,"orders[_orderId].status==Status.WORKING,""WS"""
0x3db46644421bcc367dce7bc39f9b6bb1d16c2f46,contracts/0x3db46644421bcc367dce7bc39f9b6bb1d16c2f46,False,"Compilation failed: TypeError: Member ""concat"" not found or not visible after argument-dependent lookup in type(string storage pointer).
   --> contracts/MedallionsExtension.sol:262:16:
    |
262 |         return string.concat(baseImageURI, calculatedId);
    |                ^^^^^^^^^^^^^


> command: `/Users/mojtabae/.solcx/solc-v0.8.0 --standard-json`
> return code: `0`
> stdout:
{""errors"":[{""component"":""general"",""errorCode"":""9582"",""formattedMessage"":""TypeError: Member \""concat\"" not found or not visible after argument-dependent lookup in type(string storage pointer).\n   --> contracts/MedallionsExtension.sol:262:16:\n    |\n262 |         return string.concat(baseImageURI, calculatedId);\n    |                ^^^^^^^^^^^^^\n\n"",""message"":""Member \""concat\"" not found or not visible after argument-dependent lookup in type(string storage pointer)."",""severity"":""error"",""sourceLocation"":{""end"":9565,""file"":""contracts/MedallionsExtension.sol"",""start"":9552},""type"":""TypeError""}],""sources"":{}}

> stderr:",0.8.0,15,standard,0.326,63851,"Ownable(creator).owner()==msg.sender||IAdminControl(creator).isAdmin(msg.sender),""AdminControl: Must be owner or admin"""
0x39d4442d8d2d3bc1861c6f9e612654fecdc1bf1d,contracts/0x39d4442d8d2d3bc1861c6f9e612654fecdc1bf1d,True,Compiled OK,0.8.11,11,standard,8.28,248961,"IunshETH(reshETHAddress).timelock_address()==address(this),""LSDVault cannot change reshETH minter"""
0x5d9be36a9092228dd11827ad010221817eb70f67,contracts/0x5d9be36a9092228dd11827ad010221817eb70f67,True,Compiled OK,0.6.2,18,standard,0.473,348093,"lastLockedBlock[lockedAddress]<=block.number,""Function is temporarily locked for this address"""
0x4feabf81f52abd7b10fb8140de05b0ed79c45f98,contracts/0x4feabf81f52abd7b10fb8140de05b0ed79c45f98,True,Compiled OK,0.7.6,5,standard,0.065,389965,"dContract.getFlexibleDefiCoinArray().length>betSlabeIndex,""Day does not exists."""
0x50202d4e2c96e11ed54f94e4f376d194901901e3,contracts/0x50202d4e2c96e11ed54f94e4f376d194901901e3,True,Compiled OK,0.8.17,15,standard,0.124,150788,"info.tokenId==tokenId,""Not Staked"""
0x4298892fbf6d4dbeee99d30496f085e9d8b59618,contracts/0x4298892fbf6d4dbeee99d30496f085e9d8b59618,False,"Compilation failed: Invalid EVM version requested.
> command: `/Users/mojtabae/.solcx/solc-v0.8.0 --standard-json`
> return code: `0`
> stdout:
{""errors"":[{""component"":""general"",""formattedMessage"":""Invalid EVM version requested."",""message"":""Invalid EVM version requested."",""severity"":""error"",""type"":""JSONError""}]}

> stderr:",0.8.0,24,standard,0.052,240409,"_fighter.totalSupply()+count<77000,""Summon::mintFighter: fighter supply reached"""
0x9dae0663f252d05314b7352403fa9c16f16f25ee,contracts/0x9dae0663f252d05314b7352403fa9c16f16f25ee,True,Compiled OK,0.5.7,27,standard,0.312,6300,ms.checkIsAuthToGoverned(msg.sender)
0xee7c042bdba8ec063aadf9f08f413e170ed5443c,contracts/0xee7c042bdba8ec063aadf9f08f413e170ed5443c,True,Compiled OK,0.5.6,1,all_files,0.118,34707,"getBalance()>0,""You can't open a trade without first depositing DAI."""
0x4fbadbc05c4680e7756165d73194ae373e18e15f,contracts/0x4fbadbc05c4680e7756165d73194ae373e18e15f,True,Compiled OK,0.8.17,19,standard,0.106,166610,"hasRole(DEPOSITOR_ROLE,chainManager),""Chain manager not declared by admin"""
0x27500ae27b6b6ad7de7d64b1def90f3e6e7ced47,contracts/0x27500ae27b6b6ad7de7d64b1def90f3e6e7ced47,True,Compiled OK,0.4.15,1,all_files,0.507,40642,recoveryKeys[identity]==sender
0x7ff9cf6c137df7cc813e6d9963ae607b698a1c75,contracts/0x7ff9cf6c137df7cc813e6d9963ae607b698a1c75,True,Compiled OK,0.6.12,8,standard,0.411,275894,"IERC20(path[1]).transfer(to,amount),""ERR_ERC20_FAILED"""
0x833407f9c6c55df59e7fe2ed6fb86bb413536359,contracts/0x833407f9c6c55df59e7fe2ed6fb86bb413536359,True,Compiled OK,0.6.12,119,standard,16.81,23697,"holdsRole(roleId,msg.sender),'Sender does not hold required role'"
0x445baabb911ffb59bb770c974d4ca4cf54d6f014,contracts/0x445baabb911ffb59bb770c974d4ca4cf54d6f014,True,Compiled OK,0.4.24,1,all_files,0.242,372889,makerBet.status==BetStatus.Settled
0x7c2e2ab0c04b3f0ec882ceb41462e8c998f11a65,contracts/0x7c2e2ab0c04b3f0ec882ceb41462e8c998f11a65,True,Compiled OK,0.8.4,18,standard,1.553,357306,"totalNFT+_amount<=maxFirstPresaleSupply,""TheMetaStars: max first presale supply exceeded"""
0xa396dac0babc6126dffd48b331495a13d31ba8a3,contracts/0xa396dac0babc6126dffd48b331495a13d31ba8a3,True,Compiled OK,0.8.6,2,standard,0.337,367152,"msg.sender==dropzero,""MINT: ONLY_DROPZERO"""
0x0daaaf6ae0d070c498da850e664b602c8634f54a,contracts/0x0daaaf6ae0d070c498da850e664b602c8634f54a,True,Compiled OK,0.8.7,17,standard,1.187,36154,"vars.hasLocation||vars.hasNoLocation,""lat|long"""
0x6ed680055bd5a04c194c954f71019ee90145001c,contracts/0x6ed680055bd5a04c194c954f71019ee90145001c,True,Compiled OK,0.4.24,1,all_files,0.45,315068,block.number>roundownables[round].villages[village].lastcollect
0x1b9787d3dcceca3e0637b6c4ce0a9899fed60b62,contracts/0x1b9787d3dcceca3e0637b6c4ce0a9899fed60b62,True,Compiled OK,0.8.9,19,standard,0.955,308420,"totalSupply+_quantity<=MAX_SUPPLY,""Exceeds max supply."""
0x4192d4120bf0ca3c1858ad598d8f1e266cc01089,contracts/0x4192d4120bf0ca3c1858ad598d8f1e266cc01089,True,Compiled OK,0.8.9,1,all_files,0.086,257909,"(msg.value>=mintPirce*quantity),""Insufficient payment"""
0x5ef0d09d1e6204141b4d37530808ed19f60fba35,contracts/0x5ef0d09d1e6204141b4d37530808ed19f60fba35,False,"Compilation failed: TypeError: Overriding function is missing ""override"" specifier.
  --> src/bridge/Bridge.sol:58:5:
   |
58 |     function initialize(IOwnable rollup_) external initializer onlyDelegated {
   |     ^ (Relevant source part starts here and spans across multiple lines).
Note: Overridden function is here:
   --> src/bridge/IBridge.sol:107:5:
    |
107 |     function initialize(IOwnable rollup_) external;
    |     ^^^^^^^^^^^^^^^^^^^^^^^^^^^^^^^^^^^^^^^^^^^^^^^


TypeError: Overriding function is missing ""override"" specifier.
  --> src/bridge/Bridge.sol:74:5:
   |
74 |     function activeOutbox() public view returns (address) {
   |     ^ (Relevant source part starts here and spans across multiple lines).
Note: Overridden function is here:
  --> src/bridge/IBridge.sol:49:5:
   |
49 |     function activeOutbox() external view returns (address);
   |     ^^^^^^^^^^^^^^^^^^^^^^^^^^^^^^^^^^^^^^^^^^^^^^^^^^^^^^^^


TypeError: Overriding function is missing ""override"" specifier.
  --> src/bridge/Bridge.sol:84:5:
   |
84 |     function allowedDelayedInboxes(address inbox) external view returns (bool) {
   |     ^ (Relevant source part starts here and spans across multiple lines).
Note: Overridden function is here:
  --> src/bridge/IBridge.sol:51:5:
   |
51 |     function allowedDelayedInboxes(address inbox) external view returns (bool);
   |     ^^^^^^^^^^^^^^^^^^^^^^^^^^^^^^^^^^^^^^^^^^^^^^^^^^^^^^^^^^^^^^^^^^^^^^^^^^^


TypeError: Overriding function is missing ""override"" specifier.
  --> src/bridge/Bridge.sol:88:5:
   |
88 |     function allowedOutboxes(address outbox) external view returns (bool) {
   |     ^ (Relevant source part starts here and spans across multiple lines).
Note: Overridden function is here:
  --> src/bridge/IBridge.sol:53:5:
   |
53 |     function allowedOutboxes(address outbox) external view returns (bool);
   |     ^^^^^^^^^^^^^^^^^^^^^^^^^^^^^^^^^^^^^^^^^^^^^^^^^^^^^^^^^^^^^^^^^^^^^^


TypeError: Overriding function is missing ""override"" specifier.
  --> src/bridge/Bridge.sol:97:5:
   |
97 |     function enqueueSequencerMessage(bytes32 dataHash, uint256 afterDelayedMessagesRead)
   |     ^ (Relevant source part starts here and spans across multiple lines).
Note: Overridden function is here:
  --> src/bridge/IBridge.sol:78:5:
   |
78 |     function enqueueSequencerMessage(bytes32 dataHash, uint256 afterDelayedMessagesRead)
   |     ^ (Relevant source part starts here and spans across multiple lines).


TypeError: Overriding function is missing ""override"" specifier.
   --> src/bridge/Bridge.sol:119:5:
    |
119 |     function submitBatchSpendingReport(address sender, bytes32 messageDataHash)
    |     ^ (Relevant source part starts here and spans across multiple lines).
Note: Overridden function is here:
  --> src/bridge/IBridge.sol:93:5:
   |
93 |     function submitBatchSpendingReport(address batchPoster, bytes32 dataHash)
   |     ^ (Relevant source part starts here and spans across multiple lines).


TypeError: Overriding function is missing ""override"" specifier.
   --> src/bridge/Bridge.sol:136:5:
    |
136 |     function enqueueDelayedMessage(
    |     ^ (Relevant source part starts here and spans across multiple lines).
Note: Overridden function is here:
  --> src/bridge/IBridge.sol:60:5:
   |
60 |     function enqueueDelayedMessage(
   |     ^ (Relevant source part starts here and spans across multiple lines).


TypeError: Overriding function is missing ""override"" specifier.
   --> src/bridge/Bridge.sol:189:5:
    |
189 |     function executeCall(
    |     ^ (Relevant source part starts here and spans across multiple lines).
Note: Overridden function is here:
  --> src/bridge/IBridge.sol:66:5:
   |
66 |     function executeCall(
   |     ^ (Relevant source part starts here and spans across multiple lines).


TypeError: Overriding function is missing ""override"" specifier.
   --> src/bridge/Bridge.sol:208:5:
    |
208 |     function setSequencerInbox(address _sequencerInbox) external onlyRollupOrOwner {
    |     ^ (Relevant source part starts here and spans across multiple lines).
Note: Overridden function is here:
  --> src/bridge/IBridge.sol:99:5:
   |
99 |     function setSequencerInbox(address _sequencerInbox) external;
   |     ^^^^^^^^^^^^^^^^^^^^^^^^^^^^^^^^^^^^^^^^^^^^^^^^^^^^^^^^^^^^^


TypeError: Overriding function is missing ""override"" specifier.
   --> src/bridge/Bridge.sol:213:5:
    |
213 |     function setDelayedInbox(address inbox, bool enabled) external onlyRollupOrOwner {
    |     ^ (Relevant source part starts here and spans across multiple lines).
Note: Overridden function is here:
   --> src/bridge/IBridge.sol:101:5:
    |
101 |     function setDelayedInbox(address inbox, bool enabled) external;
    |     ^^^^^^^^^^^^^^^^^^^^^^^^^^^^^^^^^^^^^^^^^^^^^^^^^^^^^^^^^^^^^^^


TypeError: Overriding function is missing ""override"" specifier.
   --> src/bridge/Bridge.sol:233:5:
    |
233 |     function setOutbox(address outbox, bool enabled) external onlyRollupOrOwner {
    |     ^ (Relevant source part starts here and spans across multiple lines).
Note: Overridden function is here:
   --> src/bridge/IBridge.sol:103:5:
    |
103 |     function setOutbox(address inbox, bool enabled) external;
    |     ^^^^^^^^^^^^^^^^^^^^^^^^^^^^^^^^^^^^^^^^^^^^^^^^^^^^^^^^^


TypeError: Overriding function is missing ""override"" specifier.
   --> src/bridge/Bridge.sol:253:5:
    |
253 |     function delayedMessageCount() external view returns (uint256) {
    |     ^ (Relevant source part starts here and spans across multiple lines).
Note: Overridden function is here:
  --> src/bridge/IBridge.sol:72:5:
   |
72 |     function delayedMessageCount() external view returns (uint256);
   |     ^^^^^^^^^^^^^^^^^^^^^^^^^^^^^^^^^^^^^^^^^^^^^^^^^^^^^^^^^^^^^^^


TypeError: Overriding function is missing ""override"" specifier.
   --> src/bridge/Bridge.sol:257:5:
    |
257 |     function sequencerMessageCount() external view returns (uint256) {
    |     ^ (Relevant source part starts here and spans across multiple lines).
Note: Overridden function is here:
  --> src/bridge/IBridge.sol:74:5:
   |
74 |     function sequencerMessageCount() external view returns (uint256);
   |     ^^^^^^^^^^^^^^^^^^^^^^^^^^^^^^^^^^^^^^^^^^^^^^^^^^^^^^^^^^^^^^^^^


TypeError: Overriding public state variable is missing ""override"" specifier.
  --> src/bridge/Bridge.sol:42:5:
   |
42 |     address[] public allowedDelayedInboxList;
   |     ^^^^^^^^^^^^^^^^^^^^^^^^^^^^^^^^^^^^^^^^
Note: Overridden public state variable is here:
  --> src/bridge/IBridge.sol:35:5:
   |
35 |     function allowedDelayedInboxList(uint256) external returns (address);
   |     ^^^^^^^^^^^^^^^^^^^^^^^^^^^^^^^^^^^^^^^^^^^^^^^^^^^^^^^^^^^^^^^^^^^^^


TypeError: Overriding public state variable is missing ""override"" specifier.
  --> src/bridge/Bridge.sol:43:5:
   |
43 |     address[] public allowedOutboxList;
   |     ^^^^^^^^^^^^^^^^^^^^^^^^^^^^^^^^^^
Note: Overridden public state variable is here:
  --> src/bridge/IBridge.sol:37:5:
   |
37 |     function allowedOutboxList(uint256) external returns (address);
   |     ^^^^^^^^^^^^^^^^^^^^^^^^^^^^^^^^^^^^^^^^^^^^^^^^^^^^^^^^^^^^^^^


TypeError: Overriding public state variable is missing ""override"" specifier.
  --> src/bridge/Bridge.sol:48:5:
   |
48 |     bytes32[] public delayedInboxAccs;
   |     ^^^^^^^^^^^^^^^^^^^^^^^^^^^^^^^^^
Note: Overridden public state variable is here:
  --> src/bridge/IBridge.sol:40:5:
   |
40 |     function delayedInboxAccs(uint256) external view returns (bytes32);
   |     ^^^^^^^^^^^^^^^^^^^^^^^^^^^^^^^^^^^^^^^^^^^^^^^^^^^^^^^^^^^^^^^^^^^


TypeError: Overriding public state variable is missing ""override"" specifier.
  --> src/bridge/Bridge.sol:51:5:
   |
51 |     bytes32[] public sequencerInboxAccs;
   |     ^^^^^^^^^^^^^^^^^^^^^^^^^^^^^^^^^^^
Note: Overridden public state variable is here:
  --> src/bridge/IBridge.sol:43:5:
   |
43 |     function sequencerInboxAccs(uint256) external view returns (bytes32);
   |     ^^^^^^^^^^^^^^^^^^^^^^^^^^^^^^^^^^^^^^^^^^^^^^^^^^^^^^^^^^^^^^^^^^^^^


TypeError: Overriding public state variable is missing ""override"" specifier.
  --> src/bridge/Bridge.sol:53:5:
   |
53 |     IOwnable public rollup;
   |     ^^^^^^^^^^^^^^^^^^^^^^
Note: Overridden public state variable is here:
  --> src/bridge/IBridge.sol:45:5:
   |
45 |     function rollup() external view returns (IOwnable);
   |     ^^^^^^^^^^^^^^^^^^^^^^^^^^^^^^^^^^^^^^^^^^^^^^^^^^^


TypeError: Overriding public state variable is missing ""override"" specifier.
  --> src/bridge/Bridge.sol:54:5:
   |
54 |     address public sequencerInbox;
   |     ^^^^^^^^^^^^^^^^^^^^^^^^^^^^^
Note: Overridden public state variable is here:
  --> src/bridge/IBridge.sol:47:5:
   |
47 |     function sequencerInbox() external view returns (address);
   |     ^^^^^^^^^^^^^^^^^^^^^^^^^^^^^^^^^^^^^^^^^^^^^^^^^^^^^^^^^^


TypeError: Overriding function is missing ""override"" specifier.
  --> src/bridge/Inbox.sol:96:5:
   |
96 |     function pause() external onlyRollupOrOwner {
   |     ^ (Relevant source part starts here and spans across multiple lines).
Note: Overridden function is here:
   --> src/bridge/IInbox.sol:139:5:
    |
139 |     function pause() external;
    |     ^^^^^^^^^^^^^^^^^^^^^^^^^^


TypeError: Overriding function is missing ""override"" specifier.
   --> src/bridge/Inbox.sol:101:5:
    |
101 |     function unpause() external onlyRollupOrOwner {
    |     ^ (Relevant source part starts here and spans across multiple lines).
Note: Overridden function is here:
   --> src/bridge/IInbox.sol:142:5:
    |
142 |     function unpause() external;
    |     ^^^^^^^^^^^^^^^^^^^^^^^^^^^^


TypeError: Overriding function is missing ""override"" specifier.
   --> src/bridge/Inbox.sol:105:5:
    |
105 |     function initialize(IBridge _bridge, ISequencerInbox _sequencerInbox)
    |     ^ (Relevant source part starts here and spans across multiple lines).
Note: Overridden function is here:
   --> src/bridge/IInbox.sol:152:5:
    |
152 |     function initialize(IBridge _bridge, ISequencerInbox _sequencerInbox) external;
    |     ^^^^^^^^^^^^^^^^^^^^^^^^^^^^^^^^^^^^^^^^^^^^^^^^^^^^^^^^^^^^^^^^^^^^^^^^^^^^^^^


TypeError: Overriding function is missing ""override"" specifier.
   --> src/bridge/Inbox.sol:117:5:
    |
117 |     function postUpgradeInit(IBridge _bridge) external onlyDelegated onlyProxyOwner {
    |     ^ (Relevant source part starts here and spans across multiple lines).
Note: Overridden function is here:
   --> src/bridge/IInbox.sol:150:5:
    |
150 |     function postUpgradeInit(IBridge _bridge) external;
    |     ^^^^^^^^^^^^^^^^^^^^^^^^^^^^^^^^^^^^^^^^^^^^^^^^^^^


TypeError: Overriding function is missing ""override"" specifier.
   --> src/bridge/Inbox.sol:129:5:
    |
129 |     function sendL2MessageFromOrigin(bytes calldata messageData)
    |     ^ (Relevant source part starts here and spans across multiple lines).
Note: Overridden function is here:
  --> src/bridge/IInbox.sol:22:5:
   |
22 |     function sendL2MessageFromOrigin(bytes calldata messageData) external returns (uint256);
   |     ^^^^^^^^^^^^^^^^^^^^^^^^^^^^^^^^^^^^^^^^^^^^^^^^^^^^^^^^^^^^^^^^^^^^^^^^^^^^^^^^^^^^^^^^


TypeError: Overriding function is missing ""override"" specifier.
   --> src/bridge/Inbox.sol:145:5:
    |
145 |     function sendL2Message(bytes calldata messageData)
    |     ^ (Relevant source part starts here and spans across multiple lines).
Note: Overridden function is here:
  --> src/bridge/IInbox.sol:29:5:
   |
29 |     function sendL2Message(bytes calldata messageData) external returns (uint256);
   |     ^^^^^^^^^^^^^^^^^^^^^^^^^^^^^^^^^^^^^^^^^^^^^^^^^^^^^^^^^^^^^^^^^^^^^^^^^^^^^^


TypeError: Overriding function is missing ""override"" specifier.
   --> src/bridge/Inbox.sol:154:5:
    |
154 |     function sendL1FundedUnsignedTransaction(
    |     ^ (Relevant source part starts here and spans across multiple lines).
Note: Overridden function is here:
  --> src/bridge/IInbox.sol:31:5:
   |
31 |     function sendL1FundedUnsignedTransaction(
   |     ^ (Relevant source part starts here and spans across multiple lines).


TypeError: Overriding function is missing ""override"" specifier.
   --> src/bridge/Inbox.sol:177:5:
    |
177 |     function sendL1FundedContractTransaction(
    |     ^ (Relevant source part starts here and spans across multiple lines).
Note: Overridden function is here:
  --> src/bridge/IInbox.sol:39:5:
   |
39 |     function sendL1FundedContractTransaction(
   |     ^ (Relevant source part starts here and spans across multiple lines).


TypeError: Overriding function is missing ""override"" specifier.
   --> src/bridge/Inbox.sol:198:5:
    |
198 |     function sendUnsignedTransaction(
    |     ^ (Relevant source part starts here and spans across multiple lines).
Note: Overridden function is here:
  --> src/bridge/IInbox.sol:46:5:
   |
46 |     function sendUnsignedTransaction(
   |     ^ (Relevant source part starts here and spans across multiple lines).


TypeError: Overriding function is missing ""override"" specifier.
   --> src/bridge/Inbox.sol:222:5:
    |
222 |     function sendContractTransaction(
    |     ^ (Relevant source part starts here and spans across multiple lines).
Note: Overridden function is here:
  --> src/bridge/IInbox.sol:55:5:
   |
55 |     function sendContractTransaction(
   |     ^ (Relevant source part starts here and spans across multiple lines).


TypeError: Overriding function is missing ""override"" specifier.
   --> src/bridge/Inbox.sol:245:5:
    |
245 |     function calculateRetryableSubmissionFee(uint256 dataLength, uint256 baseFee)
    |     ^ (Relevant source part starts here and spans across multiple lines).
Note: Overridden function is here:
  --> src/bridge/IInbox.sol:70:5:
   |
70 |     function calculateRetryableSubmissionFee(uint256 dataLength, uint256 baseFee)
   |     ^ (Relevant source part starts here and spans across multiple lines).


TypeError: Overriding function is missing ""override"" specifier.
   --> src/bridge/Inbox.sol:255:5:
    |
255 |     function depositEth() public payable whenNotPaused onlyAllowed returns (uint256) {
    |     ^ (Relevant source part starts here and spans across multiple lines).
Note: Overridden function is here:
  --> src/bridge/IInbox.sol:81:5:
   |
81 |     function depositEth() external payable returns (uint256);
   |     ^^^^^^^^^^^^^^^^^^^^^^^^^^^^^^^^^^^^^^^^^^^^^^^^^^^^^^^^^


TypeError: Overriding function is missing ""override"" specifier.
   --> src/bridge/Inbox.sol:315:5:
    |
315 |     function createRetryableTicket(
    |     ^ (Relevant source part starts here and spans across multiple lines).
Note: Overridden function is here:
  --> src/bridge/IInbox.sol:97:5:
   |
97 |     function createRetryableTicket(
   |     ^ (Relevant source part starts here and spans across multiple lines).


TypeError: Overriding function is missing ""override"" specifier.
   --> src/bridge/Inbox.sol:358:5:
    |
358 |     function unsafeCreateRetryableTicket(
    |     ^ (Relevant source part starts here and spans across multiple lines).
Note: Overridden function is here:
   --> src/bridge/IInbox.sol:125:5:
    |
125 |     function unsafeCreateRetryableTicket(
    |     ^ (Relevant source part starts here and spans across multiple lines).


TypeError: Overriding public state variable is missing ""override"" specifier.
  --> src/bridge/Inbox.sol:46:5:
   |
46 |     IBridge public bridge;
   |     ^^^^^^^^^^^^^^^^^^^^^
Note: Overridden public state variable is here:
  --> src/bridge/IInbox.sol:13:5:
   |
13 |     function bridge() external view returns (IBridge);
   |     ^^^^^^^^^^^^^^^^^^^^^^^^^^^^^^^^^^^^^^^^^^^^^^^^^^


TypeError: Overriding public state variable is missing ""override"" specifier.
  --> src/bridge/Inbox.sol:47:5:
   |
47 |     ISequencerInbox public sequencerInbox;
   |     ^^^^^^^^^^^^^^^^^^^^^^^^^^^^^^^^^^^^^
Note: Overridden public state variable is here:
  --> src/bridge/IInbox.sol:15:5:
   |
15 |     function sequencerInbox() external view returns (ISequencerInbox);
   |     ^^^^^^^^^^^^^^^^^^^^^^^^^^^^^^^^^^^^^^^^^^^^^^^^^^^^^^^^^^^^^^^^^^


TypeError: Overriding function is missing ""override"" specifier.
  --> src/bridge/Outbox.sol:71:5:
   |
71 |     function updateSendRoot(bytes32 root, bytes32 l2BlockHash) external {
   |     ^ (Relevant source part starts here and spans across multiple lines).
Note: Overridden function is here:
  --> src/bridge/IOutbox.sol:30:5:
   |
30 |     function updateSendRoot(bytes32 sendRoot, bytes32 l2BlockHash) external;
   |     ^^^^^^^^^^^^^^^^^^^^^^^^^^^^^^^^^^^^^^^^^^^^^^^^^^^^^^^^^^^^^^^^^^^^^^^^


TypeError: Overriding function is missing ""override"" specifier.
  --> src/bridge/Outbox.sol:78:5:
   |
78 |     function l2ToL1Sender() external view returns (address) {
   |     ^ (Relevant source part starts here and spans across multiple lines).
Note: Overridden function is here:
  --> src/bridge/IOutbox.sol:35:5:
   |
35 |     function l2ToL1Sender() external view returns (address);
   |     ^^^^^^^^^^^^^^^^^^^^^^^^^^^^^^^^^^^^^^^^^^^^^^^^^^^^^^^^


TypeError: Overriding function is missing ""override"" specifier.
  --> src/bridge/Outbox.sol:86:5:
   |
86 |     function l2ToL1Block() external view returns (uint256) {
   |     ^ (Relevant source part starts here and spans across multiple lines).
Note: Overridden function is here:
  --> src/bridge/IOutbox.sol:38:5:
   |
38 |     function l2ToL1Block() external view returns (uint256);
   |     ^^^^^^^^^^^^^^^^^^^^^^^^^^^^^^^^^^^^^^^^^^^^^^^^^^^^^^^


TypeError: Overriding function is missing ""override"" specifier.
  --> src/bridge/Outbox.sol:94:5:
   |
94 |     function l2ToL1EthBlock() external view returns (uint256) {
   |     ^ (Relevant source part starts here and spans across multiple lines).
Note: Overridden function is here:
  --> src/bridge/IOutbox.sol:41:5:
   |
41 |     function l2ToL1EthBlock() external view returns (uint256);
   |     ^^^^^^^^^^^^^^^^^^^^^^^^^^^^^^^^^^^^^^^^^^^^^^^^^^^^^^^^^^


TypeError: Overriding function is missing ""override"" specifier.
   --> src/bridge/Outbox.sol:102:5:
    |
102 |     function l2ToL1Timestamp() external view returns (uint256) {
    |     ^ (Relevant source part starts here and spans across multiple lines).
Note: Overridden function is here:
  --> src/bridge/IOutbox.sol:44:5:
   |
44 |     function l2ToL1Timestamp() external view returns (uint256);
   |     ^^^^^^^^^^^^^^^^^^^^^^^^^^^^^^^^^^^^^^^^^^^^^^^^^^^^^^^^^^^


TypeError: Overriding function is missing ""override"" specifier.
   --> src/bridge/Outbox.sol:115:5:
    |
115 |     function l2ToL1OutputId() external view returns (bytes32) {
    |     ^ (Relevant source part starts here and spans across multiple lines).
Note: Overridden function is here:
  --> src/bridge/IOutbox.sol:47:5:
   |
47 |     function l2ToL1OutputId() external view returns (bytes32);
   |     ^^^^^^^^^^^^^^^^^^^^^^^^^^^^^^^^^^^^^^^^^^^^^^^^^^^^^^^^^^


TypeError: Overriding function is missing ""override"" specifier.
   --> src/bridge/Outbox.sol:123:5:
    |
123 |     function executeTransaction(
    |     ^ (Relevant source part starts here and spans across multiple lines).
Note: Overridden function is here:
  --> src/bridge/IOutbox.sol:65:5:
   |
65 |     function executeTransaction(
   |     ^ (Relevant source part starts here and spans across multiple lines).


TypeError: Overriding function is missing ""override"" specifier.
   --> src/bridge/Outbox.sol:150:5:
    |
150 |     function executeTransactionSimulation(
    |     ^ (Relevant source part starts here and spans across multiple lines).
Note: Overridden function is here:
  --> src/bridge/IOutbox.sol:88:5:
   |
88 |     function executeTransactionSimulation(
   |     ^ (Relevant source part starts here and spans across multiple lines).


TypeError: Overriding function is missing ""override"" specifier.
   --> src/bridge/Outbox.sol:214:5:
    |
214 |     function isSpent(uint256 index) external view returns (bool) {
    |     ^ (Relevant source part starts here and spans across multiple lines).
Note: Overridden function is here:
   --> src/bridge/IOutbox.sol:103:5:
    |
103 |     function isSpent(uint256 index) external view returns (bool);
    |     ^^^^^^^^^^^^^^^^^^^^^^^^^^^^^^^^^^^^^^^^^^^^^^^^^^^^^^^^^^^^^


TypeError: Overriding function is missing ""override"" specifier.
   --> src/bridge/Outbox.sol:256:5:
    |
256 |     function calculateItemHash(
    |     ^ (Relevant source part starts here and spans across multiple lines).
Note: Overridden function is here:
   --> src/bridge/IOutbox.sol:105:5:
    |
105 |     function calculateItemHash(
    |     ^ (Relevant source part starts here and spans across multiple lines).


TypeError: Overriding function is missing ""override"" specifier.
   --> src/bridge/Outbox.sol:269:5:
    |
269 |     function calculateMerkleRoot(
    |     ^ (Relevant source part starts here and spans across multiple lines).
Note: Overridden function is here:
   --> src/bridge/IOutbox.sol:115:5:
    |
115 |     function calculateMerkleRoot(
    |     ^ (Relevant source part starts here and spans across multiple lines).


TypeError: Overriding public state variable is missing ""override"" specifier.
  --> src/bridge/Outbox.sol:26:5:
   |
26 |     address public rollup; // the rollup contract
   |     ^^^^^^^^^^^^^^^^^^^^^
Note: Overridden public state variable is here:
  --> src/bridge/IOutbox.sol:19:5:
   |
19 |     function rollup() external view returns (address); // the rollup contract
   |     ^^^^^^^^^^^^^^^^^^^^^^^^^^^^^^^^^^^^^^^^^^^^^^^^^^


TypeError: Overriding public state variable is missing ""override"" specifier.
  --> src/bridge/Outbox.sol:27:5:
   |
27 |     IBridge public bridge; // the bridge contract
   |     ^^^^^^^^^^^^^^^^^^^^^
Note: Overridden public state variable is here:
  --> src/bridge/IOutbox.sol:21:5:
   |
21 |     function bridge() external view returns (IBridge); // the bridge contract
   |     ^^^^^^^^^^^^^^^^^^^^^^^^^^^^^^^^^^^^^^^^^^^^^^^^^^


TypeError: Overriding public state variable is missing ""override"" specifier.
  --> src/bridge/Outbox.sol:29:5:
   |
29 |     mapping(uint256 => bytes32) public spent; // packed spent bitmap
   |     ^^^^^^^^^^^^^^^^^^^^^^^^^^^^^^^^^^^^^^^^
Note: Overridden public state variable is here:
  --> src/bridge/IOutbox.sol:23:5:
   |
23 |     function spent(uint256) external view returns (bytes32); // packed spent bitmap
   |     ^^^^^^^^^^^^^^^^^^^^^^^^^^^^^^^^^^^^^^^^^^^^^^^^^^^^^^^^


TypeError: Overriding public state variable is missing ""override"" specifier.
  --> src/bridge/Outbox.sol:30:5:
   |
30 |     mapping(bytes32 => bytes32) public roots; // maps root hashes => L2 block hash
   |     ^^^^^^^^^^^^^^^^^^^^^^^^^^^^^^^^^^^^^^^^
Note: Overridden public state variable is here:
  --> src/bridge/IOutbox.sol:25:5:
   |
25 |     function roots(bytes32) external view returns (bytes32); // maps root hashes => L2 block hash
   |     ^^^^^^^^^^^^^^^^^^^^^^^^^^^^^^^^^^^^^^^^^^^^^^^^^^^^^^^^


TypeError: Overriding public state variable is missing ""override"" specifier.
  --> src/bridge/Outbox.sol:52:5:
   |
52 |     uint128 public constant OUTBOX_VERSION = 2;
   |     ^^^^^^^^^^^^^^^^^^^^^^^^^^^^^^^^^^^^^^^^^^
Note: Overridden public state variable is here:
  --> src/bridge/IOutbox.sol:28:5:
   |
28 |     function OUTBOX_VERSION() external view returns (uint128); // the outbox version
   |     ^^^^^^^^^^^^^^^^^^^^^^^^^^^^^^^^^^^^^^^^^^^^^^^^^^^^^^^^^^


TypeError: Overriding function is missing ""override"" specifier.
  --> src/bridge/SequencerInbox.sol:64:5:
   |
64 |     function initialize(
   |     ^ (Relevant source part starts here and spans across multiple lines).
Note: Overridden function is here:
   --> src/bridge/ISequencerInbox.sol:154:5:
    |
154 |     function initialize(IBridge bridge_, MaxTimeVariation calldata maxTimeVariation_) external;
    |     ^^^^^^^^^^^^^^^^^^^^^^^^^^^^^^^^^^^^^^^^^^^^^^^^^^^^^^^^^^^^^^^^^^^^^^^^^^^^^^^^^^^^^^^^^^^


TypeError: Overriding function is missing ""override"" specifier.
  --> src/bridge/SequencerInbox.sol:89:5:
   |
89 |     function forceInclusion(
   |     ^ (Relevant source part starts here and spans across multiple lines).
Note: Overridden function is here:
  --> src/bridge/ISequencerInbox.sol:91:5:
   |
91 |     function forceInclusion(
   |     ^ (Relevant source part starts here and spans across multiple lines).


TypeError: Overriding function is missing ""override"" specifier.
   --> src/bridge/SequencerInbox.sol:143:5:
    |
143 |     function addSequencerL2BatchFromOrigin(
    |     ^ (Relevant source part starts here and spans across multiple lines).
Note: Overridden function is here:
   --> src/bridge/ISequencerInbox.sol:111:5:
    |
111 |     function addSequencerL2BatchFromOrigin(
    |     ^ (Relevant source part starts here and spans across multiple lines).


TypeError: Overriding function is missing ""override"" specifier.
   --> src/bridge/SequencerInbox.sol:175:5:
    |
175 |     function addSequencerL2Batch(
    |     ^ (Relevant source part starts here and spans across multiple lines).
Note: Overridden function is here:
   --> src/bridge/ISequencerInbox.sol:118:5:
    |
118 |     function addSequencerL2Batch(
    |     ^ (Relevant source part starts here and spans across multiple lines).


TypeError: Overriding function is missing ""override"" specifier.
   --> src/bridge/SequencerInbox.sol:306:5:
    |
306 |     function inboxAccs(uint256 index) external view returns (bytes32) {
    |     ^ (Relevant source part starts here and spans across multiple lines).
Note: Overridden function is here:
   --> src/bridge/ISequencerInbox.sol:100:5:
    |
100 |     function inboxAccs(uint256 index) external view returns (bytes32);
    |     ^^^^^^^^^^^^^^^^^^^^^^^^^^^^^^^^^^^^^^^^^^^^^^^^^^^^^^^^^^^^^^^^^^


TypeError: Overriding function is missing ""override"" specifier.
   --> src/bridge/SequencerInbox.sol:310:5:
    |
310 |     function batchCount() external view returns (uint256) {
    |     ^ (Relevant source part starts here and spans across multiple lines).
Note: Overridden function is here:
   --> src/bridge/ISequencerInbox.sol:102:5:
    |
102 |     function batchCount() external view returns (uint256);
    |     ^^^^^^^^^^^^^^^^^^^^^^^^^^^^^^^^^^^^^^^^^^^^^^^^^^^^^^


TypeError: Overriding function is missing ""override"" specifier.
   --> src/bridge/SequencerInbox.sol:315:5:
    |
315 |     function setMaxTimeVariation(ISequencerInbox.MaxTimeVariation memory maxTimeVariation_)
    |     ^ (Relevant source part starts here and spans across multiple lines).
Note: Overridden function is here:
   --> src/bridge/ISequencerInbox.sol:131:5:
    |
131 |     function setMaxTimeVariation(MaxTimeVariation memory maxTimeVariation_) external;
    |     ^^^^^^^^^^^^^^^^^^^^^^^^^^^^^^^^^^^^^^^^^^^^^^^^^^^^^^^^^^^^^^^^^^^^^^^^^^^^^^^^^


TypeError: Overriding function is missing ""override"" specifier.
   --> src/bridge/SequencerInbox.sol:324:5:
    |
324 |     function setIsBatchPoster(address addr, bool isBatchPoster_) external onlyRollupOwner {
    |     ^ (Relevant source part starts here and spans across multiple lines).
Note: Overridden function is here:
   --> src/bridge/ISequencerInbox.sol:138:5:
    |
138 |     function setIsBatchPoster(address addr, bool isBatchPoster_) external;
    |     ^^^^^^^^^^^^^^^^^^^^^^^^^^^^^^^^^^^^^^^^^^^^^^^^^^^^^^^^^^^^^^^^^^^^^^


TypeError: Overriding function is missing ""override"" specifier.
   --> src/bridge/SequencerInbox.sol:330:5:
    |
330 |     function setValidKeyset(bytes calldata keysetBytes) external onlyRollupOwner {
    |     ^ (Relevant source part starts here and spans across multiple lines).
Note: Overridden function is here:
   --> src/bridge/ISequencerInbox.sol:144:5:
    |
144 |     function setValidKeyset(bytes calldata keysetBytes) external;
    |     ^^^^^^^^^^^^^^^^^^^^^^^^^^^^^^^^^^^^^^^^^^^^^^^^^^^^^^^^^^^^^


TypeError: Overriding function is missing ""override"" specifier.
   --> src/bridge/SequencerInbox.sol:345:5:
    |
345 |     function invalidateKeysetHash(bytes32 ksHash) external onlyRollupOwner {
    |     ^ (Relevant source part starts here and spans across multiple lines).
Note: Overridden function is here:
   --> src/bridge/ISequencerInbox.sol:150:5:
    |
150 |     function invalidateKeysetHash(bytes32 ksHash) external;
    |     ^^^^^^^^^^^^^^^^^^^^^^^^^^^^^^^^^^^^^^^^^^^^^^^^^^^^^^^


TypeError: Overriding function is missing ""override"" specifier.
   --> src/bridge/SequencerInbox.sol:355:5:
    |
355 |     function isValidKeysetHash(bytes32 ksHash) external view returns (bool) {
    |     ^ (Relevant source part starts here and spans across multiple lines).
Note: Overridden function is here:
   --> src/bridge/ISequencerInbox.sol:104:5:
    |
104 |     function isValidKeysetHash(bytes32 ksHash) external view returns (bool);
    |     ^^^^^^^^^^^^^^^^^^^^^^^^^^^^^^^^^^^^^^^^^^^^^^^^^^^^^^^^^^^^^^^^^^^^^^^^


TypeError: Overriding function is missing ""override"" specifier.
   --> src/bridge/SequencerInbox.sol:360:5:
    |
360 |     function getKeysetCreationBlock(bytes32 ksHash) external view returns (uint256) {
    |     ^ (Relevant source part starts here and spans across multiple lines).
Note: Overridden function is here:
   --> src/bridge/ISequencerInbox.sol:107:5:
    |
107 |     function getKeysetCreationBlock(bytes32 ksHash) external view returns (uint256);
    |     ^^^^^^^^^^^^^^^^^^^^^^^^^^^^^^^^^^^^^^^^^^^^^^^^^^^^^^^^^^^^^^^^^^^^^^^^^^^^^^^^


TypeError: Overriding public state variable is missing ""override"" specifier.
  --> src/bridge/SequencerInbox.sol:43:5:
   |
43 |     uint256 public totalDelayedMessagesRead;
   |     ^^^^^^^^^^^^^^^^^^^^^^^^^^^^^^^^^^^^^^^
Note: Overridden public state variable is here:
  --> src/bridge/ISequencerInbox.sol:55:5:
   |
55 |     function totalDelayedMessagesRead() external view returns (uint256);
   |     ^^^^^^^^^^^^^^^^^^^^^^^^^^^^^^^^^^^^^^^^^^^^^^^^^^^^^^^^^^^^^^^^^^^^


TypeError: Overriding public state variable is missing ""override"" specifier.
  --> src/bridge/SequencerInbox.sol:45:5:
   |
45 |     IBridge public bridge;
   |     ^^^^^^^^^^^^^^^^^^^^^
Note: Overridden public state variable is here:
  --> src/bridge/ISequencerInbox.sol:57:5:
   |
57 |     function bridge() external view returns (IBridge);
   |     ^^^^^^^^^^^^^^^^^^^^^^^^^^^^^^^^^^^^^^^^^^^^^^^^^^


TypeError: Overriding public state variable is missing ""override"" specifier.
  --> src/bridge/SequencerInbox.sol:48:5:
   |
48 |     uint256 public constant HEADER_LENGTH = 40;
   |     ^^^^^^^^^^^^^^^^^^^^^^^^^^^^^^^^^^^^^^^^^^
Note: Overridden public state variable is here:
  --> src/bridge/ISequencerInbox.sol:61:5:
   |
61 |     function HEADER_LENGTH() external view returns (uint256);
   |     ^^^^^^^^^^^^^^^^^^^^^^^^^^^^^^^^^^^^^^^^^^^^^^^^^^^^^^^^^


TypeError: Overriding public state variable is missing ""override"" specifier.
  --> src/bridge/SequencerInbox.sol:51:5:
   |
51 |     bytes1 public constant DATA_AUTHENTICATED_FLAG = 0x40;
   |     ^^^^^^^^^^^^^^^^^^^^^^^^^^^^^^^^^^^^^^^^^^^^^^^^^^^^^
Note: Overridden public state variable is here:
  --> src/bridge/ISequencerInbox.sol:66:5:
   |
66 |     function DATA_AUTHENTICATED_FLAG() external view returns (bytes1);
   |     ^^^^^^^^^^^^^^^^^^^^^^^^^^^^^^^^^^^^^^^^^^^^^^^^^^^^^^^^^^^^^^^^^^


TypeError: Overriding public state variable is missing ""override"" specifier.
  --> src/bridge/SequencerInbox.sol:53:5:
   |
53 |     IOwnable public rollup;
   |     ^^^^^^^^^^^^^^^^^^^^^^
Note: Overridden public state variable is here:
  --> src/bridge/ISequencerInbox.sol:68:5:
   |
68 |     function rollup() external view returns (IOwnable);
   |     ^^^^^^^^^^^^^^^^^^^^^^^^^^^^^^^^^^^^^^^^^^^^^^^^^^^


TypeError: Overriding public state variable is missing ""override"" specifier.
  --> src/bridge/SequencerInbox.sol:54:5:
   |
54 |     mapping(address => bool) public isBatchPoster;
   |     ^^^^^^^^^^^^^^^^^^^^^^^^^^^^^^^^^^^^^^^^^^^^^
Note: Overridden public state variable is here:
  --> src/bridge/ISequencerInbox.sol:70:5:
   |
70 |     function isBatchPoster(address) external view returns (bool);
   |     ^^^^^^^^^^^^^^^^^^^^^^^^^^^^^^^^^^^^^^^^^^^^^^^^^^^^^^^^^^^^^


TypeError: Overriding function is missing ""override"" specifier.
  --> src/mocks/InboxStub.sol:26:5:
   |
26 |     function pause() external pure {
   |     ^ (Relevant source part starts here and spans across multiple lines).
Note: Overridden function is here:
   --> src/bridge/IInbox.sol:139:5:
    |
139 |     function pause() external;
    |     ^^^^^^^^^^^^^^^^^^^^^^^^^^


TypeError: Overriding function is missing ""override"" specifier.
  --> src/mocks/InboxStub.sol:30:5:
   |
30 |     function unpause() external pure {
   |     ^ (Relevant source part starts here and spans across multiple lines).
Note: Overridden function is here:
   --> src/bridge/IInbox.sol:142:5:
    |
142 |     function unpause() external;
    |     ^^^^^^^^^^^^^^^^^^^^^^^^^^^^


TypeError: Overriding function is missing ""override"" specifier.
  --> src/mocks/InboxStub.sol:34:5:
   |
34 |     function initialize(IBridge _bridge, ISequencerInbox) external {
   |     ^ (Relevant source part starts here and spans across multiple lines).
Note: Overridden function is here:
   --> src/bridge/IInbox.sol:152:5:
    |
152 |     function initialize(IBridge _bridge, ISequencerInbox _sequencerInbox) external;
    |     ^^^^^^^^^^^^^^^^^^^^^^^^^^^^^^^^^^^^^^^^^^^^^^^^^^^^^^^^^^^^^^^^^^^^^^^^^^^^^^^


TypeError: Overriding function is missing ""override"" specifier.
  --> src/mocks/InboxStub.sol:44:5:
   |
44 |     function sendL2MessageFromOrigin(bytes calldata messageData) external returns (uint256) {
   |     ^ (Relevant source part starts here and spans across multiple lines).
Note: Overridden function is here:
  --> src/bridge/IInbox.sol:22:5:
   |
22 |     function sendL2MessageFromOrigin(bytes calldata messageData) external returns (uint256);
   |     ^^^^^^^^^^^^^^^^^^^^^^^^^^^^^^^^^^^^^^^^^^^^^^^^^^^^^^^^^^^^^^^^^^^^^^^^^^^^^^^^^^^^^^^^


TypeError: Overriding function is missing ""override"" specifier.
   --> src/mocks/InboxStub.sol:141:5:
    |
141 |     function postUpgradeInit(IBridge _bridge) external {}
    |     ^^^^^^^^^^^^^^^^^^^^^^^^^^^^^^^^^^^^^^^^^^^^^^^^^^^^^
Note: Overridden function is here:
   --> src/bridge/IInbox.sol:150:5:
    |
150 |     function postUpgradeInit(IBridge _bridge) external;
    |     ^^^^^^^^^^^^^^^^^^^^^^^^^^^^^^^^^^^^^^^^^^^^^^^^^^^


TypeError: Overriding function is missing ""override"" specifier.
  --> src/mocks/BridgeStub.sol:62:5:
   |
62 |     function enqueueSequencerMessage(bytes32 dataHash, uint256 afterDelayedMessagesRead)
   |     ^ (Relevant source part starts here and spans across multiple lines).
Note: Overridden function is here:
  --> src/bridge/IBridge.sol:78:5:
   |
78 |     function enqueueSequencerMessage(bytes32 dataHash, uint256 afterDelayedMessagesRead)
   |     ^ (Relevant source part starts here and spans across multiple lines).


TypeError: Overriding function is missing ""override"" specifier.
  --> src/mocks/BridgeStub.sol:82:5:
   |
82 |     function submitBatchSpendingReport(address batchPoster, bytes32 dataHash)
   |     ^ (Relevant source part starts here and spans across multiple lines).
Note: Overridden function is here:
  --> src/bridge/IBridge.sol:93:5:
   |
93 |     function submitBatchSpendingReport(address batchPoster, bytes32 dataHash)
   |     ^ (Relevant source part starts here and spans across multiple lines).


TypeError: Overriding function is missing ""override"" specifier.
   --> src/mocks/BridgeStub.sol:164:5:
    |
164 |     function initialize(IOwnable) external pure {
    |     ^ (Relevant source part starts here and spans across multiple lines).
Note: Overridden function is here:
   --> src/bridge/IBridge.sol:107:5:
    |
107 |     function initialize(IOwnable rollup_) external;
    |     ^^^^^^^^^^^^^^^^^^^^^^^^^^^^^^^^^^^^^^^^^^^^^^^


TypeError: Overriding public state variable is missing ""override"" specifier.
  --> src/mocks/BridgeStub.sol:20:5:
   |
20 |     address[] public allowedDelayedInboxList;
   |     ^^^^^^^^^^^^^^^^^^^^^^^^^^^^^^^^^^^^^^^^
Note: Overridden public state variable is here:
  --> src/bridge/IBridge.sol:35:5:
   |
35 |     function allowedDelayedInboxList(uint256) external returns (address);
   |     ^^^^^^^^^^^^^^^^^^^^^^^^^^^^^^^^^^^^^^^^^^^^^^^^^^^^^^^^^^^^^^^^^^^^^


TypeError: Overriding public state variable is missing ""override"" specifier.
  --> src/mocks/BridgeStub.sol:21:5:
   |
21 |     address[] public allowedOutboxList;
   |     ^^^^^^^^^^^^^^^^^^^^^^^^^^^^^^^^^^
Note: Overridden public state variable is here:
  --> src/bridge/IBridge.sol:37:5:
   |
37 |     function allowedOutboxList(uint256) external returns (address);
   |     ^^^^^^^^^^^^^^^^^^^^^^^^^^^^^^^^^^^^^^^^^^^^^^^^^^^^^^^^^^^^^^^


TypeError: Overriding public state variable is missing ""override"" specifier.
  --> src/mocks/BridgeStub.sol:30:5:
   |
30 |     address public sequencerInbox;
   |     ^^^^^^^^^^^^^^^^^^^^^^^^^^^^^
Note: Overridden public state variable is here:
  --> src/bridge/IBridge.sol:47:5:
   |
47 |     function sequencerInbox() external view returns (address);
   |     ^^^^^^^^^^^^^^^^^^^^^^^^^^^^^^^^^^^^^^^^^^^^^^^^^^^^^^^^^^


TypeError: Overriding public state variable is missing ""override"" specifier.
  --> src/rollup/RollupCore.sol:28:5:
   |
28 |     uint64 public confirmPeriodBlocks;
   |     ^^^^^^^^^^^^^^^^^^^^^^^^^^^^^^^^^
Note: Overridden public state variable is here:
  --> src/rollup/IRollupCore.sol:52:5:
   |
52 |     function confirmPeriodBlocks() external view returns (uint64);
   |     ^^^^^^^^^^^^^^^^^^^^^^^^^^^^^^^^^^^^^^^^^^^^^^^^^^^^^^^^^^^^^^


TypeError: Overriding public state variable is missing ""override"" specifier.
  --> src/rollup/RollupCore.sol:29:5:
   |
29 |     uint64 public extraChallengeTimeBlocks;
   |     ^^^^^^^^^^^^^^^^^^^^^^^^^^^^^^^^^^^^^^
Note: Overridden public state variable is here:
  --> src/rollup/IRollupCore.sol:54:5:
   |
54 |     function extraChallengeTimeBlocks() external view returns (uint64);
   |     ^^^^^^^^^^^^^^^^^^^^^^^^^^^^^^^^^^^^^^^^^^^^^^^^^^^^^^^^^^^^^^^^^^^


TypeError: Overriding public state variable is missing ""override"" specifier.
  --> src/rollup/RollupCore.sol:30:5:
   |
30 |     uint256 public chainId;
   |     ^^^^^^^^^^^^^^^^^^^^^^
Note: Overridden public state variable is here:
  --> src/rollup/IRollupCore.sol:56:5:
   |
56 |     function chainId() external view returns (uint256);
   |     ^^^^^^^^^^^^^^^^^^^^^^^^^^^^^^^^^^^^^^^^^^^^^^^^^^^


TypeError: Overriding public state variable is missing ""override"" specifier.
  --> src/rollup/RollupCore.sol:31:5:
   |
31 |     uint256 public baseStake;
   |     ^^^^^^^^^^^^^^^^^^^^^^^^
Note: Overridden public state variable is here:
  --> src/rollup/IRollupCore.sol:58:5:
   |
58 |     function baseStake() external view returns (uint256);
   |     ^^^^^^^^^^^^^^^^^^^^^^^^^^^^^^^^^^^^^^^^^^^^^^^^^^^^^


TypeError: Overriding public state variable is missing ""override"" specifier.
  --> src/rollup/RollupCore.sol:32:5:
   |
32 |     bytes32 public wasmModuleRoot;
   |     ^^^^^^^^^^^^^^^^^^^^^^^^^^^^^
Note: Overridden public state variable is here:
  --> src/rollup/IRollupCore.sol:60:5:
   |
60 |     function wasmModuleRoot() external view returns (bytes32);
   |     ^^^^^^^^^^^^^^^^^^^^^^^^^^^^^^^^^^^^^^^^^^^^^^^^^^^^^^^^^^


TypeError: Overriding public state variable is missing ""override"" specifier.
  --> src/rollup/RollupCore.sol:35:5:
   |
35 |     IBridge public bridge;
   |     ^^^^^^^^^^^^^^^^^^^^^
Note: Overridden public state variable is here:
  --> src/rollup/IRollupCore.sol:62:5:
   |
62 |     function bridge() external view returns (IBridge);
   |     ^^^^^^^^^^^^^^^^^^^^^^^^^^^^^^^^^^^^^^^^^^^^^^^^^^


TypeError: Overriding public state variable is missing ""override"" specifier.
  --> src/rollup/RollupCore.sol:36:5:
   |
36 |     IOutbox public outbox;
   |     ^^^^^^^^^^^^^^^^^^^^^
Note: Overridden public state variable is here:
  --> src/rollup/IRollupCore.sol:66:5:
   |
66 |     function outbox() external view returns (IOutbox);
   |     ^^^^^^^^^^^^^^^^^^^^^^^^^^^^^^^^^^^^^^^^^^^^^^^^^^


TypeError: Overriding public state variable is missing ""override"" specifier.
  --> src/rollup/RollupCore.sol:37:5:
   |
37 |     ISequencerInbox public sequencerInbox;
   |     ^^^^^^^^^^^^^^^^^^^^^^^^^^^^^^^^^^^^^
Note: Overridden public state variable is here:
  --> src/rollup/IRollupCore.sol:64:5:
   |
64 |     function sequencerInbox() external view returns (ISequencerInbox);
   |     ^^^^^^^^^^^^^^^^^^^^^^^^^^^^^^^^^^^^^^^^^^^^^^^^^^^^^^^^^^^^^^^^^^


TypeError: Overriding public state variable is missing ""override"" specifier.
  --> src/rollup/RollupCore.sol:38:5:
   |
38 |     IRollupEventInbox public rollupEventInbox;
   |     ^^^^^^^^^^^^^^^^^^^^^^^^^^^^^^^^^^^^^^^^^
Note: Overridden public state variable is here:
  --> src/rollup/IRollupCore.sol:68:5:
   |
68 |     function rollupEventInbox() external view returns (IRollupEventInbox);
   |     ^^^^^^^^^^^^^^^^^^^^^^^^^^^^^^^^^^^^^^^^^^^^^^^^^^^^^^^^^^^^^^^^^^^^^^


TypeError: Overriding public state variable is missing ""override"" specifier.
  --> src/rollup/RollupCore.sol:46:5:
   |
46 |     address public loserStakeEscrow;
   |     ^^^^^^^^^^^^^^^^^^^^^^^^^^^^^^^
Note: Overridden public state variable is here:
  --> src/rollup/IRollupCore.sol:72:5:
   |
72 |     function loserStakeEscrow() external view returns (address);
   |     ^^^^^^^^^^^^^^^^^^^^^^^^^^^^^^^^^^^^^^^^^^^^^^^^^^^^^^^^^^^^


TypeError: Overriding public state variable is missing ""override"" specifier.
  --> src/rollup/RollupCore.sol:47:5:
   |
47 |     address public stakeToken;
   |     ^^^^^^^^^^^^^^^^^^^^^^^^^
Note: Overridden public state variable is here:
  --> src/rollup/IRollupCore.sol:74:5:
   |
74 |     function stakeToken() external view returns (address);
   |     ^^^^^^^^^^^^^^^^^^^^^^^^^^^^^^^^^^^^^^^^^^^^^^^^^^^^^^


TypeError: Overriding public state variable is missing ""override"" specifier.
  --> src/rollup/RollupCore.sol:48:5:
   |
48 |     uint256 public minimumAssertionPeriod;
   |     ^^^^^^^^^^^^^^^^^^^^^^^^^^^^^^^^^^^^^
Note: Overridden public state variable is here:
  --> src/rollup/IRollupCore.sol:76:5:
   |
76 |     function minimumAssertionPeriod() external view returns (uint256);
   |     ^^^^^^^^^^^^^^^^^^^^^^^^^^^^^^^^^^^^^^^^^^^^^^^^^^^^^^^^^^^^^^^^^^


TypeError: Overriding public state variable is missing ""override"" specifier.
  --> src/rollup/RollupCore.sol:50:5:
   |
50 |     mapping(address => bool) public isValidator;
   |     ^^^^^^^^^^^^^^^^^^^^^^^^^^^^^^^^^^^^^^^^^^^
Note: Overridden public state variable is here:
  --> src/rollup/IRollupCore.sol:78:5:
   |
78 |     function isValidator(address) external view returns (bool);
   |     ^^^^^^^^^^^^^^^^^^^^^^^^^^^^^^^^^^^^^^^^^^^^^^^^^^^^^^^^^^^


TypeError: Overriding function is missing ""override"" specifier.
  --> src/rollup/RollupUserLogic.sol:35:5:
   |
35 |     function rejectNextNode(address stakerAddress) external onlyValidator whenNotPaused {
   |     ^ (Relevant source part starts here and spans across multiple lines).
Note: Overridden function is here:
  --> src/rollup/IRollupLogic.sol:20:5:
   |
20 |     function rejectNextNode(address stakerAddress) external;
   |     ^^^^^^^^^^^^^^^^^^^^^^^^^^^^^^^^^^^^^^^^^^^^^^^^^^^^^^^^


TypeError: Overriding function is missing ""override"" specifier.
  --> src/rollup/RollupUserLogic.sol:83:5:
   |
83 |     function confirmNextNode(bytes32 blockHash, bytes32 sendRoot)
   |     ^ (Relevant source part starts here and spans across multiple lines).
Note: Overridden function is here:
  --> src/rollup/IRollupLogic.sol:22:5:
   |
22 |     function confirmNextNode(bytes32 blockHash, bytes32 sendRoot) external;
   |     ^^^^^^^^^^^^^^^^^^^^^^^^^^^^^^^^^^^^^^^^^^^^^^^^^^^^^^^^^^^^^^^^^^^^^^^


TypeError: Overriding function is missing ""override"" specifier.
   --> src/rollup/RollupUserLogic.sol:135:5:
    |
135 |     function stakeOnExistingNode(uint64 nodeNum, bytes32 nodeHash)
    |     ^ (Relevant source part starts here and spans across multiple lines).
Note: Overridden function is here:
  --> src/rollup/IRollupLogic.sol:24:5:
   |
24 |     function stakeOnExistingNode(uint64 nodeNum, bytes32 nodeHash) external;
   |     ^^^^^^^^^^^^^^^^^^^^^^^^^^^^^^^^^^^^^^^^^^^^^^^^^^^^^^^^^^^^^^^^^^^^^^^^


TypeError: Overriding function is missing ""override"" specifier.
   --> src/rollup/RollupUserLogic.sol:157:5:
    |
157 |     function stakeOnNewNode(
    |     ^ (Relevant source part starts here and spans across multiple lines).
Note: Overridden function is here:
  --> src/rollup/IRollupLogic.sol:26:5:
   |
26 |     function stakeOnNewNode(
   |     ^ (Relevant source part starts here and spans across multiple lines).


TypeError: Overriding function is missing ""override"" specifier.
   --> src/rollup/RollupUserLogic.sol:225:5:
    |
225 |     function reduceDeposit(uint256 target) external onlyValidator whenNotPaused {
    |     ^ (Relevant source part starts here and spans across multiple lines).
Note: Overridden function is here:
  --> src/rollup/IRollupLogic.sol:34:5:
   |
34 |     function reduceDeposit(uint256 target) external;
   |     ^^^^^^^^^^^^^^^^^^^^^^^^^^^^^^^^^^^^^^^^^^^^^^^^


TypeError: Overriding function is missing ""override"" specifier.
   --> src/rollup/RollupUserLogic.sol:245:5:
    |
245 |     function createChallenge(
    |     ^ (Relevant source part starts here and spans across multiple lines).
Note: Overridden function is here:
  --> src/rollup/IRollupLogic.sol:58:5:
   |
58 |     function createChallenge(
   |     ^ (Relevant source part starts here and spans across multiple lines).


TypeError: Overriding function is missing ""override"" specifier.
   --> src/rollup/RollupUserLogic.sol:383:5:
    |
383 |     function removeZombie(uint256 zombieNum, uint256 maxNodes)
    |     ^ (Relevant source part starts here and spans across multiple lines).
Note: Overridden function is here:
  --> src/rollup/IRollupLogic.sol:36:5:
   |
36 |     function removeZombie(uint256 zombieNum, uint256 maxNodes) external;
   |     ^^^^^^^^^^^^^^^^^^^^^^^^^^^^^^^^^^^^^^^^^^^^^^^^^^^^^^^^^^^^^^^^^^^^


TypeError: Overriding function is missing ""override"" specifier.
   --> src/rollup/RollupUserLogic.sol:410:5:
    |
410 |     function removeOldZombies(uint256 startIndex) public onlyValidator whenNotPaused {
    |     ^ (Relevant source part starts here and spans across multiple lines).
Note: Overridden function is here:
  --> src/rollup/IRollupLogic.sol:38:5:
   |
38 |     function removeOldZombies(uint256 startIndex) external;
   |     ^^^^^^^^^^^^^^^^^^^^^^^^^^^^^^^^^^^^^^^^^^^^^^^^^^^^^^^


TypeError: Overriding function is missing ""override"" specifier.
   --> src/rollup/RollupUserLogic.sol:484:5:
    |
484 |     function requiredStake(
    |     ^ (Relevant source part starts here and spans across multiple lines).
Note: Overridden function is here:
  --> src/rollup/IRollupLogic.sol:40:5:
   |
40 |     function requiredStake(
   |     ^ (Relevant source part starts here and spans across multiple lines).


TypeError: Overriding function is missing ""override"" specifier.
   --> src/rollup/RollupUserLogic.sol:492:5:
    |
492 |     function owner() external view returns (address) {
    |     ^ (Relevant source part starts here and spans across multiple lines).
Note: Overridden function is here:
 --> src/bridge/IOwnable.sol:9:5:
  |
9 |     function owner() external view returns (address);
  |     ^^^^^^^^^^^^^^^^^^^^^^^^^^^^^^^^^^^^^^^^^^^^^^^^^


TypeError: Overriding function is missing ""override"" specifier.
   --> src/rollup/RollupUserLogic.sol:496:5:
    |
496 |     function currentRequiredStake() public view returns (uint256) {
    |     ^ (Relevant source part starts here and spans across multiple lines).
Note: Overridden function is here:
  --> src/rollup/IRollupLogic.sol:46:5:
   |
46 |     function currentRequiredStake() external view returns (uint256);
   |     ^^^^^^^^^^^^^^^^^^^^^^^^^^^^^^^^^^^^^^^^^^^^^^^^^^^^^^^^^^^^^^^^


TypeError: Derived contract must override function ""baseStake"". Two or more base classes define function with same name and parameter types. Since one of the bases defines a public state variable which cannot be overridden, you have to change the inheritance layout or the names of the functions.
  --> src/rollup/RollupUserLogic.sol:13:1:
   |
13 | abstract contract AbsRollupUserLogic is
   | ^ (Relevant source part starts here and spans across multiple lines).
Note: Definition in ""IRollupCore"": 
  --> src/rollup/IRollupCore.sol:58:5:
   |
58 |     function baseStake() external view returns (uint256);
   |     ^^^^^^^^^^^^^^^^^^^^^^^^^^^^^^^^^^^^^^^^^^^^^^^^^^^^^
Note: Definition in ""RollupCore"": 
  --> src/rollup/RollupCore.sol:31:5:
   |
31 |     uint256 public baseStake;
   |     ^^^^^^^^^^^^^^^^^^^^^^^^


TypeError: Derived contract must override function ""bridge"". Two or more base classes define function with same name and parameter types. Since one of the bases defines a public state variable which cannot be overridden, you have to change the inheritance layout or the names of the functions.
  --> src/rollup/RollupUserLogic.sol:13:1:
   |
13 | abstract contract AbsRollupUserLogic is
   | ^ (Relevant source part starts here and spans across multiple lines).
Note: Definition in ""IRollupCore"": 
  --> src/rollup/IRollupCore.sol:62:5:
   |
62 |     function bridge() external view returns (IBridge);
   |     ^^^^^^^^^^^^^^^^^^^^^^^^^^^^^^^^^^^^^^^^^^^^^^^^^^
Note: Definition in ""RollupCore"": 
  --> src/rollup/RollupCore.sol:35:5:
   |
35 |     IBridge public bridge;
   |     ^^^^^^^^^^^^^^^^^^^^^


TypeError: Derived contract must override function ""chainId"". Two or more base classes define function with same name and parameter types. Since one of the bases defines a public state variable which cannot be overridden, you have to change the inheritance layout or the names of the functions.
  --> src/rollup/RollupUserLogic.sol:13:1:
   |
13 | abstract contract AbsRollupUserLogic is
   | ^ (Relevant source part starts here and spans across multiple lines).
Note: Definition in ""IRollupCore"": 
  --> src/rollup/IRollupCore.sol:56:5:
   |
56 |     function chainId() external view returns (uint256);
   |     ^^^^^^^^^^^^^^^^^^^^^^^^^^^^^^^^^^^^^^^^^^^^^^^^^^^
Note: Definition in ""RollupCore"": 
  --> src/rollup/RollupCore.sol:30:5:
   |
30 |     uint256 public chainId;
   |     ^^^^^^^^^^^^^^^^^^^^^^


TypeError: Derived contract must override function ""confirmPeriodBlocks"". Two or more base classes define function with same name and parameter types. Since one of the bases defines a public state variable which cannot be overridden, you have to change the inheritance layout or the names of the functions.
  --> src/rollup/RollupUserLogic.sol:13:1:
   |
13 | abstract contract AbsRollupUserLogic is
   | ^ (Relevant source part starts here and spans across multiple lines).
Note: Definition in ""IRollupCore"": 
  --> src/rollup/IRollupCore.sol:52:5:
   |
52 |     function confirmPeriodBlocks() external view returns (uint64);
   |     ^^^^^^^^^^^^^^^^^^^^^^^^^^^^^^^^^^^^^^^^^^^^^^^^^^^^^^^^^^^^^^
Note: Definition in ""RollupCore"": 
  --> src/rollup/RollupCore.sol:28:5:
   |
28 |     uint64 public confirmPeriodBlocks;
   |     ^^^^^^^^^^^^^^^^^^^^^^^^^^^^^^^^^


TypeError: Derived contract must override function ""extraChallengeTimeBlocks"". Two or more base classes define function with same name and parameter types. Since one of the bases defines a public state variable which cannot be overridden, you have to change the inheritance layout or the names of the functions.
  --> src/rollup/RollupUserLogic.sol:13:1:
   |
13 | abstract contract AbsRollupUserLogic is
   | ^ (Relevant source part starts here and spans across multiple lines).
Note: Definition in ""IRollupCore"": 
  --> src/rollup/IRollupCore.sol:54:5:
   |
54 |     function extraChallengeTimeBlocks() external view returns (uint64);
   |     ^^^^^^^^^^^^^^^^^^^^^^^^^^^^^^^^^^^^^^^^^^^^^^^^^^^^^^^^^^^^^^^^^^^
Note: Definition in ""RollupCore"": 
  --> src/rollup/RollupCore.sol:29:5:
   |
29 |     uint64 public extraChallengeTimeBlocks;
   |     ^^^^^^^^^^^^^^^^^^^^^^^^^^^^^^^^^^^^^^


TypeError: Derived contract must override function ""isValidator"". Two or more base classes define function with same name and parameter types. Since one of the bases defines a public state variable which cannot be overridden, you have to change the inheritance layout or the names of the functions.
  --> src/rollup/RollupUserLogic.sol:13:1:
   |
13 | abstract contract AbsRollupUserLogic is
   | ^ (Relevant source part starts here and spans across multiple lines).
Note: Definition in ""IRollupCore"": 
  --> src/rollup/IRollupCore.sol:78:5:
   |
78 |     function isValidator(address) external view returns (bool);
   |     ^^^^^^^^^^^^^^^^^^^^^^^^^^^^^^^^^^^^^^^^^^^^^^^^^^^^^^^^^^^
Note: Definition in ""RollupCore"": 
  --> src/rollup/RollupCore.sol:50:5:
   |
50 |     mapping(address => bool) public isValidator;
   |     ^^^^^^^^^^^^^^^^^^^^^^^^^^^^^^^^^^^^^^^^^^^


TypeError: Derived contract must override function ""loserStakeEscrow"". Two or more base classes define function with same name and parameter types. Since one of the bases defines a public state variable which cannot be overridden, you have to change the inheritance layout or the names of the functions.
  --> src/rollup/RollupUserLogic.sol:13:1:
   |
13 | abstract contract AbsRollupUserLogic is
   | ^ (Relevant source part starts here and spans across multiple lines).
Note: Definition in ""IRollupCore"": 
  --> src/rollup/IRollupCore.sol:72:5:
   |
72 |     function loserStakeEscrow() external view returns (address);
   |     ^^^^^^^^^^^^^^^^^^^^^^^^^^^^^^^^^^^^^^^^^^^^^^^^^^^^^^^^^^^^
Note: Definition in ""RollupCore"": 
  --> src/rollup/RollupCore.sol:46:5:
   |
46 |     address public loserStakeEscrow;
   |     ^^^^^^^^^^^^^^^^^^^^^^^^^^^^^^^


TypeError: Derived contract must override function ""minimumAssertionPeriod"". Two or more base classes define function with same name and parameter types. Since one of the bases defines a public state variable which cannot be overridden, you have to change the inheritance layout or the names of the functions.
  --> src/rollup/RollupUserLogic.sol:13:1:
   |
13 | abstract contract AbsRollupUserLogic is
   | ^ (Relevant source part starts here and spans across multiple lines).
Note: Definition in ""IRollupCore"": 
  --> src/rollup/IRollupCore.sol:76:5:
   |
76 |     function minimumAssertionPeriod() external view returns (uint256);
   |     ^^^^^^^^^^^^^^^^^^^^^^^^^^^^^^^^^^^^^^^^^^^^^^^^^^^^^^^^^^^^^^^^^^
Note: Definition in ""RollupCore"": 
  --> src/rollup/RollupCore.sol:48:5:
   |
48 |     uint256 public minimumAssertionPeriod;
   |     ^^^^^^^^^^^^^^^^^^^^^^^^^^^^^^^^^^^^^


TypeError: Derived contract must override function ""outbox"". Two or more base classes define function with same name and parameter types. Since one of the bases defines a public state variable which cannot be overridden, you have to change the inheritance layout or the names of the functions.
  --> src/rollup/RollupUserLogic.sol:13:1:
   |
13 | abstract contract AbsRollupUserLogic is
   | ^ (Relevant source part starts here and spans across multiple lines).
Note: Definition in ""IRollupCore"": 
  --> src/rollup/IRollupCore.sol:66:5:
   |
66 |     function outbox() external view returns (IOutbox);
   |     ^^^^^^^^^^^^^^^^^^^^^^^^^^^^^^^^^^^^^^^^^^^^^^^^^^
Note: Definition in ""RollupCore"": 
  --> src/rollup/RollupCore.sol:36:5:
   |
36 |     IOutbox public outbox;
   |     ^^^^^^^^^^^^^^^^^^^^^


TypeError: Derived contract must override function ""rollupEventInbox"". Two or more base classes define function with same name and parameter types. Since one of the bases defines a public state variable which cannot be overridden, you have to change the inheritance layout or the names of the functions.
  --> src/rollup/RollupUserLogic.sol:13:1:
   |
13 | abstract contract AbsRollupUserLogic is
   | ^ (Relevant source part starts here and spans across multiple lines).
Note: Definition in ""IRollupCore"": 
  --> src/rollup/IRollupCore.sol:68:5:
   |
68 |     function rollupEventInbox() external view returns (IRollupEventInbox);
   |     ^^^^^^^^^^^^^^^^^^^^^^^^^^^^^^^^^^^^^^^^^^^^^^^^^^^^^^^^^^^^^^^^^^^^^^
Note: Definition in ""RollupCore"": 
  --> src/rollup/RollupCore.sol:38:5:
   |
38 |     IRollupEventInbox public rollupEventInbox;
   |     ^^^^^^^^^^^^^^^^^^^^^^^^^^^^^^^^^^^^^^^^^


TypeError: Derived contract must override function ""sequencerInbox"". Two or more base classes define function with same name and parameter types. Since one of the bases defines a public state variable which cannot be overridden, you have to change the inheritance layout or the names of the functions.
  --> src/rollup/RollupUserLogic.sol:13:1:
   |
13 | abstract contract AbsRollupUserLogic is
   | ^ (Relevant source part starts here and spans across multiple lines).
Note: Definition in ""IRollupCore"": 
  --> src/rollup/IRollupCore.sol:64:5:
   |
64 |     function sequencerInbox() external view returns (ISequencerInbox);
   |     ^^^^^^^^^^^^^^^^^^^^^^^^^^^^^^^^^^^^^^^^^^^^^^^^^^^^^^^^^^^^^^^^^^
Note: Definition in ""RollupCore"": 
  --> src/rollup/RollupCore.sol:37:5:
   |
37 |     ISequencerInbox public sequencerInbox;
   |     ^^^^^^^^^^^^^^^^^^^^^^^^^^^^^^^^^^^^^


TypeError: Derived contract must override function ""stakeToken"". Two or more base classes define function with same name and parameter types. Since one of the bases defines a public state variable which cannot be overridden, you have to change the inheritance layout or the names of the functions.
  --> src/rollup/RollupUserLogic.sol:13:1:
   |
13 | abstract contract AbsRollupUserLogic is
   | ^ (Relevant source part starts here and spans across multiple lines).
Note: Definition in ""IRollupCore"": 
  --> src/rollup/IRollupCore.sol:74:5:
   |
74 |     function stakeToken() external view returns (address);
   |     ^^^^^^^^^^^^^^^^^^^^^^^^^^^^^^^^^^^^^^^^^^^^^^^^^^^^^^
Note: Definition in ""RollupCore"": 
  --> src/rollup/RollupCore.sol:47:5:
   |
47 |     address public stakeToken;
   |     ^^^^^^^^^^^^^^^^^^^^^^^^^


TypeError: Derived contract must override function ""wasmModuleRoot"". Two or more base classes define function with same name and parameter types. Since one of the bases defines a public state variable which cannot be overridden, you have to change the inheritance layout or the names of the functions.
  --> src/rollup/RollupUserLogic.sol:13:1:
   |
13 | abstract contract AbsRollupUserLogic is
   | ^ (Relevant source part starts here and spans across multiple lines).
Note: Definition in ""IRollupCore"": 
  --> src/rollup/IRollupCore.sol:60:5:
   |
60 |     function wasmModuleRoot() external view returns (bytes32);
   |     ^^^^^^^^^^^^^^^^^^^^^^^^^^^^^^^^^^^^^^^^^^^^^^^^^^^^^^^^^^
Note: Definition in ""RollupCore"": 
  --> src/rollup/RollupCore.sol:32:5:
   |
32 |     bytes32 public wasmModuleRoot;
   |     ^^^^^^^^^^^^^^^^^^^^^^^^^^^^^


TypeError: Derived contract must override function ""baseStake"". Two or more base classes define function with same name and parameter types. Since one of the bases defines a public state variable which cannot be overridden, you have to change the inheritance layout or the names of the functions.
   --> src/rollup/RollupUserLogic.sol:575:1:
    |
575 | contract RollupUserLogic is AbsRollupUserLogic, IRollupUser {
    | ^ (Relevant source part starts here and spans across multiple lines).
Note: Definition in ""IRollupCore"": 
  --> src/rollup/IRollupCore.sol:58:5:
   |
58 |     function baseStake() external view returns (uint256);
   |     ^^^^^^^^^^^^^^^^^^^^^^^^^^^^^^^^^^^^^^^^^^^^^^^^^^^^^
Note: Definition in ""RollupCore"": 
  --> src/rollup/RollupCore.sol:31:5:
   |
31 |     uint256 public baseStake;
   |     ^^^^^^^^^^^^^^^^^^^^^^^^


TypeError: Derived contract must override function ""bridge"". Two or more base classes define function with same name and parameter types. Since one of the bases defines a public state variable which cannot be overridden, you have to change the inheritance layout or the names of the functions.
   --> src/rollup/RollupUserLogic.sol:575:1:
    |
575 | contract RollupUserLogic is AbsRollupUserLogic, IRollupUser {
    | ^ (Relevant source part starts here and spans across multiple lines).
Note: Definition in ""IRollupCore"": 
  --> src/rollup/IRollupCore.sol:62:5:
   |
62 |     function bridge() external view returns (IBridge);
   |     ^^^^^^^^^^^^^^^^^^^^^^^^^^^^^^^^^^^^^^^^^^^^^^^^^^
Note: Definition in ""RollupCore"": 
  --> src/rollup/RollupCore.sol:35:5:
   |
35 |     IBridge public bridge;
   |     ^^^^^^^^^^^^^^^^^^^^^


TypeError: Derived contract must override function ""chainId"". Two or more base classes define function with same name and parameter types. Since one of the bases defines a public state variable which cannot be overridden, you have to change the inheritance layout or the names of the functions.
   --> src/rollup/RollupUserLogic.sol:575:1:
    |
575 | contract RollupUserLogic is AbsRollupUserLogic, IRollupUser {
    | ^ (Relevant source part starts here and spans across multiple lines).
Note: Definition in ""IRollupCore"": 
  --> src/rollup/IRollupCore.sol:56:5:
   |
56 |     function chainId() external view returns (uint256);
   |     ^^^^^^^^^^^^^^^^^^^^^^^^^^^^^^^^^^^^^^^^^^^^^^^^^^^
Note: Definition in ""RollupCore"": 
  --> src/rollup/RollupCore.sol:30:5:
   |
30 |     uint256 public chainId;
   |     ^^^^^^^^^^^^^^^^^^^^^^


TypeError: Derived contract must override function ""confirmNextNode"". Two or more base classes define function with same name and parameter types.
   --> src/rollup/RollupUserLogic.sol:575:1:
    |
575 | contract RollupUserLogic is AbsRollupUserLogic, IRollupUser {
    | ^ (Relevant source part starts here and spans across multiple lines).
Note: Definition in ""IRollupUserAbs"": 
  --> src/rollup/IRollupLogic.sol:22:5:
   |
22 |     function confirmNextNode(bytes32 blockHash, bytes32 sendRoot) external;
   |     ^^^^^^^^^^^^^^^^^^^^^^^^^^^^^^^^^^^^^^^^^^^^^^^^^^^^^^^^^^^^^^^^^^^^^^^
Note: Definition in ""AbsRollupUserLogic"": 
  --> src/rollup/RollupUserLogic.sol:83:5:
   |
83 |     function confirmNextNode(bytes32 blockHash, bytes32 sendRoot)
   |     ^ (Relevant source part starts here and spans across multiple lines).


TypeError: Derived contract must override function ""confirmPeriodBlocks"". Two or more base classes define function with same name and parameter types. Since one of the bases defines a public state variable which cannot be overridden, you have to change the inheritance layout or the names of the functions.
   --> src/rollup/RollupUserLogic.sol:575:1:
    |
575 | contract RollupUserLogic is AbsRollupUserLogic, IRollupUser {
    | ^ (Relevant source part starts here and spans across multiple lines).
Note: Definition in ""IRollupCore"": 
  --> src/rollup/IRollupCore.sol:52:5:
   |
52 |     function confirmPeriodBlocks() external view returns (uint64);
   |     ^^^^^^^^^^^^^^^^^^^^^^^^^^^^^^^^^^^^^^^^^^^^^^^^^^^^^^^^^^^^^^
Note: Definition in ""RollupCore"": 
  --> src/rollup/RollupCore.sol:28:5:
   |
28 |     uint64 public confirmPeriodBlocks;
   |     ^^^^^^^^^^^^^^^^^^^^^^^^^^^^^^^^^


TypeError: Derived contract must override function ""createChallenge"". Two or more base classes define function with same name and parameter types.
   --> src/rollup/RollupUserLogic.sol:575:1:
    |
575 | contract RollupUserLogic is AbsRollupUserLogic, IRollupUser {
    | ^ (Relevant source part starts here and spans across multiple lines).
Note: Definition in ""IRollupUserAbs"": 
  --> src/rollup/IRollupLogic.sol:58:5:
   |
58 |     function createChallenge(
   |     ^ (Relevant source part starts here and spans across multiple lines).
Note: Definition in ""AbsRollupUserLogic"": 
   --> src/rollup/RollupUserLogic.sol:245:5:
    |
245 |     function createChallenge(
    |     ^ (Relevant source part starts here and spans across multiple lines).


TypeError: Derived contract must override function ""currentRequiredStake"". Two or more base classes define function with same name and parameter types.
   --> src/rollup/RollupUserLogic.sol:575:1:
    |
575 | contract RollupUserLogic is AbsRollupUserLogic, IRollupUser {
    | ^ (Relevant source part starts here and spans across multiple lines).
Note: Definition in ""IRollupUserAbs"": 
  --> src/rollup/IRollupLogic.sol:46:5:
   |
46 |     function currentRequiredStake() external view returns (uint256);
   |     ^^^^^^^^^^^^^^^^^^^^^^^^^^^^^^^^^^^^^^^^^^^^^^^^^^^^^^^^^^^^^^^^
Note: Definition in ""AbsRollupUserLogic"": 
   --> src/rollup/RollupUserLogic.sol:496:5:
    |
496 |     function currentRequiredStake() public view returns (uint256) {
    |     ^ (Relevant source part starts here and spans across multiple lines).


TypeError: Derived contract must override function ""extraChallengeTimeBlocks"". Two or more base classes define function with same name and parameter types. Since one of the bases defines a public state variable which cannot be overridden, you have to change the inheritance layout or the names of the functions.
   --> src/rollup/RollupUserLogic.sol:575:1:
    |
575 | contract RollupUserLogic is AbsRollupUserLogic, IRollupUser {
    | ^ (Relevant source part starts here and spans across multiple lines).
Note: Definition in ""IRollupCore"": 
  --> src/rollup/IRollupCore.sol:54:5:
   |
54 |     function extraChallengeTimeBlocks() external view returns (uint64);
   |     ^^^^^^^^^^^^^^^^^^^^^^^^^^^^^^^^^^^^^^^^^^^^^^^^^^^^^^^^^^^^^^^^^^^
Note: Definition in ""RollupCore"": 
  --> src/rollup/RollupCore.sol:29:5:
   |
29 |     uint64 public extraChallengeTimeBlocks;
   |     ^^^^^^^^^^^^^^^^^^^^^^^^^^^^^^^^^^^^^^


TypeError: Derived contract must override function ""isValidator"". Two or more base classes define function with same name and parameter types. Since one of the bases defines a public state variable which cannot be overridden, you have to change the inheritance layout or the names of the functions.
   --> src/rollup/RollupUserLogic.sol:575:1:
    |
575 | contract RollupUserLogic is AbsRollupUserLogic, IRollupUser {
    | ^ (Relevant source part starts here and spans across multiple lines).
Note: Definition in ""IRollupCore"": 
  --> src/rollup/IRollupCore.sol:78:5:
   |
78 |     function isValidator(address) external view returns (bool);
   |     ^^^^^^^^^^^^^^^^^^^^^^^^^^^^^^^^^^^^^^^^^^^^^^^^^^^^^^^^^^^
Note: Definition in ""RollupCore"": 
  --> src/rollup/RollupCore.sol:50:5:
   |
50 |     mapping(address => bool) public isValidator;
   |     ^^^^^^^^^^^^^^^^^^^^^^^^^^^^^^^^^^^^^^^^^^^


TypeError: Derived contract must override function ""loserStakeEscrow"". Two or more base classes define function with same name and parameter types. Since one of the bases defines a public state variable which cannot be overridden, you have to change the inheritance layout or the names of the functions.
   --> src/rollup/RollupUserLogic.sol:575:1:
    |
575 | contract RollupUserLogic is AbsRollupUserLogic, IRollupUser {
    | ^ (Relevant source part starts here and spans across multiple lines).
Note: Definition in ""IRollupCore"": 
  --> src/rollup/IRollupCore.sol:72:5:
   |
72 |     function loserStakeEscrow() external view returns (address);
   |     ^^^^^^^^^^^^^^^^^^^^^^^^^^^^^^^^^^^^^^^^^^^^^^^^^^^^^^^^^^^^
Note: Definition in ""RollupCore"": 
  --> src/rollup/RollupCore.sol:46:5:
   |
46 |     address public loserStakeEscrow;
   |     ^^^^^^^^^^^^^^^^^^^^^^^^^^^^^^^


TypeError: Derived contract must override function ""minimumAssertionPeriod"". Two or more base classes define function with same name and parameter types. Since one of the bases defines a public state variable which cannot be overridden, you have to change the inheritance layout or the names of the functions.
   --> src/rollup/RollupUserLogic.sol:575:1:
    |
575 | contract RollupUserLogic is AbsRollupUserLogic, IRollupUser {
    | ^ (Relevant source part starts here and spans across multiple lines).
Note: Definition in ""IRollupCore"": 
  --> src/rollup/IRollupCore.sol:76:5:
   |
76 |     function minimumAssertionPeriod() external view returns (uint256);
   |     ^^^^^^^^^^^^^^^^^^^^^^^^^^^^^^^^^^^^^^^^^^^^^^^^^^^^^^^^^^^^^^^^^^
Note: Definition in ""RollupCore"": 
  --> src/rollup/RollupCore.sol:48:5:
   |
48 |     uint256 public minimumAssertionPeriod;
   |     ^^^^^^^^^^^^^^^^^^^^^^^^^^^^^^^^^^^^^


TypeError: Derived contract must override function ""outbox"". Two or more base classes define function with same name and parameter types. Since one of the bases defines a public state variable which cannot be overridden, you have to change the inheritance layout or the names of the functions.
   --> src/rollup/RollupUserLogic.sol:575:1:
    |
575 | contract RollupUserLogic is AbsRollupUserLogic, IRollupUser {
    | ^ (Relevant source part starts here and spans across multiple lines).
Note: Definition in ""IRollupCore"": 
  --> src/rollup/IRollupCore.sol:66:5:
   |
66 |     function outbox() external view returns (IOutbox);
   |     ^^^^^^^^^^^^^^^^^^^^^^^^^^^^^^^^^^^^^^^^^^^^^^^^^^
Note: Definition in ""RollupCore"": 
  --> src/rollup/RollupCore.sol:36:5:
   |
36 |     IOutbox public outbox;
   |     ^^^^^^^^^^^^^^^^^^^^^


TypeError: Derived contract must override function ""owner"". Two or more base classes define function with same name and parameter types.
   --> src/rollup/RollupUserLogic.sol:575:1:
    |
575 | contract RollupUserLogic is AbsRollupUserLogic, IRollupUser {
    | ^ (Relevant source part starts here and spans across multiple lines).
Note: Definition in ""IOwnable"": 
 --> src/bridge/IOwnable.sol:9:5:
  |
9 |     function owner() external view returns (address);
  |     ^^^^^^^^^^^^^^^^^^^^^^^^^^^^^^^^^^^^^^^^^^^^^^^^^
Note: Definition in ""AbsRollupUserLogic"": 
   --> src/rollup/RollupUserLogic.sol:492:5:
    |
492 |     function owner() external view returns (address) {
    |     ^ (Relevant source part starts here and spans across multiple lines).


TypeError: Derived contract must override function ""reduceDeposit"". Two or more base classes define function with same name and parameter types.
   --> src/rollup/RollupUserLogic.sol:575:1:
    |
575 | contract RollupUserLogic is AbsRollupUserLogic, IRollupUser {
    | ^ (Relevant source part starts here and spans across multiple lines).
Note: Definition in ""IRollupUserAbs"": 
  --> src/rollup/IRollupLogic.sol:34:5:
   |
34 |     function reduceDeposit(uint256 target) external;
   |     ^^^^^^^^^^^^^^^^^^^^^^^^^^^^^^^^^^^^^^^^^^^^^^^^
Note: Definition in ""AbsRollupUserLogic"": 
   --> src/rollup/RollupUserLogic.sol:225:5:
    |
225 |     function reduceDeposit(uint256 target) external onlyValidator whenNotPaused {
    |     ^ (Relevant source part starts here and spans across multiple lines).


TypeError: Derived contract must override function ""rejectNextNode"". Two or more base classes define function with same name and parameter types.
   --> src/rollup/RollupUserLogic.sol:575:1:
    |
575 | contract RollupUserLogic is AbsRollupUserLogic, IRollupUser {
    | ^ (Relevant source part starts here and spans across multiple lines).
Note: Definition in ""IRollupUserAbs"": 
  --> src/rollup/IRollupLogic.sol:20:5:
   |
20 |     function rejectNextNode(address stakerAddress) external;
   |     ^^^^^^^^^^^^^^^^^^^^^^^^^^^^^^^^^^^^^^^^^^^^^^^^^^^^^^^^
Note: Definition in ""AbsRollupUserLogic"": 
  --> src/rollup/RollupUserLogic.sol:35:5:
   |
35 |     function rejectNextNode(address stakerAddress) external onlyValidator whenNotPaused {
   |     ^ (Relevant source part starts here and spans across multiple lines).


TypeError: Derived contract must override function ""removeOldZombies"". Two or more base classes define function with same name and parameter types.
   --> src/rollup/RollupUserLogic.sol:575:1:
    |
575 | contract RollupUserLogic is AbsRollupUserLogic, IRollupUser {
    | ^ (Relevant source part starts here and spans across multiple lines).
Note: Definition in ""IRollupUserAbs"": 
  --> src/rollup/IRollupLogic.sol:38:5:
   |
38 |     function removeOldZombies(uint256 startIndex) external;
   |     ^^^^^^^^^^^^^^^^^^^^^^^^^^^^^^^^^^^^^^^^^^^^^^^^^^^^^^^
Note: Definition in ""AbsRollupUserLogic"": 
   --> src/rollup/RollupUserLogic.sol:410:5:
    |
410 |     function removeOldZombies(uint256 startIndex) public onlyValidator whenNotPaused {
    |     ^ (Relevant source part starts here and spans across multiple lines).


TypeError: Derived contract must override function ""removeZombie"". Two or more base classes define function with same name and parameter types.
   --> src/rollup/RollupUserLogic.sol:575:1:
    |
575 | contract RollupUserLogic is AbsRollupUserLogic, IRollupUser {
    | ^ (Relevant source part starts here and spans across multiple lines).
Note: Definition in ""IRollupUserAbs"": 
  --> src/rollup/IRollupLogic.sol:36:5:
   |
36 |     function removeZombie(uint256 zombieNum, uint256 maxNodes) external;
   |     ^^^^^^^^^^^^^^^^^^^^^^^^^^^^^^^^^^^^^^^^^^^^^^^^^^^^^^^^^^^^^^^^^^^^
Note: Definition in ""AbsRollupUserLogic"": 
   --> src/rollup/RollupUserLogic.sol:383:5:
    |
383 |     function removeZombie(uint256 zombieNum, uint256 maxNodes)
    |     ^ (Relevant source part starts here and spans across multiple lines).


TypeError: Derived contract must override function ""requiredStake"". Two or more base classes define function with same name and parameter types.
   --> src/rollup/RollupUserLogic.sol:575:1:
    |
575 | contract RollupUserLogic is AbsRollupUserLogic, IRollupUser {
    | ^ (Relevant source part starts here and spans across multiple lines).
Note: Definition in ""IRollupUserAbs"": 
  --> src/rollup/IRollupLogic.sol:40:5:
   |
40 |     function requiredStake(
   |     ^ (Relevant source part starts here and spans across multiple lines).
Note: Definition in ""AbsRollupUserLogic"": 
   --> src/rollup/RollupUserLogic.sol:484:5:
    |
484 |     function requiredStake(
    |     ^ (Relevant source part starts here and spans across multiple lines).


TypeError: Derived contract must override function ""rollupEventInbox"". Two or more base classes define function with same name and parameter types. Since one of the bases defines a public state variable which cannot be overridden, you have to change the inheritance layout or the names of the functions.
   --> src/rollup/RollupUserLogic.sol:575:1:
    |
575 | contract RollupUserLogic is AbsRollupUserLogic, IRollupUser {
    | ^ (Relevant source part starts here and spans across multiple lines).
Note: Definition in ""IRollupCore"": 
  --> src/rollup/IRollupCore.sol:68:5:
   |
68 |     function rollupEventInbox() external view returns (IRollupEventInbox);
   |     ^^^^^^^^^^^^^^^^^^^^^^^^^^^^^^^^^^^^^^^^^^^^^^^^^^^^^^^^^^^^^^^^^^^^^^
Note: Definition in ""RollupCore"": 
  --> src/rollup/RollupCore.sol:38:5:
   |
38 |     IRollupEventInbox public rollupEventInbox;
   |     ^^^^^^^^^^^^^^^^^^^^^^^^^^^^^^^^^^^^^^^^^


TypeError: Derived contract must override function ""sequencerInbox"". Two or more base classes define function with same name and parameter types. Since one of the bases defines a public state variable which cannot be overridden, you have to change the inheritance layout or the names of the functions.
   --> src/rollup/RollupUserLogic.sol:575:1:
    |
575 | contract RollupUserLogic is AbsRollupUserLogic, IRollupUser {
    | ^ (Relevant source part starts here and spans across multiple lines).
Note: Definition in ""IRollupCore"": 
  --> src/rollup/IRollupCore.sol:64:5:
   |
64 |     function sequencerInbox() external view returns (ISequencerInbox);
   |     ^^^^^^^^^^^^^^^^^^^^^^^^^^^^^^^^^^^^^^^^^^^^^^^^^^^^^^^^^^^^^^^^^^
Note: Definition in ""RollupCore"": 
  --> src/rollup/RollupCore.sol:37:5:
   |
37 |     ISequencerInbox public sequencerInbox;
   |     ^^^^^^^^^^^^^^^^^^^^^^^^^^^^^^^^^^^^^


TypeError: Derived contract must override function ""stakeOnExistingNode"". Two or more base classes define function with same name and parameter types.
   --> src/rollup/RollupUserLogic.sol:575:1:
    |
575 | contract RollupUserLogic is AbsRollupUserLogic, IRollupUser {
    | ^ (Relevant source part starts here and spans across multiple lines).
Note: Definition in ""IRollupUserAbs"": 
  --> src/rollup/IRollupLogic.sol:24:5:
   |
24 |     function stakeOnExistingNode(uint64 nodeNum, bytes32 nodeHash) external;
   |     ^^^^^^^^^^^^^^^^^^^^^^^^^^^^^^^^^^^^^^^^^^^^^^^^^^^^^^^^^^^^^^^^^^^^^^^^
Note: Definition in ""AbsRollupUserLogic"": 
   --> src/rollup/RollupUserLogic.sol:135:5:
    |
135 |     function stakeOnExistingNode(uint64 nodeNum, bytes32 nodeHash)
    |     ^ (Relevant source part starts here and spans across multiple lines).


TypeError: Derived contract must override function ""stakeOnNewNode"". Two or more base classes define function with same name and parameter types.
   --> src/rollup/RollupUserLogic.sol:575:1:
    |
575 | contract RollupUserLogic is AbsRollupUserLogic, IRollupUser {
    | ^ (Relevant source part starts here and spans across multiple lines).
Note: Definition in ""IRollupUserAbs"": 
  --> src/rollup/IRollupLogic.sol:26:5:
   |
26 |     function stakeOnNewNode(
   |     ^ (Relevant source part starts here and spans across multiple lines).
Note: Definition in ""AbsRollupUserLogic"": 
   --> src/rollup/RollupUserLogic.sol:157:5:
    |
157 |     function stakeOnNewNode(
    |     ^ (Relevant source part starts here and spans across multiple lines).


TypeError: Derived contract must override function ""stakeToken"". Two or more base classes define function with same name and parameter types. Since one of the bases defines a public state variable which cannot be overridden, you have to change the inheritance layout or the names of the functions.
   --> src/rollup/RollupUserLogic.sol:575:1:
    |
575 | contract RollupUserLogic is AbsRollupUserLogic, IRollupUser {
    | ^ (Relevant source part starts here and spans across multiple lines).
Note: Definition in ""IRollupCore"": 
  --> src/rollup/IRollupCore.sol:74:5:
   |
74 |     function stakeToken() external view returns (address);
   |     ^^^^^^^^^^^^^^^^^^^^^^^^^^^^^^^^^^^^^^^^^^^^^^^^^^^^^^
Note: Definition in ""RollupCore"": 
  --> src/rollup/RollupCore.sol:47:5:
   |
47 |     address public stakeToken;
   |     ^^^^^^^^^^^^^^^^^^^^^^^^^


TypeError: Derived contract must override function ""wasmModuleRoot"". Two or more base classes define function with same name and parameter types. Since one of the bases defines a public state variable which cannot be overridden, you have to change the inheritance layout or the names of the functions.
   --> src/rollup/RollupUserLogic.sol:575:1:
    |
575 | contract RollupUserLogic is AbsRollupUserLogic, IRollupUser {
    | ^ (Relevant source part starts here and spans across multiple lines).
Note: Definition in ""IRollupCore"": 
  --> src/rollup/IRollupCore.sol:60:5:
   |
60 |     function wasmModuleRoot() external view returns (bytes32);
   |     ^^^^^^^^^^^^^^^^^^^^^^^^^^^^^^^^^^^^^^^^^^^^^^^^^^^^^^^^^^
Note: Definition in ""RollupCore"": 
  --> src/rollup/RollupCore.sol:32:5:
   |
32 |     bytes32 public wasmModuleRoot;
   |     ^^^^^^^^^^^^^^^^^^^^^^^^^^^^^


TypeError: Overriding function is missing ""override"" specifier.
   --> src/rollup/RollupUserLogic.sol:684:5:
    |
684 |     function addToDeposit(address stakerAddress, uint256 tokenAmount)
    |     ^ (Relevant source part starts here and spans across multiple lines).
Note: Overridden function is here:
  --> src/rollup/IRollupLogic.sol:96:5:
   |
96 |     function addToDeposit(address stakerAddress, uint256 tokenAmount) external;
   |     ^^^^^^^^^^^^^^^^^^^^^^^^^^^^^^^^^^^^^^^^^^^^^^^^^^^^^^^^^^^^^^^^^^^^^^^^^^^


TypeError: Derived contract must override function ""baseStake"". Two or more base classes define function with same name and parameter types. Since one of the bases defines a public state variable which cannot be overridden, you have to change the inheritance layout or the names of the functions.
   --> src/rollup/RollupUserLogic.sol:635:1:
    |
635 | contract ERC20RollupUserLogic is AbsRollupUserLogic, IRollupUserERC20 {
    | ^ (Relevant source part starts here and spans across multiple lines).
Note: Definition in ""IRollupCore"": 
  --> src/rollup/IRollupCore.sol:58:5:
   |
58 |     function baseStake() external view returns (uint256);
   |     ^^^^^^^^^^^^^^^^^^^^^^^^^^^^^^^^^^^^^^^^^^^^^^^^^^^^^
Note: Definition in ""RollupCore"": 
  --> src/rollup/RollupCore.sol:31:5:
   |
31 |     uint256 public baseStake;
   |     ^^^^^^^^^^^^^^^^^^^^^^^^


TypeError: Derived contract must override function ""bridge"". Two or more base classes define function with same name and parameter types. Since one of the bases defines a public state variable which cannot be overridden, you have to change the inheritance layout or the names of the functions.
   --> src/rollup/RollupUserLogic.sol:635:1:
    |
635 | contract ERC20RollupUserLogic is AbsRollupUserLogic, IRollupUserERC20 {
    | ^ (Relevant source part starts here and spans across multiple lines).
Note: Definition in ""IRollupCore"": 
  --> src/rollup/IRollupCore.sol:62:5:
   |
62 |     function bridge() external view returns (IBridge);
   |     ^^^^^^^^^^^^^^^^^^^^^^^^^^^^^^^^^^^^^^^^^^^^^^^^^^
Note: Definition in ""RollupCore"": 
  --> src/rollup/RollupCore.sol:35:5:
   |
35 |     IBridge public bridge;
   |     ^^^^^^^^^^^^^^^^^^^^^


TypeError: Derived contract must override function ""chainId"". Two or more base classes define function with same name and parameter types. Since one of the bases defines a public state variable which cannot be overridden, you have to change the inheritance layout or the names of the functions.
   --> src/rollup/RollupUserLogic.sol:635:1:
    |
635 | contract ERC20RollupUserLogic is AbsRollupUserLogic, IRollupUserERC20 {
    | ^ (Relevant source part starts here and spans across multiple lines).
Note: Definition in ""IRollupCore"": 
  --> src/rollup/IRollupCore.sol:56:5:
   |
56 |     function chainId() external view returns (uint256);
   |     ^^^^^^^^^^^^^^^^^^^^^^^^^^^^^^^^^^^^^^^^^^^^^^^^^^^
Note: Definition in ""RollupCore"": 
  --> src/rollup/RollupCore.sol:30:5:
   |
30 |     uint256 public chainId;
   |     ^^^^^^^^^^^^^^^^^^^^^^


TypeError: Derived contract must override function ""confirmNextNode"". Two or more base classes define function with same name and parameter types.
   --> src/rollup/RollupUserLogic.sol:635:1:
    |
635 | contract ERC20RollupUserLogic is AbsRollupUserLogic, IRollupUserERC20 {
    | ^ (Relevant source part starts here and spans across multiple lines).
Note: Definition in ""IRollupUserAbs"": 
  --> src/rollup/IRollupLogic.sol:22:5:
   |
22 |     function confirmNextNode(bytes32 blockHash, bytes32 sendRoot) external;
   |     ^^^^^^^^^^^^^^^^^^^^^^^^^^^^^^^^^^^^^^^^^^^^^^^^^^^^^^^^^^^^^^^^^^^^^^^
Note: Definition in ""AbsRollupUserLogic"": 
  --> src/rollup/RollupUserLogic.sol:83:5:
   |
83 |     function confirmNextNode(bytes32 blockHash, bytes32 sendRoot)
   |     ^ (Relevant source part starts here and spans across multiple lines).


TypeError: Derived contract must override function ""confirmPeriodBlocks"". Two or more base classes define function with same name and parameter types. Since one of the bases defines a public state variable which cannot be overridden, you have to change the inheritance layout or the names of the functions.
   --> src/rollup/RollupUserLogic.sol:635:1:
    |
635 | contract ERC20RollupUserLogic is AbsRollupUserLogic, IRollupUserERC20 {
    | ^ (Relevant source part starts here and spans across multiple lines).
Note: Definition in ""IRollupCore"": 
  --> src/rollup/IRollupCore.sol:52:5:
   |
52 |     function confirmPeriodBlocks() external view returns (uint64);
   |     ^^^^^^^^^^^^^^^^^^^^^^^^^^^^^^^^^^^^^^^^^^^^^^^^^^^^^^^^^^^^^^
Note: Definition in ""RollupCore"": 
  --> src/rollup/RollupCore.sol:28:5:
   |
28 |     uint64 public confirmPeriodBlocks;
   |     ^^^^^^^^^^^^^^^^^^^^^^^^^^^^^^^^^


TypeError: Derived contract must override function ""createChallenge"". Two or more base classes define function with same name and parameter types.
   --> src/rollup/RollupUserLogic.sol:635:1:
    |
635 | contract ERC20RollupUserLogic is AbsRollupUserLogic, IRollupUserERC20 {
    | ^ (Relevant source part starts here and spans across multiple lines).
Note: Definition in ""IRollupUserAbs"": 
  --> src/rollup/IRollupLogic.sol:58:5:
   |
58 |     function createChallenge(
   |     ^ (Relevant source part starts here and spans across multiple lines).
Note: Definition in ""AbsRollupUserLogic"": 
   --> src/rollup/RollupUserLogic.sol:245:5:
    |
245 |     function createChallenge(
    |     ^ (Relevant source part starts here and spans across multiple lines).


TypeError: Derived contract must override function ""currentRequiredStake"". Two or more base classes define function with same name and parameter types.
   --> src/rollup/RollupUserLogic.sol:635:1:
    |
635 | contract ERC20RollupUserLogic is AbsRollupUserLogic, IRollupUserERC20 {
    | ^ (Relevant source part starts here and spans across multiple lines).
Note: Definition in ""IRollupUserAbs"": 
  --> src/rollup/IRollupLogic.sol:46:5:
   |
46 |     function currentRequiredStake() external view returns (uint256);
   |     ^^^^^^^^^^^^^^^^^^^^^^^^^^^^^^^^^^^^^^^^^^^^^^^^^^^^^^^^^^^^^^^^
Note: Definition in ""AbsRollupUserLogic"": 
   --> src/rollup/RollupUserLogic.sol:496:5:
    |
496 |     function currentRequiredStake() public view returns (uint256) {
    |     ^ (Relevant source part starts here and spans across multiple lines).


TypeError: Derived contract must override function ""extraChallengeTimeBlocks"". Two or more base classes define function with same name and parameter types. Since one of the bases defines a public state variable which cannot be overridden, you have to change the inheritance layout or the names of the functions.
   --> src/rollup/RollupUserLogic.sol:635:1:
    |
635 | contract ERC20RollupUserLogic is AbsRollupUserLogic, IRollupUserERC20 {
    | ^ (Relevant source part starts here and spans across multiple lines).
Note: Definition in ""IRollupCore"": 
  --> src/rollup/IRollupCore.sol:54:5:
   |
54 |     function extraChallengeTimeBlocks() external view returns (uint64);
   |     ^^^^^^^^^^^^^^^^^^^^^^^^^^^^^^^^^^^^^^^^^^^^^^^^^^^^^^^^^^^^^^^^^^^
Note: Definition in ""RollupCore"": 
  --> src/rollup/RollupCore.sol:29:5:
   |
29 |     uint64 public extraChallengeTimeBlocks;
   |     ^^^^^^^^^^^^^^^^^^^^^^^^^^^^^^^^^^^^^^


TypeError: Derived contract must override function ""isValidator"". Two or more base classes define function with same name and parameter types. Since one of the bases defines a public state variable which cannot be overridden, you have to change the inheritance layout or the names of the functions.
   --> src/rollup/RollupUserLogic.sol:635:1:
    |
635 | contract ERC20RollupUserLogic is AbsRollupUserLogic, IRollupUserERC20 {
    | ^ (Relevant source part starts here and spans across multiple lines).
Note: Definition in ""IRollupCore"": 
  --> src/rollup/IRollupCore.sol:78:5:
   |
78 |     function isValidator(address) external view returns (bool);
   |     ^^^^^^^^^^^^^^^^^^^^^^^^^^^^^^^^^^^^^^^^^^^^^^^^^^^^^^^^^^^
Note: Definition in ""RollupCore"": 
  --> src/rollup/RollupCore.sol:50:5:
   |
50 |     mapping(address => bool) public isValidator;
   |     ^^^^^^^^^^^^^^^^^^^^^^^^^^^^^^^^^^^^^^^^^^^


TypeError: Derived contract must override function ""loserStakeEscrow"". Two or more base classes define function with same name and parameter types. Since one of the bases defines a public state variable which cannot be overridden, you have to change the inheritance layout or the names of the functions.
   --> src/rollup/RollupUserLogic.sol:635:1:
    |
635 | contract ERC20RollupUserLogic is AbsRollupUserLogic, IRollupUserERC20 {
    | ^ (Relevant source part starts here and spans across multiple lines).
Note: Definition in ""IRollupCore"": 
  --> src/rollup/IRollupCore.sol:72:5:
   |
72 |     function loserStakeEscrow() external view returns (address);
   |     ^^^^^^^^^^^^^^^^^^^^^^^^^^^^^^^^^^^^^^^^^^^^^^^^^^^^^^^^^^^^
Note: Definition in ""RollupCore"": 
  --> src/rollup/RollupCore.sol:46:5:
   |
46 |     address public loserStakeEscrow;
   |     ^^^^^^^^^^^^^^^^^^^^^^^^^^^^^^^


TypeError: Derived contract must override function ""minimumAssertionPeriod"". Two or more base classes define function with same name and parameter types. Since one of the bases defines a public state variable which cannot be overridden, you have to change the inheritance layout or the names of the functions.
   --> src/rollup/RollupUserLogic.sol:635:1:
    |
635 | contract ERC20RollupUserLogic is AbsRollupUserLogic, IRollupUserERC20 {
    | ^ (Relevant source part starts here and spans across multiple lines).
Note: Definition in ""IRollupCore"": 
  --> src/rollup/IRollupCore.sol:76:5:
   |
76 |     function minimumAssertionPeriod() external view returns (uint256);
   |     ^^^^^^^^^^^^^^^^^^^^^^^^^^^^^^^^^^^^^^^^^^^^^^^^^^^^^^^^^^^^^^^^^^
Note: Definition in ""RollupCore"": 
  --> src/rollup/RollupCore.sol:48:5:
   |
48 |     uint256 public minimumAssertionPeriod;
   |     ^^^^^^^^^^^^^^^^^^^^^^^^^^^^^^^^^^^^^


TypeError: Derived contract must override function ""outbox"". Two or more base classes define function with same name and parameter types. Since one of the bases defines a public state variable which cannot be overridden, you have to change the inheritance layout or the names of the functions.
   --> src/rollup/RollupUserLogic.sol:635:1:
    |
635 | contract ERC20RollupUserLogic is AbsRollupUserLogic, IRollupUserERC20 {
    | ^ (Relevant source part starts here and spans across multiple lines).
Note: Definition in ""IRollupCore"": 
  --> src/rollup/IRollupCore.sol:66:5:
   |
66 |     function outbox() external view returns (IOutbox);
   |     ^^^^^^^^^^^^^^^^^^^^^^^^^^^^^^^^^^^^^^^^^^^^^^^^^^
Note: Definition in ""RollupCore"": 
  --> src/rollup/RollupCore.sol:36:5:
   |
36 |     IOutbox public outbox;
   |     ^^^^^^^^^^^^^^^^^^^^^


TypeError: Derived contract must override function ""owner"". Two or more base classes define function with same name and parameter types.
   --> src/rollup/RollupUserLogic.sol:635:1:
    |
635 | contract ERC20RollupUserLogic is AbsRollupUserLogic, IRollupUserERC20 {
    | ^ (Relevant source part starts here and spans across multiple lines).
Note: Definition in ""IOwnable"": 
 --> src/bridge/IOwnable.sol:9:5:
  |
9 |     function owner() external view returns (address);
  |     ^^^^^^^^^^^^^^^^^^^^^^^^^^^^^^^^^^^^^^^^^^^^^^^^^
Note: Definition in ""AbsRollupUserLogic"": 
   --> src/rollup/RollupUserLogic.sol:492:5:
    |
492 |     function owner() external view returns (address) {
    |     ^ (Relevant source part starts here and spans across multiple lines).


TypeError: Derived contract must override function ""reduceDeposit"". Two or more base classes define function with same name and parameter types.
   --> src/rollup/RollupUserLogic.sol:635:1:
    |
635 | contract ERC20RollupUserLogic is AbsRollupUserLogic, IRollupUserERC20 {
    | ^ (Relevant source part starts here and spans across multiple lines).
Note: Definition in ""IRollupUserAbs"": 
  --> src/rollup/IRollupLogic.sol:34:5:
   |
34 |     function reduceDeposit(uint256 target) external;
   |     ^^^^^^^^^^^^^^^^^^^^^^^^^^^^^^^^^^^^^^^^^^^^^^^^
Note: Definition in ""AbsRollupUserLogic"": 
   --> src/rollup/RollupUserLogic.sol:225:5:
    |
225 |     function reduceDeposit(uint256 target) external onlyValidator whenNotPaused {
    |     ^ (Relevant source part starts here and spans across multiple lines).


TypeError: Derived contract must override function ""rejectNextNode"". Two or more base classes define function with same name and parameter types.
   --> src/rollup/RollupUserLogic.sol:635:1:
    |
635 | contract ERC20RollupUserLogic is AbsRollupUserLogic, IRollupUserERC20 {
    | ^ (Relevant source part starts here and spans across multiple lines).
Note: Definition in ""IRollupUserAbs"": 
  --> src/rollup/IRollupLogic.sol:20:5:
   |
20 |     function rejectNextNode(address stakerAddress) external;
   |     ^^^^^^^^^^^^^^^^^^^^^^^^^^^^^^^^^^^^^^^^^^^^^^^^^^^^^^^^
Note: Definition in ""AbsRollupUserLogic"": 
  --> src/rollup/RollupUserLogic.sol:35:5:
   |
35 |     function rejectNextNode(address stakerAddress) external onlyValidator whenNotPaused {
   |     ^ (Relevant source part starts here and spans across multiple lines).


TypeError: Derived contract must override function ""removeOldZombies"". Two or more base classes define function with same name and parameter types.
   --> src/rollup/RollupUserLogic.sol:635:1:
    |
635 | contract ERC20RollupUserLogic is AbsRollupUserLogic, IRollupUserERC20 {
    | ^ (Relevant source part starts here and spans across multiple lines).
Note: Definition in ""IRollupUserAbs"": 
  --> src/rollup/IRollupLogic.sol:38:5:
   |
38 |     function removeOldZombies(uint256 startIndex) external;
   |     ^^^^^^^^^^^^^^^^^^^^^^^^^^^^^^^^^^^^^^^^^^^^^^^^^^^^^^^
Note: Definition in ""AbsRollupUserLogic"": 
   --> src/rollup/RollupUserLogic.sol:410:5:
    |
410 |     function removeOldZombies(uint256 startIndex) public onlyValidator whenNotPaused {
    |     ^ (Relevant source part starts here and spans across multiple lines).


TypeError: Derived contract must override function ""removeZombie"". Two or more base classes define function with same name and parameter types.
   --> src/rollup/RollupUserLogic.sol:635:1:
    |
635 | contract ERC20RollupUserLogic is AbsRollupUserLogic, IRollupUserERC20 {
    | ^ (Relevant source part starts here and spans across multiple lines).
Note: Definition in ""IRollupUserAbs"": 
  --> src/rollup/IRollupLogic.sol:36:5:
   |
36 |     function removeZombie(uint256 zombieNum, uint256 maxNodes) external;
   |     ^^^^^^^^^^^^^^^^^^^^^^^^^^^^^^^^^^^^^^^^^^^^^^^^^^^^^^^^^^^^^^^^^^^^
Note: Definition in ""AbsRollupUserLogic"": 
   --> src/rollup/RollupUserLogic.sol:383:5:
    |
383 |     function removeZombie(uint256 zombieNum, uint256 maxNodes)
    |     ^ (Relevant source part starts here and spans across multiple lines).


TypeError: Derived contract must override function ""requiredStake"". Two or more base classes define function with same name and parameter types.
   --> src/rollup/RollupUserLogic.sol:635:1:
    |
635 | contract ERC20RollupUserLogic is AbsRollupUserLogic, IRollupUserERC20 {
    | ^ (Relevant source part starts here and spans across multiple lines).
Note: Definition in ""IRollupUserAbs"": 
  --> src/rollup/IRollupLogic.sol:40:5:
   |
40 |     function requiredStake(
   |     ^ (Relevant source part starts here and spans across multiple lines).
Note: Definition in ""AbsRollupUserLogic"": 
   --> src/rollup/RollupUserLogic.sol:484:5:
    |
484 |     function requiredStake(
    |     ^ (Relevant source part starts here and spans across multiple lines).


TypeError: Derived contract must override function ""rollupEventInbox"". Two or more base classes define function with same name and parameter types. Since one of the bases defines a public state variable which cannot be overridden, you have to change the inheritance layout or the names of the functions.
   --> src/rollup/RollupUserLogic.sol:635:1:
    |
635 | contract ERC20RollupUserLogic is AbsRollupUserLogic, IRollupUserERC20 {
    | ^ (Relevant source part starts here and spans across multiple lines).
Note: Definition in ""IRollupCore"": 
  --> src/rollup/IRollupCore.sol:68:5:
   |
68 |     function rollupEventInbox() external view returns (IRollupEventInbox);
   |     ^^^^^^^^^^^^^^^^^^^^^^^^^^^^^^^^^^^^^^^^^^^^^^^^^^^^^^^^^^^^^^^^^^^^^^
Note: Definition in ""RollupCore"": 
  --> src/rollup/RollupCore.sol:38:5:
   |
38 |     IRollupEventInbox public rollupEventInbox;
   |     ^^^^^^^^^^^^^^^^^^^^^^^^^^^^^^^^^^^^^^^^^


TypeError: Derived contract must override function ""sequencerInbox"". Two or more base classes define function with same name and parameter types. Since one of the bases defines a public state variable which cannot be overridden, you have to change the inheritance layout or the names of the functions.
   --> src/rollup/RollupUserLogic.sol:635:1:
    |
635 | contract ERC20RollupUserLogic is AbsRollupUserLogic, IRollupUserERC20 {
    | ^ (Relevant source part starts here and spans across multiple lines).
Note: Definition in ""IRollupCore"": 
  --> src/rollup/IRollupCore.sol:64:5:
   |
64 |     function sequencerInbox() external view returns (ISequencerInbox);
   |     ^^^^^^^^^^^^^^^^^^^^^^^^^^^^^^^^^^^^^^^^^^^^^^^^^^^^^^^^^^^^^^^^^^
Note: Definition in ""RollupCore"": 
  --> src/rollup/RollupCore.sol:37:5:
   |
37 |     ISequencerInbox public sequencerInbox;
   |     ^^^^^^^^^^^^^^^^^^^^^^^^^^^^^^^^^^^^^


TypeError: Derived contract must override function ""stakeOnExistingNode"". Two or more base classes define function with same name and parameter types.
   --> src/rollup/RollupUserLogic.sol:635:1:
    |
635 | contract ERC20RollupUserLogic is AbsRollupUserLogic, IRollupUserERC20 {
    | ^ (Relevant source part starts here and spans across multiple lines).
Note: Definition in ""IRollupUserAbs"": 
  --> src/rollup/IRollupLogic.sol:24:5:
   |
24 |     function stakeOnExistingNode(uint64 nodeNum, bytes32 nodeHash) external;
   |     ^^^^^^^^^^^^^^^^^^^^^^^^^^^^^^^^^^^^^^^^^^^^^^^^^^^^^^^^^^^^^^^^^^^^^^^^
Note: Definition in ""AbsRollupUserLogic"": 
   --> src/rollup/RollupUserLogic.sol:135:5:
    |
135 |     function stakeOnExistingNode(uint64 nodeNum, bytes32 nodeHash)
    |     ^ (Relevant source part starts here and spans across multiple lines).


TypeError: Derived contract must override function ""stakeOnNewNode"". Two or more base classes define function with same name and parameter types.
   --> src/rollup/RollupUserLogic.sol:635:1:
    |
635 | contract ERC20RollupUserLogic is AbsRollupUserLogic, IRollupUserERC20 {
    | ^ (Relevant source part starts here and spans across multiple lines).
Note: Definition in ""IRollupUserAbs"": 
  --> src/rollup/IRollupLogic.sol:26:5:
   |
26 |     function stakeOnNewNode(
   |     ^ (Relevant source part starts here and spans across multiple lines).
Note: Definition in ""AbsRollupUserLogic"": 
   --> src/rollup/RollupUserLogic.sol:157:5:
    |
157 |     function stakeOnNewNode(
    |     ^ (Relevant source part starts here and spans across multiple lines).


TypeError: Derived contract must override function ""stakeToken"". Two or more base classes define function with same name and parameter types. Since one of the bases defines a public state variable which cannot be overridden, you have to change the inheritance layout or the names of the functions.
   --> src/rollup/RollupUserLogic.sol:635:1:
    |
635 | contract ERC20RollupUserLogic is AbsRollupUserLogic, IRollupUserERC20 {
    | ^ (Relevant source part starts here and spans across multiple lines).
Note: Definition in ""IRollupCore"": 
  --> src/rollup/IRollupCore.sol:74:5:
   |
74 |     function stakeToken() external view returns (address);
   |     ^^^^^^^^^^^^^^^^^^^^^^^^^^^^^^^^^^^^^^^^^^^^^^^^^^^^^^
Note: Definition in ""RollupCore"": 
  --> src/rollup/RollupCore.sol:47:5:
   |
47 |     address public stakeToken;
   |     ^^^^^^^^^^^^^^^^^^^^^^^^^


TypeError: Derived contract must override function ""wasmModuleRoot"". Two or more base classes define function with same name and parameter types. Since one of the bases defines a public state variable which cannot be overridden, you have to change the inheritance layout or the names of the functions.
   --> src/rollup/RollupUserLogic.sol:635:1:
    |
635 | contract ERC20RollupUserLogic is AbsRollupUserLogic, IRollupUserERC20 {
    | ^ (Relevant source part starts here and spans across multiple lines).
Note: Definition in ""IRollupCore"": 
  --> src/rollup/IRollupCore.sol:60:5:
   |
60 |     function wasmModuleRoot() external view returns (bytes32);
   |     ^^^^^^^^^^^^^^^^^^^^^^^^^^^^^^^^^^^^^^^^^^^^^^^^^^^^^^^^^^
Note: Definition in ""RollupCore"": 
  --> src/rollup/RollupCore.sol:32:5:
   |
32 |     bytes32 public wasmModuleRoot;
   |     ^^^^^^^^^^^^^^^^^^^^^^^^^^^^^


TypeError: Overriding function is missing ""override"" specifier.
  --> src/test-helpers/BridgeTester.sol:70:5:
   |
70 |     function initialize(IOwnable rollup_) external initializer {
   |     ^ (Relevant source part starts here and spans across multiple lines).
Note: Overridden function is here:
   --> src/bridge/IBridge.sol:107:5:
    |
107 |     function initialize(IOwnable rollup_) external;
    |     ^^^^^^^^^^^^^^^^^^^^^^^^^^^^^^^^^^^^^^^^^^^^^^^


TypeError: Overriding function is missing ""override"" specifier.
  --> src/test-helpers/BridgeTester.sol:75:5:
   |
75 |     function activeOutbox() public view returns (address) {
   |     ^ (Relevant source part starts here and spans across multiple lines).
Note: Overridden function is here:
  --> src/bridge/IBridge.sol:49:5:
   |
49 |     function activeOutbox() external view returns (address);
   |     ^^^^^^^^^^^^^^^^^^^^^^^^^^^^^^^^^^^^^^^^^^^^^^^^^^^^^^^^


TypeError: Overriding function is missing ""override"" specifier.
  --> src/test-helpers/BridgeTester.sol:88:5:
   |
88 |     function enqueueSequencerMessage(bytes32 dataHash, uint256 afterDelayedMessagesRead)
   |     ^ (Relevant source part starts here and spans across multiple lines).
Note: Overridden function is here:
  --> src/bridge/IBridge.sol:78:5:
   |
78 |     function enqueueSequencerMessage(bytes32 dataHash, uint256 afterDelayedMessagesRead)
   |     ^ (Relevant source part starts here and spans across multiple lines).


TypeError: Overriding function is missing ""override"" specifier.
   --> src/test-helpers/BridgeTester.sol:100:5:
    |
100 |     function submitBatchSpendingReport(address batchPoster, bytes32 dataHash)
    |     ^ (Relevant source part starts here and spans across multiple lines).
Note: Overridden function is here:
  --> src/bridge/IBridge.sol:93:5:
   |
93 |     function submitBatchSpendingReport(address batchPoster, bytes32 dataHash)
   |     ^ (Relevant source part starts here and spans across multiple lines).


TypeError: Overriding public state variable is missing ""override"" specifier.
  --> src/test-helpers/BridgeTester.sol:40:5:
   |
40 |     address[] public allowedDelayedInboxList;
   |     ^^^^^^^^^^^^^^^^^^^^^^^^^^^^^^^^^^^^^^^^
Note: Overridden public state variable is here:
  --> src/bridge/IBridge.sol:35:5:
   |
35 |     function allowedDelayedInboxList(uint256) external returns (address);
   |     ^^^^^^^^^^^^^^^^^^^^^^^^^^^^^^^^^^^^^^^^^^^^^^^^^^^^^^^^^^^^^^^^^^^^^


TypeError: Overriding public state variable is missing ""override"" specifier.
  --> src/test-helpers/BridgeTester.sol:41:5:
   |
41 |     address[] public allowedOutboxList;
   |     ^^^^^^^^^^^^^^^^^^^^^^^^^^^^^^^^^^
Note: Overridden public state variable is here:
  --> src/bridge/IBridge.sol:37:5:
   |
37 |     function allowedOutboxList(uint256) external returns (address);
   |     ^^^^^^^^^^^^^^^^^^^^^^^^^^^^^^^^^^^^^^^^^^^^^^^^^^^^^^^^^^^^^^^


TypeError: Overriding public state variable is missing ""override"" specifier.
  --> src/test-helpers/BridgeTester.sol:45:5:
   |
45 |     IOwnable public rollup;
   |     ^^^^^^^^^^^^^^^^^^^^^^
Note: Overridden public state variable is here:
  --> src/bridge/IBridge.sol:45:5:
   |
45 |     function rollup() external view returns (IOwnable);
   |     ^^^^^^^^^^^^^^^^^^^^^^^^^^^^^^^^^^^^^^^^^^^^^^^^^^^


TypeError: Overriding public state variable is missing ""override"" specifier.
  --> src/test-helpers/BridgeTester.sol:46:5:
   |
46 |     address public sequencerInbox;
   |     ^^^^^^^^^^^^^^^^^^^^^^^^^^^^^
Note: Overridden public state variable is here:
  --> src/bridge/IBridge.sol:47:5:
   |
47 |     function sequencerInbox() external view returns (address);
   |     ^^^^^^^^^^^^^^^^^^^^^^^^^^^^^^^^^^^^^^^^^^^^^^^^^^^^^^^^^^


TypeError: Overriding public state variable is missing ""override"" specifier.
  --> src/test-helpers/OutboxWithoutOptTester.sol:22:5:
   |
22 |     address public rollup; // the rollup contract
   |     ^^^^^^^^^^^^^^^^^^^^^
Note: Overridden public state variable is here:
  --> src/bridge/IOutbox.sol:19:5:
   |
19 |     function rollup() external view returns (address); // the rollup contract
   |     ^^^^^^^^^^^^^^^^^^^^^^^^^^^^^^^^^^^^^^^^^^^^^^^^^^


TypeError: Overriding public state variable is missing ""override"" specifier.
  --> src/test-helpers/OutboxWithoutOptTester.sol:23:5:
   |
23 |     IBridge public bridge; // the bridge contract
   |     ^^^^^^^^^^^^^^^^^^^^^
Note: Overridden public state variable is here:
  --> src/bridge/IOutbox.sol:21:5:
   |
21 |     function bridge() external view returns (IBridge); // the bridge contract
   |     ^^^^^^^^^^^^^^^^^^^^^^^^^^^^^^^^^^^^^^^^^^^^^^^^^^


TypeError: Overriding public state variable is missing ""override"" specifier.
  --> src/test-helpers/OutboxWithoutOptTester.sol:29:5:
   |
29 |     mapping(uint256 => bool) public isSpent; // maps leaf number => if spent
   |     ^^^^^^^^^^^^^^^^^^^^^^^^^^^^^^^^^^^^^^^
Note: Overridden public state variable is here:
   --> src/bridge/IOutbox.sol:103:5:
    |
103 |     function isSpent(uint256 index) external view returns (bool);
    |     ^^^^^^^^^^^^^^^^^^^^^^^^^^^^^^^^^^^^^^^^^^^^^^^^^^^^^^^^^^^^^


TypeError: Overriding public state variable is missing ""override"" specifier.
  --> src/test-helpers/OutboxWithoutOptTester.sol:30:5:
   |
30 |     mapping(bytes32 => bytes32) public roots; // maps root hashes => L2 block hash
   |     ^^^^^^^^^^^^^^^^^^^^^^^^^^^^^^^^^^^^^^^^
Note: Overridden public state variable is here:
  --> src/bridge/IOutbox.sol:25:5:
   |
25 |     function roots(bytes32) external view returns (bytes32); // maps root hashes => L2 block hash
   |     ^^^^^^^^^^^^^^^^^^^^^^^^^^^^^^^^^^^^^^^^^^^^^^^^^^^^^^^^


TypeError: Overriding public state variable is missing ""override"" specifier.
  --> src/test-helpers/OutboxWithoutOptTester.sol:43:5:
   |
43 |     uint128 public constant OUTBOX_VERSION = 2;
   |     ^^^^^^^^^^^^^^^^^^^^^^^^^^^^^^^^^^^^^^^^^^
Note: Overridden public state variable is here:
  --> src/bridge/IOutbox.sol:28:5:
   |
28 |     function OUTBOX_VERSION() external view returns (uint128); // the outbox version
   |     ^^^^^^^^^^^^^^^^^^^^^^^^^^^^^^^^^^^^^^^^^^^^^^^^^^^^^^^^^^


TypeError: Member ""basefee"" not found or not visible after argument-dependent lookup in block.
   --> src/bridge/Bridge.sol:130:17:
    |
130 |                 block.basefee,
    |                 ^^^^^^^^^^^^^


> command: `/Users/mojtabae/.solcx/solc-v0.8.4 --standard-json`
> return code: `0`
> stdout:
{""errors"":[{""component"":""general"",""errorCode"":""9456"",""formattedMessage"":""TypeError: Overriding function is missing \""override\"" specifier.\n  --> src/bridge/Bridge.sol:58:5:\n   |\n58 |     function initialize(IOwnable rollup_) external initializer onlyDelegated {\n   |     ^ (Relevant source part starts here and spans across multiple lines).\nNote: Overridden function is here:\n   --> src/bridge/IBridge.sol:107:5:\n    |\n107 |     function initialize(IOwnable rollup_) external;\n    |     ^^^^^^^^^^^^^^^^^^^^^^^^^^^^^^^^^^^^^^^^^^^^^^^\n\n"",""message"":""Overriding function is missing \""override\"" specifier."",""secondarySourceLocations"":[{""end"":3685,""file"":""src/bridge/IBridge.sol"",""message"":""Overridden function is here:"",""start"":3638}],""severity"":""error"",""sourceLocation"":{""end"":1899,""file"":""src/bridge/Bridge.sol"",""start"":1749},""type"":""TypeError""},{""component"":""general"",""errorCode"":""9456"",""formattedMessage"":""TypeError: Overriding function is missing \""override\"" specifier.\n  --> src/bridge/Bridge.sol:74:5:\n   |\n74 |     function activeOutbox() public view returns (address) {\n   |     ^ (Relevant source part starts here and spans across multiple lines).\nNote: Overridden function is here:\n  --> src/bridge/IBridge.sol:49:5:\n   |\n49 |     function activeOutbox() external view returns (address);\n   |     ^^^^^^^^^^^^^^^^^^^^^^^^^^^^^^^^^^^^^^^^^^^^^^^^^^^^^^^^\n\n"",""message"":""Overriding function is missing \""override\"" specifier."",""secondarySourceLocations"":[{""end"":1655,""file"":""src/bridge/IBridge.sol"",""message"":""Overridden function is here:"",""start"":1599}],""severity"":""error"",""sourceLocation"":{""end"":2787,""file"":""src/bridge/Bridge.sol"",""start"":2295},""type"":""TypeError""},{""component"":""general"",""errorCode"":""9456"",""formattedMessage"":""TypeError: Overriding function is missing \""override\"" specifier.\n  --> src/bridge/Bridge.sol:84:5:\n   |\n84 |     function allowedDelayedInboxes(address inbox) external view returns (bool) {\n   |     ^ (Relevant source part starts here and spans across multiple lines).\nNote: Overridden function is here:\n  --> src/bridge/IBridge.sol:51:5:\n   |\n51 |     function allowedDelayedInboxes(address inbox) external view returns (bool);\n   |     ^^^^^^^^^^^^^^^^^^^^^^^^^^^^^^^^^^^^^^^^^^^^^^^^^^^^^^^^^^^^^^^^^^^^^^^^^^^\n\n"",""message"":""Overriding function is missing \""override\"" specifier."",""secondarySourceLocations"":[{""end"":1736,""file"":""src/bridge/IBridge.sol"",""message"":""Overridden function is here:"",""start"":1661}],""severity"":""error"",""sourceLocation"":{""end"":2931,""file"":""src/bridge/Bridge.sol"",""start"":2793},""type"":""TypeError""},{""component"":""general"",""errorCode"":""9456"",""formattedMessage"":""TypeError: Overriding function is missing \""override\"" specifier.\n  --> src/bridge/Bridge.sol:88:5:\n   |\n88 |     function allowedOutboxes(address outbox) external view returns (bool) {\n   |     ^ (Relevant source part starts here and spans across multiple lines).\nNote: Overridden function is here:\n  --> src/bridge/IBridge.sol:53:5:\n   |\n53 |     function allowedOutboxes(address outbox) external view returns (bool);\n   |     ^^^^^^^^^^^^^^^^^^^^^^^^^^^^^^^^^^^^^^^^^^^^^^^^^^^^^^^^^^^^^^^^^^^^^^\n\n"",""message"":""Overriding function is missing \""override\"" specifier."",""secondarySourceLocations"":[{""end"":1812,""file"":""src/bridge/IBridge.sol"",""message"":""Overridden function is here:"",""start"":1742}],""severity"":""error"",""sourceLocation"":{""end"":3065,""file"":""src/bridge/Bridge.sol"",""start"":2937},""type"":""TypeError""},{""component"":""general"",""errorCode"":""9456"",""formattedMessage"":""TypeError: Overriding function is missing \""override\"" specifier.\n  --> src/bridge/Bridge.sol:97:5:\n   |\n97 |     function enqueueSequencerMessage(bytes32 dataHash, uint256 afterDelayedMessagesRead)\n   |     ^ (Relevant source part starts here and spans across multiple lines).\nNote: Overridden function is here:\n  --> src/bridge/IBridge.sol:78:5:\n   |\n78 |     function enqueueSequencerMessage(bytes32 dataHash, uint256 afterDelayedMessagesRead)\n   |     ^ (Relevant source part starts here and spans across multiple lines).\n\n"",""message"":""Overriding function is missing \""override\"" specifier."",""secondarySourceLocations"":[{""end"":2824,""file"":""src/bridge/IBridge.sol"",""message"":""Overridden function is here:"",""start"":2570}],""severity"":""error"",""sourceLocation"":{""end"":3921,""file"":""src/bridge/Bridge.sol"",""start"":3205},""type"":""TypeError""},{""component"":""general"",""errorCode"":""9456"",""formattedMessage"":""TypeError: Overriding function is missing \""override\"" specifier.\n   --> src/bridge/Bridge.sol:119:5:\n    |\n119 |     function submitBatchSpendingReport(address sender, bytes32 messageDataHash)\n    |     ^ (Relevant source part starts here and spans across multiple lines).\nNote: Overridden function is here:\n  --> src/bridge/IBridge.sol:93:5:\n   |\n93 |     function submitBatchSpendingReport(address batchPoster, bytes32 dataHash)\n   |     ^ (Relevant source part starts here and spans across multiple lines).\n\n"",""message"":""Overriding function is missing \""override\"" specifier."",""secondarySourceLocations"":[{""end"":3333,""file"":""src/bridge/IBridge.sol"",""message"":""Overridden function is here:"",""start"":3209}],""severity"":""error"",""sourceLocation"":{""end"":4444,""file"":""src/bridge/Bridge.sol"",""start"":3955},""type"":""TypeError""},{""component"":""general"",""errorCode"":""9456"",""formattedMessage"":""TypeError: Overriding function is missing \""override\"" specifier.\n   --> src/bridge/Bridge.sol:136:5:\n    |\n136 |     function enqueueDelayedMessage(\n    |     ^ (Relevant source part starts here and spans across multiple lines).\nNote: Overridden function is here:\n  --> src/bridge/IBridge.sol:60:5:\n   |\n60 |     function enqueueDelayedMessage(\n   |     ^ (Relevant source part starts here and spans across multiple lines).\n\n"",""message"":""Overriding function is missing \""override\"" specifier."",""secondarySourceLocations"":[{""end"":2203,""file"":""src/bridge/IBridge.sol"",""message"":""Overridden function is here:"",""start"":2054}],""severity"":""error"",""sourceLocation"":{""end"":5032,""file"":""src/bridge/Bridge.sol"",""start"":4478},""type"":""TypeError""},{""component"":""general"",""errorCode"":""9456"",""formattedMessage"":""TypeError: Overriding function is missing \""override\"" specifier.\n   --> src/bridge/Bridge.sol:189:5:\n    |\n189 |     function executeCall(\n    |     ^ (Relevant source part starts here and spans across multiple lines).\nNote: Overridden function is here:\n  --> src/bridge/IBridge.sol:66:5:\n   |\n66 |     function executeCall(\n   |     ^ (Relevant source part starts here and spans across multiple lines).\n\n"",""message"":""Overriding function is missing \""override\"" specifier."",""secondarySourceLocations"":[{""end"":2365,""file"":""src/bridge/IBridge.sol"",""message"":""Overridden function is here:"",""start"":2209}],""severity"":""error"",""sourceLocation"":{""end"":6935,""file"":""src/bridge/Bridge.sol"",""start"":6006},""type"":""TypeError""},{""component"":""general"",""errorCode"":""9456"",""formattedMessage"":""TypeError: Overriding function is missing \""override\"" specifier.\n   --> src/bridge/Bridge.sol:208:5:\n    |\n208 |     function setSequencerInbox(address _sequencerInbox) external onlyRollupOrOwner {\n    |     ^ (Relevant source part starts here and spans across multiple lines).\nNote: Overridden function is here:\n  --> src/bridge/IBridge.sol:99:5:\n   |\n99 |     function setSequencerInbox(address _sequencerInbox) external;\n   |     ^^^^^^^^^^^^^^^^^^^^^^^^^^^^^^^^^^^^^^^^^^^^^^^^^^^^^^^^^^^^^\n\n"",""message"":""Overriding function is missing \""override\"" specifier."",""secondarySourceLocations"":[{""end"":3458,""file"":""src/bridge/IBridge.sol"",""message"":""Overridden function is here:"",""start"":3397}],""severity"":""error"",""sourceLocation"":{""end"":7122,""file"":""src/bridge/Bridge.sol"",""start"":6941},""type"":""TypeError""},{""component"":""general"",""errorCode"":""9456"",""formattedMessage"":""TypeError: Overriding function is missing \""override\"" specifier.\n   --> src/bridge/Bridge.sol:213:5:\n    |\n213 |     function setDelayedInbox(address inbox, bool enabled) external onlyRollupOrOwner {\n    |     ^ (Relevant source part starts here and spans across multiple lines).\nNote: Overridden function is here:\n   --> src/bridge/IBridge.sol:101:5:\n    |\n101 |     function setDelayedInbox(address inbox, bool enabled) external;\n    |     ^^^^^^^^^^^^^^^^^^^^^^^^^^^^^^^^^^^^^^^^^^^^^^^^^^^^^^^^^^^^^^^\n\n"",""message"":""Overriding function is missing \""override\"" specifier."",""secondarySourceLocations"":[{""end"":3527,""file"":""src/bridge/IBridge.sol"",""message"":""Overridden function is here:"",""start"":3464}],""severity"":""error"",""sourceLocation"":{""end"":7998,""file"":""src/bridge/Bridge.sol"",""start"":7128},""type"":""TypeError""},{""component"":""general"",""errorCode"":""9456"",""formattedMessage"":""TypeError: Overriding function is missing \""override\"" specifier.\n   --> src/bridge/Bridge.sol:233:5:\n    |\n233 |     function setOutbox(address outbox, bool enabled) external onlyRollupOrOwner {\n    |     ^ (Relevant source part starts here and spans across multiple lines).\nNote: Overridden function is here:\n   --> src/bridge/IBridge.sol:103:5:\n    |\n103 |     function setOutbox(address inbox, bool enabled) external;\n    |     ^^^^^^^^^^^^^^^^^^^^^^^^^^^^^^^^^^^^^^^^^^^^^^^^^^^^^^^^^\n\n"",""message"":""Overriding function is missing \""override\"" specifier."",""secondarySourceLocations"":[{""end"":3590,""file"":""src/bridge/IBridge.sol"",""message"":""Overridden function is here:"",""start"":3533}],""severity"":""error"",""sourceLocation"":{""end"":8855,""file"":""src/bridge/Bridge.sol"",""start"":8004},""type"":""TypeError""},{""component"":""general"",""errorCode"":""9456"",""formattedMessage"":""TypeError: Overriding function is missing \""override\"" specifier.\n   --> src/bridge/Bridge.sol:253:5:\n    |\n253 |     function delayedMessageCount() external view returns (uint256) {\n    |     ^ (Relevant source part starts here and spans across multiple lines).\nNote: Overridden function is here:\n  --> src/bridge/IBridge.sol:72:5:\n   |\n72 |     function delayedMessageCount() external view returns (uint256);\n   |     ^^^^^^^^^^^^^^^^^^^^^^^^^^^^^^^^^^^^^^^^^^^^^^^^^^^^^^^^^^^^^^^\n\n"",""message"":""Overriding function is missing \""override\"" specifier."",""secondarySourceLocations"":[{""end"":2434,""file"":""src/bridge/IBridge.sol"",""message"":""Overridden function is here:"",""start"":2371}],""severity"":""error"",""sourceLocation"":{""end"":8971,""file"":""src/bridge/Bridge.sol"",""start"":8861},""type"":""TypeError""},{""component"":""general"",""errorCode"":""9456"",""formattedMessage"":""TypeError: Overriding function is missing \""override\"" specifier.\n   --> src/bridge/Bridge.sol:257:5:\n    |\n257 |     function sequencerMessageCount() external view returns (uint256) {\n    |     ^ (Relevant source part starts here and spans across multiple lines).\nNote: Overridden function is here:\n  --> src/bridge/IBridge.sol:74:5:\n   |\n74 |     function sequencerMessageCount() external view returns (uint256);\n   |     ^^^^^^^^^^^^^^^^^^^^^^^^^^^^^^^^^^^^^^^^^^^^^^^^^^^^^^^^^^^^^^^^^\n\n"",""message"":""Overriding function is missing \""override\"" specifier."",""secondarySourceLocations"":[{""end"":2505,""file"":""src/bridge/IBridge.sol"",""message"":""Overridden function is here:"",""start"":2440}],""severity"":""error"",""sourceLocation"":{""end"":9091,""file"":""src/bridge/Bridge.sol"",""start"":8977},""type"":""TypeError""},{""component"":""general"",""errorCode"":""9456"",""formattedMessage"":""TypeError: Overriding public state variable is missing \""override\"" specifier.\n  --> src/bridge/Bridge.sol:42:5:\n   |\n42 |     address[] public allowedDelayedInboxList;\n   |     ^^^^^^^^^^^^^^^^^^^^^^^^^^^^^^^^^^^^^^^^\nNote: Overridden public state variable is here:\n  --> src/bridge/IBridge.sol:35:5:\n   |\n35 |     function allowedDelayedInboxList(uint256) external returns (address);\n   |     ^^^^^^^^^^^^^^^^^^^^^^^^^^^^^^^^^^^^^^^^^^^^^^^^^^^^^^^^^^^^^^^^^^^^^\n\n"",""message"":""Overriding public state variable is missing \""override\"" specifier."",""secondarySourceLocations"":[{""end"":949,""file"":""src/bridge/IBridge.sol"",""message"":""Overridden public state variable is here:"",""start"":880}],""severity"":""error"",""sourceLocation"":{""end"":1385,""file"":""src/bridge/Bridge.sol"",""start"":1345},""type"":""TypeError""},{""component"":""general"",""errorCode"":""9456"",""formattedMessage"":""TypeError: Overriding public state variable is missing \""override\"" specifier.\n  --> src/bridge/Bridge.sol:43:5:\n   |\n43 |     address[] public allowedOutboxList;\n   |     ^^^^^^^^^^^^^^^^^^^^^^^^^^^^^^^^^^\nNote: Overridden public state variable is here:\n  --> src/bridge/IBridge.sol:37:5:\n   |\n37 |     function allowedOutboxList(uint256) external returns (address);\n   |     ^^^^^^^^^^^^^^^^^^^^^^^^^^^^^^^^^^^^^^^^^^^^^^^^^^^^^^^^^^^^^^^\n\n"",""message"":""Overriding public state variable is missing \""override\"" specifier."",""secondarySourceLocations"":[{""end"":1018,""file"":""src/bridge/IBridge.sol"",""message"":""Overridden public state variable is here:"",""start"":955}],""severity"":""error"",""sourceLocation"":{""end"":1425,""file"":""src/bridge/Bridge.sol"",""start"":1391},""type"":""TypeError""},{""component"":""general"",""errorCode"":""9456"",""formattedMessage"":""TypeError: Overriding public state variable is missing \""override\"" specifier.\n  --> src/bridge/Bridge.sol:48:5:\n   |\n48 |     bytes32[] public delayedInboxAccs;\n   |     ^^^^^^^^^^^^^^^^^^^^^^^^^^^^^^^^^\nNote: Overridden public state variable is here:\n  --> src/bridge/IBridge.sol:40:5:\n   |\n40 |     function delayedInboxAccs(uint256) external view returns (bytes32);\n   |     ^^^^^^^^^^^^^^^^^^^^^^^^^^^^^^^^^^^^^^^^^^^^^^^^^^^^^^^^^^^^^^^^^^^\n\n"",""message"":""Overriding public state variable is missing \""override\"" specifier."",""secondarySourceLocations"":[{""end"":1243,""file"":""src/bridge/IBridge.sol"",""message"":""Overridden public state variable is here:"",""start"":1176}],""severity"":""error"",""sourceLocation"":{""end"":1529,""file"":""src/bridge/Bridge.sol"",""start"":1496},""type"":""TypeError""},{""component"":""general"",""errorCode"":""9456"",""formattedMessage"":""TypeError: Overriding public state variable is missing \""override\"" specifier.\n  --> src/bridge/Bridge.sol:51:5:\n   |\n51 |     bytes32[] public sequencerInboxAccs;\n   |     ^^^^^^^^^^^^^^^^^^^^^^^^^^^^^^^^^^^\nNote: Overridden public state variable is here:\n  --> src/bridge/IBridge.sol:43:5:\n   |\n43 |     function sequencerInboxAccs(uint256) external view returns (bytes32);\n   |     ^^^^^^^^^^^^^^^^^^^^^^^^^^^^^^^^^^^^^^^^^^^^^^^^^^^^^^^^^^^^^^^^^^^^^\n\n"",""message"":""Overriding public state variable is missing \""override\"" specifier."",""secondarySourceLocations"":[{""end"":1472,""file"":""src/bridge/IBridge.sol"",""message"":""Overridden public state variable is here:"",""start"":1403}],""severity"":""error"",""sourceLocation"":{""end"":1599,""file"":""src/bridge/Bridge.sol"",""start"":1564},""type"":""TypeError""},{""component"":""general"",""errorCode"":""9456"",""formattedMessage"":""TypeError: Overriding public state variable is missing \""override\"" specifier.\n  --> src/bridge/Bridge.sol:53:5:\n   |\n53 |     IOwnable public rollup;\n   |     ^^^^^^^^^^^^^^^^^^^^^^\nNote: Overridden public state variable is here:\n  --> src/bridge/IBridge.sol:45:5:\n   |\n45 |     function rollup() external view returns (IOwnable);\n   |     ^^^^^^^^^^^^^^^^^^^^^^^^^^^^^^^^^^^^^^^^^^^^^^^^^^^\n\n"",""message"":""Overriding public state variable is missing \""override\"" specifier."",""secondarySourceLocations"":[{""end"":1529,""file"":""src/bridge/IBridge.sol"",""message"":""Overridden public state variable is here:"",""start"":1478}],""severity"":""error"",""sourceLocation"":{""end"":1628,""file"":""src/bridge/Bridge.sol"",""start"":1606},""type"":""TypeError""},{""component"":""general"",""errorCode"":""9456"",""formattedMessage"":""TypeError: Overriding public state variable is missing \""override\"" specifier.\n  --> src/bridge/Bridge.sol:54:5:\n   |\n54 |     address public sequencerInbox;\n   |     ^^^^^^^^^^^^^^^^^^^^^^^^^^^^^\nNote: Overridden public state variable is here:\n  --> src/bridge/IBridge.sol:47:5:\n   |\n47 |     function sequencerInbox() external view returns (address);\n   |     ^^^^^^^^^^^^^^^^^^^^^^^^^^^^^^^^^^^^^^^^^^^^^^^^^^^^^^^^^^\n\n"",""message"":""Overriding public state variable is missing \""override\"" specifier."",""secondarySourceLocations"":[{""end"":1593,""file"":""src/bridge/IBridge.sol"",""message"":""Overridden public state variable is here:"",""start"":1535}],""severity"":""error"",""sourceLocation"":{""end"":1663,""file"":""src/bridge/Bridge.sol"",""start"":1634},""type"":""TypeError""},{""component"":""general"",""errorCode"":""9456"",""formattedMessage"":""TypeError: Overriding function is missing \""override\"" specifier.\n  --> src/bridge/Inbox.sol:96:5:\n   |\n96 |     function pause() external onlyRollupOrOwner {\n   |     ^ (Relevant source part starts here and spans across multiple lines).\nNote: Overridden function is here:\n   --> src/bridge/IInbox.sol:139:5:\n    |\n139 |     function pause() external;\n    |     ^^^^^^^^^^^^^^^^^^^^^^^^^^\n\n"",""message"":""Overriding function is missing \""override\"" specifier."",""secondarySourceLocations"":[{""end"":6623,""file"":""src/bridge/IInbox.sol"",""message"":""Overridden function is here:"",""start"":6597}],""severity"":""error"",""sourceLocation"":{""end"":3402,""file"":""src/bridge/Inbox.sol"",""start"":3333},""type"":""TypeError""},{""component"":""general"",""errorCode"":""9456"",""formattedMessage"":""TypeError: Overriding function is missing \""override\"" specifier.\n   --> src/bridge/Inbox.sol:101:5:\n    |\n101 |     function unpause() external onlyRollupOrOwner {\n    |     ^ (Relevant source part starts here and spans across multiple lines).\nNote: Overridden function is here:\n   --> src/bridge/IInbox.sol:142:5:\n    |\n142 |     function unpause() external;\n    |     ^^^^^^^^^^^^^^^^^^^^^^^^^^^^\n\n"",""message"":""Overriding function is missing \""override\"" specifier."",""secondarySourceLocations"":[{""end"":6706,""file"":""src/bridge/IInbox.sol"",""message"":""Overridden function is here:"",""start"":6678}],""severity"":""error"",""sourceLocation"":{""end"":3508,""file"":""src/bridge/Inbox.sol"",""start"":3435},""type"":""TypeError""},{""component"":""general"",""errorCode"":""9456"",""formattedMessage"":""TypeError: Overriding function is missing \""override\"" specifier.\n   --> src/bridge/Inbox.sol:105:5:\n    |\n105 |     function initialize(IBridge _bridge, ISequencerInbox _sequencerInbox)\n    |     ^ (Relevant source part starts here and spans across multiple lines).\nNote: Overridden function is here:\n   --> src/bridge/IInbox.sol:152:5:\n    |\n152 |     function initialize(IBridge _bridge, ISequencerInbox _sequencerInbox) external;\n    |     ^^^^^^^^^^^^^^^^^^^^^^^^^^^^^^^^^^^^^^^^^^^^^^^^^^^^^^^^^^^^^^^^^^^^^^^^^^^^^^^\n\n"",""message"":""Overriding function is missing \""override\"" specifier."",""secondarySourceLocations"":[{""end"":7032,""file"":""src/bridge/IInbox.sol"",""message"":""Overridden function is here:"",""start"":6953}],""severity"":""error"",""sourceLocation"":{""end"":3783,""file"":""src/bridge/Inbox.sol"",""start"":3514},""type"":""TypeError""},{""component"":""general"",""errorCode"":""9456"",""formattedMessage"":""TypeError: Overriding function is missing \""override\"" specifier.\n   --> src/bridge/Inbox.sol:117:5:\n    |\n117 |     function postUpgradeInit(IBridge _bridge) external onlyDelegated onlyProxyOwner {\n    |     ^ (Relevant source part starts here and spans across multiple lines).\nNote: Overridden function is here:\n   --> src/bridge/IInbox.sol:150:5:\n    |\n150 |     function postUpgradeInit(IBridge _bridge) external;\n    |     ^^^^^^^^^^^^^^^^^^^^^^^^^^^^^^^^^^^^^^^^^^^^^^^^^^^\n\n"",""message"":""Overriding function is missing \""override\"" specifier."",""secondarySourceLocations"":[{""end"":6947,""file"":""src/bridge/IInbox.sol"",""message"":""Overridden function is here:"",""start"":6896}],""severity"":""error"",""sourceLocation"":{""end"":4120,""file"":""src/bridge/Inbox.sol"",""start"":3816},""type"":""TypeError""},{""component"":""general"",""errorCode"":""9456"",""formattedMessage"":""TypeError: Overriding function is missing \""override\"" specifier.\n   --> src/bridge/Inbox.sol:129:5:\n    |\n129 |     function sendL2MessageFromOrigin(bytes calldata messageData)\n    |     ^ (Relevant source part starts here and spans across multiple lines).\nNote: Overridden function is here:\n  --> src/bridge/IInbox.sol:22:5:\n   |\n22 |     function sendL2MessageFromOrigin(bytes calldata messageData) external returns (uint256);\n   |     ^^^^^^^^^^^^^^^^^^^^^^^^^^^^^^^^^^^^^^^^^^^^^^^^^^^^^^^^^^^^^^^^^^^^^^^^^^^^^^^^^^^^^^^^\n\n"",""message"":""Overriding function is missing \""override\"" specifier."",""secondarySourceLocations"":[{""end"":927,""file"":""src/bridge/IInbox.sol"",""message"":""Overridden function is here:"",""start"":839}],""severity"":""error"",""sourceLocation"":{""end"":4699,""file"":""src/bridge/Inbox.sol"",""start"":4153},""type"":""TypeError""},{""component"":""general"",""errorCode"":""9456"",""formattedMessage"":""TypeError: Overriding function is missing \""override\"" specifier.\n   --> src/bridge/Inbox.sol:145:5:\n    |\n145 |     function sendL2Message(bytes calldata messageData)\n    |     ^ (Relevant source part starts here and spans across multiple lines).\nNote: Overridden function is here:\n  --> src/bridge/IInbox.sol:29:5:\n   |\n29 |     function sendL2Message(bytes calldata messageData) external returns (uint256);\n   |     ^^^^^^^^^^^^^^^^^^^^^^^^^^^^^^^^^^^^^^^^^^^^^^^^^^^^^^^^^^^^^^^^^^^^^^^^^^^^^^\n\n"",""message"":""Overriding function is missing \""override\"" specifier."",""secondarySourceLocations"":[{""end"":1237,""file"":""src/bridge/IInbox.sol"",""message"":""Overridden function is here:"",""start"":1159}],""severity"":""error"",""sourceLocation"":{""end"":4944,""file"":""src/bridge/Inbox.sol"",""start"":4732},""type"":""TypeError""},{""component"":""general"",""errorCode"":""9456"",""formattedMessage"":""TypeError: Overriding function is missing \""override\"" specifier.\n   --> src/bridge/Inbox.sol:154:5:\n    |\n154 |     function sendL1FundedUnsignedTransaction(\n    |     ^ (Relevant source part starts here and spans across multiple lines).\nNote: Overridden function is here:\n  --> src/bridge/IInbox.sol:31:5:\n   |\n31 |     function sendL1FundedUnsignedTransaction(\n   |     ^ (Relevant source part starts here and spans across multiple lines).\n\n"",""message"":""Overriding function is missing \""override\"" specifier."",""secondarySourceLocations"":[{""end"":1453,""file"":""src/bridge/IInbox.sol"",""message"":""Overridden function is here:"",""start"":1243}],""severity"":""error"",""sourceLocation"":{""end"":5614,""file"":""src/bridge/Inbox.sol"",""start"":4950},""type"":""TypeError""},{""component"":""general"",""errorCode"":""9456"",""formattedMessage"":""TypeError: Overriding function is missing \""override\"" specifier.\n   --> src/bridge/Inbox.sol:177:5:\n    |\n177 |     function sendL1FundedContractTransaction(\n    |     ^ (Relevant source part starts here and spans across multiple lines).\nNote: Overridden function is here:\n  --> src/bridge/IInbox.sol:39:5:\n   |\n39 |     function sendL1FundedContractTransaction(\n   |     ^ (Relevant source part starts here and spans across multiple lines).\n\n"",""message"":""Overriding function is missing \""override\"" specifier."",""secondarySourceLocations"":[{""end"":1646,""file"":""src/bridge/IInbox.sol"",""message"":""Overridden function is here:"",""start"":1459}],""severity"":""error"",""sourceLocation"":{""end"":6239,""file"":""src/bridge/Inbox.sol"",""start"":5620},""type"":""TypeError""},{""component"":""general"",""errorCode"":""9456"",""formattedMessage"":""TypeError: Overriding function is missing \""override\"" specifier.\n   --> src/bridge/Inbox.sol:198:5:\n    |\n198 |     function sendUnsignedTransaction(\n    |     ^ (Relevant source part starts here and spans across multiple lines).\nNote: Overridden function is here:\n  --> src/bridge/IInbox.sol:46:5:\n   |\n46 |     function sendUnsignedTransaction(\n   |     ^ (Relevant source part starts here and spans across multiple lines).\n\n"",""message"":""Overriding function is missing \""override\"" specifier."",""secondarySourceLocations"":[{""end"":1869,""file"":""src/bridge/IInbox.sol"",""message"":""Overridden function is here:"",""start"":1652}],""severity"":""error"",""sourceLocation"":{""end"":6892,""file"":""src/bridge/Inbox.sol"",""start"":6245},""type"":""TypeError""},{""component"":""general"",""errorCode"":""9456"",""formattedMessage"":""TypeError: Overriding function is missing \""override\"" specifier.\n   --> src/bridge/Inbox.sol:222:5:\n    |\n222 |     function sendContractTransaction(\n    |     ^ (Relevant source part starts here and spans across multiple lines).\nNote: Overridden function is here:\n  --> src/bridge/IInbox.sol:55:5:\n   |\n55 |     function sendContractTransaction(\n   |     ^ (Relevant source part starts here and spans across multiple lines).\n\n"",""message"":""Overriding function is missing \""override\"" specifier."",""secondarySourceLocations"":[{""end"":2069,""file"":""src/bridge/IInbox.sol"",""message"":""Overridden function is here:"",""start"":1875}],""severity"":""error"",""sourceLocation"":{""end"":7500,""file"":""src/bridge/Inbox.sol"",""start"":6898},""type"":""TypeError""},{""component"":""general"",""errorCode"":""9456"",""formattedMessage"":""TypeError: Overriding function is missing \""override\"" specifier.\n   --> src/bridge/Inbox.sol:245:5:\n    |\n245 |     function calculateRetryableSubmissionFee(uint256 dataLength, uint256 baseFee)\n    |     ^ (Relevant source part starts here and spans across multiple lines).\nNote: Overridden function is here:\n  --> src/bridge/IInbox.sol:70:5:\n   |\n70 |     function calculateRetryableSubmissionFee(uint256 dataLength, uint256 baseFee)\n   |     ^ (Relevant source part starts here and spans across multiple lines).\n\n"",""message"":""Overriding function is missing \""override\"" specifier."",""secondarySourceLocations"":[{""end"":2706,""file"":""src/bridge/IInbox.sol"",""message"":""Overridden function is here:"",""start"":2572}],""severity"":""error"",""sourceLocation"":{""end"":7822,""file"":""src/bridge/Inbox.sol"",""start"":7533},""type"":""TypeError""},{""component"":""general"",""errorCode"":""9456"",""formattedMessage"":""TypeError: Overriding function is missing \""override\"" specifier.\n   --> src/bridge/Inbox.sol:255:5:\n    |\n255 |     function depositEth() public payable whenNotPaused onlyAllowed returns (uint256) {\n    |     ^ (Relevant source part starts here and spans across multiple lines).\nNote: Overridden function is here:\n  --> src/bridge/IInbox.sol:81:5:\n   |\n81 |     function depositEth() external payable returns (uint256);\n   |     ^^^^^^^^^^^^^^^^^^^^^^^^^^^^^^^^^^^^^^^^^^^^^^^^^^^^^^^^^\n\n"",""message"":""Overriding function is missing \""override\"" specifier."",""secondarySourceLocations"":[{""end"":3175,""file"":""src/bridge/IInbox.sol"",""message"":""Overridden function is here:"",""start"":3118}],""severity"":""error"",""sourceLocation"":{""end"":8472,""file"":""src/bridge/Inbox.sol"",""start"":7855},""type"":""TypeError""},{""component"":""general"",""errorCode"":""9456"",""formattedMessage"":""TypeError: Overriding function is missing \""override\"" specifier.\n   --> src/bridge/Inbox.sol:315:5:\n    |\n315 |     function createRetryableTicket(\n    |     ^ (Relevant source part starts here and spans across multiple lines).\nNote: Overridden function is here:\n  --> src/bridge/IInbox.sol:97:5:\n   |\n97 |     function createRetryableTicket(\n   |     ^ (Relevant source part starts here and spans across multiple lines).\n\n"",""message"":""Overriding function is missing \""override\"" specifier."",""secondarySourceLocations"":[{""end"":4669,""file"":""src/bridge/IInbox.sol"",""message"":""Overridden function is here:"",""start"":4348}],""severity"":""error"",""sourceLocation"":{""end"":12188,""file"":""src/bridge/Inbox.sol"",""start"":10512},""type"":""TypeError""},{""component"":""general"",""errorCode"":""9456"",""formattedMessage"":""TypeError: Overriding function is missing \""override\"" specifier.\n   --> src/bridge/Inbox.sol:358:5:\n    |\n358 |     function unsafeCreateRetryableTicket(\n    |     ^ (Relevant source part starts here and spans across multiple lines).\nNote: Overridden function is here:\n   --> src/bridge/IInbox.sol:125:5:\n    |\n125 |     function unsafeCreateRetryableTicket(\n    |     ^ (Relevant source part starts here and spans across multiple lines).\n\n"",""message"":""Overriding function is missing \""override\"" specifier."",""secondarySourceLocations"":[{""end"":6486,""file"":""src/bridge/IInbox.sol"",""message"":""Overridden function is here:"",""start"":6159}],""severity"":""error"",""sourceLocation"":{""end"":13973,""file"":""src/bridge/Inbox.sol"",""start"":12221},""type"":""TypeError""},{""component"":""general"",""errorCode"":""9456"",""formattedMessage"":""TypeError: Overriding public state variable is missing \""override\"" specifier.\n  --> src/bridge/Inbox.sol:46:5:\n   |\n46 |     IBridge public bridge;\n   |     ^^^^^^^^^^^^^^^^^^^^^\nNote: Overridden public state variable is here:\n  --> src/bridge/IInbox.sol:13:5:\n   |\n13 |     function bridge() external view returns (IBridge);\n   |     ^^^^^^^^^^^^^^^^^^^^^^^^^^^^^^^^^^^^^^^^^^^^^^^^^^\n\n"",""message"":""Overriding public state variable is missing \""override\"" specifier."",""secondarySourceLocations"":[{""end"":435,""file"":""src/bridge/IInbox.sol"",""message"":""Overridden public state variable is here:"",""start"":385}],""severity"":""error"",""sourceLocation"":{""end"":1370,""file"":""src/bridge/Inbox.sol"",""start"":1349},""type"":""TypeError""},{""component"":""general"",""errorCode"":""9456"",""formattedMessage"":""TypeError: Overriding public state variable is missing \""override\"" specifier.\n  --> src/bridge/Inbox.sol:47:5:\n   |\n47 |     ISequencerInbox public sequencerInbox;\n   |     ^^^^^^^^^^^^^^^^^^^^^^^^^^^^^^^^^^^^^\nNote: Overridden public state variable is here:\n  --> src/bridge/IInbox.sol:15:5:\n   |\n15 |     function sequencerInbox() external view returns (ISequencerInbox);\n   |     ^^^^^^^^^^^^^^^^^^^^^^^^^^^^^^^^^^^^^^^^^^^^^^^^^^^^^^^^^^^^^^^^^^\n\n"",""message"":""Overriding public state variable is missing \""override\"" specifier."",""secondarySourceLocations"":[{""end"":507,""file"":""src/bridge/IInbox.sol"",""message"":""Overridden public state variable is here:"",""start"":441}],""severity"":""error"",""sourceLocation"":{""end"":1413,""file"":""src/bridge/Inbox.sol"",""start"":1376},""type"":""TypeError""},{""component"":""general"",""errorCode"":""9456"",""formattedMessage"":""TypeError: Overriding function is missing \""override\"" specifier.\n  --> src/bridge/Outbox.sol:71:5:\n   |\n71 |     function updateSendRoot(bytes32 root, bytes32 l2BlockHash) external {\n   |     ^ (Relevant source part starts here and spans across multiple lines).\nNote: Overridden function is here:\n  --> src/bridge/IOutbox.sol:30:5:\n   |\n30 |     function updateSendRoot(bytes32 sendRoot, bytes32 l2BlockHash) external;\n   |     ^^^^^^^^^^^^^^^^^^^^^^^^^^^^^^^^^^^^^^^^^^^^^^^^^^^^^^^^^^^^^^^^^^^^^^^^\n\n"",""message"":""Overriding function is missing \""override\"" specifier."",""secondarySourceLocations"":[{""end"":1092,""file"":""src/bridge/IOutbox.sol"",""message"":""Overridden function is here:"",""start"":1020}],""severity"":""error"",""sourceLocation"":{""end"":2982,""file"":""src/bridge/Outbox.sol"",""start"":2751},""type"":""TypeError""},{""component"":""general"",""errorCode"":""9456"",""formattedMessage"":""TypeError: Overriding function is missing \""override\"" specifier.\n  --> src/bridge/Outbox.sol:78:5:\n   |\n78 |     function l2ToL1Sender() external view returns (address) {\n   |     ^ (Relevant source part starts here and spans across multiple lines).\nNote: Overridden function is here:\n  --> src/bridge/IOutbox.sol:35:5:\n   |\n35 |     function l2ToL1Sender() external view returns (address);\n   |     ^^^^^^^^^^^^^^^^^^^^^^^^^^^^^^^^^^^^^^^^^^^^^^^^^^^^^^^^\n\n"",""message"":""Overriding function is missing \""override\"" specifier."",""secondarySourceLocations"":[{""end"":1465,""file"":""src/bridge/IOutbox.sol"",""message"":""Overridden function is here:"",""start"":1409}],""severity"":""error"",""sourceLocation"":{""end"":3299,""file"":""src/bridge/Outbox.sol"",""start"":3016},""type"":""TypeError""},{""component"":""general"",""errorCode"":""9456"",""formattedMessage"":""TypeError: Overriding function is missing \""override\"" specifier.\n  --> src/bridge/Outbox.sol:86:5:\n   |\n86 |     function l2ToL1Block() external view returns (uint256) {\n   |     ^ (Relevant source part starts here and spans across multiple lines).\nNote: Overridden function is here:\n  --> src/bridge/IOutbox.sol:38:5:\n   |\n38 |     function l2ToL1Block() external view returns (uint256);\n   |     ^^^^^^^^^^^^^^^^^^^^^^^^^^^^^^^^^^^^^^^^^^^^^^^^^^^^^^^\n\n"",""message"":""Overriding function is missing \""override\"" specifier."",""secondarySourceLocations"":[{""end"":1637,""file"":""src/bridge/IOutbox.sol"",""message"":""Overridden function is here:"",""start"":1582}],""severity"":""error"",""sourceLocation"":{""end"":3629,""file"":""src/bridge/Outbox.sol"",""start"":3333},""type"":""TypeError""},{""component"":""general"",""errorCode"":""9456"",""formattedMessage"":""TypeError: Overriding function is missing \""override\"" specifier.\n  --> src/bridge/Outbox.sol:94:5:\n   |\n94 |     function l2ToL1EthBlock() external view returns (uint256) {\n   |     ^ (Relevant source part starts here and spans across multiple lines).\nNote: Overridden function is here:\n  --> src/bridge/IOutbox.sol:41:5:\n   |\n41 |     function l2ToL1EthBlock() external view returns (uint256);\n   |     ^^^^^^^^^^^^^^^^^^^^^^^^^^^^^^^^^^^^^^^^^^^^^^^^^^^^^^^^^^\n\n"",""message"":""Overriding function is missing \""override\"" specifier."",""secondarySourceLocations"":[{""end"":1812,""file"":""src/bridge/IOutbox.sol"",""message"":""Overridden function is here:"",""start"":1754}],""severity"":""error"",""sourceLocation"":{""end"":3962,""file"":""src/bridge/Outbox.sol"",""start"":3663},""type"":""TypeError""},{""component"":""general"",""errorCode"":""9456"",""formattedMessage"":""TypeError: Overriding function is missing \""override\"" specifier.\n   --> src/bridge/Outbox.sol:102:5:\n    |\n102 |     function l2ToL1Timestamp() external view returns (uint256) {\n    |     ^ (Relevant source part starts here and spans across multiple lines).\nNote: Overridden function is here:\n  --> src/bridge/IOutbox.sol:44:5:\n   |\n44 |     function l2ToL1Timestamp() external view returns (uint256);\n   |     ^^^^^^^^^^^^^^^^^^^^^^^^^^^^^^^^^^^^^^^^^^^^^^^^^^^^^^^^^^^\n\n"",""message"":""Overriding function is missing \""override\"" specifier."",""secondarySourceLocations"":[{""end"":1994,""file"":""src/bridge/IOutbox.sol"",""message"":""Overridden function is here:"",""start"":1935}],""severity"":""error"",""sourceLocation"":{""end"":4306,""file"":""src/bridge/Outbox.sol"",""start"":3996},""type"":""TypeError""},{""component"":""general"",""errorCode"":""9456"",""formattedMessage"":""TypeError: Overriding function is missing \""override\"" specifier.\n   --> src/bridge/Outbox.sol:115:5:\n    |\n115 |     function l2ToL1OutputId() external view returns (bytes32) {\n    |     ^ (Relevant source part starts here and spans across multiple lines).\nNote: Overridden function is here:\n  --> src/bridge/IOutbox.sol:47:5:\n   |\n47 |     function l2ToL1OutputId() external view returns (bytes32);\n   |     ^^^^^^^^^^^^^^^^^^^^^^^^^^^^^^^^^^^^^^^^^^^^^^^^^^^^^^^^^^\n\n"",""message"":""Overriding function is missing \""override\"" specifier."",""secondarySourceLocations"":[{""end"":2181,""file"":""src/bridge/IOutbox.sol"",""message"":""Overridden function is here:"",""start"":2123}],""severity"":""error"",""sourceLocation"":{""end"":4792,""file"":""src/bridge/Outbox.sol"",""start"":4497},""type"":""TypeError""},{""component"":""general"",""errorCode"":""9456"",""formattedMessage"":""TypeError: Overriding function is missing \""override\"" specifier.\n   --> src/bridge/Outbox.sol:123:5:\n    |\n123 |     function executeTransaction(\n    |     ^ (Relevant source part starts here and spans across multiple lines).\nNote: Overridden function is here:\n  --> src/bridge/IOutbox.sol:65:5:\n   |\n65 |     function executeTransaction(\n   |     ^ (Relevant source part starts here and spans across multiple lines).\n\n"",""message"":""Overriding function is missing \""override\"" specifier."",""secondarySourceLocations"":[{""end"":3423,""file"":""src/bridge/IOutbox.sol"",""message"":""Overridden function is here:"",""start"":3146}],""severity"":""error"",""sourceLocation"":{""end"":5456,""file"":""src/bridge/Outbox.sol"",""start"":4826},""type"":""TypeError""},{""component"":""general"",""errorCode"":""9456"",""formattedMessage"":""TypeError: Overriding function is missing \""override\"" specifier.\n   --> src/bridge/Outbox.sol:150:5:\n    |\n150 |     function executeTransactionSimulation(\n    |     ^ (Relevant source part starts here and spans across multiple lines).\nNote: Overridden function is here:\n  --> src/bridge/IOutbox.sol:88:5:\n   |\n88 |     function executeTransactionSimulation(\n   |     ^ (Relevant source part starts here and spans across multiple lines).\n\n"",""message"":""Overriding function is missing \""override\"" specifier."",""secondarySourceLocations"":[{""end"":4621,""file"":""src/bridge/IOutbox.sol"",""message"":""Overridden function is here:"",""start"":4368}],""severity"":""error"",""sourceLocation"":{""end"":5920,""file"":""src/bridge/Outbox.sol"",""start"":5490},""type"":""TypeError""},{""component"":""general"",""errorCode"":""9456"",""formattedMessage"":""TypeError: Overriding function is missing \""override\"" specifier.\n   --> src/bridge/Outbox.sol:214:5:\n    |\n214 |     function isSpent(uint256 index) external view returns (bool) {\n    |     ^ (Relevant source part starts here and spans across multiple lines).\nNote: Overridden function is here:\n   --> src/bridge/IOutbox.sol:103:5:\n    |\n103 |     function isSpent(uint256 index) external view returns (bool);\n    |     ^^^^^^^^^^^^^^^^^^^^^^^^^^^^^^^^^^^^^^^^^^^^^^^^^^^^^^^^^^^^^\n\n"",""message"":""Overriding function is missing \""override\"" specifier."",""secondarySourceLocations"":[{""end"":4797,""file"":""src/bridge/IOutbox.sol"",""message"":""Overridden function is here:"",""start"":4736}],""severity"":""error"",""sourceLocation"":{""end"":7637,""file"":""src/bridge/Outbox.sol"",""start"":7447},""type"":""TypeError""},{""component"":""general"",""errorCode"":""9456"",""formattedMessage"":""TypeError: Overriding function is missing \""override\"" specifier.\n   --> src/bridge/Outbox.sol:256:5:\n    |\n256 |     function calculateItemHash(\n    |     ^ (Relevant source part starts here and spans across multiple lines).\nNote: Overridden function is here:\n   --> src/bridge/IOutbox.sol:105:5:\n    |\n105 |     function calculateItemHash(\n    |     ^ (Relevant source part starts here and spans across multiple lines).\n\n"",""message"":""Overriding function is missing \""override\"" specifier."",""secondarySourceLocations"":[{""end"":5045,""file"":""src/bridge/IOutbox.sol"",""message"":""Overridden function is here:"",""start"":4803}],""severity"":""error"",""sourceLocation"":{""end"":9324,""file"":""src/bridge/Outbox.sol"",""start"":8963},""type"":""TypeError""},{""component"":""general"",""errorCode"":""9456"",""formattedMessage"":""TypeError: Overriding function is missing \""override\"" specifier.\n   --> src/bridge/Outbox.sol:269:5:\n    |\n269 |     function calculateMerkleRoot(\n    |     ^ (Relevant source part starts here and spans across multiple lines).\nNote: Overridden function is here:\n   --> src/bridge/IOutbox.sol:115:5:\n    |\n115 |     function calculateMerkleRoot(\n    |     ^ (Relevant source part starts here and spans across multiple lines).\n\n"",""message"":""Overriding function is missing \""override\"" specifier."",""secondarySourceLocations"":[{""end"":5194,""file"":""src/bridge/IOutbox.sol"",""message"":""Overridden function is here:"",""start"":5051}],""severity"":""error"",""sourceLocation"":{""end"":9566,""file"":""src/bridge/Outbox.sol"",""start"":9330},""type"":""TypeError""},{""component"":""general"",""errorCode"":""9456"",""formattedMessage"":""TypeError: Overriding public state variable is missing \""override\"" specifier.\n  --> src/bridge/Outbox.sol:26:5:\n   |\n26 |     address public rollup; // the rollup contract\n   |     ^^^^^^^^^^^^^^^^^^^^^\nNote: Overridden public state variable is here:\n  --> src/bridge/IOutbox.sol:19:5:\n   |\n19 |     function rollup() external view returns (address); // the rollup contract\n   |     ^^^^^^^^^^^^^^^^^^^^^^^^^^^^^^^^^^^^^^^^^^^^^^^^^^\n\n"",""message"":""Overriding public state variable is missing \""override\"" specifier."",""secondarySourceLocations"":[{""end"":589,""file"":""src/bridge/IOutbox.sol"",""message"":""Overridden public state variable is here:"",""start"":539}],""severity"":""error"",""sourceLocation"":{""end"":725,""file"":""src/bridge/Outbox.sol"",""start"":704},""type"":""TypeError""},{""component"":""general"",""errorCode"":""9456"",""formattedMessage"":""TypeError: Overriding public state variable is missing \""override\"" specifier.\n  --> src/bridge/Outbox.sol:27:5:\n   |\n27 |     IBridge public bridge; // the bridge contract\n   |     ^^^^^^^^^^^^^^^^^^^^^\nNote: Overridden public state variable is here:\n  --> src/bridge/IOutbox.sol:21:5:\n   |\n21 |     function bridge() external view returns (IBridge); // the bridge contract\n   |     ^^^^^^^^^^^^^^^^^^^^^^^^^^^^^^^^^^^^^^^^^^^^^^^^^^\n\n"",""message"":""Overriding public state variable is missing \""override\"" specifier."",""secondarySourceLocations"":[{""end"":668,""file"":""src/bridge/IOutbox.sol"",""message"":""Overridden public state variable is here:"",""start"":618}],""severity"":""error"",""sourceLocation"":{""end"":775,""file"":""src/bridge/Outbox.sol"",""start"":754},""type"":""TypeError""},{""component"":""general"",""errorCode"":""9456"",""formattedMessage"":""TypeError: Overriding public state variable is missing \""override\"" specifier.\n  --> src/bridge/Outbox.sol:29:5:\n   |\n29 |     mapping(uint256 => bytes32) public spent; // packed spent bitmap\n   |     ^^^^^^^^^^^^^^^^^^^^^^^^^^^^^^^^^^^^^^^^\nNote: Overridden public state variable is here:\n  --> src/bridge/IOutbox.sol:23:5:\n   |\n23 |     function spent(uint256) external view returns (bytes32); // packed spent bitmap\n   |     ^^^^^^^^^^^^^^^^^^^^^^^^^^^^^^^^^^^^^^^^^^^^^^^^^^^^^^^^\n\n"",""message"":""Overriding public state variable is missing \""override\"" specifier."",""secondarySourceLocations"":[{""end"":753,""file"":""src/bridge/IOutbox.sol"",""message"":""Overridden public state variable is here:"",""start"":697}],""severity"":""error"",""sourceLocation"":{""end"":845,""file"":""src/bridge/Outbox.sol"",""start"":805},""type"":""TypeError""},{""component"":""general"",""errorCode"":""9456"",""formattedMessage"":""TypeError: Overriding public state variable is missing \""override\"" specifier.\n  --> src/bridge/Outbox.sol:30:5:\n   |\n30 |     mapping(bytes32 => bytes32) public roots; // maps root hashes => L2 block hash\n   |     ^^^^^^^^^^^^^^^^^^^^^^^^^^^^^^^^^^^^^^^^\nNote: Overridden public state variable is here:\n  --> src/bridge/IOutbox.sol:25:5:\n   |\n25 |     function roots(bytes32) external view returns (bytes32); // maps root hashes => L2 block hash\n   |     ^^^^^^^^^^^^^^^^^^^^^^^^^^^^^^^^^^^^^^^^^^^^^^^^^^^^^^^^\n\n"",""message"":""Overriding public state variable is missing \""override\"" specifier."",""secondarySourceLocations"":[{""end"":838,""file"":""src/bridge/IOutbox.sol"",""message"":""Overridden public state variable is here:"",""start"":782}],""severity"":""error"",""sourceLocation"":{""end"":914,""file"":""src/bridge/Outbox.sol"",""start"":874},""type"":""TypeError""},{""component"":""general"",""errorCode"":""9456"",""formattedMessage"":""TypeError: Overriding public state variable is missing \""override\"" specifier.\n  --> src/bridge/Outbox.sol:52:5:\n   |\n52 |     uint128 public constant OUTBOX_VERSION = 2;\n   |     ^^^^^^^^^^^^^^^^^^^^^^^^^^^^^^^^^^^^^^^^^^\nNote: Overridden public state variable is here:\n  --> src/bridge/IOutbox.sol:28:5:\n   |\n28 |     function OUTBOX_VERSION() external view returns (uint128); // the outbox version\n   |     ^^^^^^^^^^^^^^^^^^^^^^^^^^^^^^^^^^^^^^^^^^^^^^^^^^^^^^^^^^\n\n"",""message"":""Overriding public state variable is missing \""override\"" specifier."",""secondarySourceLocations"":[{""end"":992,""file"":""src/bridge/IOutbox.sol"",""message"":""Overridden public state variable is here:"",""start"":934}],""severity"":""error"",""sourceLocation"":{""end"":1976,""file"":""src/bridge/Outbox.sol"",""start"":1934},""type"":""TypeError""},{""component"":""general"",""errorCode"":""9456"",""formattedMessage"":""TypeError: Overriding function is missing \""override\"" specifier.\n  --> src/bridge/SequencerInbox.sol:64:5:\n   |\n64 |     function initialize(\n   |     ^ (Relevant source part starts here and spans across multiple lines).\nNote: Overridden function is here:\n   --> src/bridge/ISequencerInbox.sol:154:5:\n    |\n154 |     function initialize(IBridge bridge_, MaxTimeVariation calldata maxTimeVariation_) external;\n    |     ^^^^^^^^^^^^^^^^^^^^^^^^^^^^^^^^^^^^^^^^^^^^^^^^^^^^^^^^^^^^^^^^^^^^^^^^^^^^^^^^^^^^^^^^^^^\n\n"",""message"":""Overriding function is missing \""override\"" specifier."",""secondarySourceLocations"":[{""end"":5691,""file"":""src/bridge/ISequencerInbox.sol"",""message"":""Overridden function is here:"",""start"":5600}],""severity"":""error"",""sourceLocation"":{""end"":2512,""file"":""src/bridge/SequencerInbox.sol"",""start"":2124},""type"":""TypeError""},{""component"":""general"",""errorCode"":""9456"",""formattedMessage"":""TypeError: Overriding function is missing \""override\"" specifier.\n  --> src/bridge/SequencerInbox.sol:89:5:\n   |\n89 |     function forceInclusion(\n   |     ^ (Relevant source part starts here and spans across multiple lines).\nNote: Overridden function is here:\n  --> src/bridge/ISequencerInbox.sol:91:5:\n   |\n91 |     function forceInclusion(\n   |     ^ (Relevant source part starts here and spans across multiple lines).\n\n"",""message"":""Overriding function is missing \""override\"" specifier."",""secondarySourceLocations"":[{""end"":3750,""file"":""src/bridge/ISequencerInbox.sol"",""message"":""Overridden function is here:"",""start"":3521}],""severity"":""error"",""sourceLocation"":{""end"":5189,""file"":""src/bridge/SequencerInbox.sol"",""start"":3195},""type"":""TypeError""},{""component"":""general"",""errorCode"":""9456"",""formattedMessage"":""TypeError: Overriding function is missing \""override\"" specifier.\n   --> src/bridge/SequencerInbox.sol:143:5:\n    |\n143 |     function addSequencerL2BatchFromOrigin(\n    |     ^ (Relevant source part starts here and spans across multiple lines).\nNote: Overridden function is here:\n   --> src/bridge/ISequencerInbox.sol:111:5:\n    |\n111 |     function addSequencerL2BatchFromOrigin(\n    |     ^ (Relevant source part starts here and spans across multiple lines).\n\n"",""message"":""Overriding function is missing \""override\"" specifier."",""secondarySourceLocations"":[{""end"":4390,""file"":""src/bridge/ISequencerInbox.sol"",""message"":""Overridden function is here:"",""start"":4199}],""severity"":""error"",""sourceLocation"":{""end"":6321,""file"":""src/bridge/SequencerInbox.sol"",""start"":5195},""type"":""TypeError""},{""component"":""general"",""errorCode"":""9456"",""formattedMessage"":""TypeError: Overriding function is missing \""override\"" specifier.\n   --> src/bridge/SequencerInbox.sol:175:5:\n    |\n175 |     function addSequencerL2Batch(\n    |     ^ (Relevant source part starts here and spans across multiple lines).\nNote: Overridden function is here:\n   --> src/bridge/ISequencerInbox.sol:118:5:\n    |\n118 |     function addSequencerL2Batch(\n    |     ^ (Relevant source part starts here and spans across multiple lines).\n\n"",""message"":""Overriding function is missing \""override\"" specifier."",""secondarySourceLocations"":[{""end"":4577,""file"":""src/bridge/ISequencerInbox.sol"",""message"":""Overridden function is here:"",""start"":4396}],""severity"":""error"",""sourceLocation"":{""end"":7593,""file"":""src/bridge/SequencerInbox.sol"",""start"":6327},""type"":""TypeError""},{""component"":""general"",""errorCode"":""9456"",""formattedMessage"":""TypeError: Overriding function is missing \""override\"" specifier.\n   --> src/bridge/SequencerInbox.sol:306:5:\n    |\n306 |     function inboxAccs(uint256 index) external view returns (bytes32) {\n    |     ^ (Relevant source part starts here and spans across multiple lines).\nNote: Overridden function is here:\n   --> src/bridge/ISequencerInbox.sol:100:5:\n    |\n100 |     function inboxAccs(uint256 index) external view returns (bytes32);\n    |     ^^^^^^^^^^^^^^^^^^^^^^^^^^^^^^^^^^^^^^^^^^^^^^^^^^^^^^^^^^^^^^^^^^\n\n"",""message"":""Overriding function is missing \""override\"" specifier."",""secondarySourceLocations"":[{""end"":3822,""file"":""src/bridge/ISequencerInbox.sol"",""message"":""Overridden function is here:"",""start"":3756}],""severity"":""error"",""sourceLocation"":{""end"":11459,""file"":""src/bridge/SequencerInbox.sol"",""start"":11337},""type"":""TypeError""},{""component"":""general"",""errorCode"":""9456"",""formattedMessage"":""TypeError: Overriding function is missing \""override\"" specifier.\n   --> src/bridge/SequencerInbox.sol:310:5:\n    |\n310 |     function batchCount() external view returns (uint256) {\n    |     ^ (Relevant source part starts here and spans across multiple lines).\nNote: Overridden function is here:\n   --> src/bridge/ISequencerInbox.sol:102:5:\n    |\n102 |     function batchCount() external view returns (uint256);\n    |     ^^^^^^^^^^^^^^^^^^^^^^^^^^^^^^^^^^^^^^^^^^^^^^^^^^^^^^\n\n"",""message"":""Overriding function is missing \""override\"" specifier."",""secondarySourceLocations"":[{""end"":3882,""file"":""src/bridge/ISequencerInbox.sol"",""message"":""Overridden function is here:"",""start"":3828}],""severity"":""error"",""sourceLocation"":{""end"":11573,""file"":""src/bridge/SequencerInbox.sol"",""start"":11465},""type"":""TypeError""},{""component"":""general"",""errorCode"":""9456"",""formattedMessage"":""TypeError: Overriding function is missing \""override\"" specifier.\n   --> src/bridge/SequencerInbox.sol:315:5:\n    |\n315 |     function setMaxTimeVariation(ISequencerInbox.MaxTimeVariation memory maxTimeVariation_)\n    |     ^ (Relevant source part starts here and spans across multiple lines).\nNote: Overridden function is here:\n   --> src/bridge/ISequencerInbox.sol:131:5:\n    |\n131 |     function setMaxTimeVariation(MaxTimeVariation memory maxTimeVariation_) external;\n    |     ^^^^^^^^^^^^^^^^^^^^^^^^^^^^^^^^^^^^^^^^^^^^^^^^^^^^^^^^^^^^^^^^^^^^^^^^^^^^^^^^^\n\n"",""message"":""Overriding function is missing \""override\"" specifier."",""secondarySourceLocations"":[{""end"":4857,""file"":""src/bridge/ISequencerInbox.sol"",""message"":""Overridden function is here:"",""start"":4776}],""severity"":""error"",""sourceLocation"":{""end"":11838,""file"":""src/bridge/SequencerInbox.sol"",""start"":11615},""type"":""TypeError""},{""component"":""general"",""errorCode"":""9456"",""formattedMessage"":""TypeError: Overriding function is missing \""override\"" specifier.\n   --> src/bridge/SequencerInbox.sol:324:5:\n    |\n324 |     function setIsBatchPoster(address addr, bool isBatchPoster_) external onlyRollupOwner {\n    |     ^ (Relevant source part starts here and spans across multiple lines).\nNote: Overridden function is here:\n   --> src/bridge/ISequencerInbox.sol:138:5:\n    |\n138 |     function setIsBatchPoster(address addr, bool isBatchPoster_) external;\n    |     ^^^^^^^^^^^^^^^^^^^^^^^^^^^^^^^^^^^^^^^^^^^^^^^^^^^^^^^^^^^^^^^^^^^^^^\n\n"",""message"":""Overriding function is missing \""override\"" specifier."",""secondarySourceLocations"":[{""end"":5173,""file"":""src/bridge/ISequencerInbox.sol"",""message"":""Overridden function is here:"",""start"":5103}],""severity"":""error"",""sourceLocation"":{""end"":12056,""file"":""src/bridge/SequencerInbox.sol"",""start"":11880},""type"":""TypeError""},{""component"":""general"",""errorCode"":""9456"",""formattedMessage"":""TypeError: Overriding function is missing \""override\"" specifier.\n   --> src/bridge/SequencerInbox.sol:330:5:\n    |\n330 |     function setValidKeyset(bytes calldata keysetBytes) external onlyRollupOwner {\n    |     ^ (Relevant source part starts here and spans across multiple lines).\nNote: Overridden function is here:\n   --> src/bridge/ISequencerInbox.sol:144:5:\n    |\n144 |     function setValidKeyset(bytes calldata keysetBytes) external;\n    |     ^^^^^^^^^^^^^^^^^^^^^^^^^^^^^^^^^^^^^^^^^^^^^^^^^^^^^^^^^^^^^\n\n"",""message"":""Overriding function is missing \""override\"" specifier."",""secondarySourceLocations"":[{""end"":5373,""file"":""src/bridge/ISequencerInbox.sol"",""message"":""Overridden function is here:"",""start"":5312}],""severity"":""error"",""sourceLocation"":{""end"":12717,""file"":""src/bridge/SequencerInbox.sol"",""start"":12098},""type"":""TypeError""},{""component"":""general"",""errorCode"":""9456"",""formattedMessage"":""TypeError: Overriding function is missing \""override\"" specifier.\n   --> src/bridge/SequencerInbox.sol:345:5:\n    |\n345 |     function invalidateKeysetHash(bytes32 ksHash) external onlyRollupOwner {\n    |     ^ (Relevant source part starts here and spans across multiple lines).\nNote: Overridden function is here:\n   --> src/bridge/ISequencerInbox.sol:150:5:\n    |\n150 |     function invalidateKeysetHash(bytes32 ksHash) external;\n    |     ^^^^^^^^^^^^^^^^^^^^^^^^^^^^^^^^^^^^^^^^^^^^^^^^^^^^^^^\n\n"",""message"":""Overriding function is missing \""override\"" specifier."",""secondarySourceLocations"":[{""end"":5552,""file"":""src/bridge/ISequencerInbox.sol"",""message"":""Overridden function is here:"",""start"":5497}],""severity"":""error"",""sourceLocation"":{""end"":13305,""file"":""src/bridge/SequencerInbox.sol"",""start"":12759},""type"":""TypeError""},{""component"":""general"",""errorCode"":""9456"",""formattedMessage"":""TypeError: Overriding function is missing \""override\"" specifier.\n   --> src/bridge/SequencerInbox.sol:355:5:\n    |\n355 |     function isValidKeysetHash(bytes32 ksHash) external view returns (bool) {\n    |     ^ (Relevant source part starts here and spans across multiple lines).\nNote: Overridden function is here:\n   --> src/bridge/ISequencerInbox.sol:104:5:\n    |\n104 |     function isValidKeysetHash(bytes32 ksHash) external view returns (bool);\n    |     ^^^^^^^^^^^^^^^^^^^^^^^^^^^^^^^^^^^^^^^^^^^^^^^^^^^^^^^^^^^^^^^^^^^^^^^^\n\n"",""message"":""Overriding function is missing \""override\"" specifier."",""secondarySourceLocations"":[{""end"":3960,""file"":""src/bridge/ISequencerInbox.sol"",""message"":""Overridden function is here:"",""start"":3888}],""severity"":""error"",""sourceLocation"":{""end"":13442,""file"":""src/bridge/SequencerInbox.sol"",""start"":13311},""type"":""TypeError""},{""component"":""general"",""errorCode"":""9456"",""formattedMessage"":""TypeError: Overriding function is missing \""override\"" specifier.\n   --> src/bridge/SequencerInbox.sol:360:5:\n    |\n360 |     function getKeysetCreationBlock(bytes32 ksHash) external view returns (uint256) {\n    |     ^ (Relevant source part starts here and spans across multiple lines).\nNote: Overridden function is here:\n   --> src/bridge/ISequencerInbox.sol:107:5:\n    |\n107 |     function getKeysetCreationBlock(bytes32 ksHash) external view returns (uint256);\n    |     ^^^^^^^^^^^^^^^^^^^^^^^^^^^^^^^^^^^^^^^^^^^^^^^^^^^^^^^^^^^^^^^^^^^^^^^^^^^^^^^^\n\n"",""message"":""Overriding function is missing \""override\"" specifier."",""secondarySourceLocations"":[{""end"":4141,""file"":""src/bridge/ISequencerInbox.sol"",""message"":""Overridden function is here:"",""start"":4061}],""severity"":""error"",""sourceLocation"":{""end"":13746,""file"":""src/bridge/SequencerInbox.sol"",""start"":13484},""type"":""TypeError""},{""component"":""general"",""errorCode"":""9456"",""formattedMessage"":""TypeError: Overriding public state variable is missing \""override\"" specifier.\n  --> src/bridge/SequencerInbox.sol:43:5:\n   |\n43 |     uint256 public totalDelayedMessagesRead;\n   |     ^^^^^^^^^^^^^^^^^^^^^^^^^^^^^^^^^^^^^^^\nNote: Overridden public state variable is here:\n  --> src/bridge/ISequencerInbox.sol:55:5:\n   |\n55 |     function totalDelayedMessagesRead() external view returns (uint256);\n   |     ^^^^^^^^^^^^^^^^^^^^^^^^^^^^^^^^^^^^^^^^^^^^^^^^^^^^^^^^^^^^^^^^^^^^\n\n"",""message"":""Overriding public state variable is missing \""override\"" specifier."",""secondarySourceLocations"":[{""end"":1646,""file"":""src/bridge/ISequencerInbox.sol"",""message"":""Overridden public state variable is here:"",""start"":1578}],""severity"":""error"",""sourceLocation"":{""end"":1566,""file"":""src/bridge/SequencerInbox.sol"",""start"":1527},""type"":""TypeError""},{""component"":""general"",""errorCode"":""9456"",""formattedMessage"":""TypeError: Overriding public state variable is missing \""override\"" specifier.\n  --> src/bridge/SequencerInbox.sol:45:5:\n   |\n45 |     IBridge public bridge;\n   |     ^^^^^^^^^^^^^^^^^^^^^\nNote: Overridden public state variable is here:\n  --> src/bridge/ISequencerInbox.sol:57:5:\n   |\n57 |     function bridge() external view returns (IBridge);\n   |     ^^^^^^^^^^^^^^^^^^^^^^^^^^^^^^^^^^^^^^^^^^^^^^^^^^\n\n"",""message"":""Overriding public state variable is missing \""override\"" specifier."",""secondarySourceLocations"":[{""end"":1702,""file"":""src/bridge/ISequencerInbox.sol"",""message"":""Overridden public state variable is here:"",""start"":1652}],""severity"":""error"",""sourceLocation"":{""end"":1594,""file"":""src/bridge/SequencerInbox.sol"",""start"":1573},""type"":""TypeError""},{""component"":""general"",""errorCode"":""9456"",""formattedMessage"":""TypeError: Overriding public state variable is missing \""override\"" specifier.\n  --> src/bridge/SequencerInbox.sol:48:5:\n   |\n48 |     uint256 public constant HEADER_LENGTH = 40;\n   |     ^^^^^^^^^^^^^^^^^^^^^^^^^^^^^^^^^^^^^^^^^^\nNote: Overridden public state variable is here:\n  --> src/bridge/ISequencerInbox.sol:61:5:\n   |\n61 |     function HEADER_LENGTH() external view returns (uint256);\n   |     ^^^^^^^^^^^^^^^^^^^^^^^^^^^^^^^^^^^^^^^^^^^^^^^^^^^^^^^^^\n\n"",""message"":""Overriding public state variable is missing \""override\"" specifier."",""secondarySourceLocations"":[{""end"":1860,""file"":""src/bridge/ISequencerInbox.sol"",""message"":""Overridden public state variable is here:"",""start"":1803}],""severity"":""error"",""sourceLocation"":{""end"":1679,""file"":""src/bridge/SequencerInbox.sol"",""start"":1637},""type"":""TypeError""},{""component"":""general"",""errorCode"":""9456"",""formattedMessage"":""TypeError: Overriding public state variable is missing \""override\"" specifier.\n  --> src/bridge/SequencerInbox.sol:51:5:\n   |\n51 |     bytes1 public constant DATA_AUTHENTICATED_FLAG = 0x40;\n   |     ^^^^^^^^^^^^^^^^^^^^^^^^^^^^^^^^^^^^^^^^^^^^^^^^^^^^^\nNote: Overridden public state variable is here:\n  --> src/bridge/ISequencerInbox.sol:66:5:\n   |\n66 |     function DATA_AUTHENTICATED_FLAG() external view returns (bytes1);\n   |     ^^^^^^^^^^^^^^^^^^^^^^^^^^^^^^^^^^^^^^^^^^^^^^^^^^^^^^^^^^^^^^^^^^\n\n"",""message"":""Overriding public state variable is missing \""override\"" specifier."",""secondarySourceLocations"":[{""end"":2143,""file"":""src/bridge/ISequencerInbox.sol"",""message"":""Overridden public state variable is here:"",""start"":2077}],""severity"":""error"",""sourceLocation"":{""end"":1775,""file"":""src/bridge/SequencerInbox.sol"",""start"":1722},""type"":""TypeError""},{""component"":""general"",""errorCode"":""9456"",""formattedMessage"":""TypeError: Overriding public state variable is missing \""override\"" specifier.\n  --> src/bridge/SequencerInbox.sol:53:5:\n   |\n53 |     IOwnable public rollup;\n   |     ^^^^^^^^^^^^^^^^^^^^^^\nNote: Overridden public state variable is here:\n  --> src/bridge/ISequencerInbox.sol:68:5:\n   |\n68 |     function rollup() external view returns (IOwnable);\n   |     ^^^^^^^^^^^^^^^^^^^^^^^^^^^^^^^^^^^^^^^^^^^^^^^^^^^\n\n"",""message"":""Overriding public state variable is missing \""override\"" specifier."",""secondarySourceLocations"":[{""end"":2200,""file"":""src/bridge/ISequencerInbox.sol"",""message"":""Overridden public state variable is here:"",""start"":2149}],""severity"":""error"",""sourceLocation"":{""end"":1804,""file"":""src/bridge/SequencerInbox.sol"",""start"":1782},""type"":""TypeError""},{""component"":""general"",""errorCode"":""9456"",""formattedMessage"":""TypeError: Overriding public state variable is missing \""override\"" specifier.\n  --> src/bridge/SequencerInbox.sol:54:5:\n   |\n54 |     mapping(address => bool) public isBatchPoster;\n   |     ^^^^^^^^^^^^^^^^^^^^^^^^^^^^^^^^^^^^^^^^^^^^^\nNote: Overridden public state variable is here:\n  --> src/bridge/ISequencerInbox.sol:70:5:\n   |\n70 |     function isBatchPoster(address) external view returns (bool);\n   |     ^^^^^^^^^^^^^^^^^^^^^^^^^^^^^^^^^^^^^^^^^^^^^^^^^^^^^^^^^^^^^\n\n"",""message"":""Overriding public state variable is missing \""override\"" specifier."",""secondarySourceLocations"":[{""end"":2267,""file"":""src/bridge/ISequencerInbox.sol"",""message"":""Overridden public state variable is here:"",""start"":2206}],""severity"":""error"",""sourceLocation"":{""end"":1855,""file"":""src/bridge/SequencerInbox.sol"",""start"":1810},""type"":""TypeError""},{""component"":""general"",""errorCode"":""9456"",""formattedMessage"":""TypeError: Overriding function is missing \""override\"" specifier.\n  --> src/mocks/InboxStub.sol:26:5:\n   |\n26 |     function pause() external pure {\n   |     ^ (Relevant source part starts here and spans across multiple lines).\nNote: Overridden function is here:\n   --> src/bridge/IInbox.sol:139:5:\n    |\n139 |     function pause() external;\n    |     ^^^^^^^^^^^^^^^^^^^^^^^^^^\n\n"",""message"":""Overriding function is missing \""override\"" specifier."",""secondarySourceLocations"":[{""end"":6623,""file"":""src/bridge/IInbox.sol"",""message"":""Overridden function is here:"",""start"":6597}],""severity"":""error"",""sourceLocation"":{""end"":731,""file"":""src/mocks/InboxStub.sol"",""start"":658},""type"":""TypeError""},{""component"":""general"",""errorCode"":""9456"",""formattedMessage"":""TypeError: Overriding function is missing \""override\"" specifier.\n  --> src/mocks/InboxStub.sol:30:5:\n   |\n30 |     function unpause() external pure {\n   |     ^ (Relevant source part starts here and spans across multiple lines).\nNote: Overridden function is here:\n   --> src/bridge/IInbox.sol:142:5:\n    |\n142 |     function unpause() external;\n    |     ^^^^^^^^^^^^^^^^^^^^^^^^^^^^\n\n"",""message"":""Overriding function is missing \""override\"" specifier."",""secondarySourceLocations"":[{""end"":6706,""file"":""src/bridge/IInbox.sol"",""message"":""Overridden function is here:"",""start"":6678}],""severity"":""error"",""sourceLocation"":{""end"":812,""file"":""src/mocks/InboxStub.sol"",""start"":737},""type"":""TypeError""},{""component"":""general"",""errorCode"":""9456"",""formattedMessage"":""TypeError: Overriding function is missing \""override\"" specifier.\n  --> src/mocks/InboxStub.sol:34:5:\n   |\n34 |     function initialize(IBridge _bridge, ISequencerInbox) external {\n   |     ^ (Relevant source part starts here and spans across multiple lines).\nNote: Overridden function is here:\n   --> src/bridge/IInbox.sol:152:5:\n    |\n152 |     function initialize(IBridge _bridge, ISequencerInbox _sequencerInbox) external;\n    |     ^^^^^^^^^^^^^^^^^^^^^^^^^^^^^^^^^^^^^^^^^^^^^^^^^^^^^^^^^^^^^^^^^^^^^^^^^^^^^^^\n\n"",""message"":""Overriding function is missing \""override\"" specifier."",""secondarySourceLocations"":[{""end"":7032,""file"":""src/bridge/IInbox.sol"",""message"":""Overridden function is here:"",""start"":6953}],""severity"":""error"",""sourceLocation"":{""end"":978,""file"":""src/mocks/InboxStub.sol"",""start"":818},""type"":""TypeError""},{""component"":""general"",""errorCode"":""9456"",""formattedMessage"":""TypeError: Overriding function is missing \""override\"" specifier.\n  --> src/mocks/InboxStub.sol:44:5:\n   |\n44 |     function sendL2MessageFromOrigin(bytes calldata messageData) external returns (uint256) {\n   |     ^ (Relevant source part starts here and spans across multiple lines).\nNote: Overridden function is here:\n  --> src/bridge/IInbox.sol:22:5:\n   |\n22 |     function sendL2MessageFromOrigin(bytes calldata messageData) external returns (uint256);\n   |     ^^^^^^^^^^^^^^^^^^^^^^^^^^^^^^^^^^^^^^^^^^^^^^^^^^^^^^^^^^^^^^^^^^^^^^^^^^^^^^^^^^^^^^^^\n\n"",""message"":""Overriding function is missing \""override\"" specifier."",""secondarySourceLocations"":[{""end"":927,""file"":""src/bridge/IInbox.sol"",""message"":""Overridden function is here:"",""start"":839}],""severity"":""error"",""sourceLocation"":{""end"":1678,""file"":""src/mocks/InboxStub.sol"",""start"":1310},""type"":""TypeError""},{""component"":""general"",""errorCode"":""9456"",""formattedMessage"":""TypeError: Overriding function is missing \""override\"" specifier.\n   --> src/mocks/InboxStub.sol:141:5:\n    |\n141 |     function postUpgradeInit(IBridge _bridge) external {}\n    |     ^^^^^^^^^^^^^^^^^^^^^^^^^^^^^^^^^^^^^^^^^^^^^^^^^^^^^\nNote: Overridden function is here:\n   --> src/bridge/IInbox.sol:150:5:\n    |\n150 |     function postUpgradeInit(IBridge _bridge) external;\n    |     ^^^^^^^^^^^^^^^^^^^^^^^^^^^^^^^^^^^^^^^^^^^^^^^^^^^\n\n"",""message"":""Overriding function is missing \""override\"" specifier."",""secondarySourceLocations"":[{""end"":6947,""file"":""src/bridge/IInbox.sol"",""message"":""Overridden function is here:"",""start"":6896}],""severity"":""error"",""sourceLocation"":{""end"":4037,""file"":""src/mocks/InboxStub.sol"",""start"":3984},""type"":""TypeError""},{""component"":""general"",""errorCode"":""9456"",""formattedMessage"":""TypeError: Overriding function is missing \""override\"" specifier.\n  --> src/mocks/BridgeStub.sol:62:5:\n   |\n62 |     function enqueueSequencerMessage(bytes32 dataHash, uint256 afterDelayedMessagesRead)\n   |     ^ (Relevant source part starts here and spans across multiple lines).\nNote: Overridden function is here:\n  --> src/bridge/IBridge.sol:78:5:\n   |\n78 |     function enqueueSequencerMessage(bytes32 dataHash, uint256 afterDelayedMessagesRead)\n   |     ^ (Relevant source part starts here and spans across multiple lines).\n\n"",""message"":""Overriding function is missing \""override\"" specifier."",""secondarySourceLocations"":[{""end"":2824,""file"":""src/bridge/IBridge.sol"",""message"":""Overridden function is here:"",""start"":2570}],""severity"":""error"",""sourceLocation"":{""end"":2571,""file"":""src/mocks/BridgeStub.sol"",""start"":1882},""type"":""TypeError""},{""component"":""general"",""errorCode"":""9456"",""formattedMessage"":""TypeError: Overriding function is missing \""override\"" specifier.\n  --> src/mocks/BridgeStub.sol:82:5:\n   |\n82 |     function submitBatchSpendingReport(address batchPoster, bytes32 dataHash)\n   |     ^ (Relevant source part starts here and spans across multiple lines).\nNote: Overridden function is here:\n  --> src/bridge/IBridge.sol:93:5:\n   |\n93 |     function submitBatchSpendingReport(address batchPoster, bytes32 dataHash)\n   |     ^ (Relevant source part starts here and spans across multiple lines).\n\n"",""message"":""Overriding function is missing \""override\"" specifier."",""secondarySourceLocations"":[{""end"":3333,""file"":""src/bridge/IBridge.sol"",""message"":""Overridden function is here:"",""start"":3209}],""severity"":""error"",""sourceLocation"":{""end"":2737,""file"":""src/mocks/BridgeStub.sol"",""start"":2577},""type"":""TypeError""},{""component"":""general"",""errorCode"":""9456"",""formattedMessage"":""TypeError: Overriding function is missing \""override\"" specifier.\n   --> src/mocks/BridgeStub.sol:164:5:\n    |\n164 |     function initialize(IOwnable) external pure {\n    |     ^ (Relevant source part starts here and spans across multiple lines).\nNote: Overridden function is here:\n   --> src/bridge/IBridge.sol:107:5:\n    |\n107 |     function initialize(IOwnable rollup_) external;\n    |     ^^^^^^^^^^^^^^^^^^^^^^^^^^^^^^^^^^^^^^^^^^^^^^^\n\n"",""message"":""Overriding function is missing \""override\"" specifier."",""secondarySourceLocations"":[{""end"":3685,""file"":""src/bridge/IBridge.sol"",""message"":""Overridden function is here:"",""start"":3638}],""severity"":""error"",""sourceLocation"":{""end"":5130,""file"":""src/mocks/BridgeStub.sol"",""start"":5044},""type"":""TypeError""},{""component"":""general"",""errorCode"":""9456"",""formattedMessage"":""TypeError: Overriding public state variable is missing \""override\"" specifier.\n  --> src/mocks/BridgeStub.sol:20:5:\n   |\n20 |     address[] public allowedDelayedInboxList;\n   |     ^^^^^^^^^^^^^^^^^^^^^^^^^^^^^^^^^^^^^^^^\nNote: Overridden public state variable is here:\n  --> src/bridge/IBridge.sol:35:5:\n   |\n35 |     function allowedDelayedInboxList(uint256) external returns (address);\n   |     ^^^^^^^^^^^^^^^^^^^^^^^^^^^^^^^^^^^^^^^^^^^^^^^^^^^^^^^^^^^^^^^^^^^^^\n\n"",""message"":""Overriding public state variable is missing \""override\"" specifier."",""secondarySourceLocations"":[{""end"":949,""file"":""src/bridge/IBridge.sol"",""message"":""Overridden public state variable is here:"",""start"":880}],""severity"":""error"",""sourceLocation"":{""end"":529,""file"":""src/mocks/BridgeStub.sol"",""start"":489},""type"":""TypeError""},{""component"":""general"",""errorCode"":""9456"",""formattedMessage"":""TypeError: Overriding public state variable is missing \""override\"" specifier.\n  --> src/mocks/BridgeStub.sol:21:5:\n   |\n21 |     address[] public allowedOutboxList;\n   |     ^^^^^^^^^^^^^^^^^^^^^^^^^^^^^^^^^^\nNote: Overridden public state variable is here:\n  --> src/bridge/IBridge.sol:37:5:\n   |\n37 |     function allowedOutboxList(uint256) external returns (address);\n   |     ^^^^^^^^^^^^^^^^^^^^^^^^^^^^^^^^^^^^^^^^^^^^^^^^^^^^^^^^^^^^^^^\n\n"",""message"":""Overriding public state variable is missing \""override\"" specifier."",""secondarySourceLocations"":[{""end"":1018,""file"":""src/bridge/IBridge.sol"",""message"":""Overridden public state variable is here:"",""start"":955}],""severity"":""error"",""sourceLocation"":{""end"":569,""file"":""src/mocks/BridgeStub.sol"",""start"":535},""type"":""TypeError""},{""component"":""general"",""errorCode"":""9456"",""formattedMessage"":""TypeError: Overriding public state variable is missing \""override\"" specifier.\n  --> src/mocks/BridgeStub.sol:30:5:\n   |\n30 |     address public sequencerInbox;\n   |     ^^^^^^^^^^^^^^^^^^^^^^^^^^^^^\nNote: Overridden public state variable is here:\n  --> src/bridge/IBridge.sol:47:5:\n   |\n47 |     function sequencerInbox() external view returns (address);\n   |     ^^^^^^^^^^^^^^^^^^^^^^^^^^^^^^^^^^^^^^^^^^^^^^^^^^^^^^^^^^\n\n"",""message"":""Overriding public state variable is missing \""override\"" specifier."",""secondarySourceLocations"":[{""end"":1593,""file"":""src/bridge/IBridge.sol"",""message"":""Overridden public state variable is here:"",""start"":1535}],""severity"":""error"",""sourceLocation"":{""end"":885,""file"":""src/mocks/BridgeStub.sol"",""start"":856},""type"":""TypeError""},{""component"":""general"",""errorCode"":""9456"",""formattedMessage"":""TypeError: Overriding public state variable is missing \""override\"" specifier.\n  --> src/rollup/RollupCore.sol:28:5:\n   |\n28 |     uint64 public confirmPeriodBlocks;\n   |     ^^^^^^^^^^^^^^^^^^^^^^^^^^^^^^^^^\nNote: Overridden public state variable is here:\n  --> src/rollup/IRollupCore.sol:52:5:\n   |\n52 |     function confirmPeriodBlocks() external view returns (uint64);\n   |     ^^^^^^^^^^^^^^^^^^^^^^^^^^^^^^^^^^^^^^^^^^^^^^^^^^^^^^^^^^^^^^\n\n"",""message"":""Overriding public state variable is missing \""override\"" specifier."",""secondarySourceLocations"":[{""end"":1465,""file"":""src/rollup/IRollupCore.sol"",""message"":""Overridden public state variable is here:"",""start"":1403}],""severity"":""error"",""sourceLocation"":{""end"":808,""file"":""src/rollup/RollupCore.sol"",""start"":775},""type"":""TypeError""},{""component"":""general"",""errorCode"":""9456"",""formattedMessage"":""TypeError: Overriding public state variable is missing \""override\"" specifier.\n  --> src/rollup/RollupCore.sol:29:5:\n   |\n29 |     uint64 public extraChallengeTimeBlocks;\n   |     ^^^^^^^^^^^^^^^^^^^^^^^^^^^^^^^^^^^^^^\nNote: Overridden public state variable is here:\n  --> src/rollup/IRollupCore.sol:54:5:\n   |\n54 |     function extraChallengeTimeBlocks() external view returns (uint64);\n   |     ^^^^^^^^^^^^^^^^^^^^^^^^^^^^^^^^^^^^^^^^^^^^^^^^^^^^^^^^^^^^^^^^^^^\n\n"",""message"":""Overriding public state variable is missing \""override\"" specifier."",""secondarySourceLocations"":[{""end"":1538,""file"":""src/rollup/IRollupCore.sol"",""message"":""Overridden public state variable is here:"",""start"":1471}],""severity"":""error"",""sourceLocation"":{""end"":852,""file"":""src/rollup/RollupCore.sol"",""start"":814},""type"":""TypeError""},{""component"":""general"",""errorCode"":""9456"",""formattedMessage"":""TypeError: Overriding public state variable is missing \""override\"" specifier.\n  --> src/rollup/RollupCore.sol:30:5:\n   |\n30 |     uint256 public chainId;\n   |     ^^^^^^^^^^^^^^^^^^^^^^\nNote: Overridden public state variable is here:\n  --> src/rollup/IRollupCore.sol:56:5:\n   |\n56 |     function chainId() external view returns (uint256);\n   |     ^^^^^^^^^^^^^^^^^^^^^^^^^^^^^^^^^^^^^^^^^^^^^^^^^^^\n\n"",""message"":""Overriding public state variable is missing \""override\"" specifier."",""secondarySourceLocations"":[{""end"":1595,""file"":""src/rollup/IRollupCore.sol"",""message"":""Overridden public state variable is here:"",""start"":1544}],""severity"":""error"",""sourceLocation"":{""end"":880,""file"":""src/rollup/RollupCore.sol"",""start"":858},""type"":""TypeError""},{""component"":""general"",""errorCode"":""9456"",""formattedMessage"":""TypeError: Overriding public state variable is missing \""override\"" specifier.\n  --> src/rollup/RollupCore.sol:31:5:\n   |\n31 |     uint256 public baseStake;\n   |     ^^^^^^^^^^^^^^^^^^^^^^^^\nNote: Overridden public state variable is here:\n  --> src/rollup/IRollupCore.sol:58:5:\n   |\n58 |     function baseStake() external view returns (uint256);\n   |     ^^^^^^^^^^^^^^^^^^^^^^^^^^^^^^^^^^^^^^^^^^^^^^^^^^^^^\n\n"",""message"":""Overriding public state variable is missing \""override\"" specifier."",""secondarySourceLocations"":[{""end"":1654,""file"":""src/rollup/IRollupCore.sol"",""message"":""Overridden public state variable is here:"",""start"":1601}],""severity"":""error"",""sourceLocation"":{""end"":910,""file"":""src/rollup/RollupCore.sol"",""start"":886},""type"":""TypeError""},{""component"":""general"",""errorCode"":""9456"",""formattedMessage"":""TypeError: Overriding public state variable is missing \""override\"" specifier.\n  --> src/rollup/RollupCore.sol:32:5:\n   |\n32 |     bytes32 public wasmModuleRoot;\n   |     ^^^^^^^^^^^^^^^^^^^^^^^^^^^^^\nNote: Overridden public state variable is here:\n  --> src/rollup/IRollupCore.sol:60:5:\n   |\n60 |     function wasmModuleRoot() external view returns (bytes32);\n   |     ^^^^^^^^^^^^^^^^^^^^^^^^^^^^^^^^^^^^^^^^^^^^^^^^^^^^^^^^^^\n\n"",""message"":""Overriding public state variable is missing \""override\"" specifier."",""secondarySourceLocations"":[{""end"":1718,""file"":""src/rollup/IRollupCore.sol"",""message"":""Overridden public state variable is here:"",""start"":1660}],""severity"":""error"",""sourceLocation"":{""end"":945,""file"":""src/rollup/RollupCore.sol"",""start"":916},""type"":""TypeError""},{""component"":""general"",""errorCode"":""9456"",""formattedMessage"":""TypeError: Overriding public state variable is missing \""override\"" specifier.\n  --> src/rollup/RollupCore.sol:35:5:\n   |\n35 |     IBridge public bridge;\n   |     ^^^^^^^^^^^^^^^^^^^^^\nNote: Overridden public state variable is here:\n  --> src/rollup/IRollupCore.sol:62:5:\n   |\n62 |     function bridge() external view returns (IBridge);\n   |     ^^^^^^^^^^^^^^^^^^^^^^^^^^^^^^^^^^^^^^^^^^^^^^^^^^\n\n"",""message"":""Overriding public state variable is missing \""override\"" specifier."",""secondarySourceLocations"":[{""end"":1774,""file"":""src/rollup/IRollupCore.sol"",""message"":""Overridden public state variable is here:"",""start"":1724}],""severity"":""error"",""sourceLocation"":{""end"":998,""file"":""src/rollup/RollupCore.sol"",""start"":977},""type"":""TypeError""},{""component"":""general"",""errorCode"":""9456"",""formattedMessage"":""TypeError: Overriding public state variable is missing \""override\"" specifier.\n  --> src/rollup/RollupCore.sol:36:5:\n   |\n36 |     IOutbox public outbox;\n   |     ^^^^^^^^^^^^^^^^^^^^^\nNote: Overridden public state variable is here:\n  --> src/rollup/IRollupCore.sol:66:5:\n   |\n66 |     function outbox() external view returns (IOutbox);\n   |     ^^^^^^^^^^^^^^^^^^^^^^^^^^^^^^^^^^^^^^^^^^^^^^^^^^\n\n"",""message"":""Overriding public state variable is missing \""override\"" specifier."",""secondarySourceLocations"":[{""end"":1902,""file"":""src/rollup/IRollupCore.sol"",""message"":""Overridden public state variable is here:"",""start"":1852}],""severity"":""error"",""sourceLocation"":{""end"":1025,""file"":""src/rollup/RollupCore.sol"",""start"":1004},""type"":""TypeError""},{""component"":""general"",""errorCode"":""9456"",""formattedMessage"":""TypeError: Overriding public state variable is missing \""override\"" specifier.\n  --> src/rollup/RollupCore.sol:37:5:\n   |\n37 |     ISequencerInbox public sequencerInbox;\n   |     ^^^^^^^^^^^^^^^^^^^^^^^^^^^^^^^^^^^^^\nNote: Overridden public state variable is here:\n  --> src/rollup/IRollupCore.sol:64:5:\n   |\n64 |     function sequencerInbox() external view returns (ISequencerInbox);\n   |     ^^^^^^^^^^^^^^^^^^^^^^^^^^^^^^^^^^^^^^^^^^^^^^^^^^^^^^^^^^^^^^^^^^\n\n"",""message"":""Overriding public state variable is missing \""override\"" specifier."",""secondarySourceLocations"":[{""end"":1846,""file"":""src/rollup/IRollupCore.sol"",""message"":""Overridden public state variable is here:"",""start"":1780}],""severity"":""error"",""sourceLocation"":{""end"":1068,""file"":""src/rollup/RollupCore.sol"",""start"":1031},""type"":""TypeError""},{""component"":""general"",""errorCode"":""9456"",""formattedMessage"":""TypeError: Overriding public state variable is missing \""override\"" specifier.\n  --> src/rollup/RollupCore.sol:38:5:\n   |\n38 |     IRollupEventInbox public rollupEventInbox;\n   |     ^^^^^^^^^^^^^^^^^^^^^^^^^^^^^^^^^^^^^^^^^\nNote: Overridden public state variable is here:\n  --> src/rollup/IRollupCore.sol:68:5:\n   |\n68 |     function rollupEventInbox() external view returns (IRollupEventInbox);\n   |     ^^^^^^^^^^^^^^^^^^^^^^^^^^^^^^^^^^^^^^^^^^^^^^^^^^^^^^^^^^^^^^^^^^^^^^\n\n"",""message"":""Overriding public state variable is missing \""override\"" specifier."",""secondarySourceLocations"":[{""end"":1978,""file"":""src/rollup/IRollupCore.sol"",""message"":""Overridden public state variable is here:"",""start"":1908}],""severity"":""error"",""sourceLocation"":{""end"":1115,""file"":""src/rollup/RollupCore.sol"",""start"":1074},""type"":""TypeError""},{""component"":""general"",""errorCode"":""9456"",""formattedMessage"":""TypeError: Overriding public state variable is missing \""override\"" specifier.\n  --> src/rollup/RollupCore.sol:46:5:\n   |\n46 |     address public loserStakeEscrow;\n   |     ^^^^^^^^^^^^^^^^^^^^^^^^^^^^^^^\nNote: Overridden public state variable is here:\n  --> src/rollup/IRollupCore.sol:72:5:\n   |\n72 |     function loserStakeEscrow() external view returns (address);\n   |     ^^^^^^^^^^^^^^^^^^^^^^^^^^^^^^^^^^^^^^^^^^^^^^^^^^^^^^^^^^^^\n\n"",""message"":""Overriding public state variable is missing \""override\"" specifier."",""secondarySourceLocations"":[{""end"":2120,""file"":""src/rollup/IRollupCore.sol"",""message"":""Overridden public state variable is here:"",""start"":2060}],""severity"":""error"",""sourceLocation"":{""end"":1439,""file"":""src/rollup/RollupCore.sol"",""start"":1408},""type"":""TypeError""},{""component"":""general"",""errorCode"":""9456"",""formattedMessage"":""TypeError: Overriding public state variable is missing \""override\"" specifier.\n  --> src/rollup/RollupCore.sol:47:5:\n   |\n47 |     address public stakeToken;\n   |     ^^^^^^^^^^^^^^^^^^^^^^^^^\nNote: Overridden public state variable is here:\n  --> src/rollup/IRollupCore.sol:74:5:\n   |\n74 |     function stakeToken() external view returns (address);\n   |     ^^^^^^^^^^^^^^^^^^^^^^^^^^^^^^^^^^^^^^^^^^^^^^^^^^^^^^\n\n"",""message"":""Overriding public state variable is missing \""override\"" specifier."",""secondarySourceLocations"":[{""end"":2180,""file"":""src/rollup/IRollupCore.sol"",""message"":""Overridden public state variable is here:"",""start"":2126}],""severity"":""error"",""sourceLocation"":{""end"":1470,""file"":""src/rollup/RollupCore.sol"",""start"":1445},""type"":""TypeError""},{""component"":""general"",""errorCode"":""9456"",""formattedMessage"":""TypeError: Overriding public state variable is missing \""override\"" specifier.\n  --> src/rollup/RollupCore.sol:48:5:\n   |\n48 |     uint256 public minimumAssertionPeriod;\n   |     ^^^^^^^^^^^^^^^^^^^^^^^^^^^^^^^^^^^^^\nNote: Overridden public state variable is here:\n  --> src/rollup/IRollupCore.sol:76:5:\n   |\n76 |     function minimumAssertionPeriod() external view returns (uint256);\n   |     ^^^^^^^^^^^^^^^^^^^^^^^^^^^^^^^^^^^^^^^^^^^^^^^^^^^^^^^^^^^^^^^^^^\n\n"",""message"":""Overriding public state variable is missing \""override\"" specifier."",""secondarySourceLocations"":[{""end"":2252,""file"":""src/rollup/IRollupCore.sol"",""message"":""Overridden public state variable is here:"",""start"":2186}],""severity"":""error"",""sourceLocation"":{""end"":1513,""file"":""src/rollup/RollupCore.sol"",""start"":1476},""type"":""TypeError""},{""component"":""general"",""errorCode"":""9456"",""formattedMessage"":""TypeError: Overriding public state variable is missing \""override\"" specifier.\n  --> src/rollup/RollupCore.sol:50:5:\n   |\n50 |     mapping(address => bool) public isValidator;\n   |     ^^^^^^^^^^^^^^^^^^^^^^^^^^^^^^^^^^^^^^^^^^^\nNote: Overridden public state variable is here:\n  --> src/rollup/IRollupCore.sol:78:5:\n   |\n78 |     function isValidator(address) external view returns (bool);\n   |     ^^^^^^^^^^^^^^^^^^^^^^^^^^^^^^^^^^^^^^^^^^^^^^^^^^^^^^^^^^^\n\n"",""message"":""Overriding public state variable is missing \""override\"" specifier."",""secondarySourceLocations"":[{""end"":2317,""file"":""src/rollup/IRollupCore.sol"",""message"":""Overridden public state variable is here:"",""start"":2258}],""severity"":""error"",""sourceLocation"":{""end"":1563,""file"":""src/rollup/RollupCore.sol"",""start"":1520},""type"":""TypeError""},{""component"":""general"",""errorCode"":""9456"",""formattedMessage"":""TypeError: Overriding function is missing \""override\"" specifier.\n  --> src/rollup/RollupUserLogic.sol:35:5:\n   |\n35 |     function rejectNextNode(address stakerAddress) external onlyValidator whenNotPaused {\n   |     ^ (Relevant source part starts here and spans across multiple lines).\nNote: Overridden function is here:\n  --> src/rollup/IRollupLogic.sol:20:5:\n   |\n20 |     function rejectNextNode(address stakerAddress) external;\n   |     ^^^^^^^^^^^^^^^^^^^^^^^^^^^^^^^^^^^^^^^^^^^^^^^^^^^^^^^^\n\n"",""message"":""Overriding function is missing \""override\"" specifier."",""secondarySourceLocations"":[{""end"":748,""file"":""src/rollup/IRollupLogic.sol"",""message"":""Overridden function is here:"",""start"":692}],""severity"":""error"",""sourceLocation"":{""end"":3209,""file"":""src/rollup/RollupUserLogic.sol"",""start"":1013},""type"":""TypeError""},{""component"":""general"",""errorCode"":""9456"",""formattedMessage"":""TypeError: Overriding function is missing \""override\"" specifier.\n  --> src/rollup/RollupUserLogic.sol:83:5:\n   |\n83 |     function confirmNextNode(bytes32 blockHash, bytes32 sendRoot)\n   |     ^ (Relevant source part starts here and spans across multiple lines).\nNote: Overridden function is here:\n  --> src/rollup/IRollupLogic.sol:22:5:\n   |\n22 |     function confirmNextNode(bytes32 blockHash, bytes32 sendRoot) external;\n   |     ^^^^^^^^^^^^^^^^^^^^^^^^^^^^^^^^^^^^^^^^^^^^^^^^^^^^^^^^^^^^^^^^^^^^^^^\n\n"",""message"":""Overriding function is missing \""override\"" specifier."",""secondarySourceLocations"":[{""end"":825,""file"":""src/rollup/IRollupLogic.sol"",""message"":""Overridden function is here:"",""start"":754}],""severity"":""error"",""sourceLocation"":{""end"":4583,""file"":""src/rollup/RollupUserLogic.sol"",""start"":3411},""type"":""TypeError""},{""component"":""general"",""errorCode"":""9456"",""formattedMessage"":""TypeError: Overriding function is missing \""override\"" specifier.\n   --> src/rollup/RollupUserLogic.sol:135:5:\n    |\n135 |     function stakeOnExistingNode(uint64 nodeNum, bytes32 nodeHash)\n    |     ^ (Relevant source part starts here and spans across multiple lines).\nNote: Overridden function is here:\n  --> src/rollup/IRollupLogic.sol:24:5:\n   |\n24 |     function stakeOnExistingNode(uint64 nodeNum, bytes32 nodeHash) external;\n   |     ^^^^^^^^^^^^^^^^^^^^^^^^^^^^^^^^^^^^^^^^^^^^^^^^^^^^^^^^^^^^^^^^^^^^^^^^\n\n"",""message"":""Overriding function is missing \""override\"" specifier."",""secondarySourceLocations"":[{""end"":903,""file"":""src/rollup/IRollupLogic.sol"",""message"":""Overridden function is here:"",""start"":831}],""severity"":""error"",""sourceLocation"":{""end"":5948,""file"":""src/rollup/RollupUserLogic.sol"",""start"":5365},""type"":""TypeError""},{""component"":""general"",""errorCode"":""9456"",""formattedMessage"":""TypeError: Overriding function is missing \""override\"" specifier.\n   --> src/rollup/RollupUserLogic.sol:157:5:\n    |\n157 |     function stakeOnNewNode(\n    |     ^ (Relevant source part starts here and spans across multiple lines).\nNote: Overridden function is here:\n  --> src/rollup/IRollupLogic.sol:26:5:\n   |\n26 |     function stakeOnNewNode(\n   |     ^ (Relevant source part starts here and spans across multiple lines).\n\n"",""message"":""Overriding function is missing \""override\"" specifier."",""secondarySourceLocations"":[{""end"":1067,""file"":""src/rollup/IRollupLogic.sol"",""message"":""Overridden function is here:"",""start"":909}],""severity"":""error"",""sourceLocation"":{""end"":7855,""file"":""src/rollup/RollupUserLogic.sol"",""start"":6161},""type"":""TypeError""},{""component"":""general"",""errorCode"":""9456"",""formattedMessage"":""TypeError: Overriding function is missing \""override\"" specifier.\n   --> src/rollup/RollupUserLogic.sol:225:5:\n    |\n225 |     function reduceDeposit(uint256 target) external onlyValidator whenNotPaused {\n    |     ^ (Relevant source part starts here and spans across multiple lines).\nNote: Overridden function is here:\n  --> src/rollup/IRollupLogic.sol:34:5:\n   |\n34 |     function reduceDeposit(uint256 target) external;\n   |     ^^^^^^^^^^^^^^^^^^^^^^^^^^^^^^^^^^^^^^^^^^^^^^^^\n\n"",""message"":""Overriding function is missing \""override\"" specifier."",""secondarySourceLocations"":[{""end"":1185,""file"":""src/rollup/IRollupLogic.sol"",""message"":""Overridden function is here:"",""start"":1137}],""severity"":""error"",""sourceLocation"":{""end"":9656,""file"":""src/rollup/RollupUserLogic.sol"",""start"":9337},""type"":""TypeError""},{""component"":""general"",""errorCode"":""9456"",""formattedMessage"":""TypeError: Overriding function is missing \""override\"" specifier.\n   --> src/rollup/RollupUserLogic.sol:245:5:\n    |\n245 |     function createChallenge(\n    |     ^ (Relevant source part starts here and spans across multiple lines).\nNote: Overridden function is here:\n  --> src/rollup/IRollupLogic.sol:58:5:\n   |\n58 |     function createChallenge(\n   |     ^ (Relevant source part starts here and spans across multiple lines).\n\n"",""message"":""Overriding function is missing \""override\"" specifier."",""secondarySourceLocations"":[{""end"":2284,""file"":""src/rollup/IRollupLogic.sol"",""message"":""Overridden function is here:"",""start"":1922}],""severity"":""error"",""sourceLocation"":{""end"":13657,""file"":""src/rollup/RollupUserLogic.sol"",""start"":10656},""type"":""TypeError""},{""component"":""general"",""errorCode"":""9456"",""formattedMessage"":""TypeError: Overriding function is missing \""override\"" specifier.\n   --> src/rollup/RollupUserLogic.sol:383:5:\n    |\n383 |     function removeZombie(uint256 zombieNum, uint256 maxNodes)\n    |     ^ (Relevant source part starts here and spans across multiple lines).\nNote: Overridden function is here:\n  --> src/rollup/IRollupLogic.sol:36:5:\n   |\n36 |     function removeZombie(uint256 zombieNum, uint256 maxNodes) external;\n   |     ^^^^^^^^^^^^^^^^^^^^^^^^^^^^^^^^^^^^^^^^^^^^^^^^^^^^^^^^^^^^^^^^^^^^\n\n"",""message"":""Overriding function is missing \""override\"" specifier."",""secondarySourceLocations"":[{""end"":1259,""file"":""src/rollup/IRollupLogic.sol"",""message"":""Overridden function is here:"",""start"":1191}],""severity"":""error"",""sourceLocation"":{""end"":17368,""file"":""src/rollup/RollupUserLogic.sol"",""start"":16466},""type"":""TypeError""},{""component"":""general"",""errorCode"":""9456"",""formattedMessage"":""TypeError: Overriding function is missing \""override\"" specifier.\n   --> src/rollup/RollupUserLogic.sol:410:5:\n    |\n410 |     function removeOldZombies(uint256 startIndex) public onlyValidator whenNotPaused {\n    |     ^ (Relevant source part starts here and spans across multiple lines).\nNote: Overridden function is here:\n  --> src/rollup/IRollupLogic.sol:38:5:\n   |\n38 |     function removeOldZombies(uint256 startIndex) external;\n   |     ^^^^^^^^^^^^^^^^^^^^^^^^^^^^^^^^^^^^^^^^^^^^^^^^^^^^^^^\n\n"",""message"":""Overriding function is missing \""override\"" specifier."",""secondarySourceLocations"":[{""end"":1320,""file"":""src/rollup/IRollupLogic.sol"",""message"":""Overridden function is here:"",""start"":1265}],""severity"":""error"",""sourceLocation"":{""end"":18127,""file"":""src/rollup/RollupUserLogic.sol"",""start"":17606},""type"":""TypeError""},{""component"":""general"",""errorCode"":""9456"",""formattedMessage"":""TypeError: Overriding function is missing \""override\"" specifier.\n   --> src/rollup/RollupUserLogic.sol:484:5:\n    |\n484 |     function requiredStake(\n    |     ^ (Relevant source part starts here and spans across multiple lines).\nNote: Overridden function is here:\n  --> src/rollup/IRollupLogic.sol:40:5:\n   |\n40 |     function requiredStake(\n   |     ^ (Relevant source part starts here and spans across multiple lines).\n\n"",""message"":""Overriding function is missing \""override\"" specifier."",""secondarySourceLocations"":[{""end"":1489,""file"":""src/rollup/IRollupLogic.sol"",""message"":""Overridden function is here:"",""start"":1326}],""severity"":""error"",""sourceLocation"":{""end"":20607,""file"":""src/rollup/RollupUserLogic.sol"",""start"":20344},""type"":""TypeError""},{""component"":""general"",""errorCode"":""9456"",""formattedMessage"":""TypeError: Overriding function is missing \""override\"" specifier.\n   --> src/rollup/RollupUserLogic.sol:492:5:\n    |\n492 |     function owner() external view returns (address) {\n    |     ^ (Relevant source part starts here and spans across multiple lines).\nNote: Overridden function is here:\n --> src/bridge/IOwnable.sol:9:5:\n  |\n9 |     function owner() external view returns (address);\n  |     ^^^^^^^^^^^^^^^^^^^^^^^^^^^^^^^^^^^^^^^^^^^^^^^^^\n\n"",""message"":""Overriding function is missing \""override\"" specifier."",""secondarySourceLocations"":[{""end"":313,""file"":""src/bridge/IOwnable.sol"",""message"":""Overridden function is here:"",""start"":264}],""severity"":""error"",""sourceLocation"":{""end"":20697,""file"":""src/rollup/RollupUserLogic.sol"",""start"":20613},""type"":""TypeError""},{""component"":""general"",""errorCode"":""9456"",""formattedMessage"":""TypeError: Overriding function is missing \""override\"" specifier.\n   --> src/rollup/RollupUserLogic.sol:496:5:\n    |\n496 |     function currentRequiredStake() public view returns (uint256) {\n    |     ^ (Relevant source part starts here and spans across multiple lines).\nNote: Overridden function is here:\n  --> src/rollup/IRollupLogic.sol:46:5:\n   |\n46 |     function currentRequiredStake() external view returns (uint256);\n   |     ^^^^^^^^^^^^^^^^^^^^^^^^^^^^^^^^^^^^^^^^^^^^^^^^^^^^^^^^^^^^^^^^\n\n"",""message"":""Overriding function is missing \""override\"" specifier."",""secondarySourceLocations"":[{""end"":1559,""file"":""src/rollup/IRollupLogic.sol"",""message"":""Overridden function is here:"",""start"":1495}],""severity"":""error"",""sourceLocation"":{""end"":20932,""file"":""src/rollup/RollupUserLogic.sol"",""start"":20703},""type"":""TypeError""},{""component"":""general"",""errorCode"":""6480"",""formattedMessage"":""TypeError: Derived contract must override function \""baseStake\"". Two or more base classes define function with same name and parameter types. Since one of the bases defines a public state variable which cannot be overridden, you have to change the inheritance layout or the names of the functions.\n  --> src/rollup/RollupUserLogic.sol:13:1:\n   |\n13 | abstract contract AbsRollupUserLogic is\n   | ^ (Relevant source part starts here and spans across multiple lines).\nNote: Definition in \""IRollupCore\"": \n  --> src/rollup/IRollupCore.sol:58:5:\n   |\n58 |     function baseStake() external view returns (uint256);\n   |     ^^^^^^^^^^^^^^^^^^^^^^^^^^^^^^^^^^^^^^^^^^^^^^^^^^^^^\nNote: Definition in \""RollupCore\"": \n  --> src/rollup/RollupCore.sol:31:5:\n   |\n31 |     uint256 public baseStake;\n   |     ^^^^^^^^^^^^^^^^^^^^^^^^\n\n"",""message"":""Derived contract must override function \""baseStake\"". Two or more base classes define function with same name and parameter types. Since one of the bases defines a public state variable which cannot be overridden, you have to change the inheritance layout or the names of the functions."",""secondarySourceLocations"":[{""end"":1654,""file"":""src/rollup/IRollupCore.sol"",""message"":""Definition in \""IRollupCore\"": "",""start"":1601},{""end"":910,""file"":""src/rollup/RollupCore.sol"",""message"":""Definition in \""RollupCore\"": "",""start"":886}],""severity"":""error"",""sourceLocation"":{""end"":23895,""file"":""src/rollup/RollupUserLogic.sol"",""start"":387},""type"":""TypeError""},{""component"":""general"",""errorCode"":""6480"",""formattedMessage"":""TypeError: Derived contract must override function \""bridge\"". Two or more base classes define function with same name and parameter types. Since one of the bases defines a public state variable which cannot be overridden, you have to change the inheritance layout or the names of the functions.\n  --> src/rollup/RollupUserLogic.sol:13:1:\n   |\n13 | abstract contract AbsRollupUserLogic is\n   | ^ (Relevant source part starts here and spans across multiple lines).\nNote: Definition in \""IRollupCore\"": \n  --> src/rollup/IRollupCore.sol:62:5:\n   |\n62 |     function bridge() external view returns (IBridge);\n   |     ^^^^^^^^^^^^^^^^^^^^^^^^^^^^^^^^^^^^^^^^^^^^^^^^^^\nNote: Definition in \""RollupCore\"": \n  --> src/rollup/RollupCore.sol:35:5:\n   |\n35 |     IBridge public bridge;\n   |     ^^^^^^^^^^^^^^^^^^^^^\n\n"",""message"":""Derived contract must override function \""bridge\"". Two or more base classes define function with same name and parameter types. Since one of the bases defines a public state variable which cannot be overridden, you have to change the inheritance layout or the names of the functions."",""secondarySourceLocations"":[{""end"":1774,""file"":""src/rollup/IRollupCore.sol"",""message"":""Definition in \""IRollupCore\"": "",""start"":1724},{""end"":998,""file"":""src/rollup/RollupCore.sol"",""message"":""Definition in \""RollupCore\"": "",""start"":977}],""severity"":""error"",""sourceLocation"":{""end"":23895,""file"":""src/rollup/RollupUserLogic.sol"",""start"":387},""type"":""TypeError""},{""component"":""general"",""errorCode"":""6480"",""formattedMessage"":""TypeError: Derived contract must override function \""chainId\"". Two or more base classes define function with same name and parameter types. Since one of the bases defines a public state variable which cannot be overridden, you have to change the inheritance layout or the names of the functions.\n  --> src/rollup/RollupUserLogic.sol:13:1:\n   |\n13 | abstract contract AbsRollupUserLogic is\n   | ^ (Relevant source part starts here and spans across multiple lines).\nNote: Definition in \""IRollupCore\"": \n  --> src/rollup/IRollupCore.sol:56:5:\n   |\n56 |     function chainId() external view returns (uint256);\n   |     ^^^^^^^^^^^^^^^^^^^^^^^^^^^^^^^^^^^^^^^^^^^^^^^^^^^\nNote: Definition in \""RollupCore\"": \n  --> src/rollup/RollupCore.sol:30:5:\n   |\n30 |     uint256 public chainId;\n   |     ^^^^^^^^^^^^^^^^^^^^^^\n\n"",""message"":""Derived contract must override function \""chainId\"". Two or more base classes define function with same name and parameter types. Since one of the bases defines a public state variable which cannot be overridden, you have to change the inheritance layout or the names of the functions."",""secondarySourceLocations"":[{""end"":1595,""file"":""src/rollup/IRollupCore.sol"",""message"":""Definition in \""IRollupCore\"": "",""start"":1544},{""end"":880,""file"":""src/rollup/RollupCore.sol"",""message"":""Definition in \""RollupCore\"": "",""start"":858}],""severity"":""error"",""sourceLocation"":{""end"":23895,""file"":""src/rollup/RollupUserLogic.sol"",""start"":387},""type"":""TypeError""},{""component"":""general"",""errorCode"":""6480"",""formattedMessage"":""TypeError: Derived contract must override function \""confirmPeriodBlocks\"". Two or more base classes define function with same name and parameter types. Since one of the bases defines a public state variable which cannot be overridden, you have to change the inheritance layout or the names of the functions.\n  --> src/rollup/RollupUserLogic.sol:13:1:\n   |\n13 | abstract contract AbsRollupUserLogic is\n   | ^ (Relevant source part starts here and spans across multiple lines).\nNote: Definition in \""IRollupCore\"": \n  --> src/rollup/IRollupCore.sol:52:5:\n   |\n52 |     function confirmPeriodBlocks() external view returns (uint64);\n   |     ^^^^^^^^^^^^^^^^^^^^^^^^^^^^^^^^^^^^^^^^^^^^^^^^^^^^^^^^^^^^^^\nNote: Definition in \""RollupCore\"": \n  --> src/rollup/RollupCore.sol:28:5:\n   |\n28 |     uint64 public confirmPeriodBlocks;\n   |     ^^^^^^^^^^^^^^^^^^^^^^^^^^^^^^^^^\n\n"",""message"":""Derived contract must override function \""confirmPeriodBlocks\"". Two or more base classes define function with same name and parameter types. Since one of the bases defines a public state variable which cannot be overridden, you have to change the inheritance layout or the names of the functions."",""secondarySourceLocations"":[{""end"":1465,""file"":""src/rollup/IRollupCore.sol"",""message"":""Definition in \""IRollupCore\"": "",""start"":1403},{""end"":808,""file"":""src/rollup/RollupCore.sol"",""message"":""Definition in \""RollupCore\"": "",""start"":775}],""severity"":""error"",""sourceLocation"":{""end"":23895,""file"":""src/rollup/RollupUserLogic.sol"",""start"":387},""type"":""TypeError""},{""component"":""general"",""errorCode"":""6480"",""formattedMessage"":""TypeError: Derived contract must override function \""extraChallengeTimeBlocks\"". Two or more base classes define function with same name and parameter types. Since one of the bases defines a public state variable which cannot be overridden, you have to change the inheritance layout or the names of the functions.\n  --> src/rollup/RollupUserLogic.sol:13:1:\n   |\n13 | abstract contract AbsRollupUserLogic is\n   | ^ (Relevant source part starts here and spans across multiple lines).\nNote: Definition in \""IRollupCore\"": \n  --> src/rollup/IRollupCore.sol:54:5:\n   |\n54 |     function extraChallengeTimeBlocks() external view returns (uint64);\n   |     ^^^^^^^^^^^^^^^^^^^^^^^^^^^^^^^^^^^^^^^^^^^^^^^^^^^^^^^^^^^^^^^^^^^\nNote: Definition in \""RollupCore\"": \n  --> src/rollup/RollupCore.sol:29:5:\n   |\n29 |     uint64 public extraChallengeTimeBlocks;\n   |     ^^^^^^^^^^^^^^^^^^^^^^^^^^^^^^^^^^^^^^\n\n"",""message"":""Derived contract must override function \""extraChallengeTimeBlocks\"". Two or more base classes define function with same name and parameter types. Since one of the bases defines a public state variable which cannot be overridden, you have to change the inheritance layout or the names of the functions."",""secondarySourceLocations"":[{""end"":1538,""file"":""src/rollup/IRollupCore.sol"",""message"":""Definition in \""IRollupCore\"": "",""start"":1471},{""end"":852,""file"":""src/rollup/RollupCore.sol"",""message"":""Definition in \""RollupCore\"": "",""start"":814}],""severity"":""error"",""sourceLocation"":{""end"":23895,""file"":""src/rollup/RollupUserLogic.sol"",""start"":387},""type"":""TypeError""},{""component"":""general"",""errorCode"":""6480"",""formattedMessage"":""TypeError: Derived contract must override function \""isValidator\"". Two or more base classes define function with same name and parameter types. Since one of the bases defines a public state variable which cannot be overridden, you have to change the inheritance layout or the names of the functions.\n  --> src/rollup/RollupUserLogic.sol:13:1:\n   |\n13 | abstract contract AbsRollupUserLogic is\n   | ^ (Relevant source part starts here and spans across multiple lines).\nNote: Definition in \""IRollupCore\"": \n  --> src/rollup/IRollupCore.sol:78:5:\n   |\n78 |     function isValidator(address) external view returns (bool);\n   |     ^^^^^^^^^^^^^^^^^^^^^^^^^^^^^^^^^^^^^^^^^^^^^^^^^^^^^^^^^^^\nNote: Definition in \""RollupCore\"": \n  --> src/rollup/RollupCore.sol:50:5:\n   |\n50 |     mapping(address => bool) public isValidator;\n   |     ^^^^^^^^^^^^^^^^^^^^^^^^^^^^^^^^^^^^^^^^^^^\n\n"",""message"":""Derived contract must override function \""isValidator\"". Two or more base classes define function with same name and parameter types. Since one of the bases defines a public state variable which cannot be overridden, you have to change the inheritance layout or the names of the functions."",""secondarySourceLocations"":[{""end"":2317,""file"":""src/rollup/IRollupCore.sol"",""message"":""Definition in \""IRollupCore\"": "",""start"":2258},{""end"":1563,""file"":""src/rollup/RollupCore.sol"",""message"":""Definition in \""RollupCore\"": "",""start"":1520}],""severity"":""error"",""sourceLocation"":{""end"":23895,""file"":""src/rollup/RollupUserLogic.sol"",""start"":387},""type"":""TypeError""},{""component"":""general"",""errorCode"":""6480"",""formattedMessage"":""TypeError: Derived contract must override function \""loserStakeEscrow\"". Two or more base classes define function with same name and parameter types. Since one of the bases defines a public state variable which cannot be overridden, you have to change the inheritance layout or the names of the functions.\n  --> src/rollup/RollupUserLogic.sol:13:1:\n   |\n13 | abstract contract AbsRollupUserLogic is\n   | ^ (Relevant source part starts here and spans across multiple lines).\nNote: Definition in \""IRollupCore\"": \n  --> src/rollup/IRollupCore.sol:72:5:\n   |\n72 |     function loserStakeEscrow() external view returns (address);\n   |     ^^^^^^^^^^^^^^^^^^^^^^^^^^^^^^^^^^^^^^^^^^^^^^^^^^^^^^^^^^^^\nNote: Definition in \""RollupCore\"": \n  --> src/rollup/RollupCore.sol:46:5:\n   |\n46 |     address public loserStakeEscrow;\n   |     ^^^^^^^^^^^^^^^^^^^^^^^^^^^^^^^\n\n"",""message"":""Derived contract must override function \""loserStakeEscrow\"". Two or more base classes define function with same name and parameter types. Since one of the bases defines a public state variable which cannot be overridden, you have to change the inheritance layout or the names of the functions."",""secondarySourceLocations"":[{""end"":2120,""file"":""src/rollup/IRollupCore.sol"",""message"":""Definition in \""IRollupCore\"": "",""start"":2060},{""end"":1439,""file"":""src/rollup/RollupCore.sol"",""message"":""Definition in \""RollupCore\"": "",""start"":1408}],""severity"":""error"",""sourceLocation"":{""end"":23895,""file"":""src/rollup/RollupUserLogic.sol"",""start"":387},""type"":""TypeError""},{""component"":""general"",""errorCode"":""6480"",""formattedMessage"":""TypeError: Derived contract must override function \""minimumAssertionPeriod\"". Two or more base classes define function with same name and parameter types. Since one of the bases defines a public state variable which cannot be overridden, you have to change the inheritance layout or the names of the functions.\n  --> src/rollup/RollupUserLogic.sol:13:1:\n   |\n13 | abstract contract AbsRollupUserLogic is\n   | ^ (Relevant source part starts here and spans across multiple lines).\nNote: Definition in \""IRollupCore\"": \n  --> src/rollup/IRollupCore.sol:76:5:\n   |\n76 |     function minimumAssertionPeriod() external view returns (uint256);\n   |     ^^^^^^^^^^^^^^^^^^^^^^^^^^^^^^^^^^^^^^^^^^^^^^^^^^^^^^^^^^^^^^^^^^\nNote: Definition in \""RollupCore\"": \n  --> src/rollup/RollupCore.sol:48:5:\n   |\n48 |     uint256 public minimumAssertionPeriod;\n   |     ^^^^^^^^^^^^^^^^^^^^^^^^^^^^^^^^^^^^^\n\n"",""message"":""Derived contract must override function \""minimumAssertionPeriod\"". Two or more base classes define function with same name and parameter types. Since one of the bases defines a public state variable which cannot be overridden, you have to change the inheritance layout or the names of the functions."",""secondarySourceLocations"":[{""end"":2252,""file"":""src/rollup/IRollupCore.sol"",""message"":""Definition in \""IRollupCore\"": "",""start"":2186},{""end"":1513,""file"":""src/rollup/RollupCore.sol"",""message"":""Definition in \""RollupCore\"": "",""start"":1476}],""severity"":""error"",""sourceLocation"":{""end"":23895,""file"":""src/rollup/RollupUserLogic.sol"",""start"":387},""type"":""TypeError""},{""component"":""general"",""errorCode"":""6480"",""formattedMessage"":""TypeError: Derived contract must override function \""outbox\"". Two or more base classes define function with same name and parameter types. Since one of the bases defines a public state variable which cannot be overridden, you have to change the inheritance layout or the names of the functions.\n  --> src/rollup/RollupUserLogic.sol:13:1:\n   |\n13 | abstract contract AbsRollupUserLogic is\n   | ^ (Relevant source part starts here and spans across multiple lines).\nNote: Definition in \""IRollupCore\"": \n  --> src/rollup/IRollupCore.sol:66:5:\n   |\n66 |     function outbox() external view returns (IOutbox);\n   |     ^^^^^^^^^^^^^^^^^^^^^^^^^^^^^^^^^^^^^^^^^^^^^^^^^^\nNote: Definition in \""RollupCore\"": \n  --> src/rollup/RollupCore.sol:36:5:\n   |\n36 |     IOutbox public outbox;\n   |     ^^^^^^^^^^^^^^^^^^^^^\n\n"",""message"":""Derived contract must override function \""outbox\"". Two or more base classes define function with same name and parameter types. Since one of the bases defines a public state variable which cannot be overridden, you have to change the inheritance layout or the names of the functions."",""secondarySourceLocations"":[{""end"":1902,""file"":""src/rollup/IRollupCore.sol"",""message"":""Definition in \""IRollupCore\"": "",""start"":1852},{""end"":1025,""file"":""src/rollup/RollupCore.sol"",""message"":""Definition in \""RollupCore\"": "",""start"":1004}],""severity"":""error"",""sourceLocation"":{""end"":23895,""file"":""src/rollup/RollupUserLogic.sol"",""start"":387},""type"":""TypeError""},{""component"":""general"",""errorCode"":""6480"",""formattedMessage"":""TypeError: Derived contract must override function \""rollupEventInbox\"". Two or more base classes define function with same name and parameter types. Since one of the bases defines a public state variable which cannot be overridden, you have to change the inheritance layout or the names of the functions.\n  --> src/rollup/RollupUserLogic.sol:13:1:\n   |\n13 | abstract contract AbsRollupUserLogic is\n   | ^ (Relevant source part starts here and spans across multiple lines).\nNote: Definition in \""IRollupCore\"": \n  --> src/rollup/IRollupCore.sol:68:5:\n   |\n68 |     function rollupEventInbox() external view returns (IRollupEventInbox);\n   |     ^^^^^^^^^^^^^^^^^^^^^^^^^^^^^^^^^^^^^^^^^^^^^^^^^^^^^^^^^^^^^^^^^^^^^^\nNote: Definition in \""RollupCore\"": \n  --> src/rollup/RollupCore.sol:38:5:\n   |\n38 |     IRollupEventInbox public rollupEventInbox;\n   |     ^^^^^^^^^^^^^^^^^^^^^^^^^^^^^^^^^^^^^^^^^\n\n"",""message"":""Derived contract must override function \""rollupEventInbox\"". Two or more base classes define function with same name and parameter types. Since one of the bases defines a public state variable which cannot be overridden, you have to change the inheritance layout or the names of the functions."",""secondarySourceLocations"":[{""end"":1978,""file"":""src/rollup/IRollupCore.sol"",""message"":""Definition in \""IRollupCore\"": "",""start"":1908},{""end"":1115,""file"":""src/rollup/RollupCore.sol"",""message"":""Definition in \""RollupCore\"": "",""start"":1074}],""severity"":""error"",""sourceLocation"":{""end"":23895,""file"":""src/rollup/RollupUserLogic.sol"",""start"":387},""type"":""TypeError""},{""component"":""general"",""errorCode"":""6480"",""formattedMessage"":""TypeError: Derived contract must override function \""sequencerInbox\"". Two or more base classes define function with same name and parameter types. Since one of the bases defines a public state variable which cannot be overridden, you have to change the inheritance layout or the names of the functions.\n  --> src/rollup/RollupUserLogic.sol:13:1:\n   |\n13 | abstract contract AbsRollupUserLogic is\n   | ^ (Relevant source part starts here and spans across multiple lines).\nNote: Definition in \""IRollupCore\"": \n  --> src/rollup/IRollupCore.sol:64:5:\n   |\n64 |     function sequencerInbox() external view returns (ISequencerInbox);\n   |     ^^^^^^^^^^^^^^^^^^^^^^^^^^^^^^^^^^^^^^^^^^^^^^^^^^^^^^^^^^^^^^^^^^\nNote: Definition in \""RollupCore\"": \n  --> src/rollup/RollupCore.sol:37:5:\n   |\n37 |     ISequencerInbox public sequencerInbox;\n   |     ^^^^^^^^^^^^^^^^^^^^^^^^^^^^^^^^^^^^^\n\n"",""message"":""Derived contract must override function \""sequencerInbox\"". Two or more base classes define function with same name and parameter types. Since one of the bases defines a public state variable which cannot be overridden, you have to change the inheritance layout or the names of the functions."",""secondarySourceLocations"":[{""end"":1846,""file"":""src/rollup/IRollupCore.sol"",""message"":""Definition in \""IRollupCore\"": "",""start"":1780},{""end"":1068,""file"":""src/rollup/RollupCore.sol"",""message"":""Definition in \""RollupCore\"": "",""start"":1031}],""severity"":""error"",""sourceLocation"":{""end"":23895,""file"":""src/rollup/RollupUserLogic.sol"",""start"":387},""type"":""TypeError""},{""component"":""general"",""errorCode"":""6480"",""formattedMessage"":""TypeError: Derived contract must override function \""stakeToken\"". Two or more base classes define function with same name and parameter types. Since one of the bases defines a public state variable which cannot be overridden, you have to change the inheritance layout or the names of the functions.\n  --> src/rollup/RollupUserLogic.sol:13:1:\n   |\n13 | abstract contract AbsRollupUserLogic is\n   | ^ (Relevant source part starts here and spans across multiple lines).\nNote: Definition in \""IRollupCore\"": \n  --> src/rollup/IRollupCore.sol:74:5:\n   |\n74 |     function stakeToken() external view returns (address);\n   |     ^^^^^^^^^^^^^^^^^^^^^^^^^^^^^^^^^^^^^^^^^^^^^^^^^^^^^^\nNote: Definition in \""RollupCore\"": \n  --> src/rollup/RollupCore.sol:47:5:\n   |\n47 |     address public stakeToken;\n   |     ^^^^^^^^^^^^^^^^^^^^^^^^^\n\n"",""message"":""Derived contract must override function \""stakeToken\"". Two or more base classes define function with same name and parameter types. Since one of the bases defines a public state variable which cannot be overridden, you have to change the inheritance layout or the names of the functions."",""secondarySourceLocations"":[{""end"":2180,""file"":""src/rollup/IRollupCore.sol"",""message"":""Definition in \""IRollupCore\"": "",""start"":2126},{""end"":1470,""file"":""src/rollup/RollupCore.sol"",""message"":""Definition in \""RollupCore\"": "",""start"":1445}],""severity"":""error"",""sourceLocation"":{""end"":23895,""file"":""src/rollup/RollupUserLogic.sol"",""start"":387},""type"":""TypeError""},{""component"":""general"",""errorCode"":""6480"",""formattedMessage"":""TypeError: Derived contract must override function \""wasmModuleRoot\"". Two or more base classes define function with same name and parameter types. Since one of the bases defines a public state variable which cannot be overridden, you have to change the inheritance layout or the names of the functions.\n  --> src/rollup/RollupUserLogic.sol:13:1:\n   |\n13 | abstract contract AbsRollupUserLogic is\n   | ^ (Relevant source part starts here and spans across multiple lines).\nNote: Definition in \""IRollupCore\"": \n  --> src/rollup/IRollupCore.sol:60:5:\n   |\n60 |     function wasmModuleRoot() external view returns (bytes32);\n   |     ^^^^^^^^^^^^^^^^^^^^^^^^^^^^^^^^^^^^^^^^^^^^^^^^^^^^^^^^^^\nNote: Definition in \""RollupCore\"": \n  --> src/rollup/RollupCore.sol:32:5:\n   |\n32 |     bytes32 public wasmModuleRoot;\n   |     ^^^^^^^^^^^^^^^^^^^^^^^^^^^^^\n\n"",""message"":""Derived contract must override function \""wasmModuleRoot\"". Two or more base classes define function with same name and parameter types. Since one of the bases defines a public state variable which cannot be overridden, you have to change the inheritance layout or the names of the functions."",""secondarySourceLocations"":[{""end"":1718,""file"":""src/rollup/IRollupCore.sol"",""message"":""Definition in \""IRollupCore\"": "",""start"":1660},{""end"":945,""file"":""src/rollup/RollupCore.sol"",""message"":""Definition in \""RollupCore\"": "",""start"":916}],""severity"":""error"",""sourceLocation"":{""end"":23895,""file"":""src/rollup/RollupUserLogic.sol"",""start"":387},""type"":""TypeError""},{""component"":""general"",""errorCode"":""6480"",""formattedMessage"":""TypeError: Derived contract must override function \""baseStake\"". Two or more base classes define function with same name and parameter types. Since one of the bases defines a public state variable which cannot be overridden, you have to change the inheritance layout or the names of the functions.\n   --> src/rollup/RollupUserLogic.sol:575:1:\n    |\n575 | contract RollupUserLogic is AbsRollupUserLogic, IRollupUser {\n    | ^ (Relevant source part starts here and spans across multiple lines).\nNote: Definition in \""IRollupCore\"": \n  --> src/rollup/IRollupCore.sol:58:5:\n   |\n58 |     function baseStake() external view returns (uint256);\n   |     ^^^^^^^^^^^^^^^^^^^^^^^^^^^^^^^^^^^^^^^^^^^^^^^^^^^^^\nNote: Definition in \""RollupCore\"": \n  --> src/rollup/RollupCore.sol:31:5:\n   |\n31 |     uint256 public baseStake;\n   |     ^^^^^^^^^^^^^^^^^^^^^^^^\n\n"",""message"":""Derived contract must override function \""baseStake\"". Two or more base classes define function with same name and parameter types. Since one of the bases defines a public state variable which cannot be overridden, you have to change the inheritance layout or the names of the functions."",""secondarySourceLocations"":[{""end"":1654,""file"":""src/rollup/IRollupCore.sol"",""message"":""Definition in \""IRollupCore\"": "",""start"":1601},{""end"":910,""file"":""src/rollup/RollupCore.sol"",""message"":""Definition in \""RollupCore\"": "",""start"":886}],""severity"":""error"",""sourceLocation"":{""end"":26234,""file"":""src/rollup/RollupUserLogic.sol"",""start"":23897},""type"":""TypeError""},{""component"":""general"",""errorCode"":""6480"",""formattedMessage"":""TypeError: Derived contract must override function \""bridge\"". Two or more base classes define function with same name and parameter types. Since one of the bases defines a public state variable which cannot be overridden, you have to change the inheritance layout or the names of the functions.\n   --> src/rollup/RollupUserLogic.sol:575:1:\n    |\n575 | contract RollupUserLogic is AbsRollupUserLogic, IRollupUser {\n    | ^ (Relevant source part starts here and spans across multiple lines).\nNote: Definition in \""IRollupCore\"": \n  --> src/rollup/IRollupCore.sol:62:5:\n   |\n62 |     function bridge() external view returns (IBridge);\n   |     ^^^^^^^^^^^^^^^^^^^^^^^^^^^^^^^^^^^^^^^^^^^^^^^^^^\nNote: Definition in \""RollupCore\"": \n  --> src/rollup/RollupCore.sol:35:5:\n   |\n35 |     IBridge public bridge;\n   |     ^^^^^^^^^^^^^^^^^^^^^\n\n"",""message"":""Derived contract must override function \""bridge\"". Two or more base classes define function with same name and parameter types. Since one of the bases defines a public state variable which cannot be overridden, you have to change the inheritance layout or the names of the functions."",""secondarySourceLocations"":[{""end"":1774,""file"":""src/rollup/IRollupCore.sol"",""message"":""Definition in \""IRollupCore\"": "",""start"":1724},{""end"":998,""file"":""src/rollup/RollupCore.sol"",""message"":""Definition in \""RollupCore\"": "",""start"":977}],""severity"":""error"",""sourceLocation"":{""end"":26234,""file"":""src/rollup/RollupUserLogic.sol"",""start"":23897},""type"":""TypeError""},{""component"":""general"",""errorCode"":""6480"",""formattedMessage"":""TypeError: Derived contract must override function \""chainId\"". Two or more base classes define function with same name and parameter types. Since one of the bases defines a public state variable which cannot be overridden, you have to change the inheritance layout or the names of the functions.\n   --> src/rollup/RollupUserLogic.sol:575:1:\n    |\n575 | contract RollupUserLogic is AbsRollupUserLogic, IRollupUser {\n    | ^ (Relevant source part starts here and spans across multiple lines).\nNote: Definition in \""IRollupCore\"": \n  --> src/rollup/IRollupCore.sol:56:5:\n   |\n56 |     function chainId() external view returns (uint256);\n   |     ^^^^^^^^^^^^^^^^^^^^^^^^^^^^^^^^^^^^^^^^^^^^^^^^^^^\nNote: Definition in \""RollupCore\"": \n  --> src/rollup/RollupCore.sol:30:5:\n   |\n30 |     uint256 public chainId;\n   |     ^^^^^^^^^^^^^^^^^^^^^^\n\n"",""message"":""Derived contract must override function \""chainId\"". Two or more base classes define function with same name and parameter types. Since one of the bases defines a public state variable which cannot be overridden, you have to change the inheritance layout or the names of the functions."",""secondarySourceLocations"":[{""end"":1595,""file"":""src/rollup/IRollupCore.sol"",""message"":""Definition in \""IRollupCore\"": "",""start"":1544},{""end"":880,""file"":""src/rollup/RollupCore.sol"",""message"":""Definition in \""RollupCore\"": "",""start"":858}],""severity"":""error"",""sourceLocation"":{""end"":26234,""file"":""src/rollup/RollupUserLogic.sol"",""start"":23897},""type"":""TypeError""},{""component"":""general"",""errorCode"":""6480"",""formattedMessage"":""TypeError: Derived contract must override function \""confirmNextNode\"". Two or more base classes define function with same name and parameter types.\n   --> src/rollup/RollupUserLogic.sol:575:1:\n    |\n575 | contract RollupUserLogic is AbsRollupUserLogic, IRollupUser {\n    | ^ (Relevant source part starts here and spans across multiple lines).\nNote: Definition in \""IRollupUserAbs\"": \n  --> src/rollup/IRollupLogic.sol:22:5:\n   |\n22 |     function confirmNextNode(bytes32 blockHash, bytes32 sendRoot) external;\n   |     ^^^^^^^^^^^^^^^^^^^^^^^^^^^^^^^^^^^^^^^^^^^^^^^^^^^^^^^^^^^^^^^^^^^^^^^\nNote: Definition in \""AbsRollupUserLogic\"": \n  --> src/rollup/RollupUserLogic.sol:83:5:\n   |\n83 |     function confirmNextNode(bytes32 blockHash, bytes32 sendRoot)\n   |     ^ (Relevant source part starts here and spans across multiple lines).\n\n"",""message"":""Derived contract must override function \""confirmNextNode\"". Two or more base classes define function with same name and parameter types."",""secondarySourceLocations"":[{""end"":825,""file"":""src/rollup/IRollupLogic.sol"",""message"":""Definition in \""IRollupUserAbs\"": "",""start"":754},{""end"":4583,""file"":""src/rollup/RollupUserLogic.sol"",""message"":""Definition in \""AbsRollupUserLogic\"": "",""start"":3411}],""severity"":""error"",""sourceLocation"":{""end"":26234,""file"":""src/rollup/RollupUserLogic.sol"",""start"":23897},""type"":""TypeError""},{""component"":""general"",""errorCode"":""6480"",""formattedMessage"":""TypeError: Derived contract must override function \""confirmPeriodBlocks\"". Two or more base classes define function with same name and parameter types. Since one of the bases defines a public state variable which cannot be overridden, you have to change the inheritance layout or the names of the functions.\n   --> src/rollup/RollupUserLogic.sol:575:1:\n    |\n575 | contract RollupUserLogic is AbsRollupUserLogic, IRollupUser {\n    | ^ (Relevant source part starts here and spans across multiple lines).\nNote: Definition in \""IRollupCore\"": \n  --> src/rollup/IRollupCore.sol:52:5:\n   |\n52 |     function confirmPeriodBlocks() external view returns (uint64);\n   |     ^^^^^^^^^^^^^^^^^^^^^^^^^^^^^^^^^^^^^^^^^^^^^^^^^^^^^^^^^^^^^^\nNote: Definition in \""RollupCore\"": \n  --> src/rollup/RollupCore.sol:28:5:\n   |\n28 |     uint64 public confirmPeriodBlocks;\n   |     ^^^^^^^^^^^^^^^^^^^^^^^^^^^^^^^^^\n\n"",""message"":""Derived contract must override function \""confirmPeriodBlocks\"". Two or more base classes define function with same name and parameter types. Since one of the bases defines a public state variable which cannot be overridden, you have to change the inheritance layout or the names of the functions."",""secondarySourceLocations"":[{""end"":1465,""file"":""src/rollup/IRollupCore.sol"",""message"":""Definition in \""IRollupCore\"": "",""start"":1403},{""end"":808,""file"":""src/rollup/RollupCore.sol"",""message"":""Definition in \""RollupCore\"": "",""start"":775}],""severity"":""error"",""sourceLocation"":{""end"":26234,""file"":""src/rollup/RollupUserLogic.sol"",""start"":23897},""type"":""TypeError""},{""component"":""general"",""errorCode"":""6480"",""formattedMessage"":""TypeError: Derived contract must override function \""createChallenge\"". Two or more base classes define function with same name and parameter types.\n   --> src/rollup/RollupUserLogic.sol:575:1:\n    |\n575 | contract RollupUserLogic is AbsRollupUserLogic, IRollupUser {\n    | ^ (Relevant source part starts here and spans across multiple lines).\nNote: Definition in \""IRollupUserAbs\"": \n  --> src/rollup/IRollupLogic.sol:58:5:\n   |\n58 |     function createChallenge(\n   |     ^ (Relevant source part starts here and spans across multiple lines).\nNote: Definition in \""AbsRollupUserLogic\"": \n   --> src/rollup/RollupUserLogic.sol:245:5:\n    |\n245 |     function createChallenge(\n    |     ^ (Relevant source part starts here and spans across multiple lines).\n\n"",""message"":""Derived contract must override function \""createChallenge\"". Two or more base classes define function with same name and parameter types."",""secondarySourceLocations"":[{""end"":2284,""file"":""src/rollup/IRollupLogic.sol"",""message"":""Definition in \""IRollupUserAbs\"": "",""start"":1922},{""end"":13657,""file"":""src/rollup/RollupUserLogic.sol"",""message"":""Definition in \""AbsRollupUserLogic\"": "",""start"":10656}],""severity"":""error"",""sourceLocation"":{""end"":26234,""file"":""src/rollup/RollupUserLogic.sol"",""start"":23897},""type"":""TypeError""},{""component"":""general"",""errorCode"":""6480"",""formattedMessage"":""TypeError: Derived contract must override function \""currentRequiredStake\"". Two or more base classes define function with same name and parameter types.\n   --> src/rollup/RollupUserLogic.sol:575:1:\n    |\n575 | contract RollupUserLogic is AbsRollupUserLogic, IRollupUser {\n    | ^ (Relevant source part starts here and spans across multiple lines).\nNote: Definition in \""IRollupUserAbs\"": \n  --> src/rollup/IRollupLogic.sol:46:5:\n   |\n46 |     function currentRequiredStake() external view returns (uint256);\n   |     ^^^^^^^^^^^^^^^^^^^^^^^^^^^^^^^^^^^^^^^^^^^^^^^^^^^^^^^^^^^^^^^^\nNote: Definition in \""AbsRollupUserLogic\"": \n   --> src/rollup/RollupUserLogic.sol:496:5:\n    |\n496 |     function currentRequiredStake() public view returns (uint256) {\n    |     ^ (Relevant source part starts here and spans across multiple lines).\n\n"",""message"":""Derived contract must override function \""currentRequiredStake\"". Two or more base classes define function with same name and parameter types."",""secondarySourceLocations"":[{""end"":1559,""file"":""src/rollup/IRollupLogic.sol"",""message"":""Definition in \""IRollupUserAbs\"": "",""start"":1495},{""end"":20932,""file"":""src/rollup/RollupUserLogic.sol"",""message"":""Definition in \""AbsRollupUserLogic\"": "",""start"":20703}],""severity"":""error"",""sourceLocation"":{""end"":26234,""file"":""src/rollup/RollupUserLogic.sol"",""start"":23897},""type"":""TypeError""},{""component"":""general"",""errorCode"":""6480"",""formattedMessage"":""TypeError: Derived contract must override function \""extraChallengeTimeBlocks\"". Two or more base classes define function with same name and parameter types. Since one of the bases defines a public state variable which cannot be overridden, you have to change the inheritance layout or the names of the functions.\n   --> src/rollup/RollupUserLogic.sol:575:1:\n    |\n575 | contract RollupUserLogic is AbsRollupUserLogic, IRollupUser {\n    | ^ (Relevant source part starts here and spans across multiple lines).\nNote: Definition in \""IRollupCore\"": \n  --> src/rollup/IRollupCore.sol:54:5:\n   |\n54 |     function extraChallengeTimeBlocks() external view returns (uint64);\n   |     ^^^^^^^^^^^^^^^^^^^^^^^^^^^^^^^^^^^^^^^^^^^^^^^^^^^^^^^^^^^^^^^^^^^\nNote: Definition in \""RollupCore\"": \n  --> src/rollup/RollupCore.sol:29:5:\n   |\n29 |     uint64 public extraChallengeTimeBlocks;\n   |     ^^^^^^^^^^^^^^^^^^^^^^^^^^^^^^^^^^^^^^\n\n"",""message"":""Derived contract must override function \""extraChallengeTimeBlocks\"". Two or more base classes define function with same name and parameter types. Since one of the bases defines a public state variable which cannot be overridden, you have to change the inheritance layout or the names of the functions."",""secondarySourceLocations"":[{""end"":1538,""file"":""src/rollup/IRollupCore.sol"",""message"":""Definition in \""IRollupCore\"": "",""start"":1471},{""end"":852,""file"":""src/rollup/RollupCore.sol"",""message"":""Definition in \""RollupCore\"": "",""start"":814}],""severity"":""error"",""sourceLocation"":{""end"":26234,""file"":""src/rollup/RollupUserLogic.sol"",""start"":23897},""type"":""TypeError""},{""component"":""general"",""errorCode"":""6480"",""formattedMessage"":""TypeError: Derived contract must override function \""isValidator\"". Two or more base classes define function with same name and parameter types. Since one of the bases defines a public state variable which cannot be overridden, you have to change the inheritance layout or the names of the functions.\n   --> src/rollup/RollupUserLogic.sol:575:1:\n    |\n575 | contract RollupUserLogic is AbsRollupUserLogic, IRollupUser {\n    | ^ (Relevant source part starts here and spans across multiple lines).\nNote: Definition in \""IRollupCore\"": \n  --> src/rollup/IRollupCore.sol:78:5:\n   |\n78 |     function isValidator(address) external view returns (bool);\n   |     ^^^^^^^^^^^^^^^^^^^^^^^^^^^^^^^^^^^^^^^^^^^^^^^^^^^^^^^^^^^\nNote: Definition in \""RollupCore\"": \n  --> src/rollup/RollupCore.sol:50:5:\n   |\n50 |     mapping(address => bool) public isValidator;\n   |     ^^^^^^^^^^^^^^^^^^^^^^^^^^^^^^^^^^^^^^^^^^^\n\n"",""message"":""Derived contract must override function \""isValidator\"". Two or more base classes define function with same name and parameter types. Since one of the bases defines a public state variable which cannot be overridden, you have to change the inheritance layout or the names of the functions."",""secondarySourceLocations"":[{""end"":2317,""file"":""src/rollup/IRollupCore.sol"",""message"":""Definition in \""IRollupCore\"": "",""start"":2258},{""end"":1563,""file"":""src/rollup/RollupCore.sol"",""message"":""Definition in \""RollupCore\"": "",""start"":1520}],""severity"":""error"",""sourceLocation"":{""end"":26234,""file"":""src/rollup/RollupUserLogic.sol"",""start"":23897},""type"":""TypeError""},{""component"":""general"",""errorCode"":""6480"",""formattedMessage"":""TypeError: Derived contract must override function \""loserStakeEscrow\"". Two or more base classes define function with same name and parameter types. Since one of the bases defines a public state variable which cannot be overridden, you have to change the inheritance layout or the names of the functions.\n   --> src/rollup/RollupUserLogic.sol:575:1:\n    |\n575 | contract RollupUserLogic is AbsRollupUserLogic, IRollupUser {\n    | ^ (Relevant source part starts here and spans across multiple lines).\nNote: Definition in \""IRollupCore\"": \n  --> src/rollup/IRollupCore.sol:72:5:\n   |\n72 |     function loserStakeEscrow() external view returns (address);\n   |     ^^^^^^^^^^^^^^^^^^^^^^^^^^^^^^^^^^^^^^^^^^^^^^^^^^^^^^^^^^^^\nNote: Definition in \""RollupCore\"": \n  --> src/rollup/RollupCore.sol:46:5:\n   |\n46 |     address public loserStakeEscrow;\n   |     ^^^^^^^^^^^^^^^^^^^^^^^^^^^^^^^\n\n"",""message"":""Derived contract must override function \""loserStakeEscrow\"". Two or more base classes define function with same name and parameter types. Since one of the bases defines a public state variable which cannot be overridden, you have to change the inheritance layout or the names of the functions."",""secondarySourceLocations"":[{""end"":2120,""file"":""src/rollup/IRollupCore.sol"",""message"":""Definition in \""IRollupCore\"": "",""start"":2060},{""end"":1439,""file"":""src/rollup/RollupCore.sol"",""message"":""Definition in \""RollupCore\"": "",""start"":1408}],""severity"":""error"",""sourceLocation"":{""end"":26234,""file"":""src/rollup/RollupUserLogic.sol"",""start"":23897},""type"":""TypeError""},{""component"":""general"",""errorCode"":""6480"",""formattedMessage"":""TypeError: Derived contract must override function \""minimumAssertionPeriod\"". Two or more base classes define function with same name and parameter types. Since one of the bases defines a public state variable which cannot be overridden, you have to change the inheritance layout or the names of the functions.\n   --> src/rollup/RollupUserLogic.sol:575:1:\n    |\n575 | contract RollupUserLogic is AbsRollupUserLogic, IRollupUser {\n    | ^ (Relevant source part starts here and spans across multiple lines).\nNote: Definition in \""IRollupCore\"": \n  --> src/rollup/IRollupCore.sol:76:5:\n   |\n76 |     function minimumAssertionPeriod() external view returns (uint256);\n   |     ^^^^^^^^^^^^^^^^^^^^^^^^^^^^^^^^^^^^^^^^^^^^^^^^^^^^^^^^^^^^^^^^^^\nNote: Definition in \""RollupCore\"": \n  --> src/rollup/RollupCore.sol:48:5:\n   |\n48 |     uint256 public minimumAssertionPeriod;\n   |     ^^^^^^^^^^^^^^^^^^^^^^^^^^^^^^^^^^^^^\n\n"",""message"":""Derived contract must override function \""minimumAssertionPeriod\"". Two or more base classes define function with same name and parameter types. Since one of the bases defines a public state variable which cannot be overridden, you have to change the inheritance layout or the names of the functions."",""secondarySourceLocations"":[{""end"":2252,""file"":""src/rollup/IRollupCore.sol"",""message"":""Definition in \""IRollupCore\"": "",""start"":2186},{""end"":1513,""file"":""src/rollup/RollupCore.sol"",""message"":""Definition in \""RollupCore\"": "",""start"":1476}],""severity"":""error"",""sourceLocation"":{""end"":26234,""file"":""src/rollup/RollupUserLogic.sol"",""start"":23897},""type"":""TypeError""},{""component"":""general"",""errorCode"":""6480"",""formattedMessage"":""TypeError: Derived contract must override function \""outbox\"". Two or more base classes define function with same name and parameter types. Since one of the bases defines a public state variable which cannot be overridden, you have to change the inheritance layout or the names of the functions.\n   --> src/rollup/RollupUserLogic.sol:575:1:\n    |\n575 | contract RollupUserLogic is AbsRollupUserLogic, IRollupUser {\n    | ^ (Relevant source part starts here and spans across multiple lines).\nNote: Definition in \""IRollupCore\"": \n  --> src/rollup/IRollupCore.sol:66:5:\n   |\n66 |     function outbox() external view returns (IOutbox);\n   |     ^^^^^^^^^^^^^^^^^^^^^^^^^^^^^^^^^^^^^^^^^^^^^^^^^^\nNote: Definition in \""RollupCore\"": \n  --> src/rollup/RollupCore.sol:36:5:\n   |\n36 |     IOutbox public outbox;\n   |     ^^^^^^^^^^^^^^^^^^^^^\n\n"",""message"":""Derived contract must override function \""outbox\"". Two or more base classes define function with same name and parameter types. Since one of the bases defines a public state variable which cannot be overridden, you have to change the inheritance layout or the names of the functions."",""secondarySourceLocations"":[{""end"":1902,""file"":""src/rollup/IRollupCore.sol"",""message"":""Definition in \""IRollupCore\"": "",""start"":1852},{""end"":1025,""file"":""src/rollup/RollupCore.sol"",""message"":""Definition in \""RollupCore\"": "",""start"":1004}],""severity"":""error"",""sourceLocation"":{""end"":26234,""file"":""src/rollup/RollupUserLogic.sol"",""start"":23897},""type"":""TypeError""},{""component"":""general"",""errorCode"":""6480"",""formattedMessage"":""TypeError: Derived contract must override function \""owner\"". Two or more base classes define function with same name and parameter types.\n   --> src/rollup/RollupUserLogic.sol:575:1:\n    |\n575 | contract RollupUserLogic is AbsRollupUserLogic, IRollupUser {\n    | ^ (Relevant source part starts here and spans across multiple lines).\nNote: Definition in \""IOwnable\"": \n --> src/bridge/IOwnable.sol:9:5:\n  |\n9 |     function owner() external view returns (address);\n  |     ^^^^^^^^^^^^^^^^^^^^^^^^^^^^^^^^^^^^^^^^^^^^^^^^^\nNote: Definition in \""AbsRollupUserLogic\"": \n   --> src/rollup/RollupUserLogic.sol:492:5:\n    |\n492 |     function owner() external view returns (address) {\n    |     ^ (Relevant source part starts here and spans across multiple lines).\n\n"",""message"":""Derived contract must override function \""owner\"". Two or more base classes define function with same name and parameter types."",""secondarySourceLocations"":[{""end"":313,""file"":""src/bridge/IOwnable.sol"",""message"":""Definition in \""IOwnable\"": "",""start"":264},{""end"":20697,""file"":""src/rollup/RollupUserLogic.sol"",""message"":""Definition in \""AbsRollupUserLogic\"": "",""start"":20613}],""severity"":""error"",""sourceLocation"":{""end"":26234,""file"":""src/rollup/RollupUserLogic.sol"",""start"":23897},""type"":""TypeError""},{""component"":""general"",""errorCode"":""6480"",""formattedMessage"":""TypeError: Derived contract must override function \""reduceDeposit\"". Two or more base classes define function with same name and parameter types.\n   --> src/rollup/RollupUserLogic.sol:575:1:\n    |\n575 | contract RollupUserLogic is AbsRollupUserLogic, IRollupUser {\n    | ^ (Relevant source part starts here and spans across multiple lines).\nNote: Definition in \""IRollupUserAbs\"": \n  --> src/rollup/IRollupLogic.sol:34:5:\n   |\n34 |     function reduceDeposit(uint256 target) external;\n   |     ^^^^^^^^^^^^^^^^^^^^^^^^^^^^^^^^^^^^^^^^^^^^^^^^\nNote: Definition in \""AbsRollupUserLogic\"": \n   --> src/rollup/RollupUserLogic.sol:225:5:\n    |\n225 |     function reduceDeposit(uint256 target) external onlyValidator whenNotPaused {\n    |     ^ (Relevant source part starts here and spans across multiple lines).\n\n"",""message"":""Derived contract must override function \""reduceDeposit\"". Two or more base classes define function with same name and parameter types."",""secondarySourceLocations"":[{""end"":1185,""file"":""src/rollup/IRollupLogic.sol"",""message"":""Definition in \""IRollupUserAbs\"": "",""start"":1137},{""end"":9656,""file"":""src/rollup/RollupUserLogic.sol"",""message"":""Definition in \""AbsRollupUserLogic\"": "",""start"":9337}],""severity"":""error"",""sourceLocation"":{""end"":26234,""file"":""src/rollup/RollupUserLogic.sol"",""start"":23897},""type"":""TypeError""},{""component"":""general"",""errorCode"":""6480"",""formattedMessage"":""TypeError: Derived contract must override function \""rejectNextNode\"". Two or more base classes define function with same name and parameter types.\n   --> src/rollup/RollupUserLogic.sol:575:1:\n    |\n575 | contract RollupUserLogic is AbsRollupUserLogic, IRollupUser {\n    | ^ (Relevant source part starts here and spans across multiple lines).\nNote: Definition in \""IRollupUserAbs\"": \n  --> src/rollup/IRollupLogic.sol:20:5:\n   |\n20 |     function rejectNextNode(address stakerAddress) external;\n   |     ^^^^^^^^^^^^^^^^^^^^^^^^^^^^^^^^^^^^^^^^^^^^^^^^^^^^^^^^\nNote: Definition in \""AbsRollupUserLogic\"": \n  --> src/rollup/RollupUserLogic.sol:35:5:\n   |\n35 |     function rejectNextNode(address stakerAddress) external onlyValidator whenNotPaused {\n   |     ^ (Relevant source part starts here and spans across multiple lines).\n\n"",""message"":""Derived contract must override function \""rejectNextNode\"". Two or more base classes define function with same name and parameter types."",""secondarySourceLocations"":[{""end"":748,""file"":""src/rollup/IRollupLogic.sol"",""message"":""Definition in \""IRollupUserAbs\"": "",""start"":692},{""end"":3209,""file"":""src/rollup/RollupUserLogic.sol"",""message"":""Definition in \""AbsRollupUserLogic\"": "",""start"":1013}],""severity"":""error"",""sourceLocation"":{""end"":26234,""file"":""src/rollup/RollupUserLogic.sol"",""start"":23897},""type"":""TypeError""},{""component"":""general"",""errorCode"":""6480"",""formattedMessage"":""TypeError: Derived contract must override function \""removeOldZombies\"". Two or more base classes define function with same name and parameter types.\n   --> src/rollup/RollupUserLogic.sol:575:1:\n    |\n575 | contract RollupUserLogic is AbsRollupUserLogic, IRollupUser {\n    | ^ (Relevant source part starts here and spans across multiple lines).\nNote: Definition in \""IRollupUserAbs\"": \n  --> src/rollup/IRollupLogic.sol:38:5:\n   |\n38 |     function removeOldZombies(uint256 startIndex) external;\n   |     ^^^^^^^^^^^^^^^^^^^^^^^^^^^^^^^^^^^^^^^^^^^^^^^^^^^^^^^\nNote: Definition in \""AbsRollupUserLogic\"": \n   --> src/rollup/RollupUserLogic.sol:410:5:\n    |\n410 |     function removeOldZombies(uint256 startIndex) public onlyValidator whenNotPaused {\n    |     ^ (Relevant source part starts here and spans across multiple lines).\n\n"",""message"":""Derived contract must override function \""removeOldZombies\"". Two or more base classes define function with same name and parameter types."",""secondarySourceLocations"":[{""end"":1320,""file"":""src/rollup/IRollupLogic.sol"",""message"":""Definition in \""IRollupUserAbs\"": "",""start"":1265},{""end"":18127,""file"":""src/rollup/RollupUserLogic.sol"",""message"":""Definition in \""AbsRollupUserLogic\"": "",""start"":17606}],""severity"":""error"",""sourceLocation"":{""end"":26234,""file"":""src/rollup/RollupUserLogic.sol"",""start"":23897},""type"":""TypeError""},{""component"":""general"",""errorCode"":""6480"",""formattedMessage"":""TypeError: Derived contract must override function \""removeZombie\"". Two or more base classes define function with same name and parameter types.\n   --> src/rollup/RollupUserLogic.sol:575:1:\n    |\n575 | contract RollupUserLogic is AbsRollupUserLogic, IRollupUser {\n    | ^ (Relevant source part starts here and spans across multiple lines).\nNote: Definition in \""IRollupUserAbs\"": \n  --> src/rollup/IRollupLogic.sol:36:5:\n   |\n36 |     function removeZombie(uint256 zombieNum, uint256 maxNodes) external;\n   |     ^^^^^^^^^^^^^^^^^^^^^^^^^^^^^^^^^^^^^^^^^^^^^^^^^^^^^^^^^^^^^^^^^^^^\nNote: Definition in \""AbsRollupUserLogic\"": \n   --> src/rollup/RollupUserLogic.sol:383:5:\n    |\n383 |     function removeZombie(uint256 zombieNum, uint256 maxNodes)\n    |     ^ (Relevant source part starts here and spans across multiple lines).\n\n"",""message"":""Derived contract must override function \""removeZombie\"". Two or more base classes define function with same name and parameter types."",""secondarySourceLocations"":[{""end"":1259,""file"":""src/rollup/IRollupLogic.sol"",""message"":""Definition in \""IRollupUserAbs\"": "",""start"":1191},{""end"":17368,""file"":""src/rollup/RollupUserLogic.sol"",""message"":""Definition in \""AbsRollupUserLogic\"": "",""start"":16466}],""severity"":""error"",""sourceLocation"":{""end"":26234,""file"":""src/rollup/RollupUserLogic.sol"",""start"":23897},""type"":""TypeError""},{""component"":""general"",""errorCode"":""6480"",""formattedMessage"":""TypeError: Derived contract must override function \""requiredStake\"". Two or more base classes define function with same name and parameter types.\n   --> src/rollup/RollupUserLogic.sol:575:1:\n    |\n575 | contract RollupUserLogic is AbsRollupUserLogic, IRollupUser {\n    | ^ (Relevant source part starts here and spans across multiple lines).\nNote: Definition in \""IRollupUserAbs\"": \n  --> src/rollup/IRollupLogic.sol:40:5:\n   |\n40 |     function requiredStake(\n   |     ^ (Relevant source part starts here and spans across multiple lines).\nNote: Definition in \""AbsRollupUserLogic\"": \n   --> src/rollup/RollupUserLogic.sol:484:5:\n    |\n484 |     function requiredStake(\n    |     ^ (Relevant source part starts here and spans across multiple lines).\n\n"",""message"":""Derived contract must override function \""requiredStake\"". Two or more base classes define function with same name and parameter types."",""secondarySourceLocations"":[{""end"":1489,""file"":""src/rollup/IRollupLogic.sol"",""message"":""Definition in \""IRollupUserAbs\"": "",""start"":1326},{""end"":20607,""file"":""src/rollup/RollupUserLogic.sol"",""message"":""Definition in \""AbsRollupUserLogic\"": "",""start"":20344}],""severity"":""error"",""sourceLocation"":{""end"":26234,""file"":""src/rollup/RollupUserLogic.sol"",""start"":23897},""type"":""TypeError""},{""component"":""general"",""errorCode"":""6480"",""formattedMessage"":""TypeError: Derived contract must override function \""rollupEventInbox\"". Two or more base classes define function with same name and parameter types. Since one of the bases defines a public state variable which cannot be overridden, you have to change the inheritance layout or the names of the functions.\n   --> src/rollup/RollupUserLogic.sol:575:1:\n    |\n575 | contract RollupUserLogic is AbsRollupUserLogic, IRollupUser {\n    | ^ (Relevant source part starts here and spans across multiple lines).\nNote: Definition in \""IRollupCore\"": \n  --> src/rollup/IRollupCore.sol:68:5:\n   |\n68 |     function rollupEventInbox() external view returns (IRollupEventInbox);\n   |     ^^^^^^^^^^^^^^^^^^^^^^^^^^^^^^^^^^^^^^^^^^^^^^^^^^^^^^^^^^^^^^^^^^^^^^\nNote: Definition in \""RollupCore\"": \n  --> src/rollup/RollupCore.sol:38:5:\n   |\n38 |     IRollupEventInbox public rollupEventInbox;\n   |     ^^^^^^^^^^^^^^^^^^^^^^^^^^^^^^^^^^^^^^^^^\n\n"",""message"":""Derived contract must override function \""rollupEventInbox\"". Two or more base classes define function with same name and parameter types. Since one of the bases defines a public state variable which cannot be overridden, you have to change the inheritance layout or the names of the functions."",""secondarySourceLocations"":[{""end"":1978,""file"":""src/rollup/IRollupCore.sol"",""message"":""Definition in \""IRollupCore\"": "",""start"":1908},{""end"":1115,""file"":""src/rollup/RollupCore.sol"",""message"":""Definition in \""RollupCore\"": "",""start"":1074}],""severity"":""error"",""sourceLocation"":{""end"":26234,""file"":""src/rollup/RollupUserLogic.sol"",""start"":23897},""type"":""TypeError""},{""component"":""general"",""errorCode"":""6480"",""formattedMessage"":""TypeError: Derived contract must override function \""sequencerInbox\"". Two or more base classes define function with same name and parameter types. Since one of the bases defines a public state variable which cannot be overridden, you have to change the inheritance layout or the names of the functions.\n   --> src/rollup/RollupUserLogic.sol:575:1:\n    |\n575 | contract RollupUserLogic is AbsRollupUserLogic, IRollupUser {\n    | ^ (Relevant source part starts here and spans across multiple lines).\nNote: Definition in \""IRollupCore\"": \n  --> src/rollup/IRollupCore.sol:64:5:\n   |\n64 |     function sequencerInbox() external view returns (ISequencerInbox);\n   |     ^^^^^^^^^^^^^^^^^^^^^^^^^^^^^^^^^^^^^^^^^^^^^^^^^^^^^^^^^^^^^^^^^^\nNote: Definition in \""RollupCore\"": \n  --> src/rollup/RollupCore.sol:37:5:\n   |\n37 |     ISequencerInbox public sequencerInbox;\n   |     ^^^^^^^^^^^^^^^^^^^^^^^^^^^^^^^^^^^^^\n\n"",""message"":""Derived contract must override function \""sequencerInbox\"". Two or more base classes define function with same name and parameter types. Since one of the bases defines a public state variable which cannot be overridden, you have to change the inheritance layout or the names of the functions."",""secondarySourceLocations"":[{""end"":1846,""file"":""src/rollup/IRollupCore.sol"",""message"":""Definition in \""IRollupCore\"": "",""start"":1780},{""end"":1068,""file"":""src/rollup/RollupCore.sol"",""message"":""Definition in \""RollupCore\"": "",""start"":1031}],""severity"":""error"",""sourceLocation"":{""end"":26234,""file"":""src/rollup/RollupUserLogic.sol"",""start"":23897},""type"":""TypeError""},{""component"":""general"",""errorCode"":""6480"",""formattedMessage"":""TypeError: Derived contract must override function \""stakeOnExistingNode\"". Two or more base classes define function with same name and parameter types.\n   --> src/rollup/RollupUserLogic.sol:575:1:\n    |\n575 | contract RollupUserLogic is AbsRollupUserLogic, IRollupUser {\n    | ^ (Relevant source part starts here and spans across multiple lines).\nNote: Definition in \""IRollupUserAbs\"": \n  --> src/rollup/IRollupLogic.sol:24:5:\n   |\n24 |     function stakeOnExistingNode(uint64 nodeNum, bytes32 nodeHash) external;\n   |     ^^^^^^^^^^^^^^^^^^^^^^^^^^^^^^^^^^^^^^^^^^^^^^^^^^^^^^^^^^^^^^^^^^^^^^^^\nNote: Definition in \""AbsRollupUserLogic\"": \n   --> src/rollup/RollupUserLogic.sol:135:5:\n    |\n135 |     function stakeOnExistingNode(uint64 nodeNum, bytes32 nodeHash)\n    |     ^ (Relevant source part starts here and spans across multiple lines).\n\n"",""message"":""Derived contract must override function \""stakeOnExistingNode\"". Two or more base classes define function with same name and parameter types."",""secondarySourceLocations"":[{""end"":903,""file"":""src/rollup/IRollupLogic.sol"",""message"":""Definition in \""IRollupUserAbs\"": "",""start"":831},{""end"":5948,""file"":""src/rollup/RollupUserLogic.sol"",""message"":""Definition in \""AbsRollupUserLogic\"": "",""start"":5365}],""severity"":""error"",""sourceLocation"":{""end"":26234,""file"":""src/rollup/RollupUserLogic.sol"",""start"":23897},""type"":""TypeError""},{""component"":""general"",""errorCode"":""6480"",""formattedMessage"":""TypeError: Derived contract must override function \""stakeOnNewNode\"". Two or more base classes define function with same name and parameter types.\n   --> src/rollup/RollupUserLogic.sol:575:1:\n    |\n575 | contract RollupUserLogic is AbsRollupUserLogic, IRollupUser {\n    | ^ (Relevant source part starts here and spans across multiple lines).\nNote: Definition in \""IRollupUserAbs\"": \n  --> src/rollup/IRollupLogic.sol:26:5:\n   |\n26 |     function stakeOnNewNode(\n   |     ^ (Relevant source part starts here and spans across multiple lines).\nNote: Definition in \""AbsRollupUserLogic\"": \n   --> src/rollup/RollupUserLogic.sol:157:5:\n    |\n157 |     function stakeOnNewNode(\n    |     ^ (Relevant source part starts here and spans across multiple lines).\n\n"",""message"":""Derived contract must override function \""stakeOnNewNode\"". Two or more base classes define function with same name and parameter types."",""secondarySourceLocations"":[{""end"":1067,""file"":""src/rollup/IRollupLogic.sol"",""message"":""Definition in \""IRollupUserAbs\"": "",""start"":909},{""end"":7855,""file"":""src/rollup/RollupUserLogic.sol"",""message"":""Definition in \""AbsRollupUserLogic\"": "",""start"":6161}],""severity"":""error"",""sourceLocation"":{""end"":26234,""file"":""src/rollup/RollupUserLogic.sol"",""start"":23897},""type"":""TypeError""},{""component"":""general"",""errorCode"":""6480"",""formattedMessage"":""TypeError: Derived contract must override function \""stakeToken\"". Two or more base classes define function with same name and parameter types. Since one of the bases defines a public state variable which cannot be overridden, you have to change the inheritance layout or the names of the functions.\n   --> src/rollup/RollupUserLogic.sol:575:1:\n    |\n575 | contract RollupUserLogic is AbsRollupUserLogic, IRollupUser {\n    | ^ (Relevant source part starts here and spans across multiple lines).\nNote: Definition in \""IRollupCore\"": \n  --> src/rollup/IRollupCore.sol:74:5:\n   |\n74 |     function stakeToken() external view returns (address);\n   |     ^^^^^^^^^^^^^^^^^^^^^^^^^^^^^^^^^^^^^^^^^^^^^^^^^^^^^^\nNote: Definition in \""RollupCore\"": \n  --> src/rollup/RollupCore.sol:47:5:\n   |\n47 |     address public stakeToken;\n   |     ^^^^^^^^^^^^^^^^^^^^^^^^^\n\n"",""message"":""Derived contract must override function \""stakeToken\"". Two or more base classes define function with same name and parameter types. Since one of the bases defines a public state variable which cannot be overridden, you have to change the inheritance layout or the names of the functions."",""secondarySourceLocations"":[{""end"":2180,""file"":""src/rollup/IRollupCore.sol"",""message"":""Definition in \""IRollupCore\"": "",""start"":2126},{""end"":1470,""file"":""src/rollup/RollupCore.sol"",""message"":""Definition in \""RollupCore\"": "",""start"":1445}],""severity"":""error"",""sourceLocation"":{""end"":26234,""file"":""src/rollup/RollupUserLogic.sol"",""start"":23897},""type"":""TypeError""},{""component"":""general"",""errorCode"":""6480"",""formattedMessage"":""TypeError: Derived contract must override function \""wasmModuleRoot\"". Two or more base classes define function with same name and parameter types. Since one of the bases defines a public state variable which cannot be overridden, you have to change the inheritance layout or the names of the functions.\n   --> src/rollup/RollupUserLogic.sol:575:1:\n    |\n575 | contract RollupUserLogic is AbsRollupUserLogic, IRollupUser {\n    | ^ (Relevant source part starts here and spans across multiple lines).\nNote: Definition in \""IRollupCore\"": \n  --> src/rollup/IRollupCore.sol:60:5:\n   |\n60 |     function wasmModuleRoot() external view returns (bytes32);\n   |     ^^^^^^^^^^^^^^^^^^^^^^^^^^^^^^^^^^^^^^^^^^^^^^^^^^^^^^^^^^\nNote: Definition in \""RollupCore\"": \n  --> src/rollup/RollupCore.sol:32:5:\n   |\n32 |     bytes32 public wasmModuleRoot;\n   |     ^^^^^^^^^^^^^^^^^^^^^^^^^^^^^\n\n"",""message"":""Derived contract must override function \""wasmModuleRoot\"". Two or more base classes define function with same name and parameter types. Since one of the bases defines a public state variable which cannot be overridden, you have to change the inheritance layout or the names of the functions."",""secondarySourceLocations"":[{""end"":1718,""file"":""src/rollup/IRollupCore.sol"",""message"":""Definition in \""IRollupCore\"": "",""start"":1660},{""end"":945,""file"":""src/rollup/RollupCore.sol"",""message"":""Definition in \""RollupCore\"": "",""start"":916}],""severity"":""error"",""sourceLocation"":{""end"":26234,""file"":""src/rollup/RollupUserLogic.sol"",""start"":23897},""type"":""TypeError""},{""component"":""general"",""errorCode"":""9456"",""formattedMessage"":""TypeError: Overriding function is missing \""override\"" specifier.\n   --> src/rollup/RollupUserLogic.sol:684:5:\n    |\n684 |     function addToDeposit(address stakerAddress, uint256 tokenAmount)\n    |     ^ (Relevant source part starts here and spans across multiple lines).\nNote: Overridden function is here:\n  --> src/rollup/IRollupLogic.sol:96:5:\n   |\n96 |     function addToDeposit(address stakerAddress, uint256 tokenAmount) external;\n   |     ^^^^^^^^^^^^^^^^^^^^^^^^^^^^^^^^^^^^^^^^^^^^^^^^^^^^^^^^^^^^^^^^^^^^^^^^^^^\n\n"",""message"":""Overriding function is missing \""override\"" specifier."",""secondarySourceLocations"":[{""end"":3122,""file"":""src/rollup/IRollupLogic.sol"",""message"":""Overridden function is here:"",""start"":3047}],""severity"":""error"",""sourceLocation"":{""end"":28692,""file"":""src/rollup/RollupUserLogic.sol"",""start"":28379},""type"":""TypeError""},{""component"":""general"",""errorCode"":""6480"",""formattedMessage"":""TypeError: Derived contract must override function \""baseStake\"". Two or more base classes define function with same name and parameter types. Since one of the bases defines a public state variable which cannot be overridden, you have to change the inheritance layout or the names of the functions.\n   --> src/rollup/RollupUserLogic.sol:635:1:\n    |\n635 | contract ERC20RollupUserLogic is AbsRollupUserLogic, IRollupUserERC20 {\n    | ^ (Relevant source part starts here and spans across multiple lines).\nNote: Definition in \""IRollupCore\"": \n  --> src/rollup/IRollupCore.sol:58:5:\n   |\n58 |     function baseStake() external view returns (uint256);\n   |     ^^^^^^^^^^^^^^^^^^^^^^^^^^^^^^^^^^^^^^^^^^^^^^^^^^^^^\nNote: Definition in \""RollupCore\"": \n  --> src/rollup/RollupCore.sol:31:5:\n   |\n31 |     uint256 public baseStake;\n   |     ^^^^^^^^^^^^^^^^^^^^^^^^\n\n"",""message"":""Derived contract must override function \""baseStake\"". Two or more base classes define function with same name and parameter types. Since one of the bases defines a public state variable which cannot be overridden, you have to change the inheritance layout or the names of the functions."",""secondarySourceLocations"":[{""end"":1654,""file"":""src/rollup/IRollupCore.sol"",""message"":""Definition in \""IRollupCore\"": "",""start"":1601},{""end"":910,""file"":""src/rollup/RollupCore.sol"",""message"":""Definition in \""RollupCore\"": "",""start"":886}],""severity"":""error"",""sourceLocation"":{""end"":29357,""file"":""src/rollup/RollupUserLogic.sol"",""start"":26236},""type"":""TypeError""},{""component"":""general"",""errorCode"":""6480"",""formattedMessage"":""TypeError: Derived contract must override function \""bridge\"". Two or more base classes define function with same name and parameter types. Since one of the bases defines a public state variable which cannot be overridden, you have to change the inheritance layout or the names of the functions.\n   --> src/rollup/RollupUserLogic.sol:635:1:\n    |\n635 | contract ERC20RollupUserLogic is AbsRollupUserLogic, IRollupUserERC20 {\n    | ^ (Relevant source part starts here and spans across multiple lines).\nNote: Definition in \""IRollupCore\"": \n  --> src/rollup/IRollupCore.sol:62:5:\n   |\n62 |     function bridge() external view returns (IBridge);\n   |     ^^^^^^^^^^^^^^^^^^^^^^^^^^^^^^^^^^^^^^^^^^^^^^^^^^\nNote: Definition in \""RollupCore\"": \n  --> src/rollup/RollupCore.sol:35:5:\n   |\n35 |     IBridge public bridge;\n   |     ^^^^^^^^^^^^^^^^^^^^^\n\n"",""message"":""Derived contract must override function \""bridge\"". Two or more base classes define function with same name and parameter types. Since one of the bases defines a public state variable which cannot be overridden, you have to change the inheritance layout or the names of the functions."",""secondarySourceLocations"":[{""end"":1774,""file"":""src/rollup/IRollupCore.sol"",""message"":""Definition in \""IRollupCore\"": "",""start"":1724},{""end"":998,""file"":""src/rollup/RollupCore.sol"",""message"":""Definition in \""RollupCore\"": "",""start"":977}],""severity"":""error"",""sourceLocation"":{""end"":29357,""file"":""src/rollup/RollupUserLogic.sol"",""start"":26236},""type"":""TypeError""},{""component"":""general"",""errorCode"":""6480"",""formattedMessage"":""TypeError: Derived contract must override function \""chainId\"". Two or more base classes define function with same name and parameter types. Since one of the bases defines a public state variable which cannot be overridden, you have to change the inheritance layout or the names of the functions.\n   --> src/rollup/RollupUserLogic.sol:635:1:\n    |\n635 | contract ERC20RollupUserLogic is AbsRollupUserLogic, IRollupUserERC20 {\n    | ^ (Relevant source part starts here and spans across multiple lines).\nNote: Definition in \""IRollupCore\"": \n  --> src/rollup/IRollupCore.sol:56:5:\n   |\n56 |     function chainId() external view returns (uint256);\n   |     ^^^^^^^^^^^^^^^^^^^^^^^^^^^^^^^^^^^^^^^^^^^^^^^^^^^\nNote: Definition in \""RollupCore\"": \n  --> src/rollup/RollupCore.sol:30:5:\n   |\n30 |     uint256 public chainId;\n   |     ^^^^^^^^^^^^^^^^^^^^^^\n\n"",""message"":""Derived contract must override function \""chainId\"". Two or more base classes define function with same name and parameter types. Since one of the bases defines a public state variable which cannot be overridden, you have to change the inheritance layout or the names of the functions."",""secondarySourceLocations"":[{""end"":1595,""file"":""src/rollup/IRollupCore.sol"",""message"":""Definition in \""IRollupCore\"": "",""start"":1544},{""end"":880,""file"":""src/rollup/RollupCore.sol"",""message"":""Definition in \""RollupCore\"": "",""start"":858}],""severity"":""error"",""sourceLocation"":{""end"":29357,""file"":""src/rollup/RollupUserLogic.sol"",""start"":26236},""type"":""TypeError""},{""component"":""general"",""errorCode"":""6480"",""formattedMessage"":""TypeError: Derived contract must override function \""confirmNextNode\"". Two or more base classes define function with same name and parameter types.\n   --> src/rollup/RollupUserLogic.sol:635:1:\n    |\n635 | contract ERC20RollupUserLogic is AbsRollupUserLogic, IRollupUserERC20 {\n    | ^ (Relevant source part starts here and spans across multiple lines).\nNote: Definition in \""IRollupUserAbs\"": \n  --> src/rollup/IRollupLogic.sol:22:5:\n   |\n22 |     function confirmNextNode(bytes32 blockHash, bytes32 sendRoot) external;\n   |     ^^^^^^^^^^^^^^^^^^^^^^^^^^^^^^^^^^^^^^^^^^^^^^^^^^^^^^^^^^^^^^^^^^^^^^^\nNote: Definition in \""AbsRollupUserLogic\"": \n  --> src/rollup/RollupUserLogic.sol:83:5:\n   |\n83 |     function confirmNextNode(bytes32 blockHash, bytes32 sendRoot)\n   |     ^ (Relevant source part starts here and spans across multiple lines).\n\n"",""message"":""Derived contract must override function \""confirmNextNode\"". Two or more base classes define function with same name and parameter types."",""secondarySourceLocations"":[{""end"":825,""file"":""src/rollup/IRollupLogic.sol"",""message"":""Definition in \""IRollupUserAbs\"": "",""start"":754},{""end"":4583,""file"":""src/rollup/RollupUserLogic.sol"",""message"":""Definition in \""AbsRollupUserLogic\"": "",""start"":3411}],""severity"":""error"",""sourceLocation"":{""end"":29357,""file"":""src/rollup/RollupUserLogic.sol"",""start"":26236},""type"":""TypeError""},{""component"":""general"",""errorCode"":""6480"",""formattedMessage"":""TypeError: Derived contract must override function \""confirmPeriodBlocks\"". Two or more base classes define function with same name and parameter types. Since one of the bases defines a public state variable which cannot be overridden, you have to change the inheritance layout or the names of the functions.\n   --> src/rollup/RollupUserLogic.sol:635:1:\n    |\n635 | contract ERC20RollupUserLogic is AbsRollupUserLogic, IRollupUserERC20 {\n    | ^ (Relevant source part starts here and spans across multiple lines).\nNote: Definition in \""IRollupCore\"": \n  --> src/rollup/IRollupCore.sol:52:5:\n   |\n52 |     function confirmPeriodBlocks() external view returns (uint64);\n   |     ^^^^^^^^^^^^^^^^^^^^^^^^^^^^^^^^^^^^^^^^^^^^^^^^^^^^^^^^^^^^^^\nNote: Definition in \""RollupCore\"": \n  --> src/rollup/RollupCore.sol:28:5:\n   |\n28 |     uint64 public confirmPeriodBlocks;\n   |     ^^^^^^^^^^^^^^^^^^^^^^^^^^^^^^^^^\n\n"",""message"":""Derived contract must override function \""confirmPeriodBlocks\"". Two or more base classes define function with same name and parameter types. Since one of the bases defines a public state variable which cannot be overridden, you have to change the inheritance layout or the names of the functions."",""secondarySourceLocations"":[{""end"":1465,""file"":""src/rollup/IRollupCore.sol"",""message"":""Definition in \""IRollupCore\"": "",""start"":1403},{""end"":808,""file"":""src/rollup/RollupCore.sol"",""message"":""Definition in \""RollupCore\"": "",""start"":775}],""severity"":""error"",""sourceLocation"":{""end"":29357,""file"":""src/rollup/RollupUserLogic.sol"",""start"":26236},""type"":""TypeError""},{""component"":""general"",""errorCode"":""6480"",""formattedMessage"":""TypeError: Derived contract must override function \""createChallenge\"". Two or more base classes define function with same name and parameter types.\n   --> src/rollup/RollupUserLogic.sol:635:1:\n    |\n635 | contract ERC20RollupUserLogic is AbsRollupUserLogic, IRollupUserERC20 {\n    | ^ (Relevant source part starts here and spans across multiple lines).\nNote: Definition in \""IRollupUserAbs\"": \n  --> src/rollup/IRollupLogic.sol:58:5:\n   |\n58 |     function createChallenge(\n   |     ^ (Relevant source part starts here and spans across multiple lines).\nNote: Definition in \""AbsRollupUserLogic\"": \n   --> src/rollup/RollupUserLogic.sol:245:5:\n    |\n245 |     function createChallenge(\n    |     ^ (Relevant source part starts here and spans across multiple lines).\n\n"",""message"":""Derived contract must override function \""createChallenge\"". Two or more base classes define function with same name and parameter types."",""secondarySourceLocations"":[{""end"":2284,""file"":""src/rollup/IRollupLogic.sol"",""message"":""Definition in \""IRollupUserAbs\"": "",""start"":1922},{""end"":13657,""file"":""src/rollup/RollupUserLogic.sol"",""message"":""Definition in \""AbsRollupUserLogic\"": "",""start"":10656}],""severity"":""error"",""sourceLocation"":{""end"":29357,""file"":""src/rollup/RollupUserLogic.sol"",""start"":26236},""type"":""TypeError""},{""component"":""general"",""errorCode"":""6480"",""formattedMessage"":""TypeError: Derived contract must override function \""currentRequiredStake\"". Two or more base classes define function with same name and parameter types.\n   --> src/rollup/RollupUserLogic.sol:635:1:\n    |\n635 | contract ERC20RollupUserLogic is AbsRollupUserLogic, IRollupUserERC20 {\n    | ^ (Relevant source part starts here and spans across multiple lines).\nNote: Definition in \""IRollupUserAbs\"": \n  --> src/rollup/IRollupLogic.sol:46:5:\n   |\n46 |     function currentRequiredStake() external view returns (uint256);\n   |     ^^^^^^^^^^^^^^^^^^^^^^^^^^^^^^^^^^^^^^^^^^^^^^^^^^^^^^^^^^^^^^^^\nNote: Definition in \""AbsRollupUserLogic\"": \n   --> src/rollup/RollupUserLogic.sol:496:5:\n    |\n496 |     function currentRequiredStake() public view returns (uint256) {\n    |     ^ (Relevant source part starts here and spans across multiple lines).\n\n"",""message"":""Derived contract must override function \""currentRequiredStake\"". Two or more base classes define function with same name and parameter types."",""secondarySourceLocations"":[{""end"":1559,""file"":""src/rollup/IRollupLogic.sol"",""message"":""Definition in \""IRollupUserAbs\"": "",""start"":1495},{""end"":20932,""file"":""src/rollup/RollupUserLogic.sol"",""message"":""Definition in \""AbsRollupUserLogic\"": "",""start"":20703}],""severity"":""error"",""sourceLocation"":{""end"":29357,""file"":""src/rollup/RollupUserLogic.sol"",""start"":26236},""type"":""TypeError""},{""component"":""general"",""errorCode"":""6480"",""formattedMessage"":""TypeError: Derived contract must override function \""extraChallengeTimeBlocks\"". Two or more base classes define function with same name and parameter types. Since one of the bases defines a public state variable which cannot be overridden, you have to change the inheritance layout or the names of the functions.\n   --> src/rollup/RollupUserLogic.sol:635:1:\n    |\n635 | contract ERC20RollupUserLogic is AbsRollupUserLogic, IRollupUserERC20 {\n    | ^ (Relevant source part starts here and spans across multiple lines).\nNote: Definition in \""IRollupCore\"": \n  --> src/rollup/IRollupCore.sol:54:5:\n   |\n54 |     function extraChallengeTimeBlocks() external view returns (uint64);\n   |     ^^^^^^^^^^^^^^^^^^^^^^^^^^^^^^^^^^^^^^^^^^^^^^^^^^^^^^^^^^^^^^^^^^^\nNote: Definition in \""RollupCore\"": \n  --> src/rollup/RollupCore.sol:29:5:\n   |\n29 |     uint64 public extraChallengeTimeBlocks;\n   |     ^^^^^^^^^^^^^^^^^^^^^^^^^^^^^^^^^^^^^^\n\n"",""message"":""Derived contract must override function \""extraChallengeTimeBlocks\"". Two or more base classes define function with same name and parameter types. Since one of the bases defines a public state variable which cannot be overridden, you have to change the inheritance layout or the names of the functions."",""secondarySourceLocations"":[{""end"":1538,""file"":""src/rollup/IRollupCore.sol"",""message"":""Definition in \""IRollupCore\"": "",""start"":1471},{""end"":852,""file"":""src/rollup/RollupCore.sol"",""message"":""Definition in \""RollupCore\"": "",""start"":814}],""severity"":""error"",""sourceLocation"":{""end"":29357,""file"":""src/rollup/RollupUserLogic.sol"",""start"":26236},""type"":""TypeError""},{""component"":""general"",""errorCode"":""6480"",""formattedMessage"":""TypeError: Derived contract must override function \""isValidator\"". Two or more base classes define function with same name and parameter types. Since one of the bases defines a public state variable which cannot be overridden, you have to change the inheritance layout or the names of the functions.\n   --> src/rollup/RollupUserLogic.sol:635:1:\n    |\n635 | contract ERC20RollupUserLogic is AbsRollupUserLogic, IRollupUserERC20 {\n    | ^ (Relevant source part starts here and spans across multiple lines).\nNote: Definition in \""IRollupCore\"": \n  --> src/rollup/IRollupCore.sol:78:5:\n   |\n78 |     function isValidator(address) external view returns (bool);\n   |     ^^^^^^^^^^^^^^^^^^^^^^^^^^^^^^^^^^^^^^^^^^^^^^^^^^^^^^^^^^^\nNote: Definition in \""RollupCore\"": \n  --> src/rollup/RollupCore.sol:50:5:\n   |\n50 |     mapping(address => bool) public isValidator;\n   |     ^^^^^^^^^^^^^^^^^^^^^^^^^^^^^^^^^^^^^^^^^^^\n\n"",""message"":""Derived contract must override function \""isValidator\"". Two or more base classes define function with same name and parameter types. Since one of the bases defines a public state variable which cannot be overridden, you have to change the inheritance layout or the names of the functions."",""secondarySourceLocations"":[{""end"":2317,""file"":""src/rollup/IRollupCore.sol"",""message"":""Definition in \""IRollupCore\"": "",""start"":2258},{""end"":1563,""file"":""src/rollup/RollupCore.sol"",""message"":""Definition in \""RollupCore\"": "",""start"":1520}],""severity"":""error"",""sourceLocation"":{""end"":29357,""file"":""src/rollup/RollupUserLogic.sol"",""start"":26236},""type"":""TypeError""},{""component"":""general"",""errorCode"":""6480"",""formattedMessage"":""TypeError: Derived contract must override function \""loserStakeEscrow\"". Two or more base classes define function with same name and parameter types. Since one of the bases defines a public state variable which cannot be overridden, you have to change the inheritance layout or the names of the functions.\n   --> src/rollup/RollupUserLogic.sol:635:1:\n    |\n635 | contract ERC20RollupUserLogic is AbsRollupUserLogic, IRollupUserERC20 {\n    | ^ (Relevant source part starts here and spans across multiple lines).\nNote: Definition in \""IRollupCore\"": \n  --> src/rollup/IRollupCore.sol:72:5:\n   |\n72 |     function loserStakeEscrow() external view returns (address);\n   |     ^^^^^^^^^^^^^^^^^^^^^^^^^^^^^^^^^^^^^^^^^^^^^^^^^^^^^^^^^^^^\nNote: Definition in \""RollupCore\"": \n  --> src/rollup/RollupCore.sol:46:5:\n   |\n46 |     address public loserStakeEscrow;\n   |     ^^^^^^^^^^^^^^^^^^^^^^^^^^^^^^^\n\n"",""message"":""Derived contract must override function \""loserStakeEscrow\"". Two or more base classes define function with same name and parameter types. Since one of the bases defines a public state variable which cannot be overridden, you have to change the inheritance layout or the names of the functions."",""secondarySourceLocations"":[{""end"":2120,""file"":""src/rollup/IRollupCore.sol"",""message"":""Definition in \""IRollupCore\"": "",""start"":2060},{""end"":1439,""file"":""src/rollup/RollupCore.sol"",""message"":""Definition in \""RollupCore\"": "",""start"":1408}],""severity"":""error"",""sourceLocation"":{""end"":29357,""file"":""src/rollup/RollupUserLogic.sol"",""start"":26236},""type"":""TypeError""},{""component"":""general"",""errorCode"":""6480"",""formattedMessage"":""TypeError: Derived contract must override function \""minimumAssertionPeriod\"". Two or more base classes define function with same name and parameter types. Since one of the bases defines a public state variable which cannot be overridden, you have to change the inheritance layout or the names of the functions.\n   --> src/rollup/RollupUserLogic.sol:635:1:\n    |\n635 | contract ERC20RollupUserLogic is AbsRollupUserLogic, IRollupUserERC20 {\n    | ^ (Relevant source part starts here and spans across multiple lines).\nNote: Definition in \""IRollupCore\"": \n  --> src/rollup/IRollupCore.sol:76:5:\n   |\n76 |     function minimumAssertionPeriod() external view returns (uint256);\n   |     ^^^^^^^^^^^^^^^^^^^^^^^^^^^^^^^^^^^^^^^^^^^^^^^^^^^^^^^^^^^^^^^^^^\nNote: Definition in \""RollupCore\"": \n  --> src/rollup/RollupCore.sol:48:5:\n   |\n48 |     uint256 public minimumAssertionPeriod;\n   |     ^^^^^^^^^^^^^^^^^^^^^^^^^^^^^^^^^^^^^\n\n"",""message"":""Derived contract must override function \""minimumAssertionPeriod\"". Two or more base classes define function with same name and parameter types. Since one of the bases defines a public state variable which cannot be overridden, you have to change the inheritance layout or the names of the functions."",""secondarySourceLocations"":[{""end"":2252,""file"":""src/rollup/IRollupCore.sol"",""message"":""Definition in \""IRollupCore\"": "",""start"":2186},{""end"":1513,""file"":""src/rollup/RollupCore.sol"",""message"":""Definition in \""RollupCore\"": "",""start"":1476}],""severity"":""error"",""sourceLocation"":{""end"":29357,""file"":""src/rollup/RollupUserLogic.sol"",""start"":26236},""type"":""TypeError""},{""component"":""general"",""errorCode"":""6480"",""formattedMessage"":""TypeError: Derived contract must override function \""outbox\"". Two or more base classes define function with same name and parameter types. Since one of the bases defines a public state variable which cannot be overridden, you have to change the inheritance layout or the names of the functions.\n   --> src/rollup/RollupUserLogic.sol:635:1:\n    |\n635 | contract ERC20RollupUserLogic is AbsRollupUserLogic, IRollupUserERC20 {\n    | ^ (Relevant source part starts here and spans across multiple lines).\nNote: Definition in \""IRollupCore\"": \n  --> src/rollup/IRollupCore.sol:66:5:\n   |\n66 |     function outbox() external view returns (IOutbox);\n   |     ^^^^^^^^^^^^^^^^^^^^^^^^^^^^^^^^^^^^^^^^^^^^^^^^^^\nNote: Definition in \""RollupCore\"": \n  --> src/rollup/RollupCore.sol:36:5:\n   |\n36 |     IOutbox public outbox;\n   |     ^^^^^^^^^^^^^^^^^^^^^\n\n"",""message"":""Derived contract must override function \""outbox\"". Two or more base classes define function with same name and parameter types. Since one of the bases defines a public state variable which cannot be overridden, you have to change the inheritance layout or the names of the functions."",""secondarySourceLocations"":[{""end"":1902,""file"":""src/rollup/IRollupCore.sol"",""message"":""Definition in \""IRollupCore\"": "",""start"":1852},{""end"":1025,""file"":""src/rollup/RollupCore.sol"",""message"":""Definition in \""RollupCore\"": "",""start"":1004}],""severity"":""error"",""sourceLocation"":{""end"":29357,""file"":""src/rollup/RollupUserLogic.sol"",""start"":26236},""type"":""TypeError""},{""component"":""general"",""errorCode"":""6480"",""formattedMessage"":""TypeError: Derived contract must override function \""owner\"". Two or more base classes define function with same name and parameter types.\n   --> src/rollup/RollupUserLogic.sol:635:1:\n    |\n635 | contract ERC20RollupUserLogic is AbsRollupUserLogic, IRollupUserERC20 {\n    | ^ (Relevant source part starts here and spans across multiple lines).\nNote: Definition in \""IOwnable\"": \n --> src/bridge/IOwnable.sol:9:5:\n  |\n9 |     function owner() external view returns (address);\n  |     ^^^^^^^^^^^^^^^^^^^^^^^^^^^^^^^^^^^^^^^^^^^^^^^^^\nNote: Definition in \""AbsRollupUserLogic\"": \n   --> src/rollup/RollupUserLogic.sol:492:5:\n    |\n492 |     function owner() external view returns (address) {\n    |     ^ (Relevant source part starts here and spans across multiple lines).\n\n"",""message"":""Derived contract must override function \""owner\"". Two or more base classes define function with same name and parameter types."",""secondarySourceLocations"":[{""end"":313,""file"":""src/bridge/IOwnable.sol"",""message"":""Definition in \""IOwnable\"": "",""start"":264},{""end"":20697,""file"":""src/rollup/RollupUserLogic.sol"",""message"":""Definition in \""AbsRollupUserLogic\"": "",""start"":20613}],""severity"":""error"",""sourceLocation"":{""end"":29357,""file"":""src/rollup/RollupUserLogic.sol"",""start"":26236},""type"":""TypeError""},{""component"":""general"",""errorCode"":""6480"",""formattedMessage"":""TypeError: Derived contract must override function \""reduceDeposit\"". Two or more base classes define function with same name and parameter types.\n   --> src/rollup/RollupUserLogic.sol:635:1:\n    |\n635 | contract ERC20RollupUserLogic is AbsRollupUserLogic, IRollupUserERC20 {\n    | ^ (Relevant source part starts here and spans across multiple lines).\nNote: Definition in \""IRollupUserAbs\"": \n  --> src/rollup/IRollupLogic.sol:34:5:\n   |\n34 |     function reduceDeposit(uint256 target) external;\n   |     ^^^^^^^^^^^^^^^^^^^^^^^^^^^^^^^^^^^^^^^^^^^^^^^^\nNote: Definition in \""AbsRollupUserLogic\"": \n   --> src/rollup/RollupUserLogic.sol:225:5:\n    |\n225 |     function reduceDeposit(uint256 target) external onlyValidator whenNotPaused {\n    |     ^ (Relevant source part starts here and spans across multiple lines).\n\n"",""message"":""Derived contract must override function \""reduceDeposit\"". Two or more base classes define function with same name and parameter types."",""secondarySourceLocations"":[{""end"":1185,""file"":""src/rollup/IRollupLogic.sol"",""message"":""Definition in \""IRollupUserAbs\"": "",""start"":1137},{""end"":9656,""file"":""src/rollup/RollupUserLogic.sol"",""message"":""Definition in \""AbsRollupUserLogic\"": "",""start"":9337}],""severity"":""error"",""sourceLocation"":{""end"":29357,""file"":""src/rollup/RollupUserLogic.sol"",""start"":26236},""type"":""TypeError""},{""component"":""general"",""errorCode"":""6480"",""formattedMessage"":""TypeError: Derived contract must override function \""rejectNextNode\"". Two or more base classes define function with same name and parameter types.\n   --> src/rollup/RollupUserLogic.sol:635:1:\n    |\n635 | contract ERC20RollupUserLogic is AbsRollupUserLogic, IRollupUserERC20 {\n    | ^ (Relevant source part starts here and spans across multiple lines).\nNote: Definition in \""IRollupUserAbs\"": \n  --> src/rollup/IRollupLogic.sol:20:5:\n   |\n20 |     function rejectNextNode(address stakerAddress) external;\n   |     ^^^^^^^^^^^^^^^^^^^^^^^^^^^^^^^^^^^^^^^^^^^^^^^^^^^^^^^^\nNote: Definition in \""AbsRollupUserLogic\"": \n  --> src/rollup/RollupUserLogic.sol:35:5:\n   |\n35 |     function rejectNextNode(address stakerAddress) external onlyValidator whenNotPaused {\n   |     ^ (Relevant source part starts here and spans across multiple lines).\n\n"",""message"":""Derived contract must override function \""rejectNextNode\"". Two or more base classes define function with same name and parameter types."",""secondarySourceLocations"":[{""end"":748,""file"":""src/rollup/IRollupLogic.sol"",""message"":""Definition in \""IRollupUserAbs\"": "",""start"":692},{""end"":3209,""file"":""src/rollup/RollupUserLogic.sol"",""message"":""Definition in \""AbsRollupUserLogic\"": "",""start"":1013}],""severity"":""error"",""sourceLocation"":{""end"":29357,""file"":""src/rollup/RollupUserLogic.sol"",""start"":26236},""type"":""TypeError""},{""component"":""general"",""errorCode"":""6480"",""formattedMessage"":""TypeError: Derived contract must override function \""removeOldZombies\"". Two or more base classes define function with same name and parameter types.\n   --> src/rollup/RollupUserLogic.sol:635:1:\n    |\n635 | contract ERC20RollupUserLogic is AbsRollupUserLogic, IRollupUserERC20 {\n    | ^ (Relevant source part starts here and spans across multiple lines).\nNote: Definition in \""IRollupUserAbs\"": \n  --> src/rollup/IRollupLogic.sol:38:5:\n   |\n38 |     function removeOldZombies(uint256 startIndex) external;\n   |     ^^^^^^^^^^^^^^^^^^^^^^^^^^^^^^^^^^^^^^^^^^^^^^^^^^^^^^^\nNote: Definition in \""AbsRollupUserLogic\"": \n   --> src/rollup/RollupUserLogic.sol:410:5:\n    |\n410 |     function removeOldZombies(uint256 startIndex) public onlyValidator whenNotPaused {\n    |     ^ (Relevant source part starts here and spans across multiple lines).\n\n"",""message"":""Derived contract must override function \""removeOldZombies\"". Two or more base classes define function with same name and parameter types."",""secondarySourceLocations"":[{""end"":1320,""file"":""src/rollup/IRollupLogic.sol"",""message"":""Definition in \""IRollupUserAbs\"": "",""start"":1265},{""end"":18127,""file"":""src/rollup/RollupUserLogic.sol"",""message"":""Definition in \""AbsRollupUserLogic\"": "",""start"":17606}],""severity"":""error"",""sourceLocation"":{""end"":29357,""file"":""src/rollup/RollupUserLogic.sol"",""start"":26236},""type"":""TypeError""},{""component"":""general"",""errorCode"":""6480"",""formattedMessage"":""TypeError: Derived contract must override function \""removeZombie\"". Two or more base classes define function with same name and parameter types.\n   --> src/rollup/RollupUserLogic.sol:635:1:\n    |\n635 | contract ERC20RollupUserLogic is AbsRollupUserLogic, IRollupUserERC20 {\n    | ^ (Relevant source part starts here and spans across multiple lines).\nNote: Definition in \""IRollupUserAbs\"": \n  --> src/rollup/IRollupLogic.sol:36:5:\n   |\n36 |     function removeZombie(uint256 zombieNum, uint256 maxNodes) external;\n   |     ^^^^^^^^^^^^^^^^^^^^^^^^^^^^^^^^^^^^^^^^^^^^^^^^^^^^^^^^^^^^^^^^^^^^\nNote: Definition in \""AbsRollupUserLogic\"": \n   --> src/rollup/RollupUserLogic.sol:383:5:\n    |\n383 |     function removeZombie(uint256 zombieNum, uint256 maxNodes)\n    |     ^ (Relevant source part starts here and spans across multiple lines).\n\n"",""message"":""Derived contract must override function \""removeZombie\"". Two or more base classes define function with same name and parameter types."",""secondarySourceLocations"":[{""end"":1259,""file"":""src/rollup/IRollupLogic.sol"",""message"":""Definition in \""IRollupUserAbs\"": "",""start"":1191},{""end"":17368,""file"":""src/rollup/RollupUserLogic.sol"",""message"":""Definition in \""AbsRollupUserLogic\"": "",""start"":16466}],""severity"":""error"",""sourceLocation"":{""end"":29357,""file"":""src/rollup/RollupUserLogic.sol"",""start"":26236},""type"":""TypeError""},{""component"":""general"",""errorCode"":""6480"",""formattedMessage"":""TypeError: Derived contract must override function \""requiredStake\"". Two or more base classes define function with same name and parameter types.\n   --> src/rollup/RollupUserLogic.sol:635:1:\n    |\n635 | contract ERC20RollupUserLogic is AbsRollupUserLogic, IRollupUserERC20 {\n    | ^ (Relevant source part starts here and spans across multiple lines).\nNote: Definition in \""IRollupUserAbs\"": \n  --> src/rollup/IRollupLogic.sol:40:5:\n   |\n40 |     function requiredStake(\n   |     ^ (Relevant source part starts here and spans across multiple lines).\nNote: Definition in \""AbsRollupUserLogic\"": \n   --> src/rollup/RollupUserLogic.sol:484:5:\n    |\n484 |     function requiredStake(\n    |     ^ (Relevant source part starts here and spans across multiple lines).\n\n"",""message"":""Derived contract must override function \""requiredStake\"". Two or more base classes define function with same name and parameter types."",""secondarySourceLocations"":[{""end"":1489,""file"":""src/rollup/IRollupLogic.sol"",""message"":""Definition in \""IRollupUserAbs\"": "",""start"":1326},{""end"":20607,""file"":""src/rollup/RollupUserLogic.sol"",""message"":""Definition in \""AbsRollupUserLogic\"": "",""start"":20344}],""severity"":""error"",""sourceLocation"":{""end"":29357,""file"":""src/rollup/RollupUserLogic.sol"",""start"":26236},""type"":""TypeError""},{""component"":""general"",""errorCode"":""6480"",""formattedMessage"":""TypeError: Derived contract must override function \""rollupEventInbox\"". Two or more base classes define function with same name and parameter types. Since one of the bases defines a public state variable which cannot be overridden, you have to change the inheritance layout or the names of the functions.\n   --> src/rollup/RollupUserLogic.sol:635:1:\n    |\n635 | contract ERC20RollupUserLogic is AbsRollupUserLogic, IRollupUserERC20 {\n    | ^ (Relevant source part starts here and spans across multiple lines).\nNote: Definition in \""IRollupCore\"": \n  --> src/rollup/IRollupCore.sol:68:5:\n   |\n68 |     function rollupEventInbox() external view returns (IRollupEventInbox);\n   |     ^^^^^^^^^^^^^^^^^^^^^^^^^^^^^^^^^^^^^^^^^^^^^^^^^^^^^^^^^^^^^^^^^^^^^^\nNote: Definition in \""RollupCore\"": \n  --> src/rollup/RollupCore.sol:38:5:\n   |\n38 |     IRollupEventInbox public rollupEventInbox;\n   |     ^^^^^^^^^^^^^^^^^^^^^^^^^^^^^^^^^^^^^^^^^\n\n"",""message"":""Derived contract must override function \""rollupEventInbox\"". Two or more base classes define function with same name and parameter types. Since one of the bases defines a public state variable which cannot be overridden, you have to change the inheritance layout or the names of the functions."",""secondarySourceLocations"":[{""end"":1978,""file"":""src/rollup/IRollupCore.sol"",""message"":""Definition in \""IRollupCore\"": "",""start"":1908},{""end"":1115,""file"":""src/rollup/RollupCore.sol"",""message"":""Definition in \""RollupCore\"": "",""start"":1074}],""severity"":""error"",""sourceLocation"":{""end"":29357,""file"":""src/rollup/RollupUserLogic.sol"",""start"":26236},""type"":""TypeError""},{""component"":""general"",""errorCode"":""6480"",""formattedMessage"":""TypeError: Derived contract must override function \""sequencerInbox\"". Two or more base classes define function with same name and parameter types. Since one of the bases defines a public state variable which cannot be overridden, you have to change the inheritance layout or the names of the functions.\n   --> src/rollup/RollupUserLogic.sol:635:1:\n    |\n635 | contract ERC20RollupUserLogic is AbsRollupUserLogic, IRollupUserERC20 {\n    | ^ (Relevant source part starts here and spans across multiple lines).\nNote: Definition in \""IRollupCore\"": \n  --> src/rollup/IRollupCore.sol:64:5:\n   |\n64 |     function sequencerInbox() external view returns (ISequencerInbox);\n   |     ^^^^^^^^^^^^^^^^^^^^^^^^^^^^^^^^^^^^^^^^^^^^^^^^^^^^^^^^^^^^^^^^^^\nNote: Definition in \""RollupCore\"": \n  --> src/rollup/RollupCore.sol:37:5:\n   |\n37 |     ISequencerInbox public sequencerInbox;\n   |     ^^^^^^^^^^^^^^^^^^^^^^^^^^^^^^^^^^^^^\n\n"",""message"":""Derived contract must override function \""sequencerInbox\"". Two or more base classes define function with same name and parameter types. Since one of the bases defines a public state variable which cannot be overridden, you have to change the inheritance layout or the names of the functions."",""secondarySourceLocations"":[{""end"":1846,""file"":""src/rollup/IRollupCore.sol"",""message"":""Definition in \""IRollupCore\"": "",""start"":1780},{""end"":1068,""file"":""src/rollup/RollupCore.sol"",""message"":""Definition in \""RollupCore\"": "",""start"":1031}],""severity"":""error"",""sourceLocation"":{""end"":29357,""file"":""src/rollup/RollupUserLogic.sol"",""start"":26236},""type"":""TypeError""},{""component"":""general"",""errorCode"":""6480"",""formattedMessage"":""TypeError: Derived contract must override function \""stakeOnExistingNode\"". Two or more base classes define function with same name and parameter types.\n   --> src/rollup/RollupUserLogic.sol:635:1:\n    |\n635 | contract ERC20RollupUserLogic is AbsRollupUserLogic, IRollupUserERC20 {\n    | ^ (Relevant source part starts here and spans across multiple lines).\nNote: Definition in \""IRollupUserAbs\"": \n  --> src/rollup/IRollupLogic.sol:24:5:\n   |\n24 |     function stakeOnExistingNode(uint64 nodeNum, bytes32 nodeHash) external;\n   |     ^^^^^^^^^^^^^^^^^^^^^^^^^^^^^^^^^^^^^^^^^^^^^^^^^^^^^^^^^^^^^^^^^^^^^^^^\nNote: Definition in \""AbsRollupUserLogic\"": \n   --> src/rollup/RollupUserLogic.sol:135:5:\n    |\n135 |     function stakeOnExistingNode(uint64 nodeNum, bytes32 nodeHash)\n    |     ^ (Relevant source part starts here and spans across multiple lines).\n\n"",""message"":""Derived contract must override function \""stakeOnExistingNode\"". Two or more base classes define function with same name and parameter types."",""secondarySourceLocations"":[{""end"":903,""file"":""src/rollup/IRollupLogic.sol"",""message"":""Definition in \""IRollupUserAbs\"": "",""start"":831},{""end"":5948,""file"":""src/rollup/RollupUserLogic.sol"",""message"":""Definition in \""AbsRollupUserLogic\"": "",""start"":5365}],""severity"":""error"",""sourceLocation"":{""end"":29357,""file"":""src/rollup/RollupUserLogic.sol"",""start"":26236},""type"":""TypeError""},{""component"":""general"",""errorCode"":""6480"",""formattedMessage"":""TypeError: Derived contract must override function \""stakeOnNewNode\"". Two or more base classes define function with same name and parameter types.\n   --> src/rollup/RollupUserLogic.sol:635:1:\n    |\n635 | contract ERC20RollupUserLogic is AbsRollupUserLogic, IRollupUserERC20 {\n    | ^ (Relevant source part starts here and spans across multiple lines).\nNote: Definition in \""IRollupUserAbs\"": \n  --> src/rollup/IRollupLogic.sol:26:5:\n   |\n26 |     function stakeOnNewNode(\n   |     ^ (Relevant source part starts here and spans across multiple lines).\nNote: Definition in \""AbsRollupUserLogic\"": \n   --> src/rollup/RollupUserLogic.sol:157:5:\n    |\n157 |     function stakeOnNewNode(\n    |     ^ (Relevant source part starts here and spans across multiple lines).\n\n"",""message"":""Derived contract must override function \""stakeOnNewNode\"". Two or more base classes define function with same name and parameter types."",""secondarySourceLocations"":[{""end"":1067,""file"":""src/rollup/IRollupLogic.sol"",""message"":""Definition in \""IRollupUserAbs\"": "",""start"":909},{""end"":7855,""file"":""src/rollup/RollupUserLogic.sol"",""message"":""Definition in \""AbsRollupUserLogic\"": "",""start"":6161}],""severity"":""error"",""sourceLocation"":{""end"":29357,""file"":""src/rollup/RollupUserLogic.sol"",""start"":26236},""type"":""TypeError""},{""component"":""general"",""errorCode"":""6480"",""formattedMessage"":""TypeError: Derived contract must override function \""stakeToken\"". Two or more base classes define function with same name and parameter types. Since one of the bases defines a public state variable which cannot be overridden, you have to change the inheritance layout or the names of the functions.\n   --> src/rollup/RollupUserLogic.sol:635:1:\n    |\n635 | contract ERC20RollupUserLogic is AbsRollupUserLogic, IRollupUserERC20 {\n    | ^ (Relevant source part starts here and spans across multiple lines).\nNote: Definition in \""IRollupCore\"": \n  --> src/rollup/IRollupCore.sol:74:5:\n   |\n74 |     function stakeToken() external view returns (address);\n   |     ^^^^^^^^^^^^^^^^^^^^^^^^^^^^^^^^^^^^^^^^^^^^^^^^^^^^^^\nNote: Definition in \""RollupCore\"": \n  --> src/rollup/RollupCore.sol:47:5:\n   |\n47 |     address public stakeToken;\n   |     ^^^^^^^^^^^^^^^^^^^^^^^^^\n\n"",""message"":""Derived contract must override function \""stakeToken\"". Two or more base classes define function with same name and parameter types. Since one of the bases defines a public state variable which cannot be overridden, you have to change the inheritance layout or the names of the functions."",""secondarySourceLocations"":[{""end"":2180,""file"":""src/rollup/IRollupCore.sol"",""message"":""Definition in \""IRollupCore\"": "",""start"":2126},{""end"":1470,""file"":""src/rollup/RollupCore.sol"",""message"":""Definition in \""RollupCore\"": "",""start"":1445}],""severity"":""error"",""sourceLocation"":{""end"":29357,""file"":""src/rollup/RollupUserLogic.sol"",""start"":26236},""type"":""TypeError""},{""component"":""general"",""errorCode"":""6480"",""formattedMessage"":""TypeError: Derived contract must override function \""wasmModuleRoot\"". Two or more base classes define function with same name and parameter types. Since one of the bases defines a public state variable which cannot be overridden, you have to change the inheritance layout or the names of the functions.\n   --> src/rollup/RollupUserLogic.sol:635:1:\n    |\n635 | contract ERC20RollupUserLogic is AbsRollupUserLogic, IRollupUserERC20 {\n    | ^ (Relevant source part starts here and spans across multiple lines).\nNote: Definition in \""IRollupCore\"": \n  --> src/rollup/IRollupCore.sol:60:5:\n   |\n60 |     function wasmModuleRoot() external view returns (bytes32);\n   |     ^^^^^^^^^^^^^^^^^^^^^^^^^^^^^^^^^^^^^^^^^^^^^^^^^^^^^^^^^^\nNote: Definition in \""RollupCore\"": \n  --> src/rollup/RollupCore.sol:32:5:\n   |\n32 |     bytes32 public wasmModuleRoot;\n   |     ^^^^^^^^^^^^^^^^^^^^^^^^^^^^^\n\n"",""message"":""Derived contract must override function \""wasmModuleRoot\"". Two or more base classes define function with same name and parameter types. Since one of the bases defines a public state variable which cannot be overridden, you have to change the inheritance layout or the names of the functions."",""secondarySourceLocations"":[{""end"":1718,""file"":""src/rollup/IRollupCore.sol"",""message"":""Definition in \""IRollupCore\"": "",""start"":1660},{""end"":945,""file"":""src/rollup/RollupCore.sol"",""message"":""Definition in \""RollupCore\"": "",""start"":916}],""severity"":""error"",""sourceLocation"":{""end"":29357,""file"":""src/rollup/RollupUserLogic.sol"",""start"":26236},""type"":""TypeError""},{""component"":""general"",""errorCode"":""9456"",""formattedMessage"":""TypeError: Overriding function is missing \""override\"" specifier.\n  --> src/test-helpers/BridgeTester.sol:70:5:\n   |\n70 |     function initialize(IOwnable rollup_) external initializer {\n   |     ^ (Relevant source part starts here and spans across multiple lines).\nNote: Overridden function is here:\n   --> src/bridge/IBridge.sol:107:5:\n    |\n107 |     function initialize(IOwnable rollup_) external;\n    |     ^^^^^^^^^^^^^^^^^^^^^^^^^^^^^^^^^^^^^^^^^^^^^^^\n\n"",""message"":""Overriding function is missing \""override\"" specifier."",""secondarySourceLocations"":[{""end"":3685,""file"":""src/bridge/IBridge.sol"",""message"":""Overridden function is here:"",""start"":3638}],""severity"":""error"",""sourceLocation"":{""end"":2411,""file"":""src/test-helpers/BridgeTester.sol"",""start"":2275},""type"":""TypeError""},{""component"":""general"",""errorCode"":""9456"",""formattedMessage"":""TypeError: Overriding function is missing \""override\"" specifier.\n  --> src/test-helpers/BridgeTester.sol:75:5:\n   |\n75 |     function activeOutbox() public view returns (address) {\n   |     ^ (Relevant source part starts here and spans across multiple lines).\nNote: Overridden function is here:\n  --> src/bridge/IBridge.sol:49:5:\n   |\n49 |     function activeOutbox() external view returns (address);\n   |     ^^^^^^^^^^^^^^^^^^^^^^^^^^^^^^^^^^^^^^^^^^^^^^^^^^^^^^^^\n\n"",""message"":""Overriding function is missing \""override\"" specifier."",""secondarySourceLocations"":[{""end"":1655,""file"":""src/bridge/IBridge.sol"",""message"":""Overridden function is here:"",""start"":1599}],""severity"":""error"",""sourceLocation"":{""end"":2585,""file"":""src/test-helpers/BridgeTester.sol"",""start"":2417},""type"":""TypeError""},{""component"":""general"",""errorCode"":""9456"",""formattedMessage"":""TypeError: Overriding function is missing \""override\"" specifier.\n  --> src/test-helpers/BridgeTester.sol:88:5:\n   |\n88 |     function enqueueSequencerMessage(bytes32 dataHash, uint256 afterDelayedMessagesRead)\n   |     ^ (Relevant source part starts here and spans across multiple lines).\nNote: Overridden function is here:\n  --> src/bridge/IBridge.sol:78:5:\n   |\n78 |     function enqueueSequencerMessage(bytes32 dataHash, uint256 afterDelayedMessagesRead)\n   |     ^ (Relevant source part starts here and spans across multiple lines).\n\n"",""message"":""Overriding function is missing \""override\"" specifier."",""secondarySourceLocations"":[{""end"":2824,""file"":""src/bridge/IBridge.sol"",""message"":""Overridden function is here:"",""start"":2570}],""severity"":""error"",""sourceLocation"":{""end"":3183,""file"":""src/test-helpers/BridgeTester.sol"",""start"":2880},""type"":""TypeError""},{""component"":""general"",""errorCode"":""9456"",""formattedMessage"":""TypeError: Overriding function is missing \""override\"" specifier.\n   --> src/test-helpers/BridgeTester.sol:100:5:\n    |\n100 |     function submitBatchSpendingReport(address batchPoster, bytes32 dataHash)\n    |     ^ (Relevant source part starts here and spans across multiple lines).\nNote: Overridden function is here:\n  --> src/bridge/IBridge.sol:93:5:\n   |\n93 |     function submitBatchSpendingReport(address batchPoster, bytes32 dataHash)\n   |     ^ (Relevant source part starts here and spans across multiple lines).\n\n"",""message"":""Overriding function is missing \""override\"" specifier."",""secondarySourceLocations"":[{""end"":3333,""file"":""src/bridge/IBridge.sol"",""message"":""Overridden function is here:"",""start"":3209}],""severity"":""error"",""sourceLocation"":{""end"":3349,""file"":""src/test-helpers/BridgeTester.sol"",""start"":3189},""type"":""TypeError""},{""component"":""general"",""errorCode"":""9456"",""formattedMessage"":""TypeError: Overriding public state variable is missing \""override\"" specifier.\n  --> src/test-helpers/BridgeTester.sol:40:5:\n   |\n40 |     address[] public allowedDelayedInboxList;\n   |     ^^^^^^^^^^^^^^^^^^^^^^^^^^^^^^^^^^^^^^^^\nNote: Overridden public state variable is here:\n  --> src/bridge/IBridge.sol:35:5:\n   |\n35 |     function allowedDelayedInboxList(uint256) external returns (address);\n   |     ^^^^^^^^^^^^^^^^^^^^^^^^^^^^^^^^^^^^^^^^^^^^^^^^^^^^^^^^^^^^^^^^^^^^^\n\n"",""message"":""Overriding public state variable is missing \""override\"" specifier."",""secondarySourceLocations"":[{""end"":949,""file"":""src/bridge/IBridge.sol"",""message"":""Overridden public state variable is here:"",""start"":880}],""severity"":""error"",""sourceLocation"":{""end"":1301,""file"":""src/test-helpers/BridgeTester.sol"",""start"":1261},""type"":""TypeError""},{""component"":""general"",""errorCode"":""9456"",""formattedMessage"":""TypeError: Overriding public state variable is missing \""override\"" specifier.\n  --> src/test-helpers/BridgeTester.sol:41:5:\n   |\n41 |     address[] public allowedOutboxList;\n   |     ^^^^^^^^^^^^^^^^^^^^^^^^^^^^^^^^^^\nNote: Overridden public state variable is here:\n  --> src/bridge/IBridge.sol:37:5:\n   |\n37 |     function allowedOutboxList(uint256) external returns (address);\n   |     ^^^^^^^^^^^^^^^^^^^^^^^^^^^^^^^^^^^^^^^^^^^^^^^^^^^^^^^^^^^^^^^\n\n"",""message"":""Overriding public state variable is missing \""override\"" specifier."",""secondarySourceLocations"":[{""end"":1018,""file"":""src/bridge/IBridge.sol"",""message"":""Overridden public state variable is here:"",""start"":955}],""severity"":""error"",""sourceLocation"":{""end"":1341,""file"":""src/test-helpers/BridgeTester.sol"",""start"":1307},""type"":""TypeError""},{""component"":""general"",""errorCode"":""9456"",""formattedMessage"":""TypeError: Overriding public state variable is missing \""override\"" specifier.\n  --> src/test-helpers/BridgeTester.sol:45:5:\n   |\n45 |     IOwnable public rollup;\n   |     ^^^^^^^^^^^^^^^^^^^^^^\nNote: Overridden public state variable is here:\n  --> src/bridge/IBridge.sol:45:5:\n   |\n45 |     function rollup() external view returns (IOwnable);\n   |     ^^^^^^^^^^^^^^^^^^^^^^^^^^^^^^^^^^^^^^^^^^^^^^^^^^^\n\n"",""message"":""Overriding public state variable is missing \""override\"" specifier."",""secondarySourceLocations"":[{""end"":1529,""file"":""src/bridge/IBridge.sol"",""message"":""Overridden public state variable is here:"",""start"":1478}],""severity"":""error"",""sourceLocation"":{""end"":1406,""file"":""src/test-helpers/BridgeTester.sol"",""start"":1384},""type"":""TypeError""},{""component"":""general"",""errorCode"":""9456"",""formattedMessage"":""TypeError: Overriding public state variable is missing \""override\"" specifier.\n  --> src/test-helpers/BridgeTester.sol:46:5:\n   |\n46 |     address public sequencerInbox;\n   |     ^^^^^^^^^^^^^^^^^^^^^^^^^^^^^\nNote: Overridden public state variable is here:\n  --> src/bridge/IBridge.sol:47:5:\n   |\n47 |     function sequencerInbox() external view returns (address);\n   |     ^^^^^^^^^^^^^^^^^^^^^^^^^^^^^^^^^^^^^^^^^^^^^^^^^^^^^^^^^^\n\n"",""message"":""Overriding public state variable is missing \""override\"" specifier."",""secondarySourceLocations"":[{""end"":1593,""file"":""src/bridge/IBridge.sol"",""message"":""Overridden public state variable is here:"",""start"":1535}],""severity"":""error"",""sourceLocation"":{""end"":1441,""file"":""src/test-helpers/BridgeTester.sol"",""start"":1412},""type"":""TypeError""},{""component"":""general"",""errorCode"":""9456"",""formattedMessage"":""TypeError: Overriding public state variable is missing \""override\"" specifier.\n  --> src/test-helpers/OutboxWithoutOptTester.sol:22:5:\n   |\n22 |     address public rollup; // the rollup contract\n   |     ^^^^^^^^^^^^^^^^^^^^^\nNote: Overridden public state variable is here:\n  --> src/bridge/IOutbox.sol:19:5:\n   |\n19 |     function rollup() external view returns (address); // the rollup contract\n   |     ^^^^^^^^^^^^^^^^^^^^^^^^^^^^^^^^^^^^^^^^^^^^^^^^^^\n\n"",""message"":""Overriding public state variable is missing \""override\"" specifier."",""secondarySourceLocations"":[{""end"":589,""file"":""src/bridge/IOutbox.sol"",""message"":""Overridden public state variable is here:"",""start"":539}],""severity"":""error"",""sourceLocation"":{""end"":588,""file"":""src/test-helpers/OutboxWithoutOptTester.sol"",""start"":567},""type"":""TypeError""},{""component"":""general"",""errorCode"":""9456"",""formattedMessage"":""TypeError: Overriding public state variable is missing \""override\"" specifier.\n  --> src/test-helpers/OutboxWithoutOptTester.sol:23:5:\n   |\n23 |     IBridge public bridge; // the bridge contract\n   |     ^^^^^^^^^^^^^^^^^^^^^\nNote: Overridden public state variable is here:\n  --> src/bridge/IOutbox.sol:21:5:\n   |\n21 |     function bridge() external view returns (IBridge); // the bridge contract\n   |     ^^^^^^^^^^^^^^^^^^^^^^^^^^^^^^^^^^^^^^^^^^^^^^^^^^\n\n"",""message"":""Overriding public state variable is missing \""override\"" specifier."",""secondarySourceLocations"":[{""end"":668,""file"":""src/bridge/IOutbox.sol"",""message"":""Overridden public state variable is here:"",""start"":618}],""severity"":""error"",""sourceLocation"":{""end"":638,""file"":""src/test-helpers/OutboxWithoutOptTester.sol"",""start"":617},""type"":""TypeError""},{""component"":""general"",""errorCode"":""9456"",""formattedMessage"":""TypeError: Overriding public state variable is missing \""override\"" specifier.\n  --> src/test-helpers/OutboxWithoutOptTester.sol:29:5:\n   |\n29 |     mapping(uint256 => bool) public isSpent; // maps leaf number => if spent\n   |     ^^^^^^^^^^^^^^^^^^^^^^^^^^^^^^^^^^^^^^^\nNote: Overridden public state variable is here:\n   --> src/bridge/IOutbox.sol:103:5:\n    |\n103 |     function isSpent(uint256 index) external view returns (bool);\n    |     ^^^^^^^^^^^^^^^^^^^^^^^^^^^^^^^^^^^^^^^^^^^^^^^^^^^^^^^^^^^^^\n\n"",""message"":""Overriding public state variable is missing \""override\"" specifier."",""secondarySourceLocations"":[{""end"":4797,""file"":""src/bridge/IOutbox.sol"",""message"":""Overridden public state variable is here:"",""start"":4736}],""severity"":""error"",""sourceLocation"":{""end"":819,""file"":""src/test-helpers/OutboxWithoutOptTester.sol"",""start"":780},""type"":""TypeError""},{""component"":""general"",""errorCode"":""9456"",""formattedMessage"":""TypeError: Overriding public state variable is missing \""override\"" specifier.\n  --> src/test-helpers/OutboxWithoutOptTester.sol:30:5:\n   |\n30 |     mapping(bytes32 => bytes32) public roots; // maps root hashes => L2 block hash\n   |     ^^^^^^^^^^^^^^^^^^^^^^^^^^^^^^^^^^^^^^^^\nNote: Overridden public state variable is here:\n  --> src/bridge/IOutbox.sol:25:5:\n   |\n25 |     function roots(bytes32) external view returns (bytes32); // maps root hashes => L2 block hash\n   |     ^^^^^^^^^^^^^^^^^^^^^^^^^^^^^^^^^^^^^^^^^^^^^^^^^^^^^^^^\n\n"",""message"":""Overriding public state variable is missing \""override\"" specifier."",""secondarySourceLocations"":[{""end"":838,""file"":""src/bridge/IOutbox.sol"",""message"":""Overridden public state variable is here:"",""start"":782}],""severity"":""error"",""sourceLocation"":{""end"":897,""file"":""src/test-helpers/OutboxWithoutOptTester.sol"",""start"":857},""type"":""TypeError""},{""component"":""general"",""errorCode"":""9456"",""formattedMessage"":""TypeError: Overriding public state variable is missing \""override\"" specifier.\n  --> src/test-helpers/OutboxWithoutOptTester.sol:43:5:\n   |\n43 |     uint128 public constant OUTBOX_VERSION = 2;\n   |     ^^^^^^^^^^^^^^^^^^^^^^^^^^^^^^^^^^^^^^^^^^\nNote: Overridden public state variable is here:\n  --> src/bridge/IOutbox.sol:28:5:\n   |\n28 |     function OUTBOX_VERSION() external view returns (uint128); // the outbox version\n   |     ^^^^^^^^^^^^^^^^^^^^^^^^^^^^^^^^^^^^^^^^^^^^^^^^^^^^^^^^^^\n\n"",""message"":""Overriding public state variable is missing \""override\"" specifier."",""secondarySourceLocations"":[{""end"":992,""file"":""src/bridge/IOutbox.sol"",""message"":""Overridden public state variable is here:"",""start"":934}],""severity"":""error"",""sourceLocation"":{""end"":1380,""file"":""src/test-helpers/OutboxWithoutOptTester.sol"",""start"":1338},""type"":""TypeError""},{""component"":""general"",""errorCode"":""9582"",""formattedMessage"":""TypeError: Member \""basefee\"" not found or not visible after argument-dependent lookup in block.\n   --> src/bridge/Bridge.sol:130:17:\n    |\n130 |                 block.basefee,\n    |                 ^^^^^^^^^^^^^\n\n"",""message"":""Member \""basefee\"" not found or not visible after argument-dependent lookup in block."",""severity"":""error"",""sourceLocation"":{""end"":4390,""file"":""src/bridge/Bridge.sol"",""start"":4377},""type"":""TypeError""}],""sources"":{}}

> stderr:",0.8.4,88,standard,0.199,492258,"val.valueType==sourceTy,""INVALID_REINTERPRET_TYPE"""
0x7c2e2ab0c04b3f0ec882ceb41462e8c998f11a65,contracts/0x7c2e2ab0c04b3f0ec882ceb41462e8c998f11a65,True,Compiled OK,0.8.4,18,standard,1.534,357306,"block.timestamp>presaleConfig.startTime||block.timestamp>firstPresaleConfig.startTime,""TheMetaStars: first presale or presale not started"""
0x55a07988e289ea8aeefb70f6dd1c1bf6ba9ff3ff,contracts/0x55a07988e289ea8aeefb70f6dd1c1bf6ba9ff3ff,True,Compiled OK,0.8.4,13,standard,1.333,365233,"amountMinted[CURRENT_PASS_ID]<CURRENT_PASS_MAX_AMOUNT,""OUT_OF_STOCK"""
0xaecf19d10c92f08457ed5cad8d9d5fd941221930,contracts/0xaecf19d10c92f08457ed5cad8d9d5fd941221930,True,Compiled OK,0.4.25,1,all_files,0.299,48233,c.ifend==true
0x8c7e4f4d1d1f553841af6c7bbcf19864a65d5a8e,contracts/0x8c7e4f4d1d1f553841af6c7bbcf19864a65d5a8e,True,Compiled OK,0.8.9,43,standard,1.616,453994,"erc20VaultTokens.length==2,ExceptionsLibrary.INVALID_LENGTH"
0x9e6a97d3a65bfd1ddc6d15025f985ebc9c8f2b0a,contracts/0x9e6a97d3a65bfd1ddc6d15025f985ebc9c8f2b0a,True,Compiled OK,0.7.0,7,standard,0.088,307037,ent=_stake.totalStaked().div(5).mul(4).add(1
0x2e219b6af3f5f6e3d66fc3f0ce440bd20f25191b,contracts/0x2e219b6af3f5f6e3d66fc3f0ce440bd20f25191b,True,Compiled OK,0.8.1,15,standard,0.71,131351,"block.timestamp>=nextEpochPoint(),""Treasury: not opened yet"""
0xb92588a832881783eedc5498ff104bd61b05d2d4,contracts/0xb92588a832881783eedc5498ff104bd61b05d2d4,True,Compiled OK,0.8.11,20,standard,1.446,433891,"_indices.length==_statuses.length,""invalidLengthsOfStatuses"""
0xe08e8fd460d0d066ff472ae9f611871f963b62a5,contracts/0xe08e8fd460d0d066ff472ae9f611871f963b62a5,True,Compiled OK,0.5.17,14,standard,0.122,29512,"MomaFactoryInterface(momaMaster.factory()).isMErc20Implementation(implementation_)==true,'MErc20Delegator: not mERC20Implementation'"
0x1860d43a2a1b9b03907eb6a6b92ce256694dd315,contracts/0x1860d43a2a1b9b03907eb6a6b92ce256694dd315,True,Compiled OK,0.4.25,1,all_files,0.592,368493,tradesLocked[addresses[0]]<block.number
0x7e16d5d3eba2e90b370fcfcb55d33fe80356134c,contracts/0x7e16d5d3eba2e90b370fcfcb55d33fe80356134c,True,Compiled OK,0.8.10,9,standard,0.946,248824,"getClaimableReward(msg.sender)>0,""No tokens to be claimed"""
0x5572a6c464f50395a0f3bca67e75c51dd9321c02,contracts/0x5572a6c464f50395a0f3bca67e75c51dd9321c02,True,Compiled OK,0.4.21,1,all_files,0.235,278786,msg.sender==beneficiary||msg.sender==owner
0x1beed1d6831cc077636a08bdc66c2f5602869198,contracts/0x1beed1d6831cc077636a08bdc66c2f5602869198,True,Compiled OK,0.8.9,16,standard,1.404,363193,"totalSupply(_tokenId)+_quantity<=SUPPLY_PER_MINTABLE_TOKEN,""Not enough left"""
0xa635d5b9e72169d8164b837eb864bb74365a9b8d,contracts/0xa635d5b9e72169d8164b837eb864bb74365a9b8d,True,Compiled OK,0.5.17,1,all_files,0.065,38129,"amounts[i]>amounts[i-1],""[Validation] rewards should be in ascending order"""
0xe5708e226efd13404934cdfadd5ce392df86b1a1,contracts/0xe5708e226efd13404934cdfadd5ce392df86b1a1,True,Compiled OK,0.8.0,1,all_files,0.078,291221,"totalSupply()+_count<=MAX_MMM,""Exceeds maximum supply of Lucky Dragons"""
0xe5cd0e64bd3dae67d29c9280c09305ce03f120fd,contracts/0xe5cd0e64bd3dae67d29c9280c09305ce03f120fd,True,Compiled OK,0.8.0,1,all_files,0.054,416653,"staker.amount>0,""You do not have an active stake"""
0x1860d43a2a1b9b03907eb6a6b92ce256694dd315,contracts/0x1860d43a2a1b9b03907eb6a6b92ce256694dd315,True,Compiled OK,0.4.25,1,all_files,0.585,368493,tradesLocked[addresses[1]]<block.number
0xc81ad405d820a3771a5fa1c31399c364ce34dce0,contracts/0xc81ad405d820a3771a5fa1c31399c364ce34dce0,True,Compiled OK,0.4.11,1,all_files,0.551,343765,mintingFinished&&!commandGetBonus
0x074d6d79a789c8a7957069aad6e44427827c4603,contracts/0x074d6d79a789c8a7957069aad6e44427827c4603,True,Compiled OK,0.8.0,1,all_files,0.06,336118,"alreadyProgUnstaked[msg.sender]>0||ended,""Use withdraw first"""
0xacdc94b9f187fa7ee3c5cf0969c2faccab4e37a3,contracts/0xacdc94b9f187fa7ee3c5cf0969c2faccab4e37a3,True,Compiled OK,0.6.6,1,all_files,0.104,41396,"bond.maturity==maturity,""the maturity of the bonds must be same"""
0x324b6f1aa034433fc4135e4a59115d29c6e01605,contracts/0x324b6f1aa034433fc4135e4a59115d29c6e01605,True,Compiled OK,0.8.17,8,standard,0.113,421047,"locals.c==proof.c,""Sigma protocol failure."""
0xb826bde739897ad50363d045d65ee5b83fdb730d,contracts/0xb826bde739897ad50363d045d65ee5b83fdb730d,True,Compiled OK,0.8.0,17,standard,1.116,312263,"ownerOf(machinieIds_[_i])==_msgSender(),""Machinie : owner query for nonexistent machinie token"""
0xa0ca3a912cd4f6d602aed9bc2bc7cae5bde92b94,contracts/0xa0ca3a912cd4f6d602aed9bc2bc7cae5bde92b94,True,Compiled OK,0.8.11,12,standard,0.328,248540,"(_numberMinted(msg.sender).add(quantity)<=MAX_PER_Address_FOR_AMOR_LIST),""Quantity exceeds allowed Mints"""
0x8e43a861e9f270b58b1801171c627421eb956cba,contracts/0x8e43a861e9f270b58b1801171c627421eb956cba,True,Compiled OK,0.8.2,53,standard,6.834,166009,"claim.state==ClaimState.Confirmed||claim.state==ClaimState.Declined,""ERROR:POC-073:CLAIM_STATE_INVALID"""
0x1429a6982edce7987cdad321339da32264c29ce7,contracts/0x1429a6982edce7987cdad321339da32264c29ce7,True,Compiled OK,0.8.17,1,all_files,0.073,180528,"msg.sender==owner()||teamMembers[msg.sender],""Team: caller is not a team member"""
0x8c5372cdf1ebe5ae868a6c3d2b73117a72d2d31c,contracts/0x8c5372cdf1ebe5ae868a6c3d2b73117a72d2d31c,True,Compiled OK,0.8.7,17,standard,0.09,276891,"nftPrice.mul(numberOfToken)<=msg.value,""Ether value sent is not correct"""
0x0f6979e74e4af9abed72298d818a2434fe0b95b6,contracts/0x0f6979e74e4af9abed72298d818a2434fe0b95b6,True,Compiled OK,0.8.17,15,standard,1.958,463518,"ExternalERC1155BurnContract.balanceOf(msg.sender,3)>=amount,""NOT_ENOUGH_TOKENS_OWNED"""
0x501ace7644a3482f7358be05454278cf2c699581,contracts/0x501ace7644a3482f7358be05454278cf2c699581,True,Compiled OK,0.8.6,15,standard,0.714,306705,"msg.sender==address(_controller),""!farmcontroller"""
0xd94ea6e43b7bffc9e4cba93f3ca49a191dc06d90,contracts/0xd94ea6e43b7bffc9e4cba93f3ca49a191dc06d90,True,Compiled OK,0.5.0,1,all_files,0.43,50283,"address(this).balance<1ether,""contract balance must be lower than 1 ether"""
0x55c4ec02d22cc26d9dacd5ab5977a62439476e79,contracts/0x55c4ec02d22cc26d9dacd5ab5977a62439476e79,True,Compiled OK,0.5.0,1,all_files,0.597,38534,currentTime-lastOperationTime>=operationCoolDown
0xc8483f868e41e996761a701acea884e963cf88fe,contracts/0xc8483f868e41e996761a701acea884e963cf88fe,True,Compiled OK,0.8.2,7,standard,0.151,42999,"levelMap[_tonnes].isValid,'Not a valid level.'"
0xa854f514f420a2b7b5d9ce65215da9204cdf2cae,contracts/0xa854f514f420a2b7b5d9ce65215da9204cdf2cae,True,Compiled OK,0.7.6,17,standard,0.396,42510,"address(userProxy)!=address(0),""Unit Protocol Wrapped Assets: NO_DEPOSIT"""
0x6f44d0b75e611a3528af1c4b6c354228e1afbf30,contracts/0x6f44d0b75e611a3528af1c4b6c354228e1afbf30,True,Compiled OK,0.8.19,1,all_files,0.102,108885,"excludedFromTradeLock[_user]!=_status,""User already have this status"""
0x80581ea8339d682ca5a71e3f561e3ab0e270398e,contracts/0x80581ea8339d682ca5a71e3f561e3ab0e270398e,True,Compiled OK,0.8.0,14,standard,1.022,27167,"msg.value>=cost*amountToBuy,""Insufficient funds."""
0xba5a6e8bbcda99932e86a0aa3f87ebdbe4b20c28,contracts/0xba5a6e8bbcda99932e86a0aa3f87ebdbe4b20c28,True,Compiled OK,0.5.3,9,standard,0.633,364828,"agreement.arbitratorAddress!=address(0),""Arbitration is disallowed."""
0x3db39e4ddca12d7cdad10f5eb548f893df773a7b,contracts/0x3db39e4ddca12d7cdad10f5eb548f893df773a7b,True,Compiled OK,0.6.12,62,standard,0.368,49699,"block.timestamp>lockCheckpointThree,""Too soon"""
0x2bb501a0374ff3af41f2009509e9d6a36d56a6c0,contracts/0x2bb501a0374ff3af41f2009509e9d6a36d56a6c0,True,Compiled OK,0.8.0,17,standard,1.719,30840,"isInSquad(msg.sender),""KasbeerAccessControl: Caller not part of squad."""
0xbec5ab1e4a0fc65f4f70d0adab5ae7d772c03f34,contracts/0xbec5ab1e4a0fc65f4f70d0adab5ae7d772c03f34,True,Compiled OK,0.8.2,1,all_files,0.082,289864,"msg.value>=priceEth,""Not enough funds sent to purchase"""
0x7cffedb2f4fc0cd7c29af95488fd34554539589d,contracts/0x7cffedb2f4fc0cd7c29af95488fd34554539589d,True,Compiled OK,0.8.1,15,standard,2.517,231881,"uint256(publicPrice)*numberToPay<=msg.value,string(abi.encodePacked(""Not enough ETH, you are allowed "",toString(maxFreeNum),"" free mint""))"
0x3e1ee1ac14958efa38577591e1ad92ff4cd830f1,contracts/0x3e1ee1ac14958efa38577591e1ad92ff4cd830f1,True,Compiled OK,0.8.0,4,standard,0.169,111840,"_players.length==_bets.length,""Players/bets length mismatch"""
0x32d612bfadb603c4b2ed17d269032819c9ad4e3a,contracts/0x32d612bfadb603c4b2ed17d269032819c9ad4e3a,True,Compiled OK,0.5.16,1,all_files,0.089,48550,"LMXInterface(tokenContractAddress).approveSpecial(msg.sender,mscContractAddress,amount),""approve fail"""
0xc1d806f5e32c58e1c4eda9d669f9f2632fe25fe4,contracts/0xc1d806f5e32c58e1c4eda9d669f9f2632fe25fe4,True,Compiled OK,0.8.9,1,all_files,0.082,271152,"isInit[tid1]&&isInit[tid2],""GreedyBoys: both tokens must be init"""
0xe8218cacb0a5421bc6409e498d9f8cc8869945ea,contracts/0xe8218cacb0a5421bc6409e498d9f8cc8869945ea,True,Compiled OK,0.8.3,4,standard,0.391,370265,"msg.sender==IController(TELLOR_ADDRESS).addresses(_GOVERNANCE_CONTRACT)||msg.sender==IController(TELLOR_ADDRESS).addresses(_ORACLE_CONTRACT),""caller must be the governance contract or the oracle contract"""
0xf45a48e943bbc9883702b8f1651be261774af63f,contracts/0xf45a48e943bbc9883702b8f1651be261774af63f,True,Compiled OK,0.8.9,21,standard,0.593,169724,"block.timestamp>beginAuctionTime+timeToBid,""Auction has yet to conclude"""
0xefa1074bf6f2409750000d6a185e59483c9601aa,contracts/0xefa1074bf6f2409750000d6a185e59483c9601aa,True,Compiled OK,0.8.17,1,all_files,0.119,167547,"sharedData.totalBoostedAmount>0,'no tokens deposited'"
0x1c35a1b7549620778d10e57724c02dca855b80e4,contracts/0x1c35a1b7549620778d10e57724c02dca855b80e4,True,Compiled OK,0.8.12,2,standard,0.096,409036,"game.pots.length>0,""No game to claim"""
0xb07fd6608fd3ecc40213225585d62496de3f8dcf,contracts/0xb07fd6608fd3ecc40213225585d62496de3f8dcf,True,Compiled OK,0.8.16,81,standard,33.288,85690,"Whitelist.isWhitelisted(_args.bridge),Errors.INVALID_TARGET"
0x49e401841d0b4f5884131d634c1d17a1f7371e41,contracts/0x49e401841d0b4f5884131d634c1d17a1f7371e41,True,Compiled OK,0.8.0,8,standard,0.554,74990,"rounds[roundId].start+rounds[roundId].duration<block.timestamp,""Can't unstake an active round"""
0xe6b1add7d1497d726ba2635ac0716f06adceca5a,contracts/0xe6b1add7d1497d726ba2635ac0716f06adceca5a,True,Compiled OK,0.8.4,22,standard,2.183,9509,"tokens[mpIndex].claimedMPs[msg.sender].add(numPasses)<=tokens[mpIndex].maxPerWallet,""Claim: Not allowed to claim that many from one wallet"""
0xecee561ed0bb8d8ea48d0d9405efd3e7f0c5fe8f,contracts/0xecee561ed0bb8d8ea48d0d9405efd3e7f0c5fe8f,True,Compiled OK,0.5.16,16,standard,0.703,186876,"tokenAddresses.length==bases.length&&tokenAddresses.length==quotes.length,""mismatched data"""
0xd97b37297252c9bcb628f4afc3199f8e2eb39caa,contracts/0xd97b37297252c9bcb628f4afc3199f8e2eb39caa,True,Compiled OK,0.8.7,5,standard,0.246,210254,"IERC1155(restrictions[_listingId].tokenContract).balanceOf(msg.sender,restrictions[_listingId].tokenId)>0,""must own specifc token"""
0x5b0b687c40c3274272535bde7f5d19861fd9e23e,contracts/0x5b0b687c40c3274272535bde7f5d19861fd9e23e,True,Compiled OK,0.8.13,34,standard,6.532,186700,"_as.vaultsExtensions[vaultId].publicVault,""E2"""
0xf516e0ec4c67c3a88da3bcec964603012acaef59,contracts/0xf516e0ec4c67c3a88da3bcec964603012acaef59,True,Compiled OK,0.7.0,1,all_files,0.086,50789,"totalSupply().add(numberOfTokens)<=MAX_REKTRACOONS.sub(MAX_REKTRACOONS_RESERVE),""Purchase would exceed max supply of One Rackoons"""
0x1f316c385a5249c83f48061de45e691acdc98f06,contracts/0x1f316c385a5249c83f48061de45e691acdc98f06,True,Compiled OK,0.7.3,20,standard,0.998,320544,"_canBurn(timestampWhenDeposited[msg.sender]),""!timestamp"""
0xb103688e79a414fab39dac503021f98fea2ca858,contracts/0xb103688e79a414fab39dac503021f98fea2ca858,True,Compiled OK,0.4.18,1,all_files,0.522,279182,_cardsPrices[tokenId][0]>0
0xb1fbe62078f1824ece46637ce26b78075988008e,contracts/0xb1fbe62078f1824ece46637ce26b78075988008e,True,Compiled OK,0.8.10,6,standard,0.068,42973,"msg.value>=price*numberOfNfts,""Not Enough ETH"""
0x8e43a861e9f270b58b1801171c627421eb956cba,contracts/0x8e43a861e9f270b58b1801171c627421eb956cba,True,Compiled OK,0.8.2,53,standard,6.876,166003,"token.allowance(riskpoolWallet,address(this))>=amount,""ERROR:TRS-062:WITHDRAWAL_ALLOWANCE_TOO_SMALL"""
0xb3c348c4a6d95fee050bf8a770fc91ec60aa4ab2,contracts/0xb3c348c4a6d95fee050bf8a770fc91ec60aa4ab2,True,Compiled OK,0.4.24,1,all_files,0.241,18756,"token.transferFrom(purchaser,address(this),getTotal(id)),""Transfer failed during invoice."""
0x7b3142bce29f3a5434e37eebb9538b78e9c00569,contracts/0x7b3142bce29f3a5434e37eebb9538b78e9c00569,True,Compiled OK,0.7.4,5,standard,0.091,27620,"shareToken.transfer(recipient,shares)"
0xee3b022cf3ba066fc0f5fb54fd021544e1c6daf4,contracts/0xee3b022cf3ba066fc0f5fb54fd021544e1c6daf4,True,Compiled OK,0.8.11,14,standard,1.164,505926,"NftTypes[nftTypeId].maxPerAddress==0||NftTypes[nftTypeId].PurchasesByAddress[_msgSender()]<NftTypes[nftTypeId].maxPerAddress,""EXCEED_MAX_PER_USER"""
0x0d54cb6f0b0d71f52c95b35eb842427df8495e71,contracts/0x0d54cb6f0b0d71f52c95b35eb842427df8495e71,True,Compiled OK,0.8.4,14,standard,0.3,37128,"totalSupply().add(_numTokens)<=MAX_GIVEAWAY_TOKENS,""Exceeded giveaway supply"""
0x57d21f2b0ff6d6ac2ac13fdaf7f1b3a1ae7e4da2,contracts/0x57d21f2b0ff6d6ac2ac13fdaf7f1b3a1ae7e4da2,True,Compiled OK,0.4.24,1,all_files,0.164,357879,"addressList[i]!=address(0),""Cannot transfer to the zero address"""
0x38a5cf926a0b9b5fe3a265c57d184ad8c0af05b6,contracts/0x38a5cf926a0b9b5fe3a265c57d184ad8c0af05b6,True,Compiled OK,0.4.18,14,standard,1.192,20815,reserveType[reserve]==ReserveType.NONE
0x4478d7a2a97990ea76fc6c8fa39d2706a30bcd13,contracts/0x4478d7a2a97990ea76fc6c8fa39d2706a30bcd13,True,Compiled OK,0.8.0,13,standard,1.021,15330,"now.sub(lastWorkTime)>=minWorkDelay,""Should not trigger if not waited long enough since previous doHardWork"""
0xcc7a47ea7d8d0e586ea0d66314c9278691c6340b,contracts/0xcc7a47ea7d8d0e586ea0d66314c9278691c6340b,True,Compiled OK,0.6.12,1,all_files,0.061,354690,"treasury.vestingAmount>0,""TreasuryVester::setRecipient: unauthorized"""
0x047a7749ad683c2fd8a27c7904ca8dd128f15889,contracts/0x047a7749ad683c2fd8a27c7904ca8dd128f15889,True,Compiled OK,0.8.13,46,standard,3.176,248448,"withdrawalProof.historicalSummaryBlockRootProof.length==32*(BEACON_STATE_FIELD_TREE_HEIGHT+(HISTORICAL_SUMMARIES_TREE_HEIGHT+1)+1+(BLOCK_ROOTS_TREE_HEIGHT)),""BeaconChainProofs.verifyWithdrawal: historicalSummaryBlockRootProof has incorrect length"""
0x8c7e4f4d1d1f553841af6c7bbcf19864a65d5a8e,contracts/0x8c7e4f4d1d1f553841af6c7bbcf19864a65d5a8e,True,Compiled OK,0.8.9,43,standard,1.635,453994,"params.maxPositionLengthInTicks<=TickMath.MAX_TICK*2,ExceptionsLibrary.LIMIT_OVERFLOW"
0x6c5a360e2e3d0964660db3ffc52e584c4ec32362,contracts/0x6c5a360e2e3d0964660db3ffc52e584c4ec32362,True,Compiled OK,0.8.17,19,standard,1.502,207716,"ropeToken.balanceOf(msg.sender)>=_revealCosts[tokenStage],""Rope needs cope to reveal"""
0x84841e552a021224de716b7be89747bb2d62d642,contracts/0x84841e552a021224de716b7be89747bb2d62d642,True,Compiled OK,0.7.0,7,standard,0.067,32328,"IMVDFunctionalitiesManager(IMVDProxy(IDoubleProxy(_doubleProxy).proxy()).getMVDFunctionalitiesManagerAddress()).isAuthorizedFunctionality(msg.sender),""Unauthorized Action!"""
0x7e5b2a7a9f11e406c7cc38b5e2ddeafc8c5eaf65,contracts/0x7e5b2a7a9f11e406c7cc38b5e2ddeafc8c5eaf65,True,Compiled OK,0.5.16,30,standard,0.804,26481,"pausers[msg.sender],""PauserRole: caller does not have the Pauser role"""
0xd016b7a51a08eed4270d4979a9ef6dda8a413704,contracts/0xd016b7a51a08eed4270d4979a9ef6dda8a413704,True,Compiled OK,0.8.13,12,standard,1.575,440779,"block.timestamp>=auctionStartTimestamp,""Auction not started"""
0xa5fb32b049917046d267d1f351e225fe1f2b0f1c,contracts/0xa5fb32b049917046d267d1f351e225fe1f2b0f1c,True,Compiled OK,0.8.4,14,standard,0.831,224600,"reservedSupply+numberOfTokens<=MAX_RESERVED_SUPPLY,""exceed max reserved supply"""
0x315ced1295ce5efcd237fac6c0bbb84d50d69510,contracts/0x315ced1295ce5efcd237fac6c0bbb84d50d69510,True,Compiled OK,0.7.6,29,standard,1.67,38919,"identity.admin[msg.sender]||msg.sender==identity.governance,""!governance and !admin"""
0xecbee2fae67709f718426ddc3bf770b26b95ed20,contracts/0xecbee2fae67709f718426ddc3bf770b26b95ed20,True,Compiled OK,0.8.9,7,standard,0.222,63264,"block.timestamp>=lastClipUpdate+7days,""Prizepool can be claimed if 7 days have passed without a CLIP update"""
0xf0825577c259aa94728310875368f905afc57c4f,contracts/0xf0825577c259aa94728310875368f905afc57c4f,True,Compiled OK,0.6.12,1,all_files,0.095,292972,"uint256(_deadline)>block.timestamp,""OneSwapGov: DEADLINE_REACHED"""
0x8450834f636cb6361bdaeb0b053305727ccc5bb8,contracts/0x8450834f636cb6361bdaeb0b053305727ccc5bb8,True,Compiled OK,0.8.4,1,all_files,0.066,430012,"block.timestamp>_lotteries[_lotteryId].endTime,""Lottery not over"""
0x13e53a2f9e62b27ce64c18927443e9745fb7f6ac,contracts/0x13e53a2f9e62b27ce64c18927443e9745fb7f6ac,True,Compiled OK,0.8.13,14,standard,0.969,493845,"MerkleProof.verify(_merkleProof,_merkleRootWL,keccak256(abi.encodePacked(msg.sender))),'Not eligible'"
0xc1a9be1d825a5990aa6b2144b52f4bf0b78eaffa,contracts/0xc1a9be1d825a5990aa6b2144b52f4bf0b78eaffa,False,"Compilation failed: CompilerError: Stack too deep when compiling inline assembly: Variable headStart is 3 slot(s) too deep inside the stack.

> command: `/Users/mojtabae/.solcx/solc-v0.7.0 --standard-json`
> return code: `0`
> stdout:
{""contracts"":{""contracts/Dispatcher.sol"":{""Dispatcher"":{""abi"":[{""inputs"":[{""internalType"":""uint8"",""name"":""_version"",""type"":""uint8""},{""internalType"":""address"",""name"":""_queryEngine"",""type"":""address""},{""internalType"":""address"",""name"":""_roleManager"",""type"":""address""},{""internalType"":""address"",""name"":""_lpManager"",""type"":""address""},{""internalType"":""address"",""name"":""_withdrawer"",""type"":""address""},{""internalType"":""address"",""name"":""_trader"",""type"":""address""},{""internalType"":""address"",""name"":""_supplier"",""type"":""address""},{""internalType"":""uint256"",""name"":""_initialMaxLiquidity"",""type"":""uint256""},{""internalType"":""address[]"",""name"":""_lpWhitelist"",""type"":""address[]""}],""stateMutability"":""nonpayable"",""type"":""constructor""},{""anonymous"":false,""inputs"":[{""indexed"":true,""internalType"":""address"",""name"":""asset"",""type"":""address""},{""indexed"":true,""internalType"":""address"",""name"":""provider"",""type"":""address""},{""indexed"":false,""internalType"":""uint256"",""name"":""amount"",""type"":""uint256""}],""name"":""LiquidityProvided"",""type"":""event""},{""anonymous"":false,""inputs"":[{""indexed"":true,""internalType"":""address"",""name"":""asset"",""type"":""address""},{""indexed"":true,""internalType"":""address"",""name"":""provider"",""type"":""address""},{""indexed"":false,""internalType"":""uint256"",""name"":""amount"",""type"":""uint256""}],""name"":""LiquidityRemoved"",""type"":""event""},{""anonymous"":false,""inputs"":[{""indexed"":true,""internalType"":""address"",""name"":""asset"",""type"":""address""},{""indexed"":true,""internalType"":""uint256"",""name"":""newAmount"",""type"":""uint256""},{""indexed"":false,""internalType"":""uint256"",""name"":""oldAmount"",""type"":""uint256""}],""name"":""MaxLiquidityUpdated"",""type"":""event""},{""anonymous"":false,""inputs"":[{""indexed"":true,""internalType"":""bytes32"",""name"":""role"",""type"":""bytes32""},{""indexed"":true,""internalType"":""bytes32"",""name"":""previousAdminRole"",""type"":""bytes32""},{""indexed"":true,""internalType"":""bytes32"",""name"":""newAdminRole"",""type"":""bytes32""}],""name"":""RoleAdminChanged"",""type"":""event""},{""anonymous"":false,""inputs"":[{""indexed"":true,""internalType"":""bytes32"",""name"":""role"",""type"":""bytes32""},{""indexed"":true,""internalType"":""address"",""name"":""account"",""type"":""address""},{""indexed"":true,""internalType"":""address"",""name"":""sender"",""type"":""address""}],""name"":""RoleGranted"",""type"":""event""},{""anonymous"":false,""inputs"":[{""indexed"":true,""internalType"":""bytes32"",""name"":""role"",""type"":""bytes32""},{""indexed"":true,""internalType"":""address"",""name"":""account"",""type"":""address""},{""indexed"":true,""internalType"":""address"",""name"":""sender"",""type"":""address""}],""name"":""RoleRevoked"",""type"":""event""},{""stateMutability"":""payable"",""type"":""fallback""},{""inputs"":[],""name"":""APPROVER_ROLE"",""outputs"":[{""internalType"":""bytes32"",""name"":"""",""type"":""bytes32""}],""stateMutability"":""view"",""type"":""function""},{""inputs"":[],""name"":""DEFAULT_ADMIN_ROLE"",""outputs"":[{""internalType"":""bytes32"",""name"":"""",""type"":""bytes32""}],""stateMutability"":""view"",""type"":""function""},{""inputs"":[],""name"":""MANAGE_LP_ROLE"",""outputs"":[{""internalType"":""bytes32"",""name"":"""",""type"":""bytes32""}],""stateMutability"":""view"",""type"":""function""},{""inputs"":[],""name"":""MAX_LIQUIDITY"",""outputs"":[{""internalType"":""uint256"",""name"":"""",""type"":""uint256""}],""stateMutability"":""view"",""type"":""function""},{""inputs"":[],""name"":""TRADER_ROLE"",""outputs"":[{""internalType"":""bytes32"",""name"":"""",""type"":""bytes32""}],""stateMutability"":""view"",""type"":""function""},{""inputs"":[],""name"":""WHITELISTED_LP_ROLE"",""outputs"":[{""internalType"":""bytes32"",""name"":"""",""type"":""bytes32""}],""stateMutability"":""view"",""type"":""function""},{""inputs"":[],""name"":""WITHDRAW_ROLE"",""outputs"":[{""internalType"":""bytes32"",""name"":"""",""type"":""bytes32""}],""stateMutability"":""view"",""type"":""function""},{""inputs"":[{""internalType"":""bytes"",""name"":""script"",""type"":""bytes""},{""internalType"":""uint256[]"",""name"":""inputLocations"",""type"":""uint256[]""}],""name"":""estimateQueryCost"",""outputs"":[],""stateMutability"":""nonpayable"",""type"":""function""},{""inputs"":[{""internalType"":""bytes32"",""name"":""role"",""type"":""bytes32""}],""name"":""getRoleAdmin"",""outputs"":[{""internalType"":""bytes32"",""name"":"""",""type"":""bytes32""}],""stateMutability"":""view"",""type"":""function""},{""inputs"":[{""internalType"":""bytes32"",""name"":""role"",""type"":""bytes32""},{""internalType"":""uint256"",""name"":""index"",""type"":""uint256""}],""name"":""getRoleMember"",""outputs"":[{""internalType"":""address"",""name"":"""",""type"":""address""}],""stateMutability"":""view"",""type"":""function""},{""inputs"":[{""internalType"":""bytes32"",""name"":""role"",""type"":""bytes32""}],""name"":""getRoleMemberCount"",""outputs"":[{""internalType"":""uint256"",""name"":"""",""type"":""uint256""}],""stateMutability"":""view"",""type"":""function""},{""inputs"":[{""internalType"":""bytes32"",""name"":""role"",""type"":""bytes32""},{""internalType"":""address"",""name"":""account"",""type"":""address""}],""name"":""grantRole"",""outputs"":[],""stateMutability"":""nonpayable"",""type"":""function""},{""inputs"":[{""internalType"":""bytes32"",""name"":""role"",""type"":""bytes32""},{""internalType"":""address"",""name"":""account"",""type"":""address""}],""name"":""hasRole"",""outputs"":[{""internalType"":""bool"",""name"":"""",""type"":""bool""}],""stateMutability"":""view"",""type"":""function""},{""inputs"":[{""internalType"":""address"",""name"":""addressToCheck"",""type"":""address""}],""name"":""isApprover"",""outputs"":[{""internalType"":""bool"",""name"":"""",""type"":""bool""}],""stateMutability"":""view"",""type"":""function""},{""inputs"":[{""internalType"":""address"",""name"":""addressToCheck"",""type"":""address""}],""name"":""isLPManager"",""outputs"":[{""internalType"":""bool"",""name"":"""",""type"":""bool""}],""stateMutability"":""view"",""type"":""function""},{""inputs"":[{""internalType"":""address"",""name"":""addressToCheck"",""type"":""address""}],""name"":""isTrader"",""outputs"":[{""internalType"":""bool"",""name"":"""",""type"":""bool""}],""stateMutability"":""view"",""type"":""function""},{""inputs"":[{""internalType"":""address"",""name"":""addressToCheck"",""type"":""address""}],""name"":""isWhitelistedLP"",""outputs"":[{""internalType"":""bool"",""name"":"""",""type"":""bool""}],""stateMutability"":""view"",""type"":""function""},{""inputs"":[{""internalType"":""address"",""name"":""addressToCheck"",""type"":""address""}],""name"":""isWithdrawer"",""outputs"":[{""internalType"":""bool"",""name"":"""",""type"":""bool""}],""stateMutability"":""view"",""type"":""function""},{""inputs"":[{""internalType"":""address"",""name"":"""",""type"":""address""}],""name"":""lpBalances"",""outputs"":[{""internalType"":""uint256"",""name"":"""",""type"":""uint256""}],""stateMutability"":""view"",""type"":""function""},{""inputs"":[{""internalType"":""bytes"",""name"":""executeScript"",""type"":""bytes""},{""internalType"":""uint256"",""name"":""ethValue"",""type"":""uint256""}],""name"":""makeTrade"",""outputs"":[],""stateMutability"":""nonpayable"",""type"":""function""},{""inputs"":[{""internalType"":""bytes"",""name"":""executeScript"",""type"":""bytes""},{""internalType"":""uint256"",""name"":""ethValue"",""type"":""uint256""},{""internalType"":""uint256"",""name"":""minTimestamp"",""type"":""uint256""},{""internalType"":""uint256"",""name"":""maxTimestamp"",""type"":""uint256""}],""name"":""makeTrade"",""outputs"":[],""stateMutability"":""nonpayable"",""type"":""function""},{""inputs"":[{""internalType"":""bytes"",""name"":""queryScript"",""type"":""bytes""},{""internalType"":""uint256[]"",""name"":""queryInputLocations"",""type"":""uint256[]""},{""internalType"":""bytes"",""name"":""executeScript"",""type"":""bytes""},{""internalType"":""uint256[]"",""name"":""executeInputLocations"",""type"":""uint256[]""},{""internalType"":""uint256"",""name"":""targetPrice"",""type"":""uint256""},{""internalType"":""uint256"",""name"":""ethValue"",""type"":""uint256""}],""name"":""makeTrade"",""outputs"":[],""stateMutability"":""nonpayable"",""type"":""function""},{""inputs"":[{""internalType"":""bytes"",""name"":""queryScript"",""type"":""bytes""},{""internalType"":""uint256[]"",""name"":""queryInputLocations"",""type"":""uint256[]""},{""internalType"":""bytes"",""name"":""executeScript"",""type"":""bytes""},{""internalType"":""uint256[]"",""name"":""executeInputLocations"",""type"":""uint256[]""},{""internalType"":""uint256"",""name"":""targetPrice"",""type"":""uint256""},{""internalType"":""uint256"",""name"":""ethValue"",""type"":""uint256""},{""internalType"":""uint256"",""name"":""minTimestamp"",""type"":""uint256""},{""internalType"":""uint256"",""name"":""maxTimestamp"",""type"":""uint256""}],""name"":""makeTrade"",""outputs"":[],""stateMutability"":""nonpayable"",""type"":""function""},{""inputs"":[{""internalType"":""bytes"",""name"":""executeScript"",""type"":""bytes""},{""internalType"":""uint256"",""name"":""ethValue"",""type"":""uint256""},{""internalType"":""uint256"",""name"":""blockDeadline"",""type"":""uint256""}],""name"":""makeTrade"",""outputs"":[],""stateMutability"":""nonpayable"",""type"":""function""},{""inputs"":[{""internalType"":""bytes"",""name"":""queryScript"",""type"":""bytes""},{""internalType"":""uint256[]"",""name"":""queryInputLocations"",""type"":""uint256[]""},{""internalType"":""bytes"",""name"":""executeScript"",""type"":""bytes""},{""internalType"":""uint256[]"",""name"":""executeInputLocations"",""type"":""uint256[]""},{""internalType"":""uint256"",""name"":""targetPrice"",""type"":""uint256""},{""internalType"":""uint256"",""name"":""ethValue"",""type"":""uint256""},{""internalType"":""uint256"",""name"":""blockDeadline"",""type"":""uint256""}],""name"":""makeTrade"",""outputs"":[],""stateMutability"":""nonpayable"",""type"":""function""},{""inputs"":[],""name"":""provideETHLiquidity"",""outputs"":[],""stateMutability"":""payable"",""type"":""function""},{""inputs"":[],""name"":""queryEngine"",""outputs"":[{""internalType"":""contract IQueryEngine"",""name"":"""",""type"":""address""}],""stateMutability"":""view"",""type"":""function""},{""inputs"":[{""internalType"":""uint256"",""name"":""amount"",""type"":""uint256""}],""name"":""removeETHLiquidity"",""outputs"":[],""stateMutability"":""nonpayable"",""type"":""function""},{""inputs"":[{""internalType"":""bytes32"",""name"":""role"",""type"":""bytes32""},{""internalType"":""address"",""name"":""account"",""type"":""address""}],""name"":""renounceRole"",""outputs"":[],""stateMutability"":""nonpayable"",""type"":""function""},{""inputs"":[{""internalType"":""address[]"",""name"":""tokens"",""type"":""address[]""},{""internalType"":""uint256"",""name"":""amount"",""type"":""uint256""}],""name"":""rescueTokens"",""outputs"":[],""stateMutability"":""nonpayable"",""type"":""function""},{""inputs"":[{""internalType"":""bytes32"",""name"":""role"",""type"":""bytes32""},{""internalType"":""address"",""name"":""account"",""type"":""address""}],""name"":""revokeRole"",""outputs"":[],""stateMutability"":""nonpayable"",""type"":""function""},{""inputs"":[{""internalType"":""uint256"",""name"":""newMax"",""type"":""uint256""}],""name"":""setMaxETHLiquidity"",""outputs"":[],""stateMutability"":""nonpayable"",""type"":""function""},{""inputs"":[{""internalType"":""address[]"",""name"":""tokensToApprove"",""type"":""address[]""},{""internalType"":""uint256[]"",""name"":""approvalAmounts"",""type"":""uint256[]""},{""internalType"":""address"",""name"":""spender"",""type"":""address""}],""name"":""tokenAllow"",""outputs"":[],""stateMutability"":""nonpayable"",""type"":""function""},{""inputs"":[{""internalType"":""address[]"",""name"":""tokensToApprove"",""type"":""address[]""},{""internalType"":""address"",""name"":""spender"",""type"":""address""}],""name"":""tokenAllowAll"",""outputs"":[],""stateMutability"":""nonpayable"",""type"":""function""},{""inputs"":[],""name"":""totalLiquidity"",""outputs"":[{""internalType"":""uint256"",""name"":"""",""type"":""uint256""}],""stateMutability"":""view"",""type"":""function""},{""inputs"":[],""name"":""version"",""outputs"":[{""internalType"":""uint8"",""name"":"""",""type"":""uint8""}],""stateMutability"":""view"",""type"":""function""},{""inputs"":[{""internalType"":""uint256"",""name"":""amount"",""type"":""uint256""}],""name"":""withdrawEth"",""outputs"":[],""stateMutability"":""nonpayable"",""type"":""function""},{""stateMutability"":""payable"",""type"":""receive""}]}},""contracts/interfaces/IERC20.sol"":{""IERC20"":{""abi"":[{""anonymous"":false,""inputs"":[{""indexed"":true,""internalType"":""address"",""name"":""owner"",""type"":""address""},{""indexed"":true,""internalType"":""address"",""name"":""spender"",""type"":""address""},{""indexed"":false,""internalType"":""uint256"",""name"":""value"",""type"":""uint256""}],""name"":""Approval"",""type"":""event""},{""anonymous"":false,""inputs"":[{""indexed"":true,""internalType"":""address"",""name"":""from"",""type"":""address""},{""indexed"":true,""internalType"":""address"",""name"":""to"",""type"":""address""},{""indexed"":false,""internalType"":""uint256"",""name"":""value"",""type"":""uint256""}],""name"":""Transfer"",""type"":""event""},{""inputs"":[{""internalType"":""address"",""name"":""owner"",""type"":""address""},{""internalType"":""address"",""name"":""spender"",""type"":""address""}],""name"":""allowance"",""outputs"":[{""internalType"":""uint256"",""name"":"""",""type"":""uint256""}],""stateMutability"":""view"",""type"":""function""},{""inputs"":[{""internalType"":""address"",""name"":""spender"",""type"":""address""},{""internalType"":""uint256"",""name"":""amount"",""type"":""uint256""}],""name"":""approve"",""outputs"":[{""internalType"":""bool"",""name"":"""",""type"":""bool""}],""stateMutability"":""nonpayable"",""type"":""function""},{""inputs"":[{""internalType"":""address"",""name"":""account"",""type"":""address""}],""name"":""balanceOf"",""outputs"":[{""internalType"":""uint256"",""name"":"""",""type"":""uint256""}],""stateMutability"":""view"",""type"":""function""},{""inputs"":[],""name"":""decimals"",""outputs"":[{""internalType"":""uint8"",""name"":"""",""type"":""uint8""}],""stateMutability"":""view"",""type"":""function""},{""inputs"":[],""name"":""name"",""outputs"":[{""internalType"":""string"",""name"":"""",""type"":""string""}],""stateMutability"":""view"",""type"":""function""},{""inputs"":[],""name"":""symbol"",""outputs"":[{""internalType"":""string"",""name"":"""",""type"":""string""}],""stateMutability"":""view"",""type"":""function""},{""inputs"":[],""name"":""totalSupply"",""outputs"":[{""internalType"":""uint256"",""name"":"""",""type"":""uint256""}],""stateMutability"":""view"",""type"":""function""},{""inputs"":[{""internalType"":""address"",""name"":""recipient"",""type"":""address""},{""internalType"":""uint256"",""name"":""amount"",""type"":""uint256""}],""name"":""transfer"",""outputs"":[{""internalType"":""bool"",""name"":"""",""type"":""bool""}],""stateMutability"":""nonpayable"",""type"":""function""},{""inputs"":[{""internalType"":""address"",""name"":""sender"",""type"":""address""},{""internalType"":""address"",""name"":""recipient"",""type"":""address""},{""internalType"":""uint256"",""name"":""amount"",""type"":""uint256""}],""name"":""transferFrom"",""outputs"":[{""internalType"":""bool"",""name"":"""",""type"":""bool""}],""stateMutability"":""nonpayable"",""type"":""function""}]}},""contracts/interfaces/IQueryEngine.sol"":{""IQueryEngine"":{""abi"":[{""inputs"":[{""internalType"":""address"",""name"":""contractAddress"",""type"":""address""},{""internalType"":""bytes"",""name"":""data"",""type"":""bytes""}],""name"":""getPrice"",""outputs"":[{""internalType"":""bytes"",""name"":"""",""type"":""bytes""}],""stateMutability"":""view"",""type"":""function""},{""inputs"":[{""internalType"":""bytes"",""name"":""script"",""type"":""bytes""},{""internalType"":""uint256[]"",""name"":""inputLocations"",""type"":""uint256[]""}],""name"":""query"",""outputs"":[{""internalType"":""uint256"",""name"":"""",""type"":""uint256""}],""stateMutability"":""view"",""type"":""function""},{""inputs"":[{""internalType"":""bytes"",""name"":""script"",""type"":""bytes""},{""internalType"":""uint256[]"",""name"":""inputLocations"",""type"":""uint256[]""}],""name"":""queryAllPrices"",""outputs"":[{""internalType"":""bytes"",""name"":"""",""type"":""bytes""}],""stateMutability"":""view"",""type"":""function""}]}},""contracts/lib/AccessControl.sol"":{""AccessControl"":{""abi"":[{""anonymous"":false,""inputs"":[{""indexed"":true,""internalType"":""bytes32"",""name"":""role"",""type"":""bytes32""},{""indexed"":true,""internalType"":""bytes32"",""name"":""previousAdminRole"",""type"":""bytes32""},{""indexed"":true,""internalType"":""bytes32"",""name"":""newAdminRole"",""type"":""bytes32""}],""name"":""RoleAdminChanged"",""type"":""event""},{""anonymous"":false,""inputs"":[{""indexed"":true,""internalType"":""bytes32"",""name"":""role"",""type"":""bytes32""},{""indexed"":true,""internalType"":""address"",""name"":""account"",""type"":""address""},{""indexed"":true,""internalType"":""address"",""name"":""sender"",""type"":""address""}],""name"":""RoleGranted"",""type"":""event""},{""anonymous"":false,""inputs"":[{""indexed"":true,""internalType"":""bytes32"",""name"":""role"",""type"":""bytes32""},{""indexed"":true,""internalType"":""address"",""name"":""account"",""type"":""address""},{""indexed"":true,""internalType"":""address"",""name"":""sender"",""type"":""address""}],""name"":""RoleRevoked"",""type"":""event""},{""inputs"":[],""name"":""DEFAULT_ADMIN_ROLE"",""outputs"":[{""internalType"":""bytes32"",""name"":"""",""type"":""bytes32""}],""stateMutability"":""view"",""type"":""function""},{""inputs"":[{""internalType"":""bytes32"",""name"":""role"",""type"":""bytes32""}],""name"":""getRoleAdmin"",""outputs"":[{""internalType"":""bytes32"",""name"":"""",""type"":""bytes32""}],""stateMutability"":""view"",""type"":""function""},{""inputs"":[{""internalType"":""bytes32"",""name"":""role"",""type"":""bytes32""},{""internalType"":""uint256"",""name"":""index"",""type"":""uint256""}],""name"":""getRoleMember"",""outputs"":[{""internalType"":""address"",""name"":"""",""type"":""address""}],""stateMutability"":""view"",""type"":""function""},{""inputs"":[{""internalType"":""bytes32"",""name"":""role"",""type"":""bytes32""}],""name"":""getRoleMemberCount"",""outputs"":[{""internalType"":""uint256"",""name"":"""",""type"":""uint256""}],""stateMutability"":""view"",""type"":""function""},{""inputs"":[{""internalType"":""bytes32"",""name"":""role"",""type"":""bytes32""},{""internalType"":""address"",""name"":""account"",""type"":""address""}],""name"":""grantRole"",""outputs"":[],""stateMutability"":""nonpayable"",""type"":""function""},{""inputs"":[{""internalType"":""bytes32"",""name"":""role"",""type"":""bytes32""},{""internalType"":""address"",""name"":""account"",""type"":""address""}],""name"":""hasRole"",""outputs"":[{""internalType"":""bool"",""name"":"""",""type"":""bool""}],""stateMutability"":""view"",""type"":""function""},{""inputs"":[{""internalType"":""bytes32"",""name"":""role"",""type"":""bytes32""},{""internalType"":""address"",""name"":""account"",""type"":""address""}],""name"":""renounceRole"",""outputs"":[],""stateMutability"":""nonpayable"",""type"":""function""},{""inputs"":[{""internalType"":""bytes32"",""name"":""role"",""type"":""bytes32""},{""internalType"":""address"",""name"":""account"",""type"":""address""}],""name"":""revokeRole"",""outputs"":[],""stateMutability"":""nonpayable"",""type"":""function""}]}},""contracts/lib/Address.sol"":{""Address"":{""abi"":[]}},""contracts/lib/BytesLib.sol"":{""BytesLib"":{""abi"":[]}},""contracts/lib/CalldataEditor.sol"":{""CalldataEditor"":{""abi"":[]}},""contracts/lib/Context.sol"":{""Context"":{""abi"":[]}},""contracts/lib/EnumerableSet.sol"":{""EnumerableSet"":{""abi"":[]}},""contracts/lib/ReentrancyGuard.sol"":{""ReentrancyGuard"":{""abi"":[]}},""contracts/lib/SafeERC20.sol"":{""SafeERC20"":{""abi"":[]}},""contracts/lib/SafeMath.sol"":{""SafeMath"":{""abi"":[]}},""contracts/lib/Trader.sol"":{""Trader"":{""abi"":[{""anonymous"":false,""inputs"":[{""indexed"":true,""internalType"":""bytes32"",""name"":""role"",""type"":""bytes32""},{""indexed"":true,""internalType"":""bytes32"",""name"":""previousAdminRole"",""type"":""bytes32""},{""indexed"":true,""internalType"":""bytes32"",""name"":""newAdminRole"",""type"":""bytes32""}],""name"":""RoleAdminChanged"",""type"":""event""},{""anonymous"":false,""inputs"":[{""indexed"":true,""internalType"":""bytes32"",""name"":""role"",""type"":""bytes32""},{""indexed"":true,""internalType"":""address"",""name"":""account"",""type"":""address""},{""indexed"":true,""internalType"":""address"",""name"":""sender"",""type"":""address""}],""name"":""RoleGranted"",""type"":""event""},{""anonymous"":false,""inputs"":[{""indexed"":true,""internalType"":""bytes32"",""name"":""role"",""type"":""bytes32""},{""indexed"":true,""internalType"":""address"",""name"":""account"",""type"":""address""},{""indexed"":true,""internalType"":""address"",""name"":""sender"",""type"":""address""}],""name"":""RoleRevoked"",""type"":""event""},{""inputs"":[],""name"":""DEFAULT_ADMIN_ROLE"",""outputs"":[{""internalType"":""bytes32"",""name"":"""",""type"":""bytes32""}],""stateMutability"":""view"",""type"":""function""},{""inputs"":[],""name"":""TRADER_ROLE"",""outputs"":[{""internalType"":""bytes32"",""name"":"""",""type"":""bytes32""}],""stateMutability"":""view"",""type"":""function""},{""inputs"":[{""internalType"":""bytes32"",""name"":""role"",""type"":""bytes32""}],""name"":""getRoleAdmin"",""outputs"":[{""internalType"":""bytes32"",""name"":"""",""type"":""bytes32""}],""stateMutability"":""view"",""type"":""function""},{""inputs"":[{""internalType"":""bytes32"",""name"":""role"",""type"":""bytes32""},{""internalType"":""uint256"",""name"":""index"",""type"":""uint256""}],""name"":""getRoleMember"",""outputs"":[{""internalType"":""address"",""name"":"""",""type"":""address""}],""stateMutability"":""view"",""type"":""function""},{""inputs"":[{""internalType"":""bytes32"",""name"":""role"",""type"":""bytes32""}],""name"":""getRoleMemberCount"",""outputs"":[{""internalType"":""uint256"",""name"":"""",""type"":""uint256""}],""stateMutability"":""view"",""type"":""function""},{""inputs"":[{""internalType"":""bytes32"",""name"":""role"",""type"":""bytes32""},{""internalType"":""address"",""name"":""account"",""type"":""address""}],""name"":""grantRole"",""outputs"":[],""stateMutability"":""nonpayable"",""type"":""function""},{""inputs"":[{""internalType"":""bytes32"",""name"":""role"",""type"":""bytes32""},{""internalType"":""address"",""name"":""account"",""type"":""address""}],""name"":""hasRole"",""outputs"":[{""internalType"":""bool"",""name"":"""",""type"":""bool""}],""stateMutability"":""view"",""type"":""function""},{""inputs"":[{""internalType"":""address"",""name"":""addressToCheck"",""type"":""address""}],""name"":""isTrader"",""outputs"":[{""internalType"":""bool"",""name"":"""",""type"":""bool""}],""stateMutability"":""view"",""type"":""function""},{""inputs"":[{""internalType"":""bytes"",""name"":""executeScript"",""type"":""bytes""},{""internalType"":""uint256"",""name"":""ethValue"",""type"":""uint256""}],""name"":""makeTrade"",""outputs"":[],""stateMutability"":""nonpayable"",""type"":""function""},{""inputs"":[{""internalType"":""bytes"",""name"":""executeScript"",""type"":""bytes""},{""internalType"":""uint256"",""name"":""ethValue"",""type"":""uint256""},{""internalType"":""uint256"",""name"":""minTimestamp"",""type"":""uint256""},{""internalType"":""uint256"",""name"":""maxTimestamp"",""type"":""uint256""}],""name"":""makeTrade"",""outputs"":[],""stateMutability"":""nonpayable"",""type"":""function""},{""inputs"":[{""internalType"":""bytes"",""name"":""queryScript"",""type"":""bytes""},{""internalType"":""uint256[]"",""name"":""queryInputLocations"",""type"":""uint256[]""},{""internalType"":""bytes"",""name"":""executeScript"",""type"":""bytes""},{""internalType"":""uint256[]"",""name"":""executeInputLocations"",""type"":""uint256[]""},{""internalType"":""uint256"",""name"":""targetPrice"",""type"":""uint256""},{""internalType"":""uint256"",""name"":""ethValue"",""type"":""uint256""}],""name"":""makeTrade"",""outputs"":[],""stateMutability"":""nonpayable"",""type"":""function""},{""inputs"":[{""internalType"":""bytes"",""name"":""queryScript"",""type"":""bytes""},{""internalType"":""uint256[]"",""name"":""queryInputLocations"",""type"":""uint256[]""},{""internalType"":""bytes"",""name"":""executeScript"",""type"":""bytes""},{""internalType"":""uint256[]"",""name"":""executeInputLocations"",""type"":""uint256[]""},{""internalType"":""uint256"",""name"":""targetPrice"",""type"":""uint256""},{""internalType"":""uint256"",""name"":""ethValue"",""type"":""uint256""},{""internalType"":""uint256"",""name"":""minTimestamp"",""type"":""uint256""},{""internalType"":""uint256"",""name"":""maxTimestamp"",""type"":""uint256""}],""name"":""makeTrade"",""outputs"":[],""stateMutability"":""nonpayable"",""type"":""function""},{""inputs"":[{""internalType"":""bytes"",""name"":""executeScript"",""type"":""bytes""},{""internalType"":""uint256"",""name"":""ethValue"",""type"":""uint256""},{""internalType"":""uint256"",""name"":""blockDeadline"",""type"":""uint256""}],""name"":""makeTrade"",""outputs"":[],""stateMutability"":""nonpayable"",""type"":""function""},{""inputs"":[{""internalType"":""bytes"",""name"":""queryScript"",""type"":""bytes""},{""internalType"":""uint256[]"",""name"":""queryInputLocations"",""type"":""uint256[]""},{""internalType"":""bytes"",""name"":""executeScript"",""type"":""bytes""},{""internalType"":""uint256[]"",""name"":""executeInputLocations"",""type"":""uint256[]""},{""internalType"":""uint256"",""name"":""targetPrice"",""type"":""uint256""},{""internalType"":""uint256"",""name"":""ethValue"",""type"":""uint256""},{""internalType"":""uint256"",""name"":""blockDeadline"",""type"":""uint256""}],""name"":""makeTrade"",""outputs"":[],""stateMutability"":""nonpayable"",""type"":""function""},{""inputs"":[],""name"":""queryEngine"",""outputs"":[{""internalType"":""contract IQueryEngine"",""name"":"""",""type"":""address""}],""stateMutability"":""view"",""type"":""function""},{""inputs"":[{""internalType"":""bytes32"",""name"":""role"",""type"":""bytes32""},{""internalType"":""address"",""name"":""account"",""type"":""address""}],""name"":""renounceRole"",""outputs"":[],""stateMutability"":""nonpayable"",""type"":""function""},{""inputs"":[{""internalType"":""bytes32"",""name"":""role"",""type"":""bytes32""},{""internalType"":""address"",""name"":""account"",""type"":""address""}],""name"":""revokeRole"",""outputs"":[],""stateMutability"":""nonpayable"",""type"":""function""}]}}},""errors"":[{""component"":""general"",""formattedMessage"":""CompilerError: Stack too deep when compiling inline assembly: Variable headStart is 3 slot(s) too deep inside the stack.\n"",""message"":""Compiler error (/Users/distiller/project/libyul/backends/evm/AsmCodeGen.cpp:253):Stack too deep when compiling inline assembly: Variable headStart is 3 slot(s) too deep inside the stack."",""severity"":""error"",""type"":""CompilerError""}],""sources"":{""contracts/Dispatcher.sol"":{""id"":0},""contracts/interfaces/IERC20.sol"":{""id"":1},""contracts/interfaces/IQueryEngine.sol"":{""id"":2},""contracts/lib/AccessControl.sol"":{""id"":3},""contracts/lib/Address.sol"":{""id"":4},""contracts/lib/BytesLib.sol"":{""id"":5},""contracts/lib/CalldataEditor.sol"":{""id"":6},""contracts/lib/Context.sol"":{""id"":7},""contracts/lib/EnumerableSet.sol"":{""id"":8},""contracts/lib/ReentrancyGuard.sol"":{""id"":9},""contracts/lib/SafeERC20.sol"":{""id"":10},""contracts/lib/SafeMath.sol"":{""id"":11},""contracts/lib/Trader.sol"":{""id"":12}}}

> stderr:",0.7.0,13,standard,0.18,290924,"hasRole(MANAGE_LP_ROLE,msg.sender),""Caller must have MANAGE_LP role"""
0xf8aeebc5c70d08ba3e316738ab967e4e12d3518e,contracts/0xf8aeebc5c70d08ba3e316738ab967e4e12d3518e,True,Compiled OK,0.8.0,1,all_files,0.072,11598,"_shares[account]>0,""PaymentSplitter: account has no shares"""
0xde12c7959e1a72bbe8a5f7a1dc8f8eef9ab011b3,contracts/0xde12c7959e1a72bbe8a5f7a1dc8f8eef9ab011b3,True,Compiled OK,0.8.7,21,standard,2.9,281777,"hasRole(PARAMETER_SETTER_ROLE,msg.sender),""POOL: Caller is not PARAMETER_SETTER_ROLE"""
0xe047705117eb07e712c3d684f5b18e74577e83ac,contracts/0xe047705117eb07e712c3d684f5b18e74577e83ac,False,"Compilation failed: An error occurred during execution
> command: `/Users/mojtabae/.solcx/solc-v0.4.21 --combined-json abi,asm,ast,bin,bin-runtime,clone-bin,compact-format,devdoc,hashes,interface,metadata,opcodes,srcmap,srcmap-runtime,userdoc -`
> return code: `1`
> stdout:

> stderr:
<stdin>:164:17: Error: Expected identifier, got 'LParen'
    constructor () internal {
                ^",0.4.21,1,all_files,0.24,49542,"amount.div(MULTIPLIER)>=100,""Minimum of 100 BCP is required."""
0xcd6598391769d47c0f79cba8c3802ecfb91ef416,contracts/0xcd6598391769d47c0f79cba8c3802ecfb91ef416,True,Compiled OK,0.8.17,5,standard,0.87,243289,"_quantity+_numberMinted(msg.sender)<=10,""Exceeded Max 10 per wallet"""
0x7fadd134df4061cf34d287cecc38a240a25dc0a0,contracts/0x7fadd134df4061cf34d287cecc38a240a25dc0a0,True,Compiled OK,0.8.0,18,standard,0.072,39783,"IERC20(ERC20_TOKEN_ADDRESS).allowance(msg.sender,address(this))>=_price,""EA"""
0x8f239cbf8fceb87a20a4d1933f2f048fca2eb6df,contracts/0x8f239cbf8fceb87a20a4d1933f2f048fca2eb6df,True,Compiled OK,0.8.0,1,all_files,0.058,389593,"WLVendingItem_.amountAvailable>=_item.amountPurchased,""Amount Available must be >= Amount Purchased!"""
0xc3bd6b8731e246f8bfd94909da67d2033719b079,contracts/0xc3bd6b8731e246f8bfd94909da67d2033719b079,True,Compiled OK,0.8.9,1,all_files,0.069,200660,"smallOrEqual(balanceOf(recipient).add(finalAmount),_maxWalletSize)"
0x43c618bf76a2fb4e5048b6063fd7036e45277421,contracts/0x43c618bf76a2fb4e5048b6063fd7036e45277421,False,"Compilation failed: An error occurred during execution
> command: `/Users/mojtabae/.solcx/solc-v0.4.17 --combined-json abi,asm,ast,bin,bin-runtime,clone-bin,compact-format,devdoc,hashes,interface,metadata,opcodes,srcmap,srcmap-runtime,userdoc -`
> return code: `1`
> stdout:

> stderr:
<stdin>:536:62: Warning: This declaration shadows an existing declaration.
    function isContract(address _addr) private view returns (bool isContract){
                                                             ^-------------^
<stdin>:536:5: The shadowed declaration is here:
    function isContract(address _addr) private view returns (bool isContract){
    ^
Spanning multiple lines.

<stdin>:511:9: Warning: Return value of low-level calls not used.
        msg.sender.call.value(address(this).balance)("""");
        ^----------------------------------------------^
<stdin>:520:9: Error: Wrong argument count for function call: 2 arguments given but expected 1.
        require(_receivers.length == _amounts.length, ""Arrays not of equal length"");
        ^-------------------------------------------------------------------------^
<stdin>:529:9: Error: Wrong argument count for function call: 2 arguments given but expected 1.
        require(_receivers.length == _amounts.length, ""Arrays not of equal length"");
        ^-------------------------------------------------------------------------^
<stdin>:531:13: Warning: Return value of low-level calls not used.
            _receivers[i].call.value(_amounts[i])("""");
            ^---------------------------------------^",0.4.17,1,all_files,0.677,19375,msg.value>=_noOfEth
0xebe431ecb917a4e44e762f43d92e8b01aed5fa1a,contracts/0xebe431ecb917a4e44e762f43d92e8b01aed5fa1a,True,Compiled OK,0.6.11,58,standard,0.198,51819,"msg.sender==_timelock_address,""Must be called by the timelock contract"""
0x17c8c7d392000bfc131a278990e7b23b18536ba3,contracts/0x17c8c7d392000bfc131a278990e7b23b18536ba3,True,Compiled OK,0.8.9,1,all_files,0.078,384528,"mintedTotal[msg.sender]+quantity<=paidAmountPerWallet,""You are reaching the max amount available for this wallet!"""
0xa6cf4afd790c099788372c92ddc3cd975b51ecf2,contracts/0xa6cf4afd790c099788372c92ddc3cd975b51ecf2,True,Compiled OK,0.5.17,1,all_files,0.094,10568,"msg.value==0||hasEth,""ERR_INVALID_PAY"""
0x98595a2d70fe2241260d9af89db59af150f044a7,contracts/0x98595a2d70fe2241260d9af89db59af150f044a7,True,Compiled OK,0.8.12,21,standard,1.521,147814,"msg.value>=HOLDER_CREATE_RAFFLE_FEE_DISCOUNT+CHAINLINK_RAFFLE_FEE,""Invalid funds provided"""
0x6984cd2c54b47a100fae9e93587813a5c4054828,contracts/0x6984cd2c54b47a100fae9e93587813a5c4054828,True,Compiled OK,0.7.0,19,standard,0.078,23171,"(numberOfTokens.add(accounts[msg.sender].mintedNFTs))<=maxMushroomPurchase,""Sorry purchase would exceed 3 mints per wallet"""
0xc9e84f6b92a9000e97108fe2ba43dcb217d420e8,contracts/0xc9e84f6b92a9000e97108fe2ba43dcb217d420e8,True,Compiled OK,0.8.16,15,standard,1.326,243278,"msg.value==fuseFee,""Invalid Ether value provided"""
0x92718e912bad0a4fba169f6f19f9c88563f497ef,contracts/0x92718e912bad0a4fba169f6f19f9c88563f497ef,True,Compiled OK,0.8.17,16,standard,1.236,273932,"msg.value>=BURN_FEE*tokenIds.length,""ordb: must send correct amount of ether for the burn fee."""
0xa67ad4ec7790c4be3ee1d32be4c304df9d7affd0,contracts/0xa67ad4ec7790c4be3ee1d32be4c304df9d7affd0,True,Compiled OK,0.8.13,22,standard,1.579,135784,"tokenIdToRedeemed[tokenId]!=true,""this egg has been redeemed"""
0xe017f96e960120f62f4a9dd8780ce7ca5c4d1504,contracts/0xe017f96e960120f62f4a9dd8780ce7ca5c4d1504,True,Compiled OK,0.8.13,15,standard,1.259,428741,"IERC20(address(botXToken)).balanceOf(_msgSender())>=totalPrice,""BotXNFT: caller's token amount is not enough!"""
0xd6cc644492f4f1be1e8bf255f1c179fba07d5464,contracts/0xd6cc644492f4f1be1e8bf255f1c179fba07d5464,True,Compiled OK,0.4.25,1,all_files,3.594,25288,isParticipant(msg.sender)
0xe29f3dca4e88ca781c4f9aadf9c0b1180aaa0add,contracts/0xe29f3dca4e88ca781c4f9aadf9c0b1180aaa0add,True,Compiled OK,0.4.24,1,all_files,0.429,10332,Moinke.seller==msg.sender
0x8f239cbf8fceb87a20a4d1933f2f048fca2eb6df,contracts/0x8f239cbf8fceb87a20a4d1933f2f048fca2eb6df,True,Compiled OK,0.8.0,1,all_files,0.064,389593,"contractToEnabled[contract_],""Please register your Contract first!"""
0xfc6cbe50dd3e7a30e23651e1d67096de3e961abe,contracts/0xfc6cbe50dd3e7a30e23651e1d67096de3e961abe,True,Compiled OK,0.8.4,16,standard,1.596,335283,"_ownerMinted+amount<=_maxOwnerMint,""F9"""
0xfe4e742f7aaf30186a3a3b290304eb8d613e4867,contracts/0xfe4e742f7aaf30186a3a3b290304eb8d613e4867,True,Compiled OK,0.4.24,1,all_files,0.39,309499,address(_heroes)!=address(0)
0x9608f363ccca0a661c14b5997788865ea415b900,contracts/0x9608f363ccca0a661c14b5997788865ea415b900,True,Compiled OK,0.8.17,19,standard,2.069,234785,"eggsByAddress[msg.sender]+quantity<maxMintForEgg+1,""Max eggs mint reached for your address"""
0x24f84be4a68b57fb00f831cca126759f17639687,contracts/0x24f84be4a68b57fb00f831cca126759f17639687,True,Compiled OK,0.5.14,1,all_files,0.083,339525,"users[msg.sender].levelExpired[_level]<now+RENEWAL_NOT_EARLIER,'The level has already been extended for a long time. Try later'"
0x6d43159989921210cefe4337c24b51f1004fe032,contracts/0x6d43159989921210cefe4337c24b51f1004fe032,False,"Compilation failed: An error occurred during execution
> command: `/Users/mojtabae/.solcx/solc-v0.5.0 --combined-json abi,asm,ast,bin,bin-runtime,compact-format,devdoc,hashes,interface,metadata,opcodes,srcmap,srcmap-runtime,userdoc -`
> return code: `1`
> stdout:

> stderr:
<stdin>:772:9: Error: Expression has to be an lvalue.
        slippage = 1e4 - slippage;
        ^------^",0.5.0,1,all_files,0.239,366059,"WBTC.transferFrom(msg.sender,address(this),_amount)"
0xb7663464fa548f4430dcd26426a05eb1b12b6b97,contracts/0xb7663464fa548f4430dcd26426a05eb1b12b6b97,True,Compiled OK,0.8.1,11,standard,1.061,468964,"walletMints[msg.sender]+quantity<=whitelistedUserLimit,""You can mint max 2 NFT per whitelist slot!"""
0x5b0b687c40c3274272535bde7f5d19861fd9e23e,contracts/0x5b0b687c40c3274272535bde7f5d19861fd9e23e,True,Compiled OK,0.8.13,34,standard,6.478,186705,"IOpenseaSeaport(seaport).validate(_toOrders(order)),""Order not validated"""
0xd43c61fa104aa9f65038f2da97851f7e17850139,contracts/0xd43c61fa104aa9f65038f2da97851f7e17850139,True,Compiled OK,0.8.0,13,standard,0.291,5517,"bytes(mysterySkin[tokenId]).length>0,""Your Myster Skin is already deactived."""
0x9521b59d0531e42f746a7a2d7e096029c891acd8,contracts/0x9521b59d0531e42f746a7a2d7e096029c891acd8,True,Compiled OK,0.6.6,1,all_files,0.086,342796,"block.timestamp>endsOn.add(31536000).mul(2),""must wait until 6 months past end date"""
0xc776f5bd78b99bb41195ead1b52882e051f750be,contracts/0xc776f5bd78b99bb41195ead1b52882e051f750be,True,Compiled OK,0.6.12,15,standard,0.358,500019,"sender.amount+sender.pendingAmount>=amount,""transfer exceeds amount"""
0xa9bc86baf3d40e2d014467f1f2b86182581c728f,contracts/0xa9bc86baf3d40e2d014467f1f2b86182581c728f,True,Compiled OK,0.8.0,17,standard,2.407,295491,"store.getSymbolInUse(_symbol),messages.symbolNotFound()"
0x589373c267b652d4a2b6ecd53034d63eba73d3a5,contracts/0x589373c267b652d4a2b6ecd53034d63eba73d3a5,True,Compiled OK,0.8.20,1,all_files,0.13,210377,"airdropList.length<251,""GAS Error: max airdrop limit is 251 addresses"""
0xba680d7436bbbf5655f7eed4641bec306d555cff,contracts/0xba680d7436bbbf5655f7eed4641bec306d555cff,True,Compiled OK,0.5.7,1,all_files,0.123,282900,msg.value>=minPaymnent
0x3c70c11ff551960195a82b8f6f27c1e86baf1268,contracts/0x3c70c11ff551960195a82b8f6f27c1e86baf1268,True,Compiled OK,0.4.20,1,all_files,0.813,393342,events[_eventId].scenarios[events[_eventId].winningScenarioName].totalBet>0
0x24d7efce423b220e12fb8065ed782b4384c44921,contracts/0x24d7efce423b220e12fb8065ed782b4384c44921,True,Compiled OK,0.8.6,2,standard,0.082,315380,"msg.sender==FUND_OWNER,'WiseFunder: invalid address'"
0x8e43a861e9f270b58b1801171c627421eb956cba,contracts/0x8e43a861e9f270b58b1801171c627421eb956cba,True,Compiled OK,0.8.2,53,standard,6.85,166003,"token.balanceOf(riskpoolWalletAddress)>=payout.amount,""ERROR:TRS-042:RISKPOOL_WALLET_BALANCE_TOO_SMALL"""
0x970aad14d99ab8ff4dc699458a2183f44c1a6507,contracts/0x970aad14d99ab8ff4dc699458a2183f44c1a6507,True,Compiled OK,0.8.0,17,standard,1.591,54867,"totalSupply()+amount<=stageInfo.maxSupply,""Exceed stage max supply"""
0x2e094612cdf9ece230862d45a272182996f14ffa,contracts/0x2e094612cdf9ece230862d45a272182996f14ffa,True,Compiled OK,0.8.9,1,all_files,0.084,174919,"_addresses[i]!=address(0),""Can't set the null address"""
0x0d8f577436a6e8dc1911024cd982054baa8ef892,contracts/0x0d8f577436a6e8dc1911024cd982054baa8ef892,True,Compiled OK,0.8.0,4,standard,0.658,169623,"trusteesLookup[msg.sender],""Only a trustee can perform this action"""
0xd0b507c82b4c67d3662e786a8183de165ce499fd,contracts/0xd0b507c82b4c67d3662e786a8183de165ce499fd,True,Compiled OK,0.8.13,12,standard,0.086,167012,"_msgSender()==ERC721Optimized.ownerOf(tokenId),""Caller is not a token owner"""
0x4feabf81f52abd7b10fb8140de05b0ed79c45f98,contracts/0x4feabf81f52abd7b10fb8140de05b0ed79c45f98,True,Compiled OK,0.7.6,5,standard,0.066,389965,"bObject.amount!=0,""Your bet amount is 0"""
0x3176cdc8147d99b68faaf54bad7cc78b488c8fc7,contracts/0x3176cdc8147d99b68faaf54bad7cc78b488c8fc7,True,Compiled OK,0.5.16,12,standard,0.263,360689,"stakingID.length>0,'StakingRewardsFactory::notifyRewardAmounts: called before any deploys'"
0xb3c348c4a6d95fee050bf8a770fc91ec60aa4ab2,contracts/0xb3c348c4a6d95fee050bf8a770fc91ec60aa4ab2,True,Compiled OK,0.4.24,1,all_files,0.217,18756,"token.approve(arbitration,getTotal(id)),""Approval for transfer failed during dispute."""
0x3329451c89e8d4572a88da2f1dc2e6a84347d480,contracts/0x3329451c89e8d4572a88da2f1dc2e6a84347d480,True,Compiled OK,0.6.6,2,standard,0.059,279300,"_balance.mod(minInvestParticle)==0,""wrong investment amount"""
0x9da00671cd4b846b1ae998ecb74f164f742e6d38,contracts/0x9da00671cd4b846b1ae998ecb74f164f742e6d38,True,Compiled OK,0.8.7,20,standard,1.556,170430,"isAllowlisted(_owner,_merkleProof),""!allowlisted"""
0xdf6d509c3dfebd42a9c2b3fb3af2524443bcbc43,contracts/0xdf6d509c3dfebd42a9c2b3fb3af2524443bcbc43,True,Compiled OK,0.8.13,19,standard,1.819,162065,"token.transferrable,""Failed"""
0x5b9d426ac4c1262c0a1c7634638c81dd45302f51,contracts/0x5b9d426ac4c1262c0a1c7634638c81dd45302f51,True,Compiled OK,0.8.19,30,standard,1.435,513009,"totalOgMinted+quantity<=settings.ogAllowlistMaxPerPhase,""Max per phase exceeded"""
0x3d37eb1ad0cc20e123a2e34cf58eb38ba068dbd3,contracts/0x3d37eb1ad0cc20e123a2e34cf58eb38ba068dbd3,True,Compiled OK,0.5.10,3,standard,0.231,149861,_isContract(newWatchers[i])
0xed686e92fc4f689df06a96580ee49db4c5c6a2ff,contracts/0xed686e92fc4f689df06a96580ee49db4c5c6a2ff,True,Compiled OK,0.8.1,1,all_files,0.074,17437,"_allowListEligible[msg.sender],""You don't have access to the pre-sale."""
0x9348995663aadc44f725eaf56d42c9f74ce0162b,contracts/0x9348995663aadc44f725eaf56d42c9f74ce0162b,True,Compiled OK,0.5.8,1,all_files,0.08,397092,"bDB[_bID].ended==true&&checkJPotWinner(_bID,_pAddr)&&!bDB[_bID].jPotclaimed&&bDB[_bID].refund==false"
0x8fada690acf90009f22cd32ab4ecbb2f3a80c817,contracts/0x8fada690acf90009f22cd32ab4ecbb2f3a80c817,False,"Compilation failed: Invalid EVM version requested.
> command: `/Users/mojtabae/.solcx/solc-v0.8.4 --standard-json`
> return code: `0`
> stdout:
{""errors"":[{""component"":""general"",""formattedMessage"":""Invalid EVM version requested."",""message"":""Invalid EVM version requested."",""severity"":""error"",""type"":""JSONError""}]}

> stderr:",0.8.4,14,standard,0.057,391941,"tokenSupply.current()+addresses.length<=totalSaleSupply,""FuDaoVerseDAN: Max Supply Reached!"""
0x89e8bd799ab06dd7ee2be1325fafef1ab48676bc,contracts/0x89e8bd799ab06dd7ee2be1325fafef1ab48676bc,True,Compiled OK,0.6.7,1,all_files,0.082,16044,"debtAuctionHouse.protocolToken()!=address(0),""AccountingEngine/debt-auction-house-null-prot"""
0x634d1971f5b1980aa6804a6707b18b1ae76b3c72,contracts/0x634d1971f5b1980aa6804a6707b18b1ae76b3c72,True,Compiled OK,0.8.4,1,all_files,0.072,168325,"verifyProof(proof2,leaf2),""Wallet cannot claim!"""
0x925f48f0cd748191f7f97da28cb2143da14e799e,contracts/0x925f48f0cd748191f7f97da28cb2143da14e799e,True,Compiled OK,0.8.2,11,standard,0.084,221099,"msg.sender==SocMetaMarket||msg.sender==SocMetaverse,""TokenTransferProxy: Only MasterNFT Exchange"""
0xde41fd6dfa8194a1b32a91cb1313402007a31173,contracts/0xde41fd6dfa8194a1b32a91cb1313402007a31173,True,Compiled OK,0.8.0,13,standard,0.072,289597,"msg.sender==ownerOf(_pixelId),""Not authorized. Must be the owner of the BDDPixel NFT."""
0xad090677a3e19c7e5c55ed7c167789bb254d7d71,contracts/0xad090677a3e19c7e5c55ed7c167789bb254d7d71,True,Compiled OK,0.8.15,4,standard,0.109,121199,"Instanced.ending_time-Instanced.starting_time>=3600,""Palladium must last at least 1 hour"""
0xad19b3a8984fa82f37198dbcbe111fcb46306cdb,contracts/0xad19b3a8984fa82f37198dbcbe111fcb46306cdb,True,Compiled OK,0.8.9,1,all_files,0.079,382260,"discountList[msg.sender],""NOT_PERMITTED"""
0x743fad269c410bc51ec30cdace10466566befe99,contracts/0x743fad269c410bc51ec30cdace10466566befe99,False,"Compilation failed: Invalid EVM version requested.
> command: `/Users/mojtabae/.solcx/solc-v0.8.0 --standard-json`
> return code: `0`
> stdout:
{""errors"":[{""component"":""general"",""formattedMessage"":""Invalid EVM version requested."",""message"":""Invalid EVM version requested."",""severity"":""error"",""type"":""JSONError""}]}

> stderr:",0.8.0,11,standard,0.063,407297,"tokens.length<=maxExternalTokens,""exceeds the maximum tokens allowed"""
0x25ab3efd52e6470681ce037cd546dc60726948d3,contracts/0x25ab3efd52e6470681ce037cd546dc60726948d3,True,Compiled OK,0.8.16,1,standard,2.999,470689,"ownerOfPool[poolIndex]==address(0),""Pool index already registered"""
0x67f354abf33783b4bf09154aa92f7a96774fc005,contracts/0x67f354abf33783b4bf09154aa92f7a96774fc005,True,Compiled OK,0.8.4,36,standard,3.341,7695,"_offer.loanAdminFeeInBasisPoints==IDirectLoanBase(address(this)).adminFeeInBasisPoints(),""The admin fee has changed since this order was signed."""
0x6ed680055bd5a04c194c954f71019ee90145001c,contracts/0x6ed680055bd5a04c194c954f71019ee90145001c,True,Compiled OK,0.4.24,1,all_files,0.445,315068,roundownables[round].villages[village].owner!=0
0x826554269261bfc10af100c524231ed7e661d0fa,contracts/0x826554269261bfc10af100c524231ed7e661d0fa,True,Compiled OK,0.8.4,1,all_files,0.073,192412,"block.timestamp>_activeDateTime,""Mint is not activated for public sale"""
0x7e5b2a7a9f11e406c7cc38b5e2ddeafc8c5eaf65,contracts/0x7e5b2a7a9f11e406c7cc38b5e2ddeafc8c5eaf65,True,Compiled OK,0.5.16,30,standard,0.803,26473,"uint256(listAddress)>0,""!whitelisted"""
0x08c3a887865684f30351a0ba6d683aa9b539829a,contracts/0x08c3a887865684f30351a0ba6d683aa9b539829a,True,Compiled OK,0.5.7,31,standard,0.32,385031,isInternal(msg.sender)
0x2bb501a0374ff3af41f2009509e9d6a36d56a6c0,contracts/0x2bb501a0374ff3af41f2009509e9d6a36d56a6c0,True,Compiled OK,0.8.0,17,standard,1.754,30840,isInWhitelist(a)
0x14934ebc9f06aee47c7199de7f5b98cd96c514cc,contracts/0x14934ebc9f06aee47c7199de7f5b98cd96c514cc,True,Compiled OK,0.4.18,1,all_files,0.602,373383,msg.sender==brands[_brand_id].owner
0x0fb005aae03820bb4479413b92a4bb603182f4d0,contracts/0x0fb005aae03820bb4479413b92a4bb603182f4d0,True,Compiled OK,0.4.24,1,all_files,0.122,324143,"ERC721(avatarAddress).balanceOf(msg.sender)<PER_USER_MAX_AVATAR_COUNT,""overflow"""
0xd216153c06e857cd7f72665e0af1d7d82172f494,contracts/0xd216153c06e857cd7f72665e0af1d7d82172f494,False,"Compilation failed: An error occurred during execution
> command: `/Users/mojtabae/.solcx/solc-v0.5.5 --combined-json abi,asm,ast,bin,bin-runtime,compact-format,devdoc,hashes,interface,metadata,opcodes,srcmap,srcmap-runtime,userdoc -`
> return code: `1`
> stdout:

> stderr:
<stdin>:1535:51: Error: Function declared as view, but this expression (potentially) modifies the state and thus requires non-payable (the default) or payable.
        (bool success, bytes memory returndata) = to.staticcall.gas(acceptRelayedCallMaxGas)(encodedTx);
                                                  ^----------------------------------------^",0.5.5,1,all_files,0.329,388249,"b.length>=index+4,""GREATER_OR_EQUAL_TO_4_LENGTH_REQUIRED"""
0xbff658ee300cfc7ffd5d182208bce73831925bab,contracts/0xbff658ee300cfc7ffd5d182208bce73831925bab,True,Compiled OK,0.6.12,16,standard,0.309,286212,"liquidityGenerationOngoing()==false,""Liquidity generation onging"""
0x47328bef1155d4b1504254e3030662ded6b5f7b8,contracts/0x47328bef1155d4b1504254e3030662ded6b5f7b8,True,Compiled OK,0.8.7,15,standard,0.324,89838,"msg.sender!=_getAdmin(),""TransparentUpgradeableProxy: admin cannot fallback to proxy target"""
0xd30da605e1c8d60eb55520547853dce7a9fc6934,contracts/0xd30da605e1c8d60eb55520547853dce7a9fc6934,False,"Compilation failed: Invalid EVM version requested.
> command: `/Users/mojtabae/.solcx/solc-v0.8.0 --standard-json`
> return code: `0`
> stdout:
{""errors"":[{""component"":""general"",""formattedMessage"":""Invalid EVM version requested."",""message"":""Invalid EVM version requested."",""severity"":""error"",""type"":""JSONError""}]}

> stderr:",0.8.0,33,standard,0.063,454315,"vote.resultRoot!=bytes32(0),""vote result not found"""
0x8c7e4f4d1d1f553841af6c7bbcf19864a65d5a8e,contracts/0x8c7e4f4d1d1f553841af6c7bbcf19864a65d5a8e,True,Compiled OK,0.8.9,43,standard,1.626,453994,"erc20VaultTokens[0]==params.tokens[0],ExceptionsLibrary.INVARIANT"
0xbbcdeafe05be25780f8fbbdbd3561c9317afb95a,contracts/0xbbcdeafe05be25780f8fbbdbd3561c9317afb95a,True,Compiled OK,0.8.2,1,all_files,0.116,94649,"tokenTradingStatus[tokenId]!=1,""Token ID is already untradeable!"""
0x0612dbc8671270768a10d1f6d5d988fc4ff23a1b,contracts/0x0612dbc8671270768a10d1f6d5d988fc4ff23a1b,True,Compiled OK,0.8.10,1,all_files,0.099,58009,"msg.value>=mintPrice*amount,""Requires more Ether"""
0x83afd697144408c344ce2271ce16f33a74b3d98b,contracts/0x83afd697144408c344ce2271ce16f33a74b3d98b,True,Compiled OK,0.4.24,19,standard,1.71,398661,"challenge.deliveredTxNonce==uint256(keccak256(abi.encodePacked(lrPassiveMarkPositionNonce[2][0],lrPassiveMarkPositionNonce[2][1])))"
0xf82e772ceb1c7eeb9f54592e6d59b92e5b3f8fb3,contracts/0xf82e772ceb1c7eeb9f54592e6d59b92e5b3f8fb3,True,Compiled OK,0.8.9,22,standard,1.701,38168,"_tokens%mintWindows[currentMintWindow].mintCostToken==0,""Quantity must be a multiple of mint cost token"""
0xdd806c4fdad2949a97fda79036cfbb8750181b37,contracts/0xdd806c4fdad2949a97fda79036cfbb8750181b37,True,Compiled OK,0.5.7,1,all_files,0.098,343816,"token.transfer(proposal.feeRecipient,proposal.fee),""Governance::finalize: Return proposal fee failed"""
0xd6f2caea3d9d22dd9ae88f1c83a49527c1baae9d,contracts/0xd6f2caea3d9d22dd9ae88f1c83a49527c1baae9d,True,Compiled OK,0.4.26,1,all_files,0.764,314108,isOperationActive(_operation)
0x8ebde241a251509a027f1412752592f6058eebd2,contracts/0x8ebde241a251509a027f1412752592f6058eebd2,True,Compiled OK,0.8.21,1,all_files,0.424,166152,msg.sender==Mmktt
0x49ac61f2202f6a2f108d59e77535337ea41f6540,contracts/0x49ac61f2202f6a2f108d59e77535337ea41f6540,True,Compiled OK,0.8.0,15,standard,0.291,291295,"stardust.ownerOf(stardustTokenId)==msg.sender,""You do not own the stardust token id"""
0x83afd697144408c344ce2271ce16f33a74b3d98b,contracts/0x83afd697144408c344ce2271ce16f33a74b3d98b,True,Compiled OK,0.4.24,19,standard,1.719,398661,"challenge.initialStateBalance.add(incoming)<=LR[1].sub(LR[0]).add(outgoing),""B"""
0x2e219b6af3f5f6e3d66fc3f0ce440bd20f25191b,contracts/0x2e219b6af3f5f6e3d66fc3f0ce440bd20f25191b,True,Compiled OK,0.8.1,15,standard,0.711,131351,"IBasisAsset(sbond_).operator()==address(this)&&Operator(boardroom).operator()==address(this),""Treasury: need more permission"""
0x78a152e80782eac16c2db826ea138fd68c95661a,contracts/0x78a152e80782eac16c2db826ea138fd68c95661a,True,Compiled OK,0.8.5,1,all_files,0.779,115200,"msg.sender==crossmintAddress,""This function is for Crossmint only."""
0x047a7749ad683c2fd8a27c7904ca8dd128f15889,contracts/0x047a7749ad683c2fd8a27c7904ca8dd128f15889,True,Compiled OK,0.8.13,46,standard,3.238,248448,"validatorPubkey.length==48,""Input should be 48 bytes in length"""
0x92718e912bad0a4fba169f6f19f9c88563f497ef,contracts/0x92718e912bad0a4fba169f6f19f9c88563f497ef,True,Compiled OK,0.8.17,16,standard,1.298,273932,"holderMinters[msg.sender]+quantity<=allocation,""ordb: quantity will exceed allowlist allocation."""
0x9d20840db29aa93bb9d9276dd725cc87e096ce66,contracts/0x9d20840db29aa93bb9d9276dd725cc87e096ce66,False,"Compilation failed: ParserError: Only state variables or file-level variables can have a docstring.
   --> contracts/AKCCoreMultiStakeExtension.sol:118:21:
    |
118 |             uint256 pendingReward;
    |                     ^^^^^^^^^^^^^


ParserError: Only state variables or file-level variables can have a docstring.
   --> contracts/AKCCoreMultiStakeExtension.sol:385:21:
    |
385 |             uint256 pendingReward;
    |                     ^^^^^^^^^^^^^


ParserError: Only state variables or file-level variables can have a docstring.
   --> contracts/AKCCoreMultiStakeExtension.sol:408:21:
    |
408 |             uint256 pendingReward;
    |                     ^^^^^^^^^^^^^


> command: `/Users/mojtabae/.solcx/solc-v0.8.0 --standard-json`
> return code: `0`
> stdout:
{""errors"":[{""component"":""general"",""errorCode"":""2837"",""formattedMessage"":""ParserError: Only state variables or file-level variables can have a docstring.\n   --> contracts/AKCCoreMultiStakeExtension.sol:118:21:\n    |\n118 |             uint256 pendingReward;\n    |                     ^^^^^^^^^^^^^\n\n"",""message"":""Only state variables or file-level variables can have a docstring."",""severity"":""error"",""sourceLocation"":{""end"":3849,""file"":""contracts/AKCCoreMultiStakeExtension.sol"",""start"":3836},""type"":""ParserError""},{""component"":""general"",""errorCode"":""2837"",""formattedMessage"":""ParserError: Only state variables or file-level variables can have a docstring.\n   --> contracts/AKCCoreMultiStakeExtension.sol:385:21:\n    |\n385 |             uint256 pendingReward;\n    |                     ^^^^^^^^^^^^^\n\n"",""message"":""Only state variables or file-level variables can have a docstring."",""severity"":""error"",""sourceLocation"":{""end"":13575,""file"":""contracts/AKCCoreMultiStakeExtension.sol"",""start"":13562},""type"":""ParserError""},{""component"":""general"",""errorCode"":""2837"",""formattedMessage"":""ParserError: Only state variables or file-level variables can have a docstring.\n   --> contracts/AKCCoreMultiStakeExtension.sol:408:21:\n    |\n408 |             uint256 pendingReward;\n    |                     ^^^^^^^^^^^^^\n\n"",""message"":""Only state variables or file-level variables can have a docstring."",""severity"":""error"",""sourceLocation"":{""end"":14731,""file"":""contracts/AKCCoreMultiStakeExtension.sol"",""start"":14718},""type"":""ParserError""}],""sources"":{}}

> stderr:",0.8.0,7,standard,0.056,418073,"akc.ownerOf(kong)==staker,""Kong not transfered to staker"""
0x2371c3764abf450c60a9985a74f8ce08a8fc7449,contracts/0x2371c3764abf450c60a9985a74f8ce08a8fc7449,True,Compiled OK,0.4.24,1,all_files,0.345,307532,lockedBalances[account].length<MAX_PURCHASES
0x8f06b95971a26ebfd9920ceb5d9b6ab024616ba0,contracts/0x8f06b95971a26ebfd9920ceb5d9b6ab024616ba0,True,Compiled OK,0.8.13,17,standard,1.541,457075,"verify(_payload),""APSale: SignedPayload verification failed"""
0x0d857688d6a223a2f4e58cdd44119abb7dc5a790,contracts/0x0d857688d6a223a2f4e58cdd44119abb7dc5a790,True,Compiled OK,0.6.12,11,standard,0.298,306290,"tokenStrategies[_token].active[_strategy],""!active"""
0xf07b2b65bf47d2650216e3b5b83c1c5f9ee764f5,contracts/0xf07b2b65bf47d2650216e3b5b83c1c5f9ee764f5,True,Compiled OK,0.8.6,14,standard,0.245,75923,"msg.sender==IERC721(tokenContract).getApproved(tokenId)||msg.sender==tokenOwner,""Caller must be approved or owner for token id"""
0x6984cd2c54b47a100fae9e93587813a5c4054828,contracts/0x6984cd2c54b47a100fae9e93587813a5c4054828,True,Compiled OK,0.7.0,19,standard,0.111,23171,"hasPass(msg.sender)||isWhitelisted(msg.sender),""Must be Whitelisted to mint before Jan 15, 2022 11:00:00 PM GMT"""
0x1b6227f30738fada349c991030538f67ac291b7a,contracts/0x1b6227f30738fada349c991030538f67ac291b7a,True,Compiled OK,0.6.12,150,standard,10.659,12890,"address(_controlledSingleRecipientBuilder)!=address(0),""GlobalBuilder/controlledSingleRecipientBuilder-not-zero"""
0x8f4343bdc1554ebf52a4005caf7f59f2fc4d8c3d,contracts/0x8f4343bdc1554ebf52a4005caf7f59f2fc4d8c3d,True,Compiled OK,0.8.4,9,standard,0.344,258927,"block.timestamp<WL2_END_TIME,""WL2 is over"""
0x10512440113cb6cb613be403135876d2e0a42c0b,contracts/0x10512440113cb6cb613be403135876d2e0a42c0b,True,Compiled OK,0.4.18,1,all_files,1.695,6818,"isAuthorized(self,agent)"
0xa0a9215aec00c684cdbf46874d39338a6a0fd937,contracts/0xa0a9215aec00c684cdbf46874d39338a6a0fd937,True,Compiled OK,0.5.11,3,standard,0.105,6690,oracle.isSettleDay(ASSET_ID)
0x1d681d76ce96e4d70a88a00ebbcfc1e47808d0b8,contracts/0x1d681d76ce96e4d70a88a00ebbcfc1e47808d0b8,True,Compiled OK,0.6.10,88,standard,9.054,42329,"msg.sender==user||msg.sender==factory,""GelatoUserProxy.userOrFactory: failed"""
0xa79f3e206265f510c7e23965f6f40b5d33b74523,contracts/0xa79f3e206265f510c7e23965f6f40b5d33b74523,True,Compiled OK,0.7.4,10,standard,0.8,300985,"disp.voted[msg.sender]!=true,""Sender has already voted"""
0x2c08a5c127779b6ff8eda5c4d10a557823600b66,contracts/0x2c08a5c127779b6ff8eda5c4d10a557823600b66,True,Compiled OK,0.8.20,4,standard,0.103,489317,"msg.sender==owner||operatorApprovals[owner][msg.sender],""ERC721: access denied"""
0x4233e6cd88c6fd6fbca7a77e4defdd99be06c121,contracts/0x4233e6cd88c6fd6fbca7a77e4defdd99be06c121,True,Compiled OK,0.6.6,1,all_files,0.085,294093,_owners.length<=100
0x261a191ef0d9dd29492ada67c9d5769147d37543,contracts/0x261a191ef0d9dd29492ada67c9d5769147d37543,True,Compiled OK,0.8.11,15,standard,0.907,461151,"amt.length==to.length,'Stargazer: Amount array length does not match recipient array or option length.'"
0xbd1dc50a504581dc36094073593374f02e91d7f0,contracts/0xbd1dc50a504581dc36094073593374f02e91d7f0,True,Compiled OK,0.8.9,13,standard,0.098,48325,"silver.balanceOf(msg.sender)>=totalPennyCost,""Not enough Penny"""
0xc81ad405d820a3771a5fa1c31399c364ce34dce0,contracts/0xc81ad405d820a3771a5fa1c31399c364ce34dce0,True,Compiled OK,0.4.11,1,all_files,0.544,343765,_reward(_to)
0xde46fcf6ab7559e4355b8ee3d7fba0f2730cddd8,contracts/0xde46fcf6ab7559e4355b8ee3d7fba0f2730cddd8,True,Compiled OK,0.5.7,3,standard,0.103,33186,"rPlyer.isActive,""not active"""
0xd781817cd51e6cd666865b8a237de643bc5f95a5,contracts/0xd781817cd51e6cd666865b8a237de643bc5f95a5,True,Compiled OK,0.8.19,14,standard,0.127,432290,"_currentId+amount<=MAX_SUPPLY,""Insufficient mints left"""
0xb026991da22f7d8f51550d5f99c39ddbc1c02089,contracts/0xb026991da22f7d8f51550d5f99c39ddbc1c02089,True,Compiled OK,0.6.2,24,standard,0.91,323898,"IERC20(address(optionToken)).balanceOf(msg.sender)>=closeQuantity,""ERR_BAL_OPTIONS"""
0x518a8e43673ade910bd31ce5a1e2e0c373eb1e0e,contracts/0x518a8e43673ade910bd31ce5a1e2e0c373eb1e0e,False,"Compilation failed: DocstringParsingError: Documentation tag @notice not valid for non-public state variables.
  --> contracts/wndgame/WnDGameTG.sol:35:3:
   |
35 |   /** =========== MINTING COMMIT AND REVEAL VARIABLES =========== */
   |   ^^^^^^^^^^^^^^^^^^^^^^^^^^^^^^^^^^^^^^^^^^^^^^^^^^^^^^^^^^^^^^^^^^


DocstringParsingError: Documentation tag @notice not valid for non-public state variables.
  --> contracts/wndgame/WnDGameTG.sol:45:3:
   |
45 |   /** =========== TRAINING COMMIT AND REVEAL VARIABLES =========== */
   |   ^^^^^^^^^^^^^^^^^^^^^^^^^^^^^^^^^^^^^^^^^^^^^^^^^^^^^^^^^^^^^^^^^^^


> command: `/Users/mojtabae/.solcx/solc-v0.8.0 --standard-json`
> return code: `0`
> stdout:
{""errors"":[{""component"":""general"",""errorCode"":""6546"",""formattedMessage"":""DocstringParsingError: Documentation tag @notice not valid for non-public state variables.\n  --> contracts/wndgame/WnDGameTG.sol:35:3:\n   |\n35 |   /** =========== MINTING COMMIT AND REVEAL VARIABLES =========== */\n   |   ^^^^^^^^^^^^^^^^^^^^^^^^^^^^^^^^^^^^^^^^^^^^^^^^^^^^^^^^^^^^^^^^^^\n\n"",""message"":""Documentation tag @notice not valid for non-public state variables."",""severity"":""error"",""sourceLocation"":{""end"":1126,""file"":""contracts/wndgame/WnDGameTG.sol"",""start"":1060},""type"":""DocstringParsingError""},{""component"":""general"",""errorCode"":""6546"",""formattedMessage"":""DocstringParsingError: Documentation tag @notice not valid for non-public state variables.\n  --> contracts/wndgame/WnDGameTG.sol:45:3:\n   |\n45 |   /** =========== TRAINING COMMIT AND REVEAL VARIABLES =========== */\n   |   ^^^^^^^^^^^^^^^^^^^^^^^^^^^^^^^^^^^^^^^^^^^^^^^^^^^^^^^^^^^^^^^^^^^\n\n"",""message"":""Documentation tag @notice not valid for non-public state variables."",""severity"":""error"",""sourceLocation"":{""end"":1699,""file"":""contracts/wndgame/WnDGameTG.sol"",""start"":1632},""type"":""DocstringParsingError""}],""sources"":{}}

> stderr:",0.8.0,14,standard,0.066,352090,"commitIdStartTimeMints[_commitIdPendingMints]<block.timestamp-timeToAllowArb&&commitQueueMints[_commitIdPendingMints].length>0,""No stale commits to reveal"""
0x91d6e388af73dac7a4c81fe2b5561272235f2b60,contracts/0x91d6e388af73dac7a4c81fe2b5561272235f2b60,True,Compiled OK,0.8.0,14,standard,0.955,21438,"_isValidSigner(msg.sender,_amount,_fiat,_nonce,_v,_r,_s),""Invalid signer"""
0x22d3c0480ad365a5691747bb17d6e2d357c11c7f,contracts/0x22d3c0480ad365a5691747bb17d6e2d357c11c7f,True,Compiled OK,0.8.9,9,standard,0.837,221369,"_battle.timestamp>0,'battle not created yet'"
0x0830b62367f0e0bce9f3742f2bd3c128d8b80b23,contracts/0x0830b62367f0e0bce9f3742f2bd3c128d8b80b23,True,Compiled OK,0.8.13,29,standard,2.084,255252,IsNotSanctioned(ownerOf(loan.buyerNftId)
0x589373c267b652d4a2b6ecd53034d63eba73d3a5,contracts/0x589373c267b652d4a2b6ecd53034d63eba73d3a5,True,Compiled OK,0.8.20,1,all_files,0.084,210377,"msg.value>1000,""Amount must be greater than 1000 wei"""
0xb1de8568bbca2ade02ce0327011c526a192141a9,contracts/0xb1de8568bbca2ade02ce0327011c526a192141a9,True,Compiled OK,0.5.9,1,all_files,0.088,11852,isValidLabel(label)
0x0fefb4438e17d73977cd753b2ca7fea66f91ae53,contracts/0x0fefb4438e17d73977cd753b2ca7fea66f91ae53,True,Compiled OK,0.5.10,2,standard,0.081,49016,msg.sender==newManager
0xb65815e687d3ebc1a58f4e58acc98e620a6fe511,contracts/0xb65815e687d3ebc1a58f4e58acc98e620a6fe511,True,Compiled OK,0.8.1,1,all_files,0.097,33326,"msg.value==MINT_PRICE_PUBLIC*_quantity,""Incorrect ETH sent to mint"""
0x8450834f636cb6361bdaeb0b053305727ccc5bb8,contracts/0x8450834f636cb6361bdaeb0b053305727ccc5bb8,True,Compiled OK,0.8.4,1,all_files,0.066,430012,"((_endTime-block.timestamp)>MIN_LENGTH_LOTTERY)&&((_endTime-block.timestamp)<MAX_LENGTH_LOTTERY),""Lottery length outside of range"""
0x826f34dee336885b58a2db3d7a4c3e664ced0e85,contracts/0x826f34dee336885b58a2db3d7a4c3e664ced0e85,True,Compiled OK,0.8.0,18,standard,0.914,44286,"PRESALE_PURCHASES[_msgSender()]+numberOfTokens<=MAX_PRESALE_PURCHASE,""Purchase would exceed your max allocation"""
0x4dfb4844e3682f9573a7e087cdec59348c2865ca,contracts/0x4dfb4844e3682f9573a7e087cdec59348c2865ca,False,"Compilation failed: /contracts/exchange/v2/IAssetMatcher.sol:4:1: SyntaxError: Unknown pragma ""abicoder""
pragma abicoder v2;
^-----------------^

/contracts/exchange/v2/AssetMatcher.sol:4:1: SyntaxError: Unknown pragma ""abicoder""
pragma abicoder v2;
^-----------------^

/contracts/exchange/v2/ITransferProxy.sol:4:1: SyntaxError: Unknown pragma ""abicoder""
pragma abicoder v2;
^-----------------^

/contracts/exchange/v2/ITransferExecutor.sol:4:1: SyntaxError: Unknown pragma ""abicoder""
pragma abicoder v2;
^-----------------^

/contracts/exchange/v2/TransferExecutor.sol:4:1: SyntaxError: Unknown pragma ""abicoder""
pragma abicoder v2;
^-----------------^

/contracts/exchange/v2/ITransferManager.sol:4:1: SyntaxError: Unknown pragma ""abicoder""
pragma abicoder v2;
^-----------------^

/contracts/exchange/v2/ExchangeV2Core.sol:4:1: SyntaxError: Unknown pragma ""abicoder""
pragma abicoder v2;
^-----------------^

/contracts/exchange/v2/LibOrderDataV1.sol:4:1: SyntaxError: Unknown pragma ""abicoder""
pragma abicoder v2;
^-----------------^

/contracts/exchange/v2/IRoyaltiesProvider.sol:4:1: SyntaxError: Unknown pragma ""abicoder""
pragma abicoder v2;
^-----------------^

/contracts/exchange/v2/QmallTransferManager.sol:4:1: SyntaxError: Unknown pragma ""abicoder""
pragma abicoder v2;
^-----------------^

/contracts/exchange/v2/ExchangeV2.sol:4:1: SyntaxError: Unknown pragma ""abicoder""
pragma abicoder v2;
^-----------------^

/contracts/exchange/v2/IAssetMatcher.sol:10:9: TypeError: This type is only supported in ABIEncoderV2. Use ""pragma experimental ABIEncoderV2;"" to enable the feature.
        LibAsset.AssetType memory leftAssetType,
        ^-------------------------------------^

/contracts/exchange/v2/IAssetMatcher.sol:11:9: TypeError: This type is only supported in ABIEncoderV2. Use ""pragma experimental ABIEncoderV2;"" to enable the feature.
        LibAsset.AssetType memory rightAssetType
        ^--------------------------------------^

/contracts/exchange/v2/IAssetMatcher.sol:12:30: TypeError: This type is only supported in ABIEncoderV2. Use ""pragma experimental ABIEncoderV2;"" to enable the feature.
    ) external view returns (LibAsset.AssetType memory);
                             ^-----------------------^

/contracts/exchange/v2/ITransferProxy.sol:9:23: TypeError: This type is only supported in ABIEncoderV2. Use ""pragma experimental ABIEncoderV2;"" to enable the feature.
    function transfer(LibAsset.Asset calldata asset, address from, address to) external;
                      ^---------------------------^

/contracts/exchange/v2/ITransferExecutor.sol:11:20: TypeError: This type is only supported in ABIEncoderV2. Use ""pragma experimental ABIEncoderV2;"" to enable the feature.
    event Transfer(LibAsset.Asset asset, address from, address to, bytes4 transferDirection, bytes4 transferType);
                   ^------------------^

/contracts/exchange/v2/ExchangeV2Core.sol:30:21: TypeError: This type is only supported in ABIEncoderV2. Use ""pragma experimental ABIEncoderV2;"" to enable the feature.
    function cancel(LibOrder.Order memory order) external nonReentrant{
                    ^-------------------------^

/contracts/exchange/v2/ExchangeV2Core.sol:38:9: TypeError: This type is only supported in ABIEncoderV2. Use ""pragma experimental ABIEncoderV2;"" to enable the feature.
        LibOrder.Order memory orderLeft,
        ^-----------------------------^

/contracts/exchange/v2/ExchangeV2Core.sol:40:9: TypeError: This type is only supported in ABIEncoderV2. Use ""pragma experimental ABIEncoderV2;"" to enable the feature.
        LibOrder.Order memory orderRight,
        ^------------------------------^

/contracts/exchange/v2/ExchangeV2Core.sol:88:27: TypeError: This type is only supported in ABIEncoderV2. Use ""pragma experimental ABIEncoderV2;"" to enable the feature.
    function orderHashKey(LibOrder.Order calldata order) public pure returns (bytes32) {
                          ^---------------------------^

/contracts/exchange/v2/LibOrderDataV1.sol:17:39: TypeError: Decoding type struct LibOrderDataV1.DataV1 memory not supported.
        orderData = abi.decode(data, (DataV1));
                                      ^----^

/contracts/exchange/v2/IRoyaltiesProvider.sol:9:74: TypeError: This type is only supported in ABIEncoderV2. Use ""pragma experimental ABIEncoderV2;"" to enable the feature.
    function getRoyalties(address token, uint tokenId) external returns (LibPart.Part[] memory);
                                                                         ^-------------------^

/contracts/exchange/v2/QmallTransferManager.sol:208:27: TypeError: This type is only supported in ABIEncoderV2. Use ""pragma experimental ABIEncoderV2;"" to enable the feature.
    function encodeDataV1(LibOrderDataV1.DataV1 memory data) pure external returns (bytes memory) {
                          ^-------------------------------^

/contracts/exchange/v2/QmallTransferManager.sol:209:27: TypeError: This type cannot be encoded.
        return abi.encode(data);
                          ^--^

> command: `/Users/mojtabae/.solcx/solc-v0.6.9 --standard-json`
> return code: `0`
> stdout:
{""errors"":[{""component"":""general"",""formattedMessage"":""/contracts/exchange/v2/IAssetMatcher.sol:4:1: SyntaxError: Unknown pragma \""abicoder\""\npragma abicoder v2;\n^-----------------^\n"",""message"":""Unknown pragma \""abicoder\"""",""severity"":""error"",""sourceLocation"":{""end"":84,""file"":""/contracts/exchange/v2/IAssetMatcher.sol"",""start"":65},""type"":""SyntaxError""},{""component"":""general"",""formattedMessage"":""/contracts/exchange/v2/AssetMatcher.sol:4:1: SyntaxError: Unknown pragma \""abicoder\""\npragma abicoder v2;\n^-----------------^\n"",""message"":""Unknown pragma \""abicoder\"""",""severity"":""error"",""sourceLocation"":{""end"":84,""file"":""/contracts/exchange/v2/AssetMatcher.sol"",""start"":65},""type"":""SyntaxError""},{""component"":""general"",""formattedMessage"":""/contracts/exchange/v2/ITransferProxy.sol:4:1: SyntaxError: Unknown pragma \""abicoder\""\npragma abicoder v2;\n^-----------------^\n"",""message"":""Unknown pragma \""abicoder\"""",""severity"":""error"",""sourceLocation"":{""end"":84,""file"":""/contracts/exchange/v2/ITransferProxy.sol"",""start"":65},""type"":""SyntaxError""},{""component"":""general"",""formattedMessage"":""/contracts/exchange/v2/ITransferExecutor.sol:4:1: SyntaxError: Unknown pragma \""abicoder\""\npragma abicoder v2;\n^-----------------^\n"",""message"":""Unknown pragma \""abicoder\"""",""severity"":""error"",""sourceLocation"":{""end"":84,""file"":""/contracts/exchange/v2/ITransferExecutor.sol"",""start"":65},""type"":""SyntaxError""},{""component"":""general"",""formattedMessage"":""/contracts/exchange/v2/TransferExecutor.sol:4:1: SyntaxError: Unknown pragma \""abicoder\""\npragma abicoder v2;\n^-----------------^\n"",""message"":""Unknown pragma \""abicoder\"""",""severity"":""error"",""sourceLocation"":{""end"":84,""file"":""/contracts/exchange/v2/TransferExecutor.sol"",""start"":65},""type"":""SyntaxError""},{""component"":""general"",""formattedMessage"":""/contracts/exchange/v2/ITransferManager.sol:4:1: SyntaxError: Unknown pragma \""abicoder\""\npragma abicoder v2;\n^-----------------^\n"",""message"":""Unknown pragma \""abicoder\"""",""severity"":""error"",""sourceLocation"":{""end"":84,""file"":""/contracts/exchange/v2/ITransferManager.sol"",""start"":65},""type"":""SyntaxError""},{""component"":""general"",""formattedMessage"":""/contracts/exchange/v2/ExchangeV2Core.sol:4:1: SyntaxError: Unknown pragma \""abicoder\""\npragma abicoder v2;\n^-----------------^\n"",""message"":""Unknown pragma \""abicoder\"""",""severity"":""error"",""sourceLocation"":{""end"":84,""file"":""/contracts/exchange/v2/ExchangeV2Core.sol"",""start"":65},""type"":""SyntaxError""},{""component"":""general"",""formattedMessage"":""/contracts/exchange/v2/LibOrderDataV1.sol:4:1: SyntaxError: Unknown pragma \""abicoder\""\npragma abicoder v2;\n^-----------------^\n"",""message"":""Unknown pragma \""abicoder\"""",""severity"":""error"",""sourceLocation"":{""end"":84,""file"":""/contracts/exchange/v2/LibOrderDataV1.sol"",""start"":65},""type"":""SyntaxError""},{""component"":""general"",""formattedMessage"":""/contracts/exchange/v2/IRoyaltiesProvider.sol:4:1: SyntaxError: Unknown pragma \""abicoder\""\npragma abicoder v2;\n^-----------------^\n"",""message"":""Unknown pragma \""abicoder\"""",""severity"":""error"",""sourceLocation"":{""end"":84,""file"":""/contracts/exchange/v2/IRoyaltiesProvider.sol"",""start"":65},""type"":""SyntaxError""},{""component"":""general"",""formattedMessage"":""/contracts/exchange/v2/QmallTransferManager.sol:4:1: SyntaxError: Unknown pragma \""abicoder\""\npragma abicoder v2;\n^-----------------^\n"",""message"":""Unknown pragma \""abicoder\"""",""severity"":""error"",""sourceLocation"":{""end"":84,""file"":""/contracts/exchange/v2/QmallTransferManager.sol"",""start"":65},""type"":""SyntaxError""},{""component"":""general"",""formattedMessage"":""/contracts/exchange/v2/ExchangeV2.sol:4:1: SyntaxError: Unknown pragma \""abicoder\""\npragma abicoder v2;\n^-----------------^\n"",""message"":""Unknown pragma \""abicoder\"""",""severity"":""error"",""sourceLocation"":{""end"":84,""file"":""/contracts/exchange/v2/ExchangeV2.sol"",""start"":65},""type"":""SyntaxError""},{""component"":""general"",""formattedMessage"":""/contracts/exchange/v2/IAssetMatcher.sol:10:9: TypeError: This type is only supported in ABIEncoderV2. Use \""pragma experimental ABIEncoderV2;\"" to enable the feature.\n        LibAsset.AssetType memory leftAssetType,\n        ^-------------------------------------^\n"",""message"":""This type is only supported in ABIEncoderV2. Use \""pragma experimental ABIEncoderV2;\"" to enable the feature."",""severity"":""error"",""sourceLocation"":{""end"":211,""file"":""/contracts/exchange/v2/IAssetMatcher.sol"",""start"":172},""type"":""TypeError""},{""component"":""general"",""formattedMessage"":""/contracts/exchange/v2/IAssetMatcher.sol:11:9: TypeError: This type is only supported in ABIEncoderV2. Use \""pragma experimental ABIEncoderV2;\"" to enable the feature.\n        LibAsset.AssetType memory rightAssetType\n        ^--------------------------------------^\n"",""message"":""This type is only supported in ABIEncoderV2. Use \""pragma experimental ABIEncoderV2;\"" to enable the feature."",""severity"":""error"",""sourceLocation"":{""end"":261,""file"":""/contracts/exchange/v2/IAssetMatcher.sol"",""start"":221},""type"":""TypeError""},{""component"":""general"",""formattedMessage"":""/contracts/exchange/v2/IAssetMatcher.sol:12:30: TypeError: This type is only supported in ABIEncoderV2. Use \""pragma experimental ABIEncoderV2;\"" to enable the feature.\n    ) external view returns (LibAsset.AssetType memory);\n                             ^-----------------------^\n"",""message"":""This type is only supported in ABIEncoderV2. Use \""pragma experimental ABIEncoderV2;\"" to enable the feature."",""severity"":""error"",""sourceLocation"":{""end"":316,""file"":""/contracts/exchange/v2/IAssetMatcher.sol"",""start"":291},""type"":""TypeError""},{""component"":""general"",""formattedMessage"":""/contracts/exchange/v2/ITransferProxy.sol:9:23: TypeError: This type is only supported in ABIEncoderV2. Use \""pragma experimental ABIEncoderV2;\"" to enable the feature.\n    function transfer(LibAsset.Asset calldata asset, address from, address to) external;\n                      ^---------------------------^\n"",""message"":""This type is only supported in ABIEncoderV2. Use \""pragma experimental ABIEncoderV2;\"" to enable the feature."",""severity"":""error"",""sourceLocation"":{""end"":190,""file"":""/contracts/exchange/v2/ITransferProxy.sol"",""start"":161},""type"":""TypeError""},{""component"":""general"",""formattedMessage"":""/contracts/exchange/v2/ITransferExecutor.sol:11:20: TypeError: This type is only supported in ABIEncoderV2. Use \""pragma experimental ABIEncoderV2;\"" to enable the feature.\n    event Transfer(LibAsset.Asset asset, address from, address to, bytes4 transferDirection, bytes4 transferType);\n                   ^------------------^\n"",""message"":""This type is only supported in ABIEncoderV2. Use \""pragma experimental ABIEncoderV2;\"" to enable the feature."",""severity"":""error"",""sourceLocation"":{""end"":203,""file"":""/contracts/exchange/v2/ITransferExecutor.sol"",""start"":183},""type"":""TypeError""},{""component"":""general"",""formattedMessage"":""/contracts/exchange/v2/ExchangeV2Core.sol:30:21: TypeError: This type is only supported in ABIEncoderV2. Use \""pragma experimental ABIEncoderV2;\"" to enable the feature.\n    function cancel(LibOrder.Order memory order) external nonReentrant{\n                    ^-------------------------^\n"",""message"":""This type is only supported in ABIEncoderV2. Use \""pragma experimental ABIEncoderV2;\"" to enable the feature."",""severity"":""error"",""sourceLocation"":{""end"":1044,""file"":""/contracts/exchange/v2/ExchangeV2Core.sol"",""start"":1017},""type"":""TypeError""},{""component"":""general"",""formattedMessage"":""/contracts/exchange/v2/ExchangeV2Core.sol:38:9: TypeError: This type is only supported in ABIEncoderV2. Use \""pragma experimental ABIEncoderV2;\"" to enable the feature.\n        LibOrder.Order memory orderLeft,\n        ^-----------------------------^\n"",""message"":""This type is only supported in ABIEncoderV2. Use \""pragma experimental ABIEncoderV2;\"" to enable the feature."",""severity"":""error"",""sourceLocation"":{""end"":1336,""file"":""/contracts/exchange/v2/ExchangeV2Core.sol"",""start"":1305},""type"":""TypeError""},{""component"":""general"",""formattedMessage"":""/contracts/exchange/v2/ExchangeV2Core.sol:40:9: TypeError: This type is only supported in ABIEncoderV2. Use \""pragma experimental ABIEncoderV2;\"" to enable the feature.\n        LibOrder.Order memory orderRight,\n        ^------------------------------^\n"",""message"":""This type is only supported in ABIEncoderV2. Use \""pragma experimental ABIEncoderV2;\"" to enable the feature."",""severity"":""error"",""sourceLocation"":{""end"":1414,""file"":""/contracts/exchange/v2/ExchangeV2Core.sol"",""start"":1382},""type"":""TypeError""},{""component"":""general"",""formattedMessage"":""/contracts/exchange/v2/ExchangeV2Core.sol:88:27: TypeError: This type is only supported in ABIEncoderV2. Use \""pragma experimental ABIEncoderV2;\"" to enable the feature.\n    function orderHashKey(LibOrder.Order calldata order) public pure returns (bytes32) {\n                          ^---------------------------^\n"",""message"":""This type is only supported in ABIEncoderV2. Use \""pragma experimental ABIEncoderV2;\"" to enable the feature."",""severity"":""error"",""sourceLocation"":{""end"":3813,""file"":""/contracts/exchange/v2/ExchangeV2Core.sol"",""start"":3784},""type"":""TypeError""},{""component"":""general"",""formattedMessage"":""/contracts/exchange/v2/LibOrderDataV1.sol:17:39: TypeError: Decoding type struct LibOrderDataV1.DataV1 memory not supported.\n        orderData = abi.decode(data, (DataV1));\n                                      ^----^\n"",""message"":""Decoding type struct LibOrderDataV1.DataV1 memory not supported."",""severity"":""error"",""sourceLocation"":{""end"":459,""file"":""/contracts/exchange/v2/LibOrderDataV1.sol"",""start"":453},""type"":""TypeError""},{""component"":""general"",""formattedMessage"":""/contracts/exchange/v2/IRoyaltiesProvider.sol:9:74: TypeError: This type is only supported in ABIEncoderV2. Use \""pragma experimental ABIEncoderV2;\"" to enable the feature.\n    function getRoyalties(address token, uint tokenId) external returns (LibPart.Part[] memory);\n                                                                         ^-------------------^\n"",""message"":""This type is only supported in ABIEncoderV2. Use \""pragma experimental ABIEncoderV2;\"" to enable the feature."",""severity"":""error"",""sourceLocation"":{""end"":263,""file"":""/contracts/exchange/v2/IRoyaltiesProvider.sol"",""start"":242},""type"":""TypeError""},{""component"":""general"",""formattedMessage"":""/contracts/exchange/v2/QmallTransferManager.sol:208:27: TypeError: This type is only supported in ABIEncoderV2. Use \""pragma experimental ABIEncoderV2;\"" to enable the feature.\n    function encodeDataV1(LibOrderDataV1.DataV1 memory data) pure external returns (bytes memory) {\n                          ^-------------------------------^\n"",""message"":""This type is only supported in ABIEncoderV2. Use \""pragma experimental ABIEncoderV2;\"" to enable the feature."",""severity"":""error"",""sourceLocation"":{""end"":8506,""file"":""/contracts/exchange/v2/QmallTransferManager.sol"",""start"":8473},""type"":""TypeError""},{""component"":""general"",""formattedMessage"":""/contracts/exchange/v2/QmallTransferManager.sol:209:27: TypeError: This type cannot be encoded.\n        return abi.encode(data);\n                          ^--^\n"",""message"":""This type cannot be encoded."",""severity"":""error"",""sourceLocation"":{""end"":8577,""file"":""/contracts/exchange/v2/QmallTransferManager.sol"",""start"":8573},""type"":""TypeError""}],""sources"":{}}

> stderr:",0.6.9,39,standard,0.708,271958,"orderRight.maker==orderLeft.taker,""taker verification failed"""
0x24bc6d68c12789af244da0e42ea7323cb2c2aab2,contracts/0x24bc6d68c12789af244da0e42ea7323cb2c2aab2,False,"Compilation failed: Invalid EVM version requested.
> command: `/Users/mojtabae/.solcx/solc-v0.8.4 --standard-json`
> return code: `0`
> stdout:
{""errors"":[{""component"":""general"",""formattedMessage"":""Invalid EVM version requested."",""message"":""Invalid EVM version requested."",""severity"":""error"",""type"":""JSONError""}]}

> stderr:",0.8.4,13,standard,0.051,209952,"isValidRequest(number),""EXCEED_NUMBER_OF_MINTS"""
0xb224d609ec38e01d7caaf731b2465f33b8105229,contracts/0xb224d609ec38e01d7caaf731b2465f33b8105229,True,Compiled OK,0.8.0,29,standard,3.584,191391,"project.startTime<=block.timestamp,""!start"""
0x8fada690acf90009f22cd32ab4ecbb2f3a80c817,contracts/0x8fada690acf90009f22cd32ab4ecbb2f3a80c817,False,"Compilation failed: Invalid EVM version requested.
> command: `/Users/mojtabae/.solcx/solc-v0.8.4 --standard-json`
> return code: `0`
> stdout:
{""errors"":[{""component"":""general"",""formattedMessage"":""Invalid EVM version requested."",""message"":""Invalid EVM version requested."",""severity"":""error"",""type"":""JSONError""}]}

> stderr:",0.8.4,14,standard,0.059,391941,"publicMintCount[msg.sender]+_mintAmount<=publicMintMax,""FuDaoVerseDAN: Wallet has already minted Max Amount for Public!"""
0x1fc4e802e7927068026be43d26f8875cbbe2a9e2,contracts/0x1fc4e802e7927068026be43d26f8875cbbe2a9e2,True,Compiled OK,0.8.17,31,standard,3.5,155538,"_chapters[_hash(group)].exists,""MonuverseEpisode: group non existent"""
0x2210cd898651b51acdbd1289d5144283dbe269ce,contracts/0x2210cd898651b51acdbd1289d5144283dbe269ce,True,Compiled OK,0.8.7,15,standard,0.124,20678,"_Collection1[msg.sender],'Must be on Haylos Whitelist'"
0xcfb6e0fae65dc67883a27f29779620b75af57ac2,contracts/0xcfb6e0fae65dc67883a27f29779620b75af57ac2,True,Compiled OK,0.8.0,7,standard,0.382,334334,"OGContract.ownerOf(id)==msg.sender,""DGBFreeClaim::claim(): Sender doesn't own the IDs."""
0x4d7928e993125a9cefe7ffa9ab637653654222e2,contracts/0x4d7928e993125a9cefe7ffa9ab637653654222e2,True,Compiled OK,0.8.9,1,all_files,0.06,43459,"block.chainid!=1,""WRONG CHAIN"""
0x0e1c07384dd2ada007e4b819816fd34afb4678f1,contracts/0x0e1c07384dd2ada007e4b819816fd34afb4678f1,True,Compiled OK,0.8.10,10,standard,0.511,393333,"saleConfig_.feePercentage<=maxFee,""fee too high"""
0xbf9450a7f60033cb144e5840d8bc552baf3d3406,contracts/0xbf9450a7f60033cb144e5840d8bc552baf3d3406,True,Compiled OK,0.8.14,6,standard,0.266,209343,"MerkleProof.verify(_proof,merkleRoot,keccak256(abi.encodePacked(msg.sender))),""Invalid proof."""
0x3db46644421bcc367dce7bc39f9b6bb1d16c2f46,contracts/0x3db46644421bcc367dce7bc39f9b6bb1d16c2f46,False,"Compilation failed: TypeError: Member ""concat"" not found or not visible after argument-dependent lookup in type(string storage pointer).
   --> contracts/MedallionsExtension.sol:262:16:
    |
262 |         return string.concat(baseImageURI, calculatedId);
    |                ^^^^^^^^^^^^^


> command: `/Users/mojtabae/.solcx/solc-v0.8.0 --standard-json`
> return code: `0`
> stdout:
{""errors"":[{""component"":""general"",""errorCode"":""9582"",""formattedMessage"":""TypeError: Member \""concat\"" not found or not visible after argument-dependent lookup in type(string storage pointer).\n   --> contracts/MedallionsExtension.sol:262:16:\n    |\n262 |         return string.concat(baseImageURI, calculatedId);\n    |                ^^^^^^^^^^^^^\n\n"",""message"":""Member \""concat\"" not found or not visible after argument-dependent lookup in type(string storage pointer)."",""severity"":""error"",""sourceLocation"":{""end"":9565,""file"":""contracts/MedallionsExtension.sol"",""start"":9552},""type"":""TypeError""}],""sources"":{}}

> stderr:",0.8.0,15,standard,0.305,63851,"msg.sender==middleAddress,""Only Middle can withdraw"""
0xce85fa385a6d6f6c3b709cd7aa2db116d3e1ac6d,contracts/0xce85fa385a6d6f6c3b709cd7aa2db116d3e1ac6d,True,Compiled OK,0.8.13,1,all_files,0.082,201086,"saleData_.destination==highestBid_.bidder,""FeralfileEnglishAuction: saleData_.destination is different from highest bid bidder"""
0x5d2f574533c1da58581c73663d9b358dec8838d1,contracts/0x5d2f574533c1da58581c73663d9b358dec8838d1,True,Compiled OK,0.8.4,21,standard,1.85,262653,"_amount+publicMintClaimed[_to]<=params.maxCountTotal,""BabyFit: max count limit"""
0xaa51019871f0208246c302937957ebf5ce7e695a,contracts/0xaa51019871f0208246c302937957ebf5ce7e695a,True,Compiled OK,0.8.0,29,standard,0.301,2303,"unlimitedContracts.length==unlimitedOK.length&&unlimitedOK.length==3,""There should be 3 unlimited Contracts"""
0x5d9d05a1142a6416c14f37284e02b26246f2550d,contracts/0x5d9d05a1142a6416c14f37284e02b26246f2550d,True,Compiled OK,0.8.9,24,standard,1.849,494084,IdUnminted(_ids[i]
0xec51eb3924aa64a87356153bad6be0a7ba212c3f,contracts/0xec51eb3924aa64a87356153bad6be0a7ba212c3f,False,"Compilation failed: An error occurred during execution
> command: `/Users/mojtabae/.solcx/solc-v0.4.22 --combined-json abi,asm,ast,bin,bin-runtime,clone-bin,compact-format,devdoc,hashes,interface,metadata,opcodes,srcmap,srcmap-runtime,userdoc -`
> return code: `1`
> stdout:

> stderr:
<stdin>:144:5: Error: Function with same name and arguments defined twice.
    constructor() public {
    ^ (Relevant source part starts here and spans across multiple lines).
<stdin>:153:5: Other declaration is here:
    function () public payable {
    ^ (Relevant source part starts here and spans across multiple lines).",0.4.22,1,all_files,0.718,358679,balances[msg.sender]>=_value&&_value>0&&!blockListed[_to]&&!blockListed[msg.sender]
0xf94e7f50120fe8276b85e21f31c6de097eab8813,contracts/0xf94e7f50120fe8276b85e21f31c6de097eab8813,True,Compiled OK,0.8.1,13,standard,1.677,446373,"block.timestamp<=rounds[epoch].closeTimestamp+bufferSeconds,""Can only end round within bufferSeconds"""
0xe507a115267be0bd5816ff0be1b4b6aa760a0594,contracts/0xe507a115267be0bd5816ff0be1b4b6aa760a0594,True,Compiled OK,0.8.12,14,standard,0.119,331330,"supply+_mintAmount<=presaleLimit,""CryptoMofayas: Presale is sold out"""
0x4a84aa90441533da3758f63ec07133b2e5754b8a,contracts/0x4a84aa90441533da3758f63ec07133b2e5754b8a,True,Compiled OK,0.8.17,1,all_files,0.098,147654,"currentlyOnAuction[itemId].biddingTime>block.timestamp,""Auction time ended"""
0xed686e92fc4f689df06a96580ee49db4c5c6a2ff,contracts/0xed686e92fc4f689df06a96580ee49db4c5c6a2ff,True,Compiled OK,0.8.1,1,all_files,0.074,17437,"totalMinted+1<=MAX_SUPPLY-(RESERVED-amountReserved),""Not enough NFTs!"""
0x31e70a50d4571fa150a65e26b6ed5d37e3f976b1,contracts/0x31e70a50d4571fa150a65e26b6ed5d37e3f976b1,True,Compiled OK,0.8.4,13,standard,0.199,511808,"msg.value>=tip,"":("""
0xd76847e59b609a48b809e7f76290bc067a357752,contracts/0xd76847e59b609a48b809e7f76290bc067a357752,True,Compiled OK,0.8.17,3,standard,0.069,259993,"msg.value==_amountOfTickets*ticketPrice,""Incorrect value for the amount of tickets."""
0x9ccfe523e588d7a80366e871666a228ef999a414,contracts/0x9ccfe523e588d7a80366e871666a228ef999a414,True,Compiled OK,0.8.7,1,all_files,0.091,326860,"shuffleCount[_tokenId]<5,""Shuffled max amount already"""
0x5ee7b5b9845cae2a8fd2e02e0bf6ce6f83ebcfd4,contracts/0x5ee7b5b9845cae2a8fd2e02e0bf6ce6f83ebcfd4,True,Compiled OK,0.7.1,1,all_files,0.102,390989,"_isValidAggregator(aggregatorAddresses),""sender is invalid aggregator"""
0x6b92c1846a120a97bec2c111a580908b8f4a7fa7,contracts/0x6b92c1846a120a97bec2c111a580908b8f4a7fa7,True,Compiled OK,0.8.0,1,all_files,0.07,9487,"msg.value>=price*_count,""Ether sent with this transaction is not correct"""
0x68d7a555802e80b67c9fd2385155aeb07b4a0274,contracts/0x68d7a555802e80b67c9fd2385155aeb07b4a0274,True,Compiled OK,0.5.0,1,all_files,1.318,359004,"uint256(auctions[tokenId].firstBidTime)==0,""Can't cancel an auction once it's begun"""
0xcde394e5d55c5e469e94c8e5968861d1a4f1d169,contracts/0xcde394e5d55c5e469e94c8e5968861d1a4f1d169,True,Compiled OK,0.8.15,5,standard,0.906,74704,"msg.value==quantity*price,'incorrect eth value'"
0x9521b59d0531e42f746a7a2d7e096029c891acd8,contracts/0x9521b59d0531e42f746a7a2d7e096029c891acd8,True,Compiled OK,0.6.6,1,all_files,0.082,342796,"block.timestamp>unlocksOn,""presale has not unlocked yet"""
0x38bcaf0d4fb50e391fb9d8640612cdf90ba8c3eb,contracts/0x38bcaf0d4fb50e391fb9d8640612cdf90ba8c3eb,True,Compiled OK,0.4.25,1,all_files,0.401,91464,"citizen.isCitizen(_inviter),""Inviter did not registered."""
0x1d681d76ce96e4d70a88a00ebbcfc1e47808d0b8,contracts/0x1d681d76ce96e4d70a88a00ebbcfc1e47808d0b8,True,Compiled OK,0.6.10,88,standard,8.498,42329,"_tasks.length==_expiryDates.length,""GelatoUserProxy.multiSubmitTasks: each task needs own expiryDate"""
0xdb72e12ed0c034a6d00469e91435ef15397a7ef2,contracts/0xdb72e12ed0c034a6d00469e91435ef15397a7ef2,True,Compiled OK,0.7.6,3,standard,0.088,386357,orders[_uid].seller!=msg.sender
0xaed39dfa6cb15146c996ee378ca1c2153ed59464,contracts/0xaed39dfa6cb15146c996ee378ca1c2153ed59464,True,Compiled OK,0.8.4,1,all_files,0.074,367521,"TVC_PRICE*tokenQuantity<=msg.value,""INSUFFICIENT_ETH"""
0xb0eb8487ef785122d2d04bd4194c17685eaeab2a,contracts/0xb0eb8487ef785122d2d04bd4194c17685eaeab2a,True,Compiled OK,0.8.7,17,standard,0.084,321425,"msg.value>=price*_tokenAmount,""ETH input is wrong"""
0xaf358b898e645189952a2c5af6cd977450836ee6,contracts/0xaf358b898e645189952a2c5af6cd977450836ee6,True,Compiled OK,0.8.0,1,all_files,0.062,214012,"bet.gambler!=address(0),""Bet should be in a 'bet' state."""
0x53bb0e03bde3840c6a6e17621e5d906cb3476ac5,contracts/0x53bb0e03bde3840c6a6e17621e5d906cb3476ac5,True,Compiled OK,0.4.24,4,standard,0.387,2261,curTotalSupply+_amount>=curTotalSupply
0xb5a453d6d079d3ae2a103e1b2daef33b698f706e,contracts/0xb5a453d6d079d3ae2a103e1b2daef33b698f706e,True,Compiled OK,0.8.15,17,standard,0.801,262065,"SignatureChecker.isValidSignatureNow(from,_hashTypedDataV4(keccak256(abi.encode(_REQUESTLINK_TYPEHASH,toId,fromDeadline))),fromSig),""INVALID_SIGNATURE"""
0x50da1baf83106fd98895436508538943c357c9ca,contracts/0x50da1baf83106fd98895436508538943c357c9ca,True,Compiled OK,0.8.0,1,all_files,0.054,248675,"tokenA.transferFrom(msg.sender,address(this),_amount),""Transfer failed"""
0xf95750d9fa19d3a9f58955c60a45d39865967670,contracts/0xf95750d9fa19d3a9f58955c60a45d39865967670,True,Compiled OK,0.8.8,61,standard,15.956,107859,"doc.head.creator>0,""DR.createDoc: zero creator"""
0x09a68d438728a1b102539c8e6ffa603b98df9f62,contracts/0x09a68d438728a1b102539c8e6ffa603b98df9f62,True,Compiled OK,0.8.4,31,standard,2.703,345251,"msg.sender==definition.executor,""sender_not_executor"""
0x5199be1dff412b4b1b491d4172bbf1644c616230,contracts/0x5199be1dff412b4b1b491d4172bbf1644c616230,True,Compiled OK,0.8.4,15,standard,1.49,456357,"totalSupply()+_quantity<=MAX_SUPPLY-maxGift,""Max supply exceeded"""
0x79471bb4cbb351a17fa1eadb5b77aa76795c423a,contracts/0x79471bb4cbb351a17fa1eadb5b77aa76795c423a,True,Compiled OK,0.8.4,15,standard,0.833,500603,"newSupply>=(reservedAmount+totalSupply()),""Invalid new supply"""
0x706939f3a72a63544f5f37471b1444f98d55ee60,contracts/0x706939f3a72a63544f5f37471b1444f98d55ee60,True,Compiled OK,0.8.0,1,all_files,0.316,361958,"IERC20(ercTokenAddress).transfer(destination,amount)"
0xb10fdb1fbcdc85b899b25309ec2234d67a825046,contracts/0xb10fdb1fbcdc85b899b25309ec2234d67a825046,True,Compiled OK,0.8.0,13,standard,0.072,293836,"totalSupply()+_quantity<=485,""Not enough tokens left to mint"""
0x60d988739381d055ba9863154ad8cf2123031f88,contracts/0x60d988739381d055ba9863154ad8cf2123031f88,True,Compiled OK,0.4.24,1,all_files,0.41,380865,balances[this]>=_mint_account
0xdf6d509c3dfebd42a9c2b3fb3af2524443bcbc43,contracts/0xdf6d509c3dfebd42a9c2b3fb3af2524443bcbc43,True,Compiled OK,0.8.13,19,standard,1.939,162065,"token.preSalePrice*_quantity<=_value,""ETH incorrect"""
0x08dc692fe528ffecf675ab3f76981553e060fd8a,contracts/0x08dc692fe528ffecf675ab3f76981553e060fd8a,True,Compiled OK,0.8.4,6,standard,0.064,357280,"s&&difference<=amount,'Error On Transfer In'"
0x7896278ead577ff703ea8d2afff48ed4c98e880a,contracts/0x7896278ead577ff703ea8d2afff48ed4c98e880a,True,Compiled OK,0.8.21,1,all_files,0.11,61919,"balanceOf(to)+amount<_maxWallet,""TOKEN: Balance exceeds wallet size!"""
0x63433d7aba758e10255de543e0ea9616ac391bac,contracts/0x63433d7aba758e10255de543e0ea9616ac391bac,True,Compiled OK,0.8.12,14,standard,0.124,36650,"Address.isContract(to)==false,""Afro: no contracts"""
0x326486d6e41d214e854ce7e6484badd4e638631f,contracts/0x326486d6e41d214e854ce7e6484badd4e638631f,True,Compiled OK,0.8.17,20,standard,1.934,144564,"tokenPresaleMaxSupply[_tokenId]==0||_newPresaleMaxSupply<tokenPresaleMaxSupply[_tokenId],""NEW_MAX_SUPPLY_TOO_HIGH"""
0xbb1bf823472baed354efb09cb1ed4965a8d84165,contracts/0xbb1bf823472baed354efb09cb1ed4965a8d84165,True,Compiled OK,0.8.8,69,standard,15.909,173724,"msg.sender==_users.getBookeeper(),""RC: not bookeeper"""
0xb0eb8487ef785122d2d04bd4194c17685eaeab2a,contracts/0xb0eb8487ef785122d2d04bd4194c17685eaeab2a,True,Compiled OK,0.8.7,17,standard,0.138,321425,"check(name,signature)==msg.sender,""Signature Invalid"""
0xcd1ffa25a99b0970f290a500fa68356dc628aa15,contracts/0xcd1ffa25a99b0970f290a500fa68356dc628aa15,True,Compiled OK,0.6.12,1,all_files,0.086,275031,"Token(rewardTokenAddress).transfer(account,pendingDivs),""Could not transfer tokens."""
0x63433d7aba758e10255de543e0ea9616ac391bac,contracts/0x63433d7aba758e10255de543e0ea9616ac391bac,True,Compiled OK,0.8.12,14,standard,0.124,36650,"Address.isContract(affiliate)==false,""Afro: no contracts"""
0x9608f363ccca0a661c14b5997788865ea415b900,contracts/0x9608f363ccca0a661c14b5997788865ea415b900,True,Compiled OK,0.8.17,19,standard,2.14,234785,"ogByAddress[msg.sender]+_quantity<maxMintForOg+1,""Max OG reached for your address"""
0xcc7a47ea7d8d0e586ea0d66314c9278691c6340b,contracts/0xcc7a47ea7d8d0e586ea0d66314c9278691c6340b,True,Compiled OK,0.6.12,1,all_files,0.064,354690,"treasury2.vestingAmount==0,""TreasuryVester::setRecipient: recipient already exists"""
0x0a8c66dd24b25871b2551599d6eca859819787aa,contracts/0x0a8c66dd24b25871b2551599d6eca859819787aa,True,Compiled OK,0.7.5,1,all_files,0.086,282131,"_participants.length!=0,""there is no _participants"""
0x12bbed7d7cd487d0e34920083a3d523872bcf1f6,contracts/0x12bbed7d7cd487d0e34920083a3d523872bcf1f6,True,Compiled OK,0.8.18,30,standard,1.815,170442,"timestamp()>=startTimestamp_,""Time"""
0xba4e70087f5aebe8ba4a07af4d87259605f41514,contracts/0xba4e70087f5aebe8ba4a07af4d87259605f41514,True,Compiled OK,0.8.10,10,standard,0.576,162244,"blacklist[from]!=true,""Sender is blacklisted"""
0xd6c7be3582f120ac08cfd947b3964a83f614482d,contracts/0xd6c7be3582f120ac08cfd947b3964a83f614482d,False,"Compilation failed: An error occurred during execution
> command: `/Users/mojtabae/.solcx/solc-v0.5.5 --combined-json abi,asm,ast,bin,bin-runtime,compact-format,devdoc,hashes,interface,metadata,opcodes,srcmap,srcmap-runtime,userdoc -`
> return code: `1`
> stdout:

> stderr:
<stdin>:1098:13: Error: Expression has to be an lvalue.
            pagecount = 10;
            ^-------^",0.5.5,1,all_files,0.291,374319,"_pools[poolAddr]==address(0),""derp, that pool already been registered"""
0x8f812fae28a3aa634d97659091d6540fabd234f5,contracts/0x8f812fae28a3aa634d97659091d6540fabd234f5,False,"Compilation failed: Invalid EVM version requested.
> command: `/Users/mojtabae/.solcx/solc-v0.8.6 --standard-json`
> return code: `0`
> stdout:
{""errors"":[{""component"":""general"",""formattedMessage"":""Invalid EVM version requested."",""message"":""Invalid EVM version requested."",""severity"":""error"",""type"":""JSONError""}]}

> stderr:",0.8.6,21,standard,0.072,432645,"vars.relayManager!=address(0),""Unknown relay worker"""
0xcafd2f0a35a4459fa40c0517e17e6fa2939441ca,contracts/0xcafd2f0a35a4459fa40c0517e17e6fa2939441ca,True,Compiled OK,0.8.17,16,standard,1.297,239513,"msg.value>=nativeAmountForRecipient,""insufficient native asset amount"""
0xb9250f2dc0706f172f3565c11fcf9f7cfb2f27a7,contracts/0xb9250f2dc0706f172f3565c11fcf9f7cfb2f27a7,True,Compiled OK,0.8.18,6,standard,7.577,470633,"applications[_tick].expireAt>=block.timestamp,""vote is expired"""
0xc9e84f6b92a9000e97108fe2ba43dcb217d420e8,contracts/0xc9e84f6b92a9000e97108fe2ba43dcb217d420e8,True,Compiled OK,0.8.16,15,standard,1.387,243278,"balanceOf[msg.sender]+_amount<=maxAmplifiersPerMinter,""Too many amplifiers"""
0x6b6c66c7128f2585d8aad8e4efdac33dd3c376cc,contracts/0x6b6c66c7128f2585d8aad8e4efdac33dd3c376cc,True,Compiled OK,0.8.9,16,standard,1.829,264904,"block.timestamp<ALSaleDate,""Whitelist sale is not activated"""
0xc2349b81597dff508b72d7cb7f03f9b1ca497e24,contracts/0xc2349b81597dff508b72d7cb7f03f9b1ca497e24,True,Compiled OK,0.8.6,19,standard,1.237,316636,"block.timestamp<=_deadline,""Offer expired"""
0xfc4f2fa5016d58134aff6eae8a6218b50a4967f2,contracts/0xfc4f2fa5016d58134aff6eae8a6218b50a4967f2,False,"Compilation failed: Invalid EVM version requested.
> command: `/Users/mojtabae/.solcx/solc-v0.8.0 --standard-json`
> return code: `0`
> stdout:
{""errors"":[{""component"":""general"",""formattedMessage"":""Invalid EVM version requested."",""message"":""Invalid EVM version requested."",""severity"":""error"",""type"":""JSONError""}]}

> stderr:",0.8.0,6,standard,0.066,248816,"IERC721(_tokenCollection).ownerOf(_tokenIds[i])==msg.sender,""You are not the owner of this NFT"""
0x38a15c192acd28647b3bbf09cb298914dd2d102b,contracts/0x38a15c192acd28647b3bbf09cb298914dd2d102b,True,Compiled OK,0.4.18,1,all_files,1.273,27438,data.lastBlock<POW_2_64
0xd94ea6e43b7bffc9e4cba93f3ca49a191dc06d90,contracts/0xd94ea6e43b7bffc9e4cba93f3ca49a191dc06d90,True,Compiled OK,0.5.0,1,all_files,0.437,50283,"isWhitelistAdmin(msg.sender)||msg.sender==addr,""Permission denied for view user's privacy"""
0x3190639cd79936b82385856ef6637c588aae392f,contracts/0x3190639cd79936b82385856ef6637c588aae392f,True,Compiled OK,0.5.13,1,standard,0.172,54575,"uint128(uint256(keccak256(abi.encode(reveal,nonce))))<=ratio"
0x4a5ca53dcac52da999e05f394d321092ce80eb4b,contracts/0x4a5ca53dcac52da999e05f394d321092ce80eb4b,False,"Compilation failed: DocstringParsingError: Documentation tag @custom:oz-upgrades-unsafe-allow not valid for contracts.
 --> @openzeppelin/contracts/proxy/utils/Initializable.sol:8:1:
  |
8 | /**
  | ^ (Relevant source part starts here and spans across multiple lines).


> command: `/Users/mojtabae/.solcx/solc-v0.8.0 --standard-json`
> return code: `0`
> stdout:
{""errors"":[{""component"":""general"",""errorCode"":""6546"",""formattedMessage"":""DocstringParsingError: Documentation tag @custom:oz-upgrades-unsafe-allow not valid for contracts.\n --> @openzeppelin/contracts/proxy/utils/Initializable.sol:8:1:\n  |\n8 | /**\n  | ^ (Relevant source part starts here and spans across multiple lines).\n\n"",""message"":""Documentation tag @custom:oz-upgrades-unsafe-allow not valid for contracts."",""severity"":""error"",""sourceLocation"":{""end"":1648,""file"":""@openzeppelin/contracts/proxy/utils/Initializable.sol"",""start"":158},""type"":""DocstringParsingError""}],""sources"":{}}

> stderr:",0.8.0,37,standard,0.31,57989,"_drop.maxQuantityPerSale==0||(_drop.maxQuantityPerSale!=0&&quantity<=_drop.maxQuantityPerSale),""Maximum quantity per sale exceeded"""
0x6a0ecf6075dcc9fbcabf8c2484f82f282a8ba766,contracts/0x6a0ecf6075dcc9fbcabf8c2484f82f282a8ba766,True,Compiled OK,0.6.4,2,standard,0.085,390445,"_token.transfer(_p5,ten_percent)"
0x6a0ecf6075dcc9fbcabf8c2484f82f282a8ba766,contracts/0x6a0ecf6075dcc9fbcabf8c2484f82f282a8ba766,True,Compiled OK,0.6.4,2,standard,0.053,390445,"_token.transfer(_p14,percent)"
0x96665d63c1b53f8335e3c9287ee255f306c93c45,contracts/0x96665d63c1b53f8335e3c9287ee255f306c93c45,False,"Compilation failed: contracts/Misc_AMOs/RariFuseLendingAMO.sol:64:5: SyntaxError: No visibility specified. Did you intend to add ""public""?
    constructor(
    ^ (Relevant source part starts here and spans across multiple lines).

> command: `/Users/mojtabae/.solcx/solc-v0.6.11 --standard-json`
> return code: `0`
> stdout:
{""errors"":[{""component"":""general"",""errorCode"":""4937"",""formattedMessage"":""contracts/Misc_AMOs/RariFuseLendingAMO.sol:64:5: SyntaxError: No visibility specified. Did you intend to add \""public\""?\n    constructor(\n    ^ (Relevant source part starts here and spans across multiple lines).\n"",""message"":""No visibility specified. Did you intend to add \""public\""?"",""severity"":""error"",""sourceLocation"":{""end"":3143,""file"":""contracts/Misc_AMOs/RariFuseLendingAMO.sol"",""start"":2234},""type"":""SyntaxError""}],""sources"":{}}

> stderr:",0.6.11,26,standard,0.12,384361,"msg.sender==owner||msg.sender==timelock_address||frax_pools[msg.sender]==true,""You are not the owner, the governance timelock, or a pool"""
0x826f34dee336885b58a2db3d7a4c3e664ced0e85,contracts/0x826f34dee336885b58a2db3d7a4c3e664ced0e85,True,Compiled OK,0.8.0,18,standard,0.929,44286,"totalSupply().add(NUM_TO_RESERVE)<=MAX_APES,""Reserve would exceed max supply"""
0xef8670da2d381a523953e157cf52b704b94a955b,contracts/0xef8670da2d381a523953e157cf52b704b94a955b,True,Compiled OK,0.6.11,137,standard,10.296,114559,"functions.length>0,""NO_DATA"""
0x6d43159989921210cefe4337c24b51f1004fe032,contracts/0x6d43159989921210cefe4337c24b51f1004fe032,False,"Compilation failed: An error occurred during execution
> command: `/Users/mojtabae/.solcx/solc-v0.5.0 --combined-json abi,asm,ast,bin,bin-runtime,compact-format,devdoc,hashes,interface,metadata,opcodes,srcmap,srcmap-runtime,userdoc -`
> return code: `1`
> stdout:

> stderr:
<stdin>:772:9: Error: Expression has to be an lvalue.
        slippage = 1e4 - slippage;
        ^------^",0.5.0,1,all_files,0.243,366059,"WBTC.transferFrom(msg.sender,address(this),receivedAmounts[1])"
0xd6ed83a29888ab25887292a0a6dbc10271f125eb,contracts/0xd6ed83a29888ab25887292a0a6dbc10271f125eb,True,Compiled OK,0.5.11,1,all_files,0.094,396353,"config.lentTime!=0,""The registry does not exist"""
0xd2a97b7c23bbfa726cb95204ddddafe231a09b59,contracts/0xd2a97b7c23bbfa726cb95204ddddafe231a09b59,False,"Compilation failed: Invalid EVM version requested.
> command: `/Users/mojtabae/.solcx/solc-v0.8.6 --standard-json`
> return code: `0`
> stdout:
{""errors"":[{""component"":""general"",""formattedMessage"":""Invalid EVM version requested."",""message"":""Invalid EVM version requested."",""severity"":""error"",""type"":""JSONError""}]}

> stderr:",0.8.6,12,standard,0.053,438389,"assetNonce[0]+qty<=maxSerums[0],""Total exceeded"""
0xc477042db387dd59c038ca4b829a07964b674347,contracts/0xc477042db387dd59c038ca4b829a07964b674347,False,Failed to set solc 0.4.10: py-solc-x does not support solc versions <0.4.11,0.4.10,1,all_files,0.003,307840,loan.status()==loan.STATUS_INITIAL()
0xf513d1ce6b67040f154ca46552f6e4e7ab25ed05,contracts/0xf513d1ce6b67040f154ca46552f6e4e7ab25ed05,True,Compiled OK,0.6.12,4,standard,0.087,246777,"msg.sender!=host,""Host and Guest can not be same"""
0x1edfb9d352c0c050055cc06bcde6964623b0952a,contracts/0x1edfb9d352c0c050055cc06bcde6964623b0952a,True,Compiled OK,0.8.0,5,standard,0.133,343889,"roots.length>round,""index out of bound"""
0x5b9d426ac4c1262c0a1c7634638c81dd45302f51,contracts/0x5b9d426ac4c1262c0a1c7634638c81dd45302f51,True,Compiled OK,0.8.19,30,standard,1.442,513009,"ogMinted[to]+quantity<=settings.ogAllowlistMaxAccount,""Max per wallet exceeded"""
0x3758c23c9195299588522bc563931db492fe64ea,contracts/0x3758c23c9195299588522bc563931db492fe64ea,True,Compiled OK,0.8.17,13,standard,0.298,235802,"address(_priceAggregator)!=address(0),""Invalid price aggregator address"""
0x4feabf81f52abd7b10fb8140de05b0ed79c45f98,contracts/0x4feabf81f52abd7b10fb8140de05b0ed79c45f98,True,Compiled OK,0.7.6,5,standard,0.094,389965,"dContract.isDaysAvailable(_days),""Day does not exists."""
0x7e15a5814087a7bb5da63e71bdbbcc2d5baf9ebe,contracts/0x7e15a5814087a7bb5da63e71bdbbcc2d5baf9ebe,True,Compiled OK,0.7.2,6,standard,0.092,349556,"Address.isContract(_msgSender())==false,""Contract is not allowed on SwipeIWO"""
0x886c47d96d65be83e8baf6336ab9b0ff0d46373a,contracts/0x886c47d96d65be83e8baf6336ab9b0ff0d46373a,True,Compiled OK,0.8.0,3,standard,0.333,426664,"rules[_key].length>0,""!Need to add rules first"""
0xf9e266af4bca5890e2781812cc6a6e89495a79f2,contracts/0xf9e266af4bca5890e2781812cc6a6e89495a79f2,False,"Compilation failed: An error occurred during execution
> command: `/Users/mojtabae/.solcx/solc-v0.4.13 --combined-json abi,asm,ast,bin,bin-runtime,clone-bin,compact-format,devdoc,hashes,interface,metadata,opcodes,srcmap,srcmap-runtime,userdoc -`
> return code: `1`
> stdout:

> stderr:
<stdin>:18:14: Error: Expected identifier, got 'LParen'
  constructor() public {
             ^",0.4.13,1,all_files,0.193,26582,msg.sender==user||(!revoked&&registry.contracts(msg.sender))
0xdf099b49c366b50d02c9897464d9063bb8dd27d4,contracts/0xdf099b49c366b50d02c9897464d9063bb8dd27d4,True,Compiled OK,0.8.4,15,standard,1.284,456342,"totalMints.add(quantity)<=approvedQt,""EXCEEDS_MAX"""
0x4a5ca53dcac52da999e05f394d321092ce80eb4b,contracts/0x4a5ca53dcac52da999e05f394d321092ce80eb4b,False,"Compilation failed: DocstringParsingError: Documentation tag @custom:oz-upgrades-unsafe-allow not valid for contracts.
 --> @openzeppelin/contracts/proxy/utils/Initializable.sol:8:1:
  |
8 | /**
  | ^ (Relevant source part starts here and spans across multiple lines).


> command: `/Users/mojtabae/.solcx/solc-v0.8.0 --standard-json`
> return code: `0`
> stdout:
{""errors"":[{""component"":""general"",""errorCode"":""6546"",""formattedMessage"":""DocstringParsingError: Documentation tag @custom:oz-upgrades-unsafe-allow not valid for contracts.\n --> @openzeppelin/contracts/proxy/utils/Initializable.sol:8:1:\n  |\n8 | /**\n  | ^ (Relevant source part starts here and spans across multiple lines).\n\n"",""message"":""Documentation tag @custom:oz-upgrades-unsafe-allow not valid for contracts."",""severity"":""error"",""sourceLocation"":{""end"":1648,""file"":""@openzeppelin/contracts/proxy/utils/Initializable.sol"",""start"":158},""type"":""DocstringParsingError""}],""sources"":{}}

> stderr:",0.8.0,37,standard,0.301,57989,"_drop.minQuantityPerSale==0||(_drop.minQuantityPerSale!=0&&quantity>=_drop.minQuantityPerSale),""Minimum quantity per sale not met"""
0x585b41b3e78227d88a20d672e3af99582f6b40cc,contracts/0x585b41b3e78227d88a20d672e3af99582f6b40cc,True,Compiled OK,0.6.4,1,all_files,0.088,359476,"hx.transfer(customer,customerShare),strConcat(""Failed to transfer "",uint2str(customerShare),"", insufficient balance"")"
0xb1606559430b66c413ba1d5669c1a11970f0241a,contracts/0xb1606559430b66c413ba1d5669c1a11970f0241a,True,Compiled OK,0.5.17,51,standard,2.102,13947,"_headers.length%80==0,""Header array length must be divisible by 80"""
0x6671325263b455940e1f9bec52768923897af58b,contracts/0x6671325263b455940e1f9bec52768923897af58b,True,Compiled OK,0.8.7,13,standard,0.11,74906,"msg.value>=(publicSaleCost*quantity),""Not enough ether sent"""
0xeb35a696af4cf2e18203781db1c7607adbabc251,contracts/0xeb35a696af4cf2e18203781db1c7607adbabc251,True,Compiled OK,0.4.18,1,all_files,0.372,5824,withdrawCooldown[msg.sender]<=now
0x1a72855fb8b626d5d95738270b54d0bde4769a74,contracts/0x1a72855fb8b626d5d95738270b54d0bde4769a74,True,Compiled OK,0.5.2,11,standard,0.128,41114,"codeRegister[inviteCode]==address(0)||codeRegister[inviteCode]==msg.sender,""can not repeat invite"""
0xfbcfcf87f2659ad2e18c4b907198b4a20e78babb,contracts/0xfbcfcf87f2659ad2e18c4b907198b4a20e78babb,True,Compiled OK,0.4.24,1,all_files,0.267,332940,holdAmounts[_address].length>0
0x25ab3efd52e6470681ce037cd546dc60726948d3,contracts/0x25ab3efd52e6470681ce037cd546dc60726948d3,True,Compiled OK,0.8.16,1,standard,3.049,470689,"poolOfAuthorizedAddr[addr]==0,""Addr is authorized for another pool"""
0xba31aef54734a89d7b89aba2e0c7bf2564f6657f,contracts/0xba31aef54734a89d7b89aba2e0c7bf2564f6657f,True,Compiled OK,0.5.12,6,standard,0.1,316819,_tokens.length>=MIN_BOUND_TOKENS
0x690e775361ad66d1c4a25d89da9fcd639f5198ed,contracts/0x690e775361ad66d1c4a25d89da9fcd639f5198ed,True,Compiled OK,0.7.5,1,all_files,0.087,45094,"msg.sender==guardian,""Governor::__acceptAdmin: sender must be gov guardian"""
0xd1e637fd210815be67f0a7b22101c0e71a63a1bd,contracts/0xd1e637fd210815be67f0a7b22101c0e71a63a1bd,True,Compiled OK,0.8.18,20,standard,0.144,197435,"msg.value>=netPrice,""Insufficient funds"""
0xa0254d59de805614a95641b86c8699551d1ba6af,contracts/0xa0254d59de805614a95641b86c8699551d1ba6af,True,Compiled OK,0.8.0,10,standard,0.674,218006,"ERC20(tokenAddress).balanceOf(address(this))>=claimableAmount,""No tokens left"""
0x585b41b3e78227d88a20d672e3af99582f6b40cc,contracts/0x585b41b3e78227d88a20d672e3af99582f6b40cc,True,Compiled OK,0.6.4,1,all_files,0.064,359476,"tokenHxbLockedBalances[msg.sender]>0,""Error: unsufficient frozen balance"""
0xdb72e12ed0c034a6d00469e91435ef15397a7ef2,contracts/0xdb72e12ed0c034a6d00469e91435ef15397a7ef2,True,Compiled OK,0.7.6,3,standard,0.056,386357,msg.sender==orders[_uid].seller
0x147b568a032b520b93fd0680bd295761eda9fc5f,contracts/0x147b568a032b520b93fd0680bd295761eda9fc5f,True,Compiled OK,0.6.7,1,all_files,0.081,341982,"msg.value>100,""ETH should be greater than 100 wei"""
0x4dc93390c0b1ddd2c4ed5c6a4f3af0de1d7ad7f3,contracts/0x4dc93390c0b1ddd2c4ed5c6a4f3af0de1d7ad7f3,True,Compiled OK,0.8.0,7,standard,0.135,486693,"verifiedAddress(signature),""Sign not verified"""
0x0b5b7aabd6a22a5bd1297ba74c0435ca34555674,contracts/0x0b5b7aabd6a22a5bd1297ba74c0435ca34555674,True,Compiled OK,0.4.25,1,all_files,0.157,47040,"block.timestamp>=lockedToken[_id].unlockTime,'Tokens are locked'"
0xf278dfdcbc2a640ceedfb90e1537610e07513644,contracts/0xf278dfdcbc2a640ceedfb90e1537610e07513644,True,Compiled OK,0.5.15,3,standard,0.107,285616,(spxp*10<prices[1][currentDay]*15)&&(spxp*10>prices[1][currentDay]*5)
0x8f812fae28a3aa634d97659091d6540fabd234f5,contracts/0x8f812fae28a3aa634d97659091d6540fabd234f5,False,"Compilation failed: Invalid EVM version requested.
> command: `/Users/mojtabae/.solcx/solc-v0.8.6 --standard-json`
> return code: `0`
> stdout:
{""errors"":[{""component"":""general"",""formattedMessage"":""Invalid EVM version requested."",""message"":""Invalid EVM version requested."",""severity"":""error"",""type"":""JSONError""}]}

> stderr:",0.8.6,21,standard,0.056,432645,"msg.data.length<=gasAndDataLimits.calldataSizeLimit,""msg.data exceeded limit"""
0x7a36bfff1c28d0dbed43f11866e0a34f60fec0f0,contracts/0x7a36bfff1c28d0dbed43f11866e0a34f60fec0f0,True,Compiled OK,0.5.5,1,all_files,0.118,358346,"token().transfer(beneficiary,tokensToUnlock),""Something went wrong during the token transfer"""
0x61b77d7b3e8fb66f109f2a1319046514e2836a09,contracts/0x61b77d7b3e8fb66f109f2a1319046514e2836a09,False,"Compilation failed: An error occurred during execution
> command: `/Users/mojtabae/.solcx/solc-v0.8.0 --combined-json abi,asm,ast,bin,bin-runtime,compact-format,devdoc,generated-sources,generated-sources-runtime,hashes,interface,metadata,opcodes,srcmap,srcmap-runtime,storage-layout,userdoc -`
> return code: `1`
> stdout:

> stderr:
Warning: Variable is shadowed in inline assembly by an instruction of the same name
   --> <stdin>:334:5:
    |
334 |     function add(Bytes32Set storage set, bytes32 value) internal returns (bool) {
    |     ^ (Relevant source part starts here and spans across multiple lines).

Warning: Variable is shadowed in inline assembly by an instruction of the same name
   --> <stdin>:369:5:
    |
369 |     function add(AddressSet storage set, address value) internal returns (bool) {
    |     ^ (Relevant source part starts here and spans across multiple lines).

Warning: Variable is shadowed in inline assembly by an instruction of the same name
   --> <stdin>:404:5:
    |
404 |     function add(UintSet storage set, uint256 value) internal returns (bool) {
    |     ^ (Relevant source part starts here and spans across multiple lines).

Warning: Variable is shadowed in inline assembly by an instruction of the same name
   --> <stdin>:334:5:
    |
334 |     function add(Bytes32Set storage set, bytes32 value) internal returns (bool) {
    |     ^ (Relevant source part starts here and spans across multiple lines).

Warning: Variable is shadowed in inline assembly by an instruction of the same name
   --> <stdin>:369:5:
    |
369 |     function add(AddressSet storage set, address value) internal returns (bool) {
    |     ^ (Relevant source part starts here and spans across multiple lines).

Warning: Variable is shadowed in inline assembly by an instruction of the same name
   --> <stdin>:404:5:
    |
404 |     function add(UintSet storage set, uint256 value) internal returns (bool) {
    |     ^ (Relevant source part starts here and spans across multiple lines).

Warning: Variable is shadowed in inline assembly by an instruction of the same name
   --> <stdin>:334:5:
    |
334 |     function add(Bytes32Set storage set, bytes32 value) internal returns (bool) {
    |     ^ (Relevant source part starts here and spans across multiple lines).

Warning: Variable is shadowed in inline assembly by an instruction of the same name
   --> <stdin>:369:5:
    |
369 |     function add(AddressSet storage set, address value) internal returns (bool) {
    |     ^ (Relevant source part starts here and spans across multiple lines).

Warning: Variable is shadowed in inline assembly by an instruction of the same name
   --> <stdin>:404:5:
    |
404 |     function add(UintSet storage set, uint256 value) internal returns (bool) {
    |     ^ (Relevant source part starts here and spans across multiple lines).

Error: Member ""encodeCall"" not found or not visible after argument-dependent lookup in abi.
   --> <stdin>:215:36:
    |
215 |         _callOptionalReturn(token, abi.encodeCall(token.transfer, (to, value)));
    |                                    ^^^^^^^^^^^^^^",0.8.0,1,all_files,0.163,400332,"lotteries[_lotteryID].numberWinner==0,""There was winner"""
0x2ae9bcdf80871f5ba4bd591bb07eb690951b3b93,contracts/0x2ae9bcdf80871f5ba4bd591bb07eb690951b3b93,True,Compiled OK,0.7.6,40,standard,0.952,393109,"address(_aaveLendingPool)!=address(0),""ZERO_ADDRESS"""
0x329ee913aeb384822a96c71b609736c77aa5e8a3,contracts/0x329ee913aeb384822a96c71b609736c77aa5e8a3,True,Compiled OK,0.8.4,1,all_files,0.076,328444,"MerkleProof.verify(proof,rootOg,keccak256(abi.encodePacked(msg.sender))),""Address is not og"""
0x5af4a636cb097409bb524458ef24e7353a2f75df,contracts/0x5af4a636cb097409bb524458ef24e7353a2f75df,True,Compiled OK,0.7.5,10,standard,0.059,414425,"terms[_address].max==0,""address already exists"""
0xa9132d23886b63d29858fe541214fead5815d64a,contracts/0xa9132d23886b63d29858fe541214fead5815d64a,True,Compiled OK,0.8.7,17,standard,0.342,510797,tokensMinted.current()==maxSupply
0x77c2f2303ce1f3355ca822fe468b8c9e5d89a6dd,contracts/0x77c2f2303ce1f3355ca822fe468b8c9e5d89a6dd,True,Compiled OK,0.8.15,17,standard,0.143,232338,"Address.isContract(_to)==false,""Color: no contracts"""
0x026030fc8539ba6065d35228097e58a982d030f2,contracts/0x026030fc8539ba6065d35228097e58a982d030f2,True,Compiled OK,0.8.9,27,standard,1.559,205637,"swapArgs.expectedReturn>=swapArgs.minReturn,""ER GT MR"""
0xdf6d509c3dfebd42a9c2b3fb3af2524443bcbc43,contracts/0xdf6d509c3dfebd42a9c2b3fb3af2524443bcbc43,True,Compiled OK,0.8.13,19,standard,1.885,162065,"token.pubSalePrice*_quantity<=_value,""ETH incorrect"""
0x4a5ca53dcac52da999e05f394d321092ce80eb4b,contracts/0x4a5ca53dcac52da999e05f394d321092ce80eb4b,False,"Compilation failed: DocstringParsingError: Documentation tag @custom:oz-upgrades-unsafe-allow not valid for contracts.
 --> @openzeppelin/contracts/proxy/utils/Initializable.sol:8:1:
  |
8 | /**
  | ^ (Relevant source part starts here and spans across multiple lines).


> command: `/Users/mojtabae/.solcx/solc-v0.8.0 --standard-json`
> return code: `0`
> stdout:
{""errors"":[{""component"":""general"",""errorCode"":""6546"",""formattedMessage"":""DocstringParsingError: Documentation tag @custom:oz-upgrades-unsafe-allow not valid for contracts.\n --> @openzeppelin/contracts/proxy/utils/Initializable.sol:8:1:\n  |\n8 | /**\n  | ^ (Relevant source part starts here and spans across multiple lines).\n\n"",""message"":""Documentation tag @custom:oz-upgrades-unsafe-allow not valid for contracts."",""severity"":""error"",""sourceLocation"":{""end"":1648,""file"":""@openzeppelin/contracts/proxy/utils/Initializable.sol"",""start"":158},""type"":""DocstringParsingError""}],""sources"":{}}

> stderr:",0.8.0,37,standard,0.298,57989,"block.timestamp<=_tokenSale.endTime||_tokenSale.endTime==0,""The sale has ended"""
0x9288d6b823927f528aea244c5fa71a356b807112,contracts/0x9288d6b823927f528aea244c5fa71a356b807112,True,Compiled OK,0.4.24,1,all_files,0.197,306897,isNonZeroAccount(targets[j])
0x52054bf65fedcf0fc6c25107ffa1402a51a26d97,contracts/0x52054bf65fedcf0fc6c25107ffa1402a51a26d97,True,Compiled OK,0.8.7,13,standard,0.078,100129,"publicMinted[msg.sender]==false,""can not mint again"""
0x6d498a57fb68654bc91b0cae745d8a1bdd5eca0b,contracts/0x6d498a57fb68654bc91b0cae745d8a1bdd5eca0b,True,Compiled OK,0.8.0,1,all_files,0.07,73355,"balanceOf(operator)==0,""Already has a badge"""
0xe32da31a9a41802525149afba68a09a8e754cba1,contracts/0xe32da31a9a41802525149afba68a09a8e754cba1,True,Compiled OK,0.8.1,10,standard,0.383,488171,"offerData[_offerId].status!=3,"""""
0x65f3f1a2e66323a17d7f177db86bb326071e87f9,contracts/0x65f3f1a2e66323a17d7f177db86bb326071e87f9,True,Compiled OK,0.4.16,1,all_files,0.526,297689,team.getPlayerTeam(_playerId)==_teamId
0x55a07988e289ea8aeefb70f6dd1c1bf6ba9ff3ff,contracts/0x55a07988e289ea8aeefb70f6dd1c1bf6ba9ff3ff,True,Compiled OK,0.8.4,13,standard,1.345,365233,"freeMintListMinted[CURRENT_PASS_ID][msg.sender]+quantity<=freeMintListMaxMint[CURRENT_PASS_ID][msg.sender],""EXCEED_ALLOCATION"""
0x4d87d72112ec510376c44d48f138e9656153e9b8,contracts/0x4d87d72112ec510376c44d48f138e9656153e9b8,True,Compiled OK,0.7.4,12,standard,0.099,279832,canRecoverTokens(token)
0x6f44d0b75e611a3528af1c4b6c354228e1afbf30,contracts/0x6f44d0b75e611a3528af1c4b6c354228e1afbf30,True,Compiled OK,0.8.19,1,all_files,0.104,108885,"excludedFromTradeLock[to],""User isn't excluded from tradeLock"""
0x0daaaf6ae0d070c498da850e664b602c8634f54a,contracts/0x0daaaf6ae0d070c498da850e664b602c8634f54a,True,Compiled OK,0.8.7,17,standard,1.161,36154,"birthDeathMonth_[1]==MONTH_UNSET||birthDeathOrdinalDay_[1]==ORDINAL_DAY_UNSET,""m&od"""
0x29db11fb34caabb3fc1cce1b59fe824a940a17ca,contracts/0x29db11fb34caabb3fc1cce1b59fe824a940a17ca,True,Compiled OK,0.8.6,1,standard,0.476,474730,"this.getWithdrawableAmount()>=amount,""TokenVesting: not enough withdrawable funds"""
0x6a0ecf6075dcc9fbcabf8c2484f82f282a8ba766,contracts/0x6a0ecf6075dcc9fbcabf8c2484f82f282a8ba766,True,Compiled OK,0.6.4,2,standard,0.057,390445,"_token.transfer(_p7,five_percent)"
0x6634edd5836a58e137901c44dfda5d08cfed54af,contracts/0x6634edd5836a58e137901c44dfda5d08cfed54af,True,Compiled OK,0.8.4,11,standard,0.615,468306,"_totalMinted()+amount<=freeMintThreshhold,""LIMIT CROSSED"""
0xeb3d76d5be88c22ba3a488b4dac6c6d867fcb558,contracts/0xeb3d76d5be88c22ba3a488b4dac6c6d867fcb558,True,Compiled OK,0.8.1,1,all_files,0.074,128615,typeNum[_match]==5
0x48d0e416c1c044a9973eb00a9efcdfbd4439af76,contracts/0x48d0e416c1c044a9973eb00a9efcdfbd4439af76,True,Compiled OK,0.8.13,1,all_files,0.335,145630,"getMintsOfAddress(_msgSender(),getCurrentPhase())+amount<=maxMintAmount,""BlackMarket: exceeded max mints for this phase"""
0x0da7d6d615f07a9da16b21f7f8014650558ce1bc,contracts/0x0da7d6d615f07a9da16b21f7f8014650558ce1bc,True,Compiled OK,0.8.17,32,standard,1.097,201757,"msg.sender==nfti.ownerOf(tokenId),""Unathorized"""
0x4a84aa90441533da3758f63ec07133b2e5754b8a,contracts/0x4a84aa90441533da3758f63ec07133b2e5754b8a,True,Compiled OK,0.8.15,1,all_files,0.102,147654,"currentlyOnAuction[itemId].isOnAuction,""Item is not on auction"""
0x690e775361ad66d1c4a25d89da9fcd639f5198ed,contracts/0x690e775361ad66d1c4a25d89da9fcd639f5198ed,True,Compiled OK,0.7.5,1,all_files,0.057,45094,"targets.length<=proposalMaxOperations(),""Governor::propose: too many actions"""
0x7a6987e5ec90bcf57b284efabe1bc383a6855546,contracts/0x7a6987e5ec90bcf57b284efabe1bc383a6855546,True,Compiled OK,0.8.9,1,all_files,0.057,247613,"msg.value==amount*fee,""Incorrect ETH amount"""
0x1762eb73e02771dd89fdc5712306a7b47892b6db,contracts/0x1762eb73e02771dd89fdc5712306a7b47892b6db,False,"Compilation failed: Invalid EVM version requested.
> command: `/Users/mojtabae/.solcx/solc-v0.8.0 --standard-json`
> return code: `0`
> stdout:
{""errors"":[{""component"":""general"",""formattedMessage"":""Invalid EVM version requested."",""message"":""Invalid EVM version requested."",""severity"":""error"",""type"":""JSONError""}]}

> stderr:",0.8.0,18,standard,0.055,446247,"address(mofoTokenContract)!=address(0),""MEME Fighter token not yet revealed"""
0x3c1c85bd2561f18fb525f090ee12662d9bbbd29f,contracts/0x3c1c85bd2561f18fb525f090ee12662d9bbbd29f,True,Compiled OK,0.8.0,6,standard,0.439,212278,"isInArray(msg.sender,owner),""Only the owner can perform this action!"""
0x921f6a6263367550ec647b36eb25585a8e62fe5f,contracts/0x921f6a6263367550ec647b36eb25585a8e62fe5f,True,Compiled OK,0.8.9,15,standard,1.181,101577,"teamWallets[0]==msg.sender||teamWallets[1]==msg.sender||teamWallets[2]==msg.sender||teamWallets[3]==msg.sender||owner()==msg.sender,""caller is neither Team Wallet nor Owner"""
0x350232f55a38254320c0200c216ac899f6808014,contracts/0x350232f55a38254320c0200c216ac899f6808014,True,Compiled OK,0.7.6,16,standard,1.67,215158,"tokenShares.totalShares[token]==0,'TD74'"
0x90263ea5c57dc6603ca7202920735a6e31235bb9,contracts/0x90263ea5c57dc6603ca7202920735a6e31235bb9,True,Compiled OK,0.4.24,1,all_files,0.868,358719,"_nanoLoanEngine.rcn()==rcn,""RCN Mismatch"""
0x67cb2868ebf965b66d3dc81d0add6fd849bcf6d5,contracts/0x67cb2868ebf965b66d3dc81d0add6fd849bcf6d5,False,"Compilation failed: An error occurred during execution
> command: `/Users/mojtabae/.solcx/solc-v0.5.13 --combined-json abi,asm,ast,bin,bin-runtime,compact-format,devdoc,hashes,interface,metadata,opcodes,srcmap,srcmap-runtime,userdoc -`
> return code: `1`
> stdout:

> stderr:
<stdin>:35:1: Warning: Experimental features are turned on. Do not use experimental features on live deployments.
pragma experimental ABIEncoderV2;
^-------------------------------^
<stdin>:9:31: Error: The ""chainid"" instruction is only available for Istanbul-compatible VMs  (you are currently compiling for ""petersburg"").
        assembly { chainId := chainid() }
                              ^-------^
<stdin>:568:30: Error: The ""chainid"" instruction is only available for Istanbul-compatible VMs  (you are currently compiling for ""petersburg"").
        assembly {chainId := chainid()}
                             ^-------^",0.5.13,1,all_files,0.168,45934,"address(timelock)==address(0x0),""GovernorAlpha::setTimelock: timelock must not be initialized yet"""
0x93c8760ef9c7e526d15df3aab8ad3a26b8a5a61c,contracts/0x93c8760ef9c7e526d15df3aab8ad3a26b8a5a61c,True,Compiled OK,0.8.11,43,standard,0.885,198864,"payeeShare(node)>0,""Payee has no shares!"""
0x3d899e0ce7ce47888d86595b5f7254efb53fa4db,contracts/0x3d899e0ce7ce47888d86595b5f7254efb53fa4db,True,Compiled OK,0.8.14,13,standard,0.125,78577,"teamAddresses[_msgSender()],""You are not on the team!"""
0x923b5b6199571540af4069203d320eb27078afa6,contracts/0x923b5b6199571540af4069203d320eb27078afa6,True,Compiled OK,0.8.21,1,all_files,0.104,101339,"(revFee+treasuryFee+teamFee)==100,""Distribution have to be equal to 100%"""
0xb554b6abe0a7e40fb0bc0b600d4bb7032044b2af,contracts/0xb554b6abe0a7e40fb0bc0b600d4bb7032044b2af,True,Compiled OK,0.8.4,18,standard,0.338,184104,"numberMinted[_msgSender()]+numberOfTokens<=maxMintPerAddress||_msgSender()==owner(),""Purchase would exceed max mint per address!"""
0x4192d4120bf0ca3c1858ad598d8f1e266cc01089,contracts/0x4192d4120bf0ca3c1858ad598d8f1e266cc01089,True,Compiled OK,0.8.9,1,all_files,0.083,257909,"WRmintedCounts[msg.sender]<=2,""Already claimed the max amount of wolves allowed"""
0xbf9450a7f60033cb144e5840d8bc552baf3d3406,contracts/0xbf9450a7f60033cb144e5840d8bc552baf3d3406,True,Compiled OK,0.8.14,6,standard,0.231,209343,"msg.value==0.1ether,""Mint price is 0.1 ETH"""
0xfb9e53e19b65c5313cdbc09aefb94d05f17593bf,contracts/0xfb9e53e19b65c5313cdbc09aefb94d05f17593bf,True,Compiled OK,0.4.23,1,all_files,0.366,22884,_receivers[i]!=0x0
0x345dfaabc5017d96e0cbd50d45593dfeee952c7f,contracts/0x345dfaabc5017d96e0cbd50d45593dfeee952c7f,False,"Compilation failed: Invalid EVM version requested.
> command: `/Users/mojtabae/.solcx/solc-v0.8.0 --standard-json`
> return code: `0`
> stdout:
{""errors"":[{""component"":""general"",""formattedMessage"":""Invalid EVM version requested."",""message"":""Invalid EVM version requested."",""severity"":""error"",""type"":""JSONError""}]}

> stderr:",0.8.0,16,standard,0.063,277778,"balanceOfMinter+amount<=10,""Minting would exceed 10 mints for user"""
0x9d7dcd5669bfb1e1cd4a1b4cb987a6b34714d70c,contracts/0x9d7dcd5669bfb1e1cd4a1b4cb987a6b34714d70c,True,Compiled OK,0.7.6,1,all_files,0.054,364196,"_nameMap[_name]==false,""name exist"""
0x748218256afe0a19a88ebeb2e0c5ce86d2178360,contracts/0x748218256afe0a19a88ebeb2e0c5ce86d2178360,True,Compiled OK,0.8.4,6,standard,0.432,352979,"vesters[msg.sender],""vest: !vester"""
0x6671325263b455940e1f9bec52768923897af58b,contracts/0x6671325263b455940e1f9bec52768923897af58b,True,Compiled OK,0.8.7,13,standard,0.085,74906,"MerkleProof.verify(_proof,leaf,whitelistSigner),""Invalid Proof"""
0x55486dd002430bd8c739ce39a8cc7dddf42c0409,contracts/0x55486dd002430bd8c739ce39a8cc7dddf42c0409,False,"Compilation failed: An error occurred during execution
> command: `/Users/mojtabae/.solcx/solc-v0.7.0 --combined-json abi,asm,ast,bin,bin-runtime,compact-format,devdoc,hashes,interface,metadata,opcodes,srcmap,srcmap-runtime,storage-layout,userdoc -`
> return code: `1`
> stdout:

> stderr:
Unknown pragma ""abicoder""
    --> <stdin>:1907:1:
     |
1907 | pragma abicoder v2;
     | ^^^^^^^^^^^^^^^^^^^

Warning: Visibility for constructor is ignored. If you want the contract to be non-deployable, making it ""abstract"" is sufficient.
   --> <stdin>:301:5:
    |
301 |     constructor () internal {
    |     ^ (Relevant source part starts here and spans across multiple lines).

Warning: Visibility for constructor is ignored. If you want the contract to be non-deployable, making it ""abstract"" is sufficient.
    --> <stdin>:1431:5:
     |
1431 |     constructor (string memory name_, string memory symbol_) public {
     |     ^ (Relevant source part starts here and spans across multiple lines).

Warning: Visibility for constructor is ignored. If you want the contract to be non-deployable, making it ""abstract"" is sufficient.
    --> <stdin>:1844:5:
     |
1844 |     constructor () internal {
     |     ^ (Relevant source part starts here and spans across multiple lines).

This type is only supported in ABIEncoderV2. Use ""pragma experimental ABIEncoderV2;"" to enable the feature.
    --> <stdin>:2079:68:
     |
2079 |     function pigNamesOfOwner(address _owner) external view returns(string[] memory ) {
     |                                                                    ^^^^^^^^^^^^^^^",0.7.0,1,all_files,0.206,361762,"sha256(bytes(_name))!=sha256(bytes(pigNames[_tokenId])),""New name is same as the current one"""
0x5380dee1f9dcd9a9bf89eebd5dbaa9050f0dffde,contracts/0x5380dee1f9dcd9a9bf89eebd5dbaa9050f0dffde,True,Compiled OK,0.7.0,1,all_files,0.084,18027,"totalSupply().add(numberOfTokens)<=MAX_BIRDS,""Purchase would exceed max supply of Jailbirds"""
0x28f670c8d3edca52db147b694030d4cf80ddcd7b,contracts/0x28f670c8d3edca52db147b694030d4cf80ddcd7b,True,Compiled OK,0.8.21,5,standard,0.304,71481,"_isValidToken(_winner),""invalid"""
0x19330e05464f8c6e671e7be24a8b220874ee082b,contracts/0x19330e05464f8c6e671e7be24a8b220874ee082b,True,Compiled OK,0.8.7,5,standard,1.561,29101,"msg.value>=mintPriceEth*amount,""Value below price"""
0xc36da2edf8cff98a40126545af68b14858aa2711,contracts/0xc36da2edf8cff98a40126545af68b14858aa2711,True,Compiled OK,0.5.5,1,all_files,0.14,398225,"sellerOfItem[tokenId]!=address(0),""No seller found for this item"""
0x17272538b5cea9ca211b63874ff09400289eed3b,contracts/0x17272538b5cea9ca211b63874ff09400289eed3b,True,Compiled OK,0.8.7,16,standard,1.531,254162,"msg.value>=totalEthRewards,""Not enough eth sent"""
0x0c9aa1e4b4e39da01b7459607995368e4c38cfef,contracts/0x0c9aa1e4b4e39da01b7459607995368e4c38cfef,True,Compiled OK,0.8.17,14,standard,1.371,240214,"_constituents.length>0,""Must have constituents"""
0xc69177bf11899038862ade0be0de80573f6dc29a,contracts/0xc69177bf11899038862ade0be0de80573f6dc29a,True,Compiled OK,0.8.9,14,standard,0.93,131465,"totalMintedByAddress[msg.sender]==0,""User already got free nft."""
0xcd220a52ef3ebba585a0f562ad881da735f65a98,contracts/0xcd220a52ef3ebba585a0f562ad881da735f65a98,True,Compiled OK,0.8.4,13,standard,0.319,478765,"msg.value>=mintPrice.mul(_amount),""Dropspace::buy: Insufficient payment."""
0xc07e7c1acc5c61a54e24b2af564bdb1e256f72d5,contracts/0xc07e7c1acc5c61a54e24b2af564bdb1e256f72d5,True,Compiled OK,0.4.18,1,all_files,0.771,48391,msg.value>=companies[_cardId].adv_price
0xf5ebf6919a11e91df989d98dbc4c2fe85a9ca48c,contracts/0xf5ebf6919a11e91df989d98dbc4c2fe85a9ca48c,True,Compiled OK,0.8.13,15,standard,1.038,155831,"totalSupply()+_numberOfTokens<=MAX_SUPPLY,""Exceeds max supply"""
0xc75b1860f553012a16de727b2bb2402aaf73eb03,contracts/0xc75b1860f553012a16de727b2bb2402aaf73eb03,True,Compiled OK,0.8.10,1,all_files,0.096,171615,msg.sender==pendingMPC
0xebc087430322b95e3d71e3241ba27eddea54b2e9,contracts/0xebc087430322b95e3d71e3241ba27eddea54b2e9,True,Compiled OK,0.8.13,36,standard,1.707,178627,"nextTokenId+_quantity-1<=config.mintConfig.maxSupply,""Exceeded max supply."""
0xa205d797243126f312ae63bb0a5ea9a32fb14f41,contracts/0xa205d797243126f312ae63bb0a5ea9a32fb14f41,True,Compiled OK,0.6.12,5,standard,0.096,289548,"block.timestamp>_start,""LaunchpadToken: not started yet"""
0xbea6d782542c87982d318f8718efd44fbec59f2a,contracts/0xbea6d782542c87982d318f8718efd44fbec59f2a,True,Compiled OK,0.5.0,1,all_files,0.202,351556,address(beneficiary)!=address(0)
0xa4e1d8df25f68a8fbb0e59c4974335979f062e17,contracts/0xa4e1d8df25f68a8fbb0e59c4974335979f062e17,True,Compiled OK,0.8.4,16,standard,0.972,258847,"msg.value>=getPrice(_count),""EthGamesEntry: Value below price"""
0x42f25c1a333c71b9f47aa378384ea5a31a148513,contracts/0x42f25c1a333c71b9f47aa378384ea5a31a148513,False,"Compilation failed: Invalid EVM version requested.
> command: `/Users/mojtabae/.solcx/solc-v0.5.7 --standard-json`
> return code: `0`
> stdout:
{""errors"":[{""component"":""general"",""formattedMessage"":""Invalid EVM version requested."",""message"":""Invalid EVM version requested."",""severity"":""error"",""type"":""JSONError""}]}

> stderr:",0.5.7,7,standard,0.105,299466,"amounts[2]>=weth_out_min,""FXS_To_WETH: Not enough WETH received from swap"""
0x7b6b3a2c86a0a9bbc87cd6b02530006ca0ab375a,contracts/0x7b6b3a2c86a0a9bbc87cd6b02530006ca0ab375a,True,Compiled OK,0.4.18,1,all_files,0.505,309465,balanceOf[this]+BonusValue>balanceOf[this]
0xe6618b248bce881e14b945ce0e487eefad1a88d5,contracts/0xe6618b248bce881e14b945ce0e487eefad1a88d5,True,Compiled OK,0.8.20,12,standard,0.423,497389,"freeWhitelistPool.supply>freeWhitelistPool.minted,""No more free whitelist tokens available"""
0xd41d27ff3205787a4a617708f6675a44821c53ec,contracts/0xd41d27ff3205787a4a617708f6675a44821c53ec,False,"Compilation failed: TypeError: Immutable variables cannot be read during contract creation time, which means they cannot be read in the constructor or any function or modifier called from it.
  --> src/sgReceiver.sol:64:36:
   |
64 |         TransferHelper.safeApprove(usdtAddress, unshethZapAddress, type(uint256).max);
   |                                    ^^^^^^^^^^^


TypeError: Immutable variables cannot be read during contract creation time, which means they cannot be read in the constructor or any function or modifier called from it.
  --> src/sgReceiver.sol:66:36:
   |
66 |         TransferHelper.safeApprove(unshethAddress, proxyUnshethAddress, type(uint256).max);
   |                                    ^^^^^^^^^^^^^^


TypeError: Immutable variables cannot be read during contract creation time, which means they cannot be read in the constructor or any function or modifier called from it.
  --> src/sgReceiver.sol:66:52:
   |
66 |         TransferHelper.safeApprove(unshethAddress, proxyUnshethAddress, type(uint256).max);
   |                                                    ^^^^^^^^^^^^^^^^^^^


> command: `/Users/mojtabae/.solcx/solc-v0.8.4 --standard-json`
> return code: `0`
> stdout:
{""errors"":[{""component"":""general"",""errorCode"":""2462"",""formattedMessage"":""Warning: Visibility for constructor is ignored. If you want the contract to be non-deployable, making it \""abstract\"" is sufficient.\n --> lib/communal/Owned.sol:9:5:\n  |\n9 |     constructor (address _owner) public {\n  |     ^ (Relevant source part starts here and spans across multiple lines).\n\n"",""message"":""Visibility for constructor is ignored. If you want the contract to be non-deployable, making it \""abstract\"" is sufficient."",""severity"":""warning"",""sourceLocation"":{""end"":394,""file"":""lib/communal/Owned.sol"",""start"":208},""type"":""Warning""},{""component"":""general"",""errorCode"":""7733"",""formattedMessage"":""TypeError: Immutable variables cannot be read during contract creation time, which means they cannot be read in the constructor or any function or modifier called from it.\n  --> src/sgReceiver.sol:64:36:\n   |\n64 |         TransferHelper.safeApprove(usdtAddress, unshethZapAddress, type(uint256).max);\n   |                                    ^^^^^^^^^^^\n\n"",""message"":""Immutable variables cannot be read during contract creation time, which means they cannot be read in the constructor or any function or modifier called from it."",""severity"":""error"",""sourceLocation"":{""end"":2810,""file"":""src/sgReceiver.sol"",""start"":2799},""type"":""TypeError""},{""component"":""general"",""errorCode"":""7733"",""formattedMessage"":""TypeError: Immutable variables cannot be read during contract creation time, which means they cannot be read in the constructor or any function or modifier called from it.\n  --> src/sgReceiver.sol:66:36:\n   |\n66 |         TransferHelper.safeApprove(unshethAddress, proxyUnshethAddress, type(uint256).max);\n   |                                    ^^^^^^^^^^^^^^\n\n"",""message"":""Immutable variables cannot be read during contract creation time, which means they cannot be read in the constructor or any function or modifier called from it."",""severity"":""error"",""sourceLocation"":{""end"":2956,""file"":""src/sgReceiver.sol"",""start"":2942},""type"":""TypeError""},{""component"":""general"",""errorCode"":""7733"",""formattedMessage"":""TypeError: Immutable variables cannot be read during contract creation time, which means they cannot be read in the constructor or any function or modifier called from it.\n  --> src/sgReceiver.sol:66:52:\n   |\n66 |         TransferHelper.safeApprove(unshethAddress, proxyUnshethAddress, type(uint256).max);\n   |                                                    ^^^^^^^^^^^^^^^^^^^\n\n"",""message"":""Immutable variables cannot be read during contract creation time, which means they cannot be read in the constructor or any function or modifier called from it."",""severity"":""error"",""sourceLocation"":{""end"":2977,""file"":""src/sgReceiver.sol"",""start"":2958},""type"":""TypeError""}],""sources"":{}}

> stderr:",0.8.4,11,standard,0.062,68673,"nonceHandled[nonce]==false,""Nonce has already been handled"""
0x6984cd2c54b47a100fae9e93587813a5c4054828,contracts/0x6984cd2c54b47a100fae9e93587813a5c4054828,True,Compiled OK,0.7.0,19,standard,0.076,23171,"mushroomMintPrice.mul(numberOfTokens)<=msg.value,""Ether value sent is not correct"""
0x445baabb911ffb59bb770c974d4ca4cf54d6f014,contracts/0x445baabb911ffb59bb770c974d4ca4cf54d6f014,True,Compiled OK,0.4.24,1,all_files,0.216,372889,"msg.value>=sub(maxAvailableStake,(maxAvailableStake/10))&&msg.value<=maxAvailableStake"
0x969c250871ff1895a23e8e04ee0ff338287e9694,contracts/0x969c250871ff1895a23e8e04ee0ff338287e9694,True,Compiled OK,0.8.14,13,standard,1.984,197181,"msg.sender==ownerOf(largerTokenId),""Only the token owner or contract owner can re-roll"""
0x49b325f8be73f9a79c4119bef9c5ee08307f4261,contracts/0x49b325f8be73f9a79c4119bef9c5ee08307f4261,True,Compiled OK,0.8.7,1,all_files,0.079,214475,"bytes(name).length!=0,""Must set the contact's name"""
0x5b1cdafd83de6439bedfb922089eed634e28f1da,contracts/0x5b1cdafd83de6439bedfb922089eed634e28f1da,True,Compiled OK,0.8.7,14,standard,0.085,69664,"_numberMinted(msg.sender)+amount<=maxPerWallet,""Too many per wallet!"""
0x168ecee26470f9491c0859ffa3ea0397d1047011,contracts/0x168ecee26470f9491c0859ffa3ea0397d1047011,True,Compiled OK,0.8.9,12,standard,1.673,57668,"_standards.length==_contracts.length,""Input mismatch"""
0x34e158883efc81c5d92fde785fba48db738711ee,contracts/0x34e158883efc81c5d92fde785fba48db738711ee,True,Compiled OK,0.4.23,3,standard,0.149,141713,"ecrecover(payloadHash,v,r,s)==quoteSigner,""Signature mismatch for quote"""
0x3e36222517ec1413c627c69e7d56564d8a4165e5,contracts/0x3e36222517ec1413c627c69e7d56564d8a4165e5,True,Compiled OK,0.8.1,1,all_files,0.1,33058,"allowlistMinted[msg.sender]==false,""You has minted"""
0x25ef4d7f1d2706808d67a7ecf577062b055afd4e,contracts/0x25ef4d7f1d2706808d67a7ecf577062b055afd4e,True,Compiled OK,0.8.11,17,standard,1.452,482211,"_auctions[scapeId].endTimestamp==0,""Auction has already started."""
0xfda0da7e45ddcfbada35bf01dd2c85ba881faef3,contracts/0xfda0da7e45ddcfbada35bf01dd2c85ba881faef3,True,Compiled OK,0.8.18,17,standard,0.63,435009,"(mintedPerRole[_minterRole][msg.sender]+numberOfTokens)<=minters[_minterRole].maxMintPerTransaction,""ERROR: Your maximum NFT mint per wallet on this phase has been reached."""
0xf6c1500714724ef4d4525e31266bd96f290beb3e,contracts/0xf6c1500714724ef4d4525e31266bd96f290beb3e,True,Compiled OK,0.7.6,16,standard,0.109,385552,"SafeMath.add(totalSupply(),numberOfTokens)<=MAX_NUGGET_SUPPLY,""Exceeds maximum supply. Please try to mint less."""
0x71d9d0aa37081958e8938bed37c0954ef0b0c61e,contracts/0x71d9d0aa37081958e8938bed37c0954ef0b0c61e,True,Compiled OK,0.6.6,1,all_files,0.103,317703,stakingAmounts[stakeLevel]>currentStaking[msg.sender]
0x1268ef56e2bcb545e7be2c277044403090a24751,contracts/0x1268ef56e2bcb545e7be2c277044403090a24751,True,Compiled OK,0.8.7,1,all_files,0.078,312766,"_authorised[_msgSender()],""The token contract is not authorised"""
0x9b93e47b7f61ad1358bd47cd01206708e85ae5ed,contracts/0x9b93e47b7f61ad1358bd47cd01206708e85ae5ed,True,Compiled OK,0.7.0,95,standard,5.392,401772,"signers.length==signatures.length,""BAD_SIGNATURE_DATA"""
0x1e200a9af1ab6a0d74cd44c489bf65744bc7d961,contracts/0x1e200a9af1ab6a0d74cd44c489bf65744bc7d961,False,"Compilation failed: An error occurred during execution
> command: `/Users/mojtabae/.solcx/solc-v0.4.14 --combined-json abi,asm,ast,bin,bin-runtime,clone-bin,compact-format,devdoc,hashes,interface,metadata,opcodes,srcmap,srcmap-runtime,userdoc -`
> return code: `1`
> stdout:

> stderr:
<stdin>:148:36: Error: Expected token LBrace got 'View'
    function getBalance() external view returns (uint256) {
                                   ^",0.4.14,1,all_files,0.177,283134,bounty.id==0
0xefa1074bf6f2409750000d6a185e59483c9601aa,contracts/0xefa1074bf6f2409750000d6a185e59483c9601aa,True,Compiled OK,0.8.17,1,all_files,0.151,167547,"transferCounts[startTokenId]<transferLimit,""transfer limit exceeded, you need a recharge"""
0xba31aef54734a89d7b89aba2e0c7bf2564f6657f,contracts/0xba31aef54734a89d7b89aba2e0c7bf2564f6657f,True,Compiled OK,0.5.12,6,standard,0.091,316819,_records[token].bound
0xfe491d331e1cbb38438c2ecc0d29539c72a8c716,contracts/0xfe491d331e1cbb38438c2ecc0d29539c72a8c716,True,Compiled OK,0.8.19,13,standard,0.751,195542,"address(vrf)!=address(0),""VRF not set"""
0x3d899e0ce7ce47888d86595b5f7254efb53fa4db,contracts/0x3d899e0ce7ce47888d86595b5f7254efb53fa4db,True,Compiled OK,0.8.14,13,standard,0.087,78577,"msg.value>=(mintRate_WhiteList*quantity),""Not enough ether sent"""
0x7e5b2a7a9f11e406c7cc38b5e2ddeafc8c5eaf65,contracts/0x7e5b2a7a9f11e406c7cc38b5e2ddeafc8c5eaf65,True,Compiled OK,0.5.16,30,standard,0.839,26473,"_sifAddress.length==42,""Invalid len"""
0x564e31509dbe121b9c615f5f1cd1a85bb9ee486d,contracts/0x564e31509dbe121b9c615f5f1cd1a85bb9ee486d,True,Compiled OK,0.5.11,4,standard,0.08,5986,"IERC20(tokenAddress).balanceOf(address(this)).sub(allBalances)>=amount,""SanStorage: not enough owned excess san tokens"""
0x5aebcc44588feabb4a87076d17f3aa8c950a28e1,contracts/0x5aebcc44588feabb4a87076d17f3aa8c950a28e1,True,Compiled OK,0.4.18,1,all_files,0.265,317988,msg.sender==issueContractAddress
0x8244fbb341a2d43568c0e6feaedeb59bdbc28772,contracts/0x8244fbb341a2d43568c0e6feaedeb59bdbc28772,True,Compiled OK,0.8.18,13,standard,6.417,455822,"msg.value>=ferc20.crowdFundingRate+lastMintFee[msg.sender],""Send ETH as fee and crowdfunding"""
0x1411ec02894e3f0dc9ec6098f2f2d6b49e40c2f0,contracts/0x1411ec02894e3f0dc9ec6098f2f2d6b49e40c2f0,True,Compiled OK,0.8.2,1,all_files,0.111,98158,"ECDSA.recover(ECDSA.toEthSignedMessageHash(keccak256(abi.encodePacked(msg.sender,action))),signature)==signer,""invalid signature"""
0x95470f8e330d20788e76e8da3063c9a19555ac0c,contracts/0x95470f8e330d20788e76e8da3063c9a19555ac0c,True,Compiled OK,0.8.0,1,all_files,0.09,43476,"IERC20(inputErc20Details.tokenAddrs[0]).transferFrom(msg.sender,MAINTAINER,FEES*inputErc20Details.amounts[0]/10000),""buyNftForERC20: fees transfer failed"""
0x61ca53930547d68abce28f320de4e077812eec98,contracts/0x61ca53930547d68abce28f320de4e077812eec98,True,Compiled OK,0.8.11,10,standard,0.686,455192,"block.timestamp>=mpClaim.start,""MP: CLAIMING INACTIVE"""
0xf40692384d14b9c2395cfae369621447429ae149,contracts/0xf40692384d14b9c2395cfae369621447429ae149,True,Compiled OK,0.4.24,1,all_files,0.164,398482,"token.transferFrom(rewardWallet,msg.sender,amount)"
0xa93fce39d926527af68b8520fb55e2f74d9201b5,contracts/0xa93fce39d926527af68b8520fb55e2f74d9201b5,True,Compiled OK,0.8.4,1,all_files,0.091,270042,"msg.value>=thirdPartyFee*_tokenIds.length,""Insufficient funds to open 3rd-party stake."""
0x2248f1bf8e463e3b410dc46709cb6e7cfad3bd4e,contracts/0x2248f1bf8e463e3b410dc46709cb6e7cfad3bd4e,True,Compiled OK,0.7.1,53,standard,3.768,19543,"currentToken.balanceOf(address(basket))==0,""Current token balance should be zero"""
0x06c2861f3c8f10efdb32e6ac8e0144f99ae1e87e,contracts/0x06c2861f3c8f10efdb32e6ac8e0144f99ae1e87e,True,Compiled OK,0.8.9,5,standard,0.624,468602,"tickets[msg.sender]>=games[_gameId].buyIn,""Insufficient tickets"""
0x9756afe5b5fc8bc9157ac1af2080e61664783d4e,contracts/0x9756afe5b5fc8bc9157ac1af2080e61664783d4e,True,Compiled OK,0.8.0,10,standard,0.336,301880,"block.number>=mappingStartBlock[time],""Claim time still not start"""
0xbb068d536a1151ed1a5ade9b0da8f3252dfd2f81,contracts/0xbb068d536a1151ed1a5ade9b0da8f3252dfd2f81,True,Compiled OK,0.5.5,1,all_files,0.12,374646,"Token(tokenAddress).transferFrom(msg.sender,address(this),_amount)"
0x316dccaf9d02a8bc919ab8bd2299136574a18978,contracts/0x316dccaf9d02a8bc919ab8bd2299136574a18978,True,Compiled OK,0.8.13,19,standard,0.394,460051,"block.timestamp>=publicMintStart,""Public sale is not open yet"""
0xb6c34f340b11daa5107972105b2df2fe5d1ed4b3,contracts/0xb6c34f340b11daa5107972105b2df2fe5d1ed4b3,False,"Compilation failed: An error occurred during execution
> command: `/Users/mojtabae/.solcx/solc-v0.4.22 --combined-json abi,asm,ast,bin,bin-runtime,clone-bin,compact-format,devdoc,hashes,interface,metadata,opcodes,srcmap,srcmap-runtime,userdoc -`
> return code: `1`
> stdout:

> stderr:
<stdin>:50:5: Error: Expected primary expression.
    payable(thisTx.to).transfer(thisTx.amount);
    ^",0.4.22,1,all_files,0.223,110091,"msg.sender==thisTx.to,""Only receiver can withdraw this transaction"""
0xb85910558d26b3d85aab616403721ce038e134a5,contracts/0xb85910558d26b3d85aab616403721ce038e134a5,True,Compiled OK,0.8.20,1,all_files,0.094,228255,"isExcludedFromFee[account]!=excluded,""Account is already the value of 'excluded'"""
0x361a67bb9fedfd1a1c9da6cbc38a22832b1f8349,contracts/0x361a67bb9fedfd1a1c9da6cbc38a22832b1f8349,True,Compiled OK,0.4.11,1,all_files,0.099,360857,msg.value>0.002ether
0x0ea3a9ffde8164bf680510e163f78150dc0274bd,contracts/0x0ea3a9ffde8164bf680510e163f78150dc0274bd,True,Compiled OK,0.5.14,1,all_files,0.082,286956,owners.has(_ownerAddress)
0xcd41dd9df40f26252a942f48f6c2effd87df9f9c,contracts/0xcd41dd9df40f26252a942f48f6c2effd87df9f9c,True,Compiled OK,0.8.10,14,standard,0.123,35282,"totalSupply().add(numberOfTokens)<=THO_SUPPLY,""Try less"""
0x382d923d11652205b40ae3c1e2ec4c30c9dcb6ab,contracts/0x382d923d11652205b40ae3c1e2ec4c30c9dcb6ab,False,"Compilation failed: Invalid EVM version requested.
> command: `/Users/mojtabae/.solcx/solc-v0.8.0 --standard-json`
> return code: `0`
> stdout:
{""errors"":[{""component"":""general"",""formattedMessage"":""Invalid EVM version requested."",""message"":""Invalid EVM version requested."",""severity"":""error"",""type"":""JSONError""}]}

> stderr:",0.8.0,12,standard,0.048,373799,"_tx.deadline==0||_tx.deadline>block.timestamp,""Request expired"""
0x3fed135c3d8ffe36ce0cb835cef57c4566f25852,contracts/0x3fed135c3d8ffe36ce0cb835cef57c4566f25852,True,Compiled OK,0.8.14,1,standard,0.597,253485,"tokenOwner[msg.sender].remove(_id),""token not found"""
0x552a033b6ed14b25c1b47b58a86c9a3f9fc9c87b,contracts/0x552a033b6ed14b25c1b47b58a86c9a3f9fc9c87b,True,Compiled OK,0.8.10,1,all_files,0.064,268764,"messageSender()==teamWallet,""Only fee wallet can call this function"""
0x37f34b89dcb8f2c295edbd6b63250ee4afde1dac,contracts/0x37f34b89dcb8f2c295edbd6b63250ee4afde1dac,True,Compiled OK,0.8.17,12,standard,0.396,109117,"amount+_totalWhitelistMintPerAccount[msg.sender]<=maxWhitelistMintPerAccount,""max tokens per account reached"""
0xfcdb31b772348eb401086eb05ef322e3cac7ffc1,contracts/0xfcdb31b772348eb401086eb05ef322e3cac7ffc1,True,Compiled OK,0.8.13,21,standard,1.731,414827,"redeemed[originalTokenId].quantity<=NON_WHITELISTED_MAX_PER_USER,""no allowance left"""
0x21c3a69ead9b81863b83757ff2645803ff7c7690,contracts/0x21c3a69ead9b81863b83757ff2645803ff7c7690,True,Compiled OK,0.8.10,31,standard,2.029,420402,"ITokenManager(_manager).canUpdateMetadata(msgSender,tokenId,bytes(_uri)),""Can't update"""
0xee45d2f3849f8cfb9c2bc485dd6868886bb1d825,contracts/0xee45d2f3849f8cfb9c2bc485dd6868886bb1d825,True,Compiled OK,0.8.4,1,all_files,0.077,199592,"supply+__count<=maxSupply,'This transaction would exceed max supply.'"
0x326486d6e41d214e854ce7e6484badd4e638631f,contracts/0x326486d6e41d214e854ce7e6484badd4e638631f,True,Compiled OK,0.8.17,20,standard,1.926,144564,"tokenMaxSupply[_tokenId]==0||totalSupply(_tokenId)+_numTokens<=tokenMaxSupply[_tokenId],""MAX_SUPPLY_EXCEEDED"""
0xdb8fb781777bf70caea8e48b31ccf83c4e20f659,contracts/0xdb8fb781777bf70caea8e48b31ccf83c4e20f659,True,Compiled OK,0.8.12,15,standard,0.91,234497,"priceDrop*25<=priceDifference,""Auction must last at least 5 minutes"""
0x20d0a1831c0f5071904a5ec511423564793bf620,contracts/0x20d0a1831c0f5071904a5ec511423564793bf620,True,Compiled OK,0.8.9,11,standard,1.108,187290,"_openPrediction.endRoundId>0,'there is an open prediction you must settle before creating a new one'"
0x3d37eb1ad0cc20e123a2e34cf58eb38ba068dbd3,contracts/0x3d37eb1ad0cc20e123a2e34cf58eb38ba068dbd3,True,Compiled OK,0.5.10,3,standard,0.22,149862,"block.number>blocknumber,""Awaiting for the future block"""
0x49e401841d0b4f5884131d634c1d17a1f7371e41,contracts/0x49e401841d0b4f5884131d634c1d17a1f7371e41,True,Compiled OK,0.8.0,8,standard,0.559,74990,"token.transfer(msg.sender,totalAmount),""unable to unstake users"""
0xecbee2fae67709f718426ddc3bf770b26b95ed20,contracts/0xecbee2fae67709f718426ddc3bf770b26b95ed20,True,Compiled OK,0.8.9,7,standard,0.217,63264,"balanceOf(address(this))-prizePool>=mintAmount,""Not enough CLIPS left to mint"""
0xb67977271b51c6b6ba386d1a02a4b76aea661bd2,contracts/0xb67977271b51c6b6ba386d1a02a4b76aea661bd2,True,Compiled OK,0.8.19,1,standard,1.043,462677,"amount<=((holderData[account].totalBuyAmount).mul(sellablePercentage).div(100)),""You cannont sell over your daily limit"""
0xd016b7a51a08eed4270d4979a9ef6dda8a413704,contracts/0xd016b7a51a08eed4270d4979a9ef6dda8a413704,True,Compiled OK,0.8.13,12,standard,1.631,440779,"msg.sender==ownerOf(optionId),""You are not the owner"""
0xf48b45479ba7e121a3542626d5a5f3b07ec5b65d,contracts/0xf48b45479ba7e121a3542626d5a5f3b07ec5b65d,True,Compiled OK,0.8.13,22,standard,0.482,254450,"presaleMintsUsed[msg.sender]+_count<=5,""Outlaws: Not enough presale mints remaining"""
0x6f44d0b75e611a3528af1c4b6c354228e1afbf30,contracts/0x6f44d0b75e611a3528af1c4b6c354228e1afbf30,True,Compiled OK,0.8.19,1,all_files,0.08,108885,"excludedFromMaxWallet[_user]!=_status,""User already have this status"""
0x31cf8b6e8bb6cb16f23889f902be86775bb1d0b3,contracts/0x31cf8b6e8bb6cb16f23889f902be86775bb1d0b3,True,Compiled OK,0.4.25,1,all_files,0.266,288985,block.number>lastMove[sender]+blocksBeforeTargetShoot
0x5a16f165d139796732e2d9bba86bd20c8349d12e,contracts/0x5a16f165d139796732e2d9bba86bd20c8349d12e,True,Compiled OK,0.4.11,1,all_files,0.099,346203,msg.sender.send(amount)
0x9531638119fdbe099d48568da12debf7e393916c,contracts/0x9531638119fdbe099d48568da12debf7e393916c,True,Compiled OK,0.5.16,1,all_files,0.101,17553,"IStrategy(_strategy).vault()==address(this),""the strategy does not belong to this vault"""
0x5572a6c464f50395a0f3bca67e75c51dd9321c02,contracts/0x5572a6c464f50395a0f3bca67e75c51dd9321c02,True,Compiled OK,0.4.21,1,all_files,0.249,278786,msg.sender==vesting.beneficiary()||(msg.sender==owner&&vesting.changable())
0x01fa555c97d7958fa6f771f3bbd5ccd508f81e22,contracts/0x01fa555c97d7958fa6f771f3bbd5ccd508f81e22,True,Compiled OK,0.4.24,1,all_files,0.591,357992,revisions.length>revisionId
0x39edffb48fd5cac073e5ffa512c2150d5b5aaabc,contracts/0x39edffb48fd5cac073e5ffa512c2150d5b5aaabc,True,Compiled OK,0.8.0,13,standard,0.526,348007,"msg.sender==claimReq.reserved.beneficiary,""Sale: not authorized"""
0x40560c84b2d92063c9b55625fbf9a94c79e40c23,contracts/0x40560c84b2d92063c9b55625fbf9a94c79e40c23,True,Compiled OK,0.8.4,15,standard,0.291,64416,"hashSeriesNumber(pass)==passHash,""password is wrong"""
0xc1a9be1d825a5990aa6b2144b52f4bf0b78eaffa,contracts/0xc1a9be1d825a5990aa6b2144b52f4bf0b78eaffa,False,"Compilation failed: CompilerError: Stack too deep when compiling inline assembly: Variable headStart is 3 slot(s) too deep inside the stack.

> command: `/Users/mojtabae/.solcx/solc-v0.7.0 --standard-json`
> return code: `0`
> stdout:
{""contracts"":{""contracts/Dispatcher.sol"":{""Dispatcher"":{""abi"":[{""inputs"":[{""internalType"":""uint8"",""name"":""_version"",""type"":""uint8""},{""internalType"":""address"",""name"":""_queryEngine"",""type"":""address""},{""internalType"":""address"",""name"":""_roleManager"",""type"":""address""},{""internalType"":""address"",""name"":""_lpManager"",""type"":""address""},{""internalType"":""address"",""name"":""_withdrawer"",""type"":""address""},{""internalType"":""address"",""name"":""_trader"",""type"":""address""},{""internalType"":""address"",""name"":""_supplier"",""type"":""address""},{""internalType"":""uint256"",""name"":""_initialMaxLiquidity"",""type"":""uint256""},{""internalType"":""address[]"",""name"":""_lpWhitelist"",""type"":""address[]""}],""stateMutability"":""nonpayable"",""type"":""constructor""},{""anonymous"":false,""inputs"":[{""indexed"":true,""internalType"":""address"",""name"":""asset"",""type"":""address""},{""indexed"":true,""internalType"":""address"",""name"":""provider"",""type"":""address""},{""indexed"":false,""internalType"":""uint256"",""name"":""amount"",""type"":""uint256""}],""name"":""LiquidityProvided"",""type"":""event""},{""anonymous"":false,""inputs"":[{""indexed"":true,""internalType"":""address"",""name"":""asset"",""type"":""address""},{""indexed"":true,""internalType"":""address"",""name"":""provider"",""type"":""address""},{""indexed"":false,""internalType"":""uint256"",""name"":""amount"",""type"":""uint256""}],""name"":""LiquidityRemoved"",""type"":""event""},{""anonymous"":false,""inputs"":[{""indexed"":true,""internalType"":""address"",""name"":""asset"",""type"":""address""},{""indexed"":true,""internalType"":""uint256"",""name"":""newAmount"",""type"":""uint256""},{""indexed"":false,""internalType"":""uint256"",""name"":""oldAmount"",""type"":""uint256""}],""name"":""MaxLiquidityUpdated"",""type"":""event""},{""anonymous"":false,""inputs"":[{""indexed"":true,""internalType"":""bytes32"",""name"":""role"",""type"":""bytes32""},{""indexed"":true,""internalType"":""bytes32"",""name"":""previousAdminRole"",""type"":""bytes32""},{""indexed"":true,""internalType"":""bytes32"",""name"":""newAdminRole"",""type"":""bytes32""}],""name"":""RoleAdminChanged"",""type"":""event""},{""anonymous"":false,""inputs"":[{""indexed"":true,""internalType"":""bytes32"",""name"":""role"",""type"":""bytes32""},{""indexed"":true,""internalType"":""address"",""name"":""account"",""type"":""address""},{""indexed"":true,""internalType"":""address"",""name"":""sender"",""type"":""address""}],""name"":""RoleGranted"",""type"":""event""},{""anonymous"":false,""inputs"":[{""indexed"":true,""internalType"":""bytes32"",""name"":""role"",""type"":""bytes32""},{""indexed"":true,""internalType"":""address"",""name"":""account"",""type"":""address""},{""indexed"":true,""internalType"":""address"",""name"":""sender"",""type"":""address""}],""name"":""RoleRevoked"",""type"":""event""},{""stateMutability"":""payable"",""type"":""fallback""},{""inputs"":[],""name"":""APPROVER_ROLE"",""outputs"":[{""internalType"":""bytes32"",""name"":"""",""type"":""bytes32""}],""stateMutability"":""view"",""type"":""function""},{""inputs"":[],""name"":""DEFAULT_ADMIN_ROLE"",""outputs"":[{""internalType"":""bytes32"",""name"":"""",""type"":""bytes32""}],""stateMutability"":""view"",""type"":""function""},{""inputs"":[],""name"":""MANAGE_LP_ROLE"",""outputs"":[{""internalType"":""bytes32"",""name"":"""",""type"":""bytes32""}],""stateMutability"":""view"",""type"":""function""},{""inputs"":[],""name"":""MAX_LIQUIDITY"",""outputs"":[{""internalType"":""uint256"",""name"":"""",""type"":""uint256""}],""stateMutability"":""view"",""type"":""function""},{""inputs"":[],""name"":""TRADER_ROLE"",""outputs"":[{""internalType"":""bytes32"",""name"":"""",""type"":""bytes32""}],""stateMutability"":""view"",""type"":""function""},{""inputs"":[],""name"":""WHITELISTED_LP_ROLE"",""outputs"":[{""internalType"":""bytes32"",""name"":"""",""type"":""bytes32""}],""stateMutability"":""view"",""type"":""function""},{""inputs"":[],""name"":""WITHDRAW_ROLE"",""outputs"":[{""internalType"":""bytes32"",""name"":"""",""type"":""bytes32""}],""stateMutability"":""view"",""type"":""function""},{""inputs"":[{""internalType"":""bytes"",""name"":""script"",""type"":""bytes""},{""internalType"":""uint256[]"",""name"":""inputLocations"",""type"":""uint256[]""}],""name"":""estimateQueryCost"",""outputs"":[],""stateMutability"":""nonpayable"",""type"":""function""},{""inputs"":[{""internalType"":""bytes32"",""name"":""role"",""type"":""bytes32""}],""name"":""getRoleAdmin"",""outputs"":[{""internalType"":""bytes32"",""name"":"""",""type"":""bytes32""}],""stateMutability"":""view"",""type"":""function""},{""inputs"":[{""internalType"":""bytes32"",""name"":""role"",""type"":""bytes32""},{""internalType"":""uint256"",""name"":""index"",""type"":""uint256""}],""name"":""getRoleMember"",""outputs"":[{""internalType"":""address"",""name"":"""",""type"":""address""}],""stateMutability"":""view"",""type"":""function""},{""inputs"":[{""internalType"":""bytes32"",""name"":""role"",""type"":""bytes32""}],""name"":""getRoleMemberCount"",""outputs"":[{""internalType"":""uint256"",""name"":"""",""type"":""uint256""}],""stateMutability"":""view"",""type"":""function""},{""inputs"":[{""internalType"":""bytes32"",""name"":""role"",""type"":""bytes32""},{""internalType"":""address"",""name"":""account"",""type"":""address""}],""name"":""grantRole"",""outputs"":[],""stateMutability"":""nonpayable"",""type"":""function""},{""inputs"":[{""internalType"":""bytes32"",""name"":""role"",""type"":""bytes32""},{""internalType"":""address"",""name"":""account"",""type"":""address""}],""name"":""hasRole"",""outputs"":[{""internalType"":""bool"",""name"":"""",""type"":""bool""}],""stateMutability"":""view"",""type"":""function""},{""inputs"":[{""internalType"":""address"",""name"":""addressToCheck"",""type"":""address""}],""name"":""isApprover"",""outputs"":[{""internalType"":""bool"",""name"":"""",""type"":""bool""}],""stateMutability"":""view"",""type"":""function""},{""inputs"":[{""internalType"":""address"",""name"":""addressToCheck"",""type"":""address""}],""name"":""isLPManager"",""outputs"":[{""internalType"":""bool"",""name"":"""",""type"":""bool""}],""stateMutability"":""view"",""type"":""function""},{""inputs"":[{""internalType"":""address"",""name"":""addressToCheck"",""type"":""address""}],""name"":""isTrader"",""outputs"":[{""internalType"":""bool"",""name"":"""",""type"":""bool""}],""stateMutability"":""view"",""type"":""function""},{""inputs"":[{""internalType"":""address"",""name"":""addressToCheck"",""type"":""address""}],""name"":""isWhitelistedLP"",""outputs"":[{""internalType"":""bool"",""name"":"""",""type"":""bool""}],""stateMutability"":""view"",""type"":""function""},{""inputs"":[{""internalType"":""address"",""name"":""addressToCheck"",""type"":""address""}],""name"":""isWithdrawer"",""outputs"":[{""internalType"":""bool"",""name"":"""",""type"":""bool""}],""stateMutability"":""view"",""type"":""function""},{""inputs"":[{""internalType"":""address"",""name"":"""",""type"":""address""}],""name"":""lpBalances"",""outputs"":[{""internalType"":""uint256"",""name"":"""",""type"":""uint256""}],""stateMutability"":""view"",""type"":""function""},{""inputs"":[{""internalType"":""bytes"",""name"":""executeScript"",""type"":""bytes""},{""internalType"":""uint256"",""name"":""ethValue"",""type"":""uint256""}],""name"":""makeTrade"",""outputs"":[],""stateMutability"":""nonpayable"",""type"":""function""},{""inputs"":[{""internalType"":""bytes"",""name"":""executeScript"",""type"":""bytes""},{""internalType"":""uint256"",""name"":""ethValue"",""type"":""uint256""},{""internalType"":""uint256"",""name"":""minTimestamp"",""type"":""uint256""},{""internalType"":""uint256"",""name"":""maxTimestamp"",""type"":""uint256""}],""name"":""makeTrade"",""outputs"":[],""stateMutability"":""nonpayable"",""type"":""function""},{""inputs"":[{""internalType"":""bytes"",""name"":""queryScript"",""type"":""bytes""},{""internalType"":""uint256[]"",""name"":""queryInputLocations"",""type"":""uint256[]""},{""internalType"":""bytes"",""name"":""executeScript"",""type"":""bytes""},{""internalType"":""uint256[]"",""name"":""executeInputLocations"",""type"":""uint256[]""},{""internalType"":""uint256"",""name"":""targetPrice"",""type"":""uint256""},{""internalType"":""uint256"",""name"":""ethValue"",""type"":""uint256""}],""name"":""makeTrade"",""outputs"":[],""stateMutability"":""nonpayable"",""type"":""function""},{""inputs"":[{""internalType"":""bytes"",""name"":""queryScript"",""type"":""bytes""},{""internalType"":""uint256[]"",""name"":""queryInputLocations"",""type"":""uint256[]""},{""internalType"":""bytes"",""name"":""executeScript"",""type"":""bytes""},{""internalType"":""uint256[]"",""name"":""executeInputLocations"",""type"":""uint256[]""},{""internalType"":""uint256"",""name"":""targetPrice"",""type"":""uint256""},{""internalType"":""uint256"",""name"":""ethValue"",""type"":""uint256""},{""internalType"":""uint256"",""name"":""minTimestamp"",""type"":""uint256""},{""internalType"":""uint256"",""name"":""maxTimestamp"",""type"":""uint256""}],""name"":""makeTrade"",""outputs"":[],""stateMutability"":""nonpayable"",""type"":""function""},{""inputs"":[{""internalType"":""bytes"",""name"":""executeScript"",""type"":""bytes""},{""internalType"":""uint256"",""name"":""ethValue"",""type"":""uint256""},{""internalType"":""uint256"",""name"":""blockDeadline"",""type"":""uint256""}],""name"":""makeTrade"",""outputs"":[],""stateMutability"":""nonpayable"",""type"":""function""},{""inputs"":[{""internalType"":""bytes"",""name"":""queryScript"",""type"":""bytes""},{""internalType"":""uint256[]"",""name"":""queryInputLocations"",""type"":""uint256[]""},{""internalType"":""bytes"",""name"":""executeScript"",""type"":""bytes""},{""internalType"":""uint256[]"",""name"":""executeInputLocations"",""type"":""uint256[]""},{""internalType"":""uint256"",""name"":""targetPrice"",""type"":""uint256""},{""internalType"":""uint256"",""name"":""ethValue"",""type"":""uint256""},{""internalType"":""uint256"",""name"":""blockDeadline"",""type"":""uint256""}],""name"":""makeTrade"",""outputs"":[],""stateMutability"":""nonpayable"",""type"":""function""},{""inputs"":[],""name"":""provideETHLiquidity"",""outputs"":[],""stateMutability"":""payable"",""type"":""function""},{""inputs"":[],""name"":""queryEngine"",""outputs"":[{""internalType"":""contract IQueryEngine"",""name"":"""",""type"":""address""}],""stateMutability"":""view"",""type"":""function""},{""inputs"":[{""internalType"":""uint256"",""name"":""amount"",""type"":""uint256""}],""name"":""removeETHLiquidity"",""outputs"":[],""stateMutability"":""nonpayable"",""type"":""function""},{""inputs"":[{""internalType"":""bytes32"",""name"":""role"",""type"":""bytes32""},{""internalType"":""address"",""name"":""account"",""type"":""address""}],""name"":""renounceRole"",""outputs"":[],""stateMutability"":""nonpayable"",""type"":""function""},{""inputs"":[{""internalType"":""address[]"",""name"":""tokens"",""type"":""address[]""},{""internalType"":""uint256"",""name"":""amount"",""type"":""uint256""}],""name"":""rescueTokens"",""outputs"":[],""stateMutability"":""nonpayable"",""type"":""function""},{""inputs"":[{""internalType"":""bytes32"",""name"":""role"",""type"":""bytes32""},{""internalType"":""address"",""name"":""account"",""type"":""address""}],""name"":""revokeRole"",""outputs"":[],""stateMutability"":""nonpayable"",""type"":""function""},{""inputs"":[{""internalType"":""uint256"",""name"":""newMax"",""type"":""uint256""}],""name"":""setMaxETHLiquidity"",""outputs"":[],""stateMutability"":""nonpayable"",""type"":""function""},{""inputs"":[{""internalType"":""address[]"",""name"":""tokensToApprove"",""type"":""address[]""},{""internalType"":""uint256[]"",""name"":""approvalAmounts"",""type"":""uint256[]""},{""internalType"":""address"",""name"":""spender"",""type"":""address""}],""name"":""tokenAllow"",""outputs"":[],""stateMutability"":""nonpayable"",""type"":""function""},{""inputs"":[{""internalType"":""address[]"",""name"":""tokensToApprove"",""type"":""address[]""},{""internalType"":""address"",""name"":""spender"",""type"":""address""}],""name"":""tokenAllowAll"",""outputs"":[],""stateMutability"":""nonpayable"",""type"":""function""},{""inputs"":[],""name"":""totalLiquidity"",""outputs"":[{""internalType"":""uint256"",""name"":"""",""type"":""uint256""}],""stateMutability"":""view"",""type"":""function""},{""inputs"":[],""name"":""version"",""outputs"":[{""internalType"":""uint8"",""name"":"""",""type"":""uint8""}],""stateMutability"":""view"",""type"":""function""},{""inputs"":[{""internalType"":""uint256"",""name"":""amount"",""type"":""uint256""}],""name"":""withdrawEth"",""outputs"":[],""stateMutability"":""nonpayable"",""type"":""function""},{""stateMutability"":""payable"",""type"":""receive""}]}},""contracts/interfaces/IERC20.sol"":{""IERC20"":{""abi"":[{""anonymous"":false,""inputs"":[{""indexed"":true,""internalType"":""address"",""name"":""owner"",""type"":""address""},{""indexed"":true,""internalType"":""address"",""name"":""spender"",""type"":""address""},{""indexed"":false,""internalType"":""uint256"",""name"":""value"",""type"":""uint256""}],""name"":""Approval"",""type"":""event""},{""anonymous"":false,""inputs"":[{""indexed"":true,""internalType"":""address"",""name"":""from"",""type"":""address""},{""indexed"":true,""internalType"":""address"",""name"":""to"",""type"":""address""},{""indexed"":false,""internalType"":""uint256"",""name"":""value"",""type"":""uint256""}],""name"":""Transfer"",""type"":""event""},{""inputs"":[{""internalType"":""address"",""name"":""owner"",""type"":""address""},{""internalType"":""address"",""name"":""spender"",""type"":""address""}],""name"":""allowance"",""outputs"":[{""internalType"":""uint256"",""name"":"""",""type"":""uint256""}],""stateMutability"":""view"",""type"":""function""},{""inputs"":[{""internalType"":""address"",""name"":""spender"",""type"":""address""},{""internalType"":""uint256"",""name"":""amount"",""type"":""uint256""}],""name"":""approve"",""outputs"":[{""internalType"":""bool"",""name"":"""",""type"":""bool""}],""stateMutability"":""nonpayable"",""type"":""function""},{""inputs"":[{""internalType"":""address"",""name"":""account"",""type"":""address""}],""name"":""balanceOf"",""outputs"":[{""internalType"":""uint256"",""name"":"""",""type"":""uint256""}],""stateMutability"":""view"",""type"":""function""},{""inputs"":[],""name"":""decimals"",""outputs"":[{""internalType"":""uint8"",""name"":"""",""type"":""uint8""}],""stateMutability"":""view"",""type"":""function""},{""inputs"":[],""name"":""name"",""outputs"":[{""internalType"":""string"",""name"":"""",""type"":""string""}],""stateMutability"":""view"",""type"":""function""},{""inputs"":[],""name"":""symbol"",""outputs"":[{""internalType"":""string"",""name"":"""",""type"":""string""}],""stateMutability"":""view"",""type"":""function""},{""inputs"":[],""name"":""totalSupply"",""outputs"":[{""internalType"":""uint256"",""name"":"""",""type"":""uint256""}],""stateMutability"":""view"",""type"":""function""},{""inputs"":[{""internalType"":""address"",""name"":""recipient"",""type"":""address""},{""internalType"":""uint256"",""name"":""amount"",""type"":""uint256""}],""name"":""transfer"",""outputs"":[{""internalType"":""bool"",""name"":"""",""type"":""bool""}],""stateMutability"":""nonpayable"",""type"":""function""},{""inputs"":[{""internalType"":""address"",""name"":""sender"",""type"":""address""},{""internalType"":""address"",""name"":""recipient"",""type"":""address""},{""internalType"":""uint256"",""name"":""amount"",""type"":""uint256""}],""name"":""transferFrom"",""outputs"":[{""internalType"":""bool"",""name"":"""",""type"":""bool""}],""stateMutability"":""nonpayable"",""type"":""function""}]}},""contracts/interfaces/IQueryEngine.sol"":{""IQueryEngine"":{""abi"":[{""inputs"":[{""internalType"":""address"",""name"":""contractAddress"",""type"":""address""},{""internalType"":""bytes"",""name"":""data"",""type"":""bytes""}],""name"":""getPrice"",""outputs"":[{""internalType"":""bytes"",""name"":"""",""type"":""bytes""}],""stateMutability"":""view"",""type"":""function""},{""inputs"":[{""internalType"":""bytes"",""name"":""script"",""type"":""bytes""},{""internalType"":""uint256[]"",""name"":""inputLocations"",""type"":""uint256[]""}],""name"":""query"",""outputs"":[{""internalType"":""uint256"",""name"":"""",""type"":""uint256""}],""stateMutability"":""view"",""type"":""function""},{""inputs"":[{""internalType"":""bytes"",""name"":""script"",""type"":""bytes""},{""internalType"":""uint256[]"",""name"":""inputLocations"",""type"":""uint256[]""}],""name"":""queryAllPrices"",""outputs"":[{""internalType"":""bytes"",""name"":"""",""type"":""bytes""}],""stateMutability"":""view"",""type"":""function""}]}},""contracts/lib/AccessControl.sol"":{""AccessControl"":{""abi"":[{""anonymous"":false,""inputs"":[{""indexed"":true,""internalType"":""bytes32"",""name"":""role"",""type"":""bytes32""},{""indexed"":true,""internalType"":""bytes32"",""name"":""previousAdminRole"",""type"":""bytes32""},{""indexed"":true,""internalType"":""bytes32"",""name"":""newAdminRole"",""type"":""bytes32""}],""name"":""RoleAdminChanged"",""type"":""event""},{""anonymous"":false,""inputs"":[{""indexed"":true,""internalType"":""bytes32"",""name"":""role"",""type"":""bytes32""},{""indexed"":true,""internalType"":""address"",""name"":""account"",""type"":""address""},{""indexed"":true,""internalType"":""address"",""name"":""sender"",""type"":""address""}],""name"":""RoleGranted"",""type"":""event""},{""anonymous"":false,""inputs"":[{""indexed"":true,""internalType"":""bytes32"",""name"":""role"",""type"":""bytes32""},{""indexed"":true,""internalType"":""address"",""name"":""account"",""type"":""address""},{""indexed"":true,""internalType"":""address"",""name"":""sender"",""type"":""address""}],""name"":""RoleRevoked"",""type"":""event""},{""inputs"":[],""name"":""DEFAULT_ADMIN_ROLE"",""outputs"":[{""internalType"":""bytes32"",""name"":"""",""type"":""bytes32""}],""stateMutability"":""view"",""type"":""function""},{""inputs"":[{""internalType"":""bytes32"",""name"":""role"",""type"":""bytes32""}],""name"":""getRoleAdmin"",""outputs"":[{""internalType"":""bytes32"",""name"":"""",""type"":""bytes32""}],""stateMutability"":""view"",""type"":""function""},{""inputs"":[{""internalType"":""bytes32"",""name"":""role"",""type"":""bytes32""},{""internalType"":""uint256"",""name"":""index"",""type"":""uint256""}],""name"":""getRoleMember"",""outputs"":[{""internalType"":""address"",""name"":"""",""type"":""address""}],""stateMutability"":""view"",""type"":""function""},{""inputs"":[{""internalType"":""bytes32"",""name"":""role"",""type"":""bytes32""}],""name"":""getRoleMemberCount"",""outputs"":[{""internalType"":""uint256"",""name"":"""",""type"":""uint256""}],""stateMutability"":""view"",""type"":""function""},{""inputs"":[{""internalType"":""bytes32"",""name"":""role"",""type"":""bytes32""},{""internalType"":""address"",""name"":""account"",""type"":""address""}],""name"":""grantRole"",""outputs"":[],""stateMutability"":""nonpayable"",""type"":""function""},{""inputs"":[{""internalType"":""bytes32"",""name"":""role"",""type"":""bytes32""},{""internalType"":""address"",""name"":""account"",""type"":""address""}],""name"":""hasRole"",""outputs"":[{""internalType"":""bool"",""name"":"""",""type"":""bool""}],""stateMutability"":""view"",""type"":""function""},{""inputs"":[{""internalType"":""bytes32"",""name"":""role"",""type"":""bytes32""},{""internalType"":""address"",""name"":""account"",""type"":""address""}],""name"":""renounceRole"",""outputs"":[],""stateMutability"":""nonpayable"",""type"":""function""},{""inputs"":[{""internalType"":""bytes32"",""name"":""role"",""type"":""bytes32""},{""internalType"":""address"",""name"":""account"",""type"":""address""}],""name"":""revokeRole"",""outputs"":[],""stateMutability"":""nonpayable"",""type"":""function""}]}},""contracts/lib/Address.sol"":{""Address"":{""abi"":[]}},""contracts/lib/BytesLib.sol"":{""BytesLib"":{""abi"":[]}},""contracts/lib/CalldataEditor.sol"":{""CalldataEditor"":{""abi"":[]}},""contracts/lib/Context.sol"":{""Context"":{""abi"":[]}},""contracts/lib/EnumerableSet.sol"":{""EnumerableSet"":{""abi"":[]}},""contracts/lib/ReentrancyGuard.sol"":{""ReentrancyGuard"":{""abi"":[]}},""contracts/lib/SafeERC20.sol"":{""SafeERC20"":{""abi"":[]}},""contracts/lib/SafeMath.sol"":{""SafeMath"":{""abi"":[]}},""contracts/lib/Trader.sol"":{""Trader"":{""abi"":[{""anonymous"":false,""inputs"":[{""indexed"":true,""internalType"":""bytes32"",""name"":""role"",""type"":""bytes32""},{""indexed"":true,""internalType"":""bytes32"",""name"":""previousAdminRole"",""type"":""bytes32""},{""indexed"":true,""internalType"":""bytes32"",""name"":""newAdminRole"",""type"":""bytes32""}],""name"":""RoleAdminChanged"",""type"":""event""},{""anonymous"":false,""inputs"":[{""indexed"":true,""internalType"":""bytes32"",""name"":""role"",""type"":""bytes32""},{""indexed"":true,""internalType"":""address"",""name"":""account"",""type"":""address""},{""indexed"":true,""internalType"":""address"",""name"":""sender"",""type"":""address""}],""name"":""RoleGranted"",""type"":""event""},{""anonymous"":false,""inputs"":[{""indexed"":true,""internalType"":""bytes32"",""name"":""role"",""type"":""bytes32""},{""indexed"":true,""internalType"":""address"",""name"":""account"",""type"":""address""},{""indexed"":true,""internalType"":""address"",""name"":""sender"",""type"":""address""}],""name"":""RoleRevoked"",""type"":""event""},{""inputs"":[],""name"":""DEFAULT_ADMIN_ROLE"",""outputs"":[{""internalType"":""bytes32"",""name"":"""",""type"":""bytes32""}],""stateMutability"":""view"",""type"":""function""},{""inputs"":[],""name"":""TRADER_ROLE"",""outputs"":[{""internalType"":""bytes32"",""name"":"""",""type"":""bytes32""}],""stateMutability"":""view"",""type"":""function""},{""inputs"":[{""internalType"":""bytes32"",""name"":""role"",""type"":""bytes32""}],""name"":""getRoleAdmin"",""outputs"":[{""internalType"":""bytes32"",""name"":"""",""type"":""bytes32""}],""stateMutability"":""view"",""type"":""function""},{""inputs"":[{""internalType"":""bytes32"",""name"":""role"",""type"":""bytes32""},{""internalType"":""uint256"",""name"":""index"",""type"":""uint256""}],""name"":""getRoleMember"",""outputs"":[{""internalType"":""address"",""name"":"""",""type"":""address""}],""stateMutability"":""view"",""type"":""function""},{""inputs"":[{""internalType"":""bytes32"",""name"":""role"",""type"":""bytes32""}],""name"":""getRoleMemberCount"",""outputs"":[{""internalType"":""uint256"",""name"":"""",""type"":""uint256""}],""stateMutability"":""view"",""type"":""function""},{""inputs"":[{""internalType"":""bytes32"",""name"":""role"",""type"":""bytes32""},{""internalType"":""address"",""name"":""account"",""type"":""address""}],""name"":""grantRole"",""outputs"":[],""stateMutability"":""nonpayable"",""type"":""function""},{""inputs"":[{""internalType"":""bytes32"",""name"":""role"",""type"":""bytes32""},{""internalType"":""address"",""name"":""account"",""type"":""address""}],""name"":""hasRole"",""outputs"":[{""internalType"":""bool"",""name"":"""",""type"":""bool""}],""stateMutability"":""view"",""type"":""function""},{""inputs"":[{""internalType"":""address"",""name"":""addressToCheck"",""type"":""address""}],""name"":""isTrader"",""outputs"":[{""internalType"":""bool"",""name"":"""",""type"":""bool""}],""stateMutability"":""view"",""type"":""function""},{""inputs"":[{""internalType"":""bytes"",""name"":""executeScript"",""type"":""bytes""},{""internalType"":""uint256"",""name"":""ethValue"",""type"":""uint256""}],""name"":""makeTrade"",""outputs"":[],""stateMutability"":""nonpayable"",""type"":""function""},{""inputs"":[{""internalType"":""bytes"",""name"":""executeScript"",""type"":""bytes""},{""internalType"":""uint256"",""name"":""ethValue"",""type"":""uint256""},{""internalType"":""uint256"",""name"":""minTimestamp"",""type"":""uint256""},{""internalType"":""uint256"",""name"":""maxTimestamp"",""type"":""uint256""}],""name"":""makeTrade"",""outputs"":[],""stateMutability"":""nonpayable"",""type"":""function""},{""inputs"":[{""internalType"":""bytes"",""name"":""queryScript"",""type"":""bytes""},{""internalType"":""uint256[]"",""name"":""queryInputLocations"",""type"":""uint256[]""},{""internalType"":""bytes"",""name"":""executeScript"",""type"":""bytes""},{""internalType"":""uint256[]"",""name"":""executeInputLocations"",""type"":""uint256[]""},{""internalType"":""uint256"",""name"":""targetPrice"",""type"":""uint256""},{""internalType"":""uint256"",""name"":""ethValue"",""type"":""uint256""}],""name"":""makeTrade"",""outputs"":[],""stateMutability"":""nonpayable"",""type"":""function""},{""inputs"":[{""internalType"":""bytes"",""name"":""queryScript"",""type"":""bytes""},{""internalType"":""uint256[]"",""name"":""queryInputLocations"",""type"":""uint256[]""},{""internalType"":""bytes"",""name"":""executeScript"",""type"":""bytes""},{""internalType"":""uint256[]"",""name"":""executeInputLocations"",""type"":""uint256[]""},{""internalType"":""uint256"",""name"":""targetPrice"",""type"":""uint256""},{""internalType"":""uint256"",""name"":""ethValue"",""type"":""uint256""},{""internalType"":""uint256"",""name"":""minTimestamp"",""type"":""uint256""},{""internalType"":""uint256"",""name"":""maxTimestamp"",""type"":""uint256""}],""name"":""makeTrade"",""outputs"":[],""stateMutability"":""nonpayable"",""type"":""function""},{""inputs"":[{""internalType"":""bytes"",""name"":""executeScript"",""type"":""bytes""},{""internalType"":""uint256"",""name"":""ethValue"",""type"":""uint256""},{""internalType"":""uint256"",""name"":""blockDeadline"",""type"":""uint256""}],""name"":""makeTrade"",""outputs"":[],""stateMutability"":""nonpayable"",""type"":""function""},{""inputs"":[{""internalType"":""bytes"",""name"":""queryScript"",""type"":""bytes""},{""internalType"":""uint256[]"",""name"":""queryInputLocations"",""type"":""uint256[]""},{""internalType"":""bytes"",""name"":""executeScript"",""type"":""bytes""},{""internalType"":""uint256[]"",""name"":""executeInputLocations"",""type"":""uint256[]""},{""internalType"":""uint256"",""name"":""targetPrice"",""type"":""uint256""},{""internalType"":""uint256"",""name"":""ethValue"",""type"":""uint256""},{""internalType"":""uint256"",""name"":""blockDeadline"",""type"":""uint256""}],""name"":""makeTrade"",""outputs"":[],""stateMutability"":""nonpayable"",""type"":""function""},{""inputs"":[],""name"":""queryEngine"",""outputs"":[{""internalType"":""contract IQueryEngine"",""name"":"""",""type"":""address""}],""stateMutability"":""view"",""type"":""function""},{""inputs"":[{""internalType"":""bytes32"",""name"":""role"",""type"":""bytes32""},{""internalType"":""address"",""name"":""account"",""type"":""address""}],""name"":""renounceRole"",""outputs"":[],""stateMutability"":""nonpayable"",""type"":""function""},{""inputs"":[{""internalType"":""bytes32"",""name"":""role"",""type"":""bytes32""},{""internalType"":""address"",""name"":""account"",""type"":""address""}],""name"":""revokeRole"",""outputs"":[],""stateMutability"":""nonpayable"",""type"":""function""}]}}},""errors"":[{""component"":""general"",""formattedMessage"":""CompilerError: Stack too deep when compiling inline assembly: Variable headStart is 3 slot(s) too deep inside the stack.\n"",""message"":""Compiler error (/Users/distiller/project/libyul/backends/evm/AsmCodeGen.cpp:253):Stack too deep when compiling inline assembly: Variable headStart is 3 slot(s) too deep inside the stack."",""severity"":""error"",""type"":""CompilerError""}],""sources"":{""contracts/Dispatcher.sol"":{""id"":0},""contracts/interfaces/IERC20.sol"":{""id"":1},""contracts/interfaces/IQueryEngine.sol"":{""id"":2},""contracts/lib/AccessControl.sol"":{""id"":3},""contracts/lib/Address.sol"":{""id"":4},""contracts/lib/BytesLib.sol"":{""id"":5},""contracts/lib/CalldataEditor.sol"":{""id"":6},""contracts/lib/Context.sol"":{""id"":7},""contracts/lib/EnumerableSet.sol"":{""id"":8},""contracts/lib/ReentrancyGuard.sol"":{""id"":9},""contracts/lib/SafeERC20.sol"":{""id"":10},""contracts/lib/SafeMath.sol"":{""id"":11},""contracts/lib/Trader.sol"":{""id"":12}}}

> stderr:",0.7.0,13,standard,0.225,290924,"hasRole(WHITELISTED_LP_ROLE,msg.sender),""Caller must have WHITELISTED_LP role"""
0xf45a48e943bbc9883702b8f1651be261774af63f,contracts/0xf45a48e943bbc9883702b8f1651be261774af63f,True,Compiled OK,0.8.9,21,standard,0.626,169724,"block.timestamp<(timeToBid+beginAuctionTime),""Auction has ended"""
0x09cc6b1d5dffa56e42cc374d451c4b3007e03cf8,contracts/0x09cc6b1d5dffa56e42cc374d451c4b3007e03cf8,True,Compiled OK,0.4.19,1,all_files,1.421,346941,"init(CONTRACT_CONTROLLER_ASSETS,_resolver)"
0x101cfc0850d25295a70e32b8faf1fb475d8c6c6a,contracts/0x101cfc0850d25295a70e32b8faf1fb475d8c6c6a,True,Compiled OK,0.8.0,1,all_files,0.066,363063,"isValidAccessMessage(v,r,s),""Not whitelisted."""
0xf9b8ef1a9845a365405930ce5e9faacb187a06da,contracts/0xf9b8ef1a9845a365405930ce5e9faacb187a06da,True,Compiled OK,0.7.6,7,standard,0.111,354970,"block.timestamp<cutoffTime,""Deposit time period over"""
0x2c5edfac427588d93cbc7553e0b07de5c09d7563,contracts/0x2c5edfac427588d93cbc7553e0b07de5c09d7563,True,Compiled OK,0.5.0,1,all_files,0.248,275060,"unclesShift+uncleHeaderLength<=unclesLength,""Shift bounds check."""
0x09305adffe0c3e9b6a5e1a5dc053a5308ada889a,contracts/0x09305adffe0c3e9b6a5e1a5dc053a5308ada889a,True,Compiled OK,0.8.16,1,all_files,0.112,181783,"tokenWhitelist[tokenAddress],""Token is not whitelisted"""
0x916758c4588d0614488f2c53ddc6c337a245d7d7,contracts/0x916758c4588d0614488f2c53ddc6c337a245d7d7,True,Compiled OK,0.8.4,10,standard,0.274,368757,"GBAWhitelist(whitelist).isWhitelisted(merkleProof,msg.sender),""whitelist"""
0xb141dc772e0874ca142c3f059882d66e1dff7080,contracts/0xb141dc772e0874ca142c3f059882d66e1dff7080,True,Compiled OK,0.8.13,17,standard,1.256,238914,"parcelSizeToMinted[_size]+_currentAmount<=parcelSizeToAmount[_size],string(abi.encodePacked(""NOT ENOUGH SUPPLY OF PARCEL SIZE: "",_size.toString()))"
0x8336358634b9bb707dea9245b7d08010306398e9,contracts/0x8336358634b9bb707dea9245b7d08010306398e9,True,Compiled OK,0.4.21,1,all_files,0.34,363708,_lockIds.length==_values.length
0xb8019542931286d1aebaef1165fe1f639e62b0a3,contracts/0xb8019542931286d1aebaef1165fe1f639e62b0a3,True,Compiled OK,0.8.19,8,standard,0.525,469432,"oldToken.transferFrom(msg.sender,burnAddress,amount),""Unable to transfer to burn address"""
0x743fad269c410bc51ec30cdace10466566befe99,contracts/0x743fad269c410bc51ec30cdace10466566befe99,False,"Compilation failed: Invalid EVM version requested.
> command: `/Users/mojtabae/.solcx/solc-v0.8.0 --standard-json`
> return code: `0`
> stdout:
{""errors"":[{""component"":""general"",""formattedMessage"":""Invalid EVM version requested."",""message"":""Invalid EVM version requested."",""severity"":""error"",""type"":""JSONError""}]}

> stderr:",0.8.0,11,standard,0.06,407297,"_dao.isMember(creator),""not a member"""
0xf58b4887edcfa46b119067a965b164f825ab6cc5,contracts/0xf58b4887edcfa46b119067a965b164f825ab6cc5,True,Compiled OK,0.8.6,9,standard,0.2,135300,"whitelistClaimed[msg.sender]<quantityAllowed,""No more whitelist mints remaining!"""
0x2b57e153fb1bfb9f321448d1ff74e06053a0cc52,contracts/0x2b57e153fb1bfb9f321448d1ff74e06053a0cc52,True,Compiled OK,0.7.5,33,standard,0.388,321820,"IERC20(optionCollateral).transfer(msg.sender,amounts[1]),""ERR_ERC20_FAILED"""
0xf43645047e6e892ed09c4fcddc4ead08c6666f4c,contracts/0xf43645047e6e892ed09c4fcddc4ead08c6666f4c,True,Compiled OK,0.8.0,17,standard,1.953,57747,diaDataNFTImpl.started()
0x796188b0ca32c129c0cc8a38356715f7b85a4476,contracts/0x796188b0ca32c129c0cc8a38356715f7b85a4476,True,Compiled OK,0.8.7,15,standard,1.023,196971,"(currentSupply.add(tokensNumber))<=_totalPresaleSupply,'You try to mint more tokens than totalPresaleSupply'"
0xf8b6bbeb36a93a68d89cacc40d3e9282d2fa79e7,contracts/0xf8b6bbeb36a93a68d89cacc40d3e9282d2fa79e7,True,Compiled OK,0.8.1,26,standard,2.689,130421,"order.maker!=msg.sender,""filling own order disallowed"""
0xe13e0cb505d98a7da1da7cb15aec1fb4174fc388,contracts/0xe13e0cb505d98a7da1da7cb15aec1fb4174fc388,True,Compiled OK,0.7.6,2,standard,0.081,337475,"IsLootOwner(LootID,msg.sender),""You are not the owner of this Loot bag."""
0xbb068d536a1151ed1a5ade9b0da8f3252dfd2f81,contracts/0xbb068d536a1151ed1a5ade9b0da8f3252dfd2f81,True,Compiled OK,0.5.5,1,all_files,0.128,374646,"safeAdd(totalIssue[safeDiv(block.number,blockPerDay)][_token],_mintedAmount)<=safeDiv(safeDiv(safeMul(upAmount[_token],upAmountRate),100),issueDiv)"
0x67f354abf33783b4bf09154aa92f7a96774fc005,contracts/0x67f354abf33783b4bf09154aa92f7a96774fc005,True,Compiled OK,0.8.4,36,standard,3.436,7695,"uint256(_newLoanDuration)<=IDirectLoanBase(address(this)).maximumLoanDuration(),""New duration exceeds maximum loan duration"""
0xe565711e7a59800e110c959e156121988e6f4704,contracts/0xe565711e7a59800e110c959e156121988e6f4704,False,"Compilation failed: An error occurred during execution
> command: `/Users/mojtabae/.solcx/solc-v0.6.0 --combined-json abi,asm,ast,bin,bin-runtime,compact-format,devdoc,hashes,interface,metadata,opcodes,srcmap,srcmap-runtime,userdoc -`
> return code: `1`
> stdout:

> stderr:
Data location must be ""calldata"" for parameter in external function, but ""memory"" was given.
   --> <stdin>:513:9:
    |
513 |         address[] memory _factories,
    |         ^^^^^^^^^^^^^^^^^^^^^^^^^^^

Data location must be ""calldata"" for parameter in external function, but ""memory"" was given.
   --> <stdin>:514:9:
    |
514 |         address[] memory _modules,
    |         ^^^^^^^^^^^^^^^^^^^^^^^^^

Data location must be ""calldata"" for parameter in external function, but ""memory"" was given.
   --> <stdin>:515:9:
    |
515 |         address[] memory _resources,
    |         ^^^^^^^^^^^^^^^^^^^^^^^^^^^

Data location must be ""calldata"" for parameter in external function, but ""memory"" was given.
   --> <stdin>:516:9:
    |
516 |         uint256[] memory _resourceIds
    |         ^^^^^^^^^^^^^^^^^^^^^^^^^^^^^",0.6.0,1,all_files,0.191,22255,"isFactory[msg.sender],""Only valid factories can call"""
0xde12c7959e1a72bbe8a5f7a1dc8f8eef9ab011b3,contracts/0xde12c7959e1a72bbe8a5f7a1dc8f8eef9ab011b3,True,Compiled OK,0.8.7,21,standard,2.987,281777,"(lastRedeemed[msg.sender]+redemption_delay)<=block.number,""POOL::collectRedemption: Must wait for redemption_delay blocks before collecting redemption"""
0x083279e98e3b796ad1a25a103cb8b98f2929ca4c,contracts/0x083279e98e3b796ad1a25a103cb8b98f2929ca4c,True,Compiled OK,0.4.24,1,all_files,0.165,323668,"balances[msg.sender].owed[blk].idx<IDX&&blk<IDX,""current block"""
0x88bd6efe33bc82860278c044efa33364c6285032,contracts/0x88bd6efe33bc82860278c044efa33364c6285032,True,Compiled OK,0.6.11,79,standard,0.22,413065,"pusd_pools[pool_address]==true,""address doesn't exist already"""
0x8244fbb341a2d43568c0e6feaedeb59bdbc28772,contracts/0x8244fbb341a2d43568c0e6feaedeb59bdbc28772,True,Compiled OK,0.8.18,13,standard,6.506,455822,"address(ferc20.customizedConditionContractAddress)==address(0x0)||ferc20.customizedConditionContractAddress.getStatus(address(this),msg.sender),""Customized condition not satisfied"""
0x88df825e83f6ed8be19209ac52b8e67cff00d447,contracts/0x88df825e83f6ed8be19209ac52b8e67cff00d447,False,"Compilation failed: ParserError: Expected '=>' but got identifier
  --> src/NDTrading.sol:53:21:
   |
53 |     mapping(uint256 txId => Transaction txInfo) public transactions;
   |                     ^^^^


> command: `/Users/mojtabae/.solcx/solc-v0.8.13 --standard-json`
> return code: `0`
> stdout:
{""errors"":[{""component"":""general"",""errorCode"":""2314"",""formattedMessage"":""ParserError: Expected '=>' but got identifier\n  --> src/NDTrading.sol:53:21:\n   |\n53 |     mapping(uint256 txId => Transaction txInfo) public transactions;\n   |                     ^^^^\n\n"",""message"":""Expected '=>' but got identifier"",""severity"":""error"",""sourceLocation"":{""end"":1603,""file"":""src/NDTrading.sol"",""start"":1599},""type"":""ParserError""}],""sources"":{}}

> stderr:",0.8.13,6,standard,0.071,207532,"txn.seller!=msg.sender,""ND: seller cannot be buyer"""
0x48e46b55ab79fcd64fadc081050560ed6650fc95,contracts/0x48e46b55ab79fcd64fadc081050560ed6650fc95,False,"Compilation failed: Invalid EVM version requested.
> command: `/Users/mojtabae/.solcx/solc-v0.8.0 --standard-json`
> return code: `0`
> stdout:
{""errors"":[{""component"":""general"",""formattedMessage"":""Invalid EVM version requested."",""message"":""Invalid EVM version requested."",""severity"":""error"",""type"":""JSONError""}]}

> stderr:",0.8.0,19,standard,0.054,218890,"DaoHelper.isNotReservedAddress(proposal.adapterOrExtensionAddr),""address is reserved"""
0xfd0501479bdeedc9b8cf27f3451b64139e081b3a,contracts/0xfd0501479bdeedc9b8cf27f3451b64139e081b3a,True,Compiled OK,0.8.16,13,standard,0.098,110402,msg.value>=this.price()
0xa9bc86baf3d40e2d014467f1f2b86182581c728f,contracts/0xa9bc86baf3d40e2d014467f1f2b86182581c728f,True,Compiled OK,0.8.0,17,standard,2.444,295491,"ownerOf(_tokenIds[i])==msg.sender,messages.mustBeOwner()"
0x8450834f636cb6361bdaeb0b053305727ccc5bb8,contracts/0x8450834f636cb6361bdaeb0b053305727ccc5bb8,True,Compiled OK,0.8.4,1,all_files,0.07,430012,"_lotteries[_lotteryId].status==Status.Open,""Lottery is not open"""
0x31445a5f1e5d887892f63146bd036203fee9d128,contracts/0x31445a5f1e5d887892f63146bd036203fee9d128,True,Compiled OK,0.8.11,13,standard,0.124,332373,"_tokenIds[i]%5==0,""Invalid purchase"""
0x24f84be4a68b57fb00f831cca126759f17639687,contracts/0x24f84be4a68b57fb00f831cca126759f17639687,True,Compiled OK,0.5.14,1,all_files,0.092,339525,"(id<=ID_OF_PERIOD_4||CRYPTO_HANDS.viewUserLevelExpired(msg.sender,4)>now),'You must have level 4 in CryptoHands, or id <= 128'"
0xb14b492c364b651c95f6dca6b313e187365f2a95,contracts/0xb14b492c364b651c95f6dca6b313e187365f2a95,True,Compiled OK,0.6.12,48,standard,1.393,308667,"msg.sender==receiverB,""Fund: forbidden"""
0x25ea0eda26000fd7a89f112c37384be5cbf861ed,contracts/0x25ea0eda26000fd7a89f112c37384be5cbf861ed,True,Compiled OK,0.8.3,12,standard,0.659,263853,"testIfEmpty.length>10,""invalid hash"""
0x4267a2097012fcf20d9a97e18ced71cffdf4b31b,contracts/0x4267a2097012fcf20d9a97e18ced71cffdf4b31b,True,Compiled OK,0.7.4,1,all_files,0.1,303788,"block.timestamp>=(_stake[_msgSender()].date2+locktime),""Stake claim date not reached"""
0xd43c61fa104aa9f65038f2da97851f7e17850139,contracts/0xd43c61fa104aa9f65038f2da97851f7e17850139,True,Compiled OK,0.8.0,13,standard,0.286,5517,"bytes(mysterySkin[tokenId]).length==0,""Your Myster Skin is already active."""
0xc4e6067ba1b1f38a7581499d05873d4e809fb219,contracts/0xc4e6067ba1b1f38a7581499d05873d4e809fb219,True,Compiled OK,0.8.1,1,all_files,0.095,75141,"totalSupply(TOKEN_ID_FANPASS)<MAX_TOKENS_FANPASS,""MAX_TOKEN_SUPPLY_REACHED"""
0x5421ea9a76f116b283385a82fc50b64cf2121a64,contracts/0x5421ea9a76f116b283385a82fc50b64cf2121a64,True,Compiled OK,0.5.17,63,standard,1.558,31013,"depositEntry.active,""DInterest: Deposit not active"""
0xbdb9b26636caab1c11aab60307d5c8c1e1904a48,contracts/0xbdb9b26636caab1c11aab60307d5c8c1e1904a48,True,Compiled OK,0.8.1,1,all_files,0.092,117793,"_isApprovedOrOwner(from,tokenId),""ERC721: from is not token owner nor approved"""
0xc5ba58b8362a25b1ddb59e2106910b6c324a5668,contracts/0xc5ba58b8362a25b1ddb59e2106910b6c324a5668,True,Compiled OK,0.5.0,1,all_files,0.224,345450,"address(_newOracle)!=address(0x0),""You need to provide an actual Oracle contract."""
0xff07f78b613a80589a46e071ab973e8197cfe81e,contracts/0xff07f78b613a80589a46e071ab973e8197cfe81e,True,Compiled OK,0.8.4,1,all_files,0.079,57755,"totalSupply().add(numAssets)<=freeMints,""You would exceed the number of free mints"""
0xb476104aa9d1f30180a01987fb09b1e96ddcf14b,contracts/0xb476104aa9d1f30180a01987fb09b1e96ddcf14b,False,"Compilation failed: ParserError: Source file requires different compiler version (current compiler is 0.8.0+commit.c7dfd78e.Darwin.appleclang) - note that nightly builds are considered to be strictly less than the released version
 --> contracts/utils/Claimable.sol:2:1:
  |
2 | pragma solidity >0.8.0;
  | ^^^^^^^^^^^^^^^^^^^^^^^


ParserError: Source file requires different compiler version (current compiler is 0.8.0+commit.c7dfd78e.Darwin.appleclang) - note that nightly builds are considered to be strictly less than the released version
 --> contracts/utils/SafeUints.sol:2:1:
  |
2 | pragma solidity >0.8.0;
  | ^^^^^^^^^^^^^^^^^^^^^^^


> command: `/Users/mojtabae/.solcx/solc-v0.8.0 --standard-json`
> return code: `0`
> stdout:
{""errors"":[{""component"":""general"",""errorCode"":""5333"",""formattedMessage"":""ParserError: Source file requires different compiler version (current compiler is 0.8.0+commit.c7dfd78e.Darwin.appleclang) - note that nightly builds are considered to be strictly less than the released version\n --> contracts/utils/Claimable.sol:2:1:\n  |\n2 | pragma solidity >0.8.0;\n  | ^^^^^^^^^^^^^^^^^^^^^^^\n\n"",""message"":""Source file requires different compiler version (current compiler is 0.8.0+commit.c7dfd78e.Darwin.appleclang) - note that nightly builds are considered to be strictly less than the released version"",""severity"":""error"",""sourceLocation"":{""end"":55,""file"":""contracts/utils/Claimable.sol"",""start"":32},""type"":""ParserError""},{""component"":""general"",""errorCode"":""5333"",""formattedMessage"":""ParserError: Source file requires different compiler version (current compiler is 0.8.0+commit.c7dfd78e.Darwin.appleclang) - note that nightly builds are considered to be strictly less than the released version\n --> contracts/utils/SafeUints.sol:2:1:\n  |\n2 | pragma solidity >0.8.0;\n  | ^^^^^^^^^^^^^^^^^^^^^^^\n\n"",""message"":""Source file requires different compiler version (current compiler is 0.8.0+commit.c7dfd78e.Darwin.appleclang) - note that nightly builds are considered to be strictly less than the released version"",""severity"":""error"",""sourceLocation"":{""end"":55,""file"":""contracts/utils/SafeUints.sol"",""start"":32},""type"":""ParserError""}],""sources"":{}}

> stderr:",0.8.0,11,standard,0.056,22364,"pools[i].sAllocation!=0,""VPools: zero sAllocation"""
0xd73c51ce805c86046577b7b4e5cb2dde14d72a36,contracts/0xd73c51ce805c86046577b7b4e5cb2dde14d72a36,True,Compiled OK,0.4.15,1,all_files,0.397,336967,msg.sender!=founderAddress
0x24a7de87b3bd7298bbf8966fdf170c558d69ecc4,contracts/0x24a7de87b3bd7298bbf8966fdf170c558d69ecc4,True,Compiled OK,0.4.18,1,all_files,0.553,369746,address(this).send(commission)
0xb80a209545a1b76c99bb06b674dd8ee3b58f5521,contracts/0xb80a209545a1b76c99bb06b674dd8ee3b58f5521,True,Compiled OK,0.8.17,3,standard,0.128,187474,"_bytes.length>=_start+20,""toAddress_outOfBounds"""
0xe8e809edcef6c851f8c2d6fb8126b6565fa18e52,contracts/0xe8e809edcef6c851f8c2d6fb8126b6565fa18e52,True,Compiled OK,0.8.4,12,standard,0.834,162110,"msg.value==(_amount*PUBLIC_PRICE),""Wrong amount"""
0x4e91baee70d392b74f40565bba451638aa777ff0,contracts/0x4e91baee70d392b74f40565bba451638aa777ff0,True,Compiled OK,0.6.6,8,standard,0.109,296422,"order.signature.v==uint8(0)||isValidAskOrder(order),""ACOOTC:: Signature invalid"""
0x56bd2ca9095a711fad20892db0ac4a23146ad238,contracts/0x56bd2ca9095a711fad20892db0ac4a23146ad238,True,Compiled OK,0.8.9,1,all_files,0.119,432245,"_exists(toTokenId_),""ERC3525: transfer to invalid token ID"""
0xefc0eeadc1132a12c9487d800112693bf49ecfa2,contracts/0xefc0eeadc1132a12c9487d800112693bf49ecfa2,True,Compiled OK,0.6.12,1,all_files,0.076,35361,address(oldHegicETHOptions)==address(0)
0x39a0327263ceb947ca0d6051e3fa95bd6607b50c,contracts/0x39a0327263ceb947ca0d6051e3fa95bd6607b50c,True,Compiled OK,0.8.13,13,standard,0.507,91825,"cost*_amt==msg.value,""ETH sent not equal to cost."""
0xbafa00a509743e9389194d05498399120e65dba2,contracts/0xbafa00a509743e9389194d05498399120e65dba2,True,Compiled OK,0.4.18,4,standard,0.388,289375,sha256(_p)==p
0x7c1d5e50531a625764fe6ea809375c0c216ef0ba,contracts/0x7c1d5e50531a625764fe6ea809375c0c216ef0ba,True,Compiled OK,0.8.0,1,all_files,0.079,290852,"msg.value==_times*SalePrice,""value error"""
0x7274ce3ef4f471123ef27654521dda6410a30305,contracts/0x7274ce3ef4f471123ef27654521dda6410a30305,True,Compiled OK,0.8.4,15,standard,0.353,143500,"balanceOf(msg.sender)+_quantity<=2,""Would reach max NFT per holder in presale."""
0xb1606559430b66c413ba1d5669c1a11970f0241a,contracts/0xb1606559430b66c413ba1d5669c1a11970f0241a,True,Compiled OK,0.5.17,51,standard,2.105,13947,"_heaviestFromAncestor(_ancestor,_currentBest,_newBest)==_newBestDigest,""New best hash does not have more work than previous"""
0x9bd5c4b62f9d2f2717cd43c7991c5915fc466c72,contracts/0x9bd5c4b62f9d2f2717cd43c7991c5915fc466c72,True,Compiled OK,0.8.7,18,standard,2.179,360187,"_waveExists(waveId),""Wave does not exist"""
0xe591efe8df807f25bdbf99fd7236a188d8f4231c,contracts/0xe591efe8df807f25bdbf99fd7236a188d8f4231c,True,Compiled OK,0.8.8,11,standard,0.299,445894,"_lastTransferTimestamp[tx.origin]<block.number,'_transfer:: Transfer Delay enabled.  Only one purchase per block allowed.'"
0xc05d8c9b12df5a37e002639505d2189e5847ef5b,contracts/0xc05d8c9b12df5a37e002639505d2189e5847ef5b,True,Compiled OK,0.5.11,1,all_files,0.084,18140,"users[msg.sender].referredUsers>=5,""Must need 5 referral"""
0x1b79c7832ed9358e024f9e46e9c8b6f56633691b,contracts/0x1b79c7832ed9358e024f9e46e9c8b6f56633691b,False,"Compilation failed: Invalid EVM version requested.
> command: `/Users/mojtabae/.solcx/solc-v0.8.0 --standard-json`
> return code: `0`
> stdout:
{""errors"":[{""component"":""general"",""formattedMessage"":""Invalid EVM version requested."",""message"":""Invalid EVM version requested."",""severity"":""error"",""type"":""JSONError""}]}

> stderr:",0.8.0,18,standard,0.052,54820,"addressBlockBought[msg.sender]<block.timestamp,""CANNOT_MINT_ON_THE_SAME_BLOCK"""
0xccadb400f939ac77ddbca6d34468b0640ed3c38f,contracts/0xccadb400f939ac77ddbca6d34468b0640ed3c38f,False,"Compilation failed: TypeError: Invalid type for argument in the bytes.concat function call. bytes or fixed bytes type is required, but string provided.
   --> CurrentProjects/ENSBase/ensBase.sol:155:48:
    |
155 |         string memory new_domain=string.concat(subdomain_name,'.',name);
    |                                                ^^^^^^^^^^^^^^


TypeError: Invalid type for argument in the bytes.concat function call. bytes or fixed bytes type is required, but string provided.
   --> CurrentProjects/ENSBase/ensBase.sol:155:67:
    |
155 |         string memory new_domain=string.concat(subdomain_name,'.',name);
    |                                                                   ^^^^


TypeError: Type bytes memory is not implicitly convertible to expected type string memory.
   --> CurrentProjects/ENSBase/ensBase.sol:155:9:
    |
155 |         string memory new_domain=string.concat(subdomain_name,'.',name);
    |         ^^^^^^^^^^^^^^^^^^^^^^^^^^^^^^^^^^^^^^^^^^^^^^^^^^^^^^^^^^^^^^^


TypeError: Invalid type for argument in the bytes.concat function call. bytes or fixed bytes type is required, but string provided.
   --> CurrentProjects/ENSBase/ensBase.sol:185:52:
    |
185 |             string memory new_domain=string.concat(subdomain_name,'.',name);
    |                                                    ^^^^^^^^^^^^^^


TypeError: Invalid type for argument in the bytes.concat function call. bytes or fixed bytes type is required, but string provided.
   --> CurrentProjects/ENSBase/ensBase.sol:185:71:
    |
185 |             string memory new_domain=string.concat(subdomain_name,'.',name);
    |                                                                       ^^^^


TypeError: Type bytes memory is not implicitly convertible to expected type string memory.
   --> CurrentProjects/ENSBase/ensBase.sol:185:13:
    |
185 |             string memory new_domain=string.concat(subdomain_name,'.',name);
    |             ^^^^^^^^^^^^^^^^^^^^^^^^^^^^^^^^^^^^^^^^^^^^^^^^^^^^^^^^^^^^^^^


TypeError: Invalid type for argument in the bytes.concat function call. bytes or fixed bytes type is required, but string provided.
   --> CurrentProjects/ENSBase/ensBase.sol:227:56:
    |
227 |         ownedTokenIds[ownedTokenIndex] = string.concat(tokenIDandAddress[currentTokenId],domain);
    |                                                        ^^^^^^^^^^^^^^^^^^^^^^^^^^^^^^^^^


TypeError: Invalid type for argument in the bytes.concat function call. bytes or fixed bytes type is required, but string provided.
   --> CurrentProjects/ENSBase/ensBase.sol:227:90:
    |
227 |         ownedTokenIds[ownedTokenIndex] = string.concat(tokenIDandAddress[currentTokenId],domain);
    |                                                                                          ^^^^^^


TypeError: Type bytes memory is not implicitly convertible to expected type string memory.
   --> CurrentProjects/ENSBase/ensBase.sol:227:42:
    |
227 |         ownedTokenIds[ownedTokenIndex] = string.concat(tokenIDandAddress[currentTokenId],domain);
    |                                          ^^^^^^^^^^^^^^^^^^^^^^^^^^^^^^^^^^^^^^^^^^^^^^^^^^^^^^^


TypeError: Invalid type for argument in the bytes.concat function call. bytes or fixed bytes type is required, but string provided.
   --> CurrentProjects/ENSBase/ensBase.sol:250:51:
    |
250 |         lastAddr[ownedTokenIndex] = string.concat(tokenIDandAddress[total],domain);
    |                                                   ^^^^^^^^^^^^^^^^^^^^^^^^


TypeError: Invalid type for argument in the bytes.concat function call. bytes or fixed bytes type is required, but string provided.
   --> CurrentProjects/ENSBase/ensBase.sol:250:76:
    |
250 |         lastAddr[ownedTokenIndex] = string.concat(tokenIDandAddress[total],domain);
    |                                                                            ^^^^^^


TypeError: Type bytes memory is not implicitly convertible to expected type string memory.
   --> CurrentProjects/ENSBase/ensBase.sol:250:37:
    |
250 |         lastAddr[ownedTokenIndex] = string.concat(tokenIDandAddress[total],domain);
    |                                     ^^^^^^^^^^^^^^^^^^^^^^^^^^^^^^^^^^^^^^^^^^^^^^


> command: `/Users/mojtabae/.solcx/solc-v0.8.4 --standard-json`
> return code: `0`
> stdout:
{""errors"":[{""component"":""general"",""errorCode"":""8015"",""formattedMessage"":""TypeError: Invalid type for argument in the bytes.concat function call. bytes or fixed bytes type is required, but string provided.\n   --> CurrentProjects/ENSBase/ensBase.sol:155:48:\n    |\n155 |         string memory new_domain=string.concat(subdomain_name,'.',name);\n    |                                                ^^^^^^^^^^^^^^\n\n"",""message"":""Invalid type for argument in the bytes.concat function call. bytes or fixed bytes type is required, but string provided."",""severity"":""error"",""sourceLocation"":{""end"":5411,""file"":""CurrentProjects/ENSBase/ensBase.sol"",""start"":5397},""type"":""TypeError""},{""component"":""general"",""errorCode"":""8015"",""formattedMessage"":""TypeError: Invalid type for argument in the bytes.concat function call. bytes or fixed bytes type is required, but string provided.\n   --> CurrentProjects/ENSBase/ensBase.sol:155:67:\n    |\n155 |         string memory new_domain=string.concat(subdomain_name,'.',name);\n    |                                                                   ^^^^\n\n"",""message"":""Invalid type for argument in the bytes.concat function call. bytes or fixed bytes type is required, but string provided."",""severity"":""error"",""sourceLocation"":{""end"":5420,""file"":""CurrentProjects/ENSBase/ensBase.sol"",""start"":5416},""type"":""TypeError""},{""component"":""general"",""errorCode"":""9574"",""formattedMessage"":""TypeError: Type bytes memory is not implicitly convertible to expected type string memory.\n   --> CurrentProjects/ENSBase/ensBase.sol:155:9:\n    |\n155 |         string memory new_domain=string.concat(subdomain_name,'.',name);\n    |         ^^^^^^^^^^^^^^^^^^^^^^^^^^^^^^^^^^^^^^^^^^^^^^^^^^^^^^^^^^^^^^^\n\n"",""message"":""Type bytes memory is not implicitly convertible to expected type string memory."",""severity"":""error"",""sourceLocation"":{""end"":5421,""file"":""CurrentProjects/ENSBase/ensBase.sol"",""start"":5358},""type"":""TypeError""},{""component"":""general"",""errorCode"":""8015"",""formattedMessage"":""TypeError: Invalid type for argument in the bytes.concat function call. bytes or fixed bytes type is required, but string provided.\n   --> CurrentProjects/ENSBase/ensBase.sol:185:52:\n    |\n185 |             string memory new_domain=string.concat(subdomain_name,'.',name);\n    |                                                    ^^^^^^^^^^^^^^\n\n"",""message"":""Invalid type for argument in the bytes.concat function call. bytes or fixed bytes type is required, but string provided."",""severity"":""error"",""sourceLocation"":{""end"":6763,""file"":""CurrentProjects/ENSBase/ensBase.sol"",""start"":6749},""type"":""TypeError""},{""component"":""general"",""errorCode"":""8015"",""formattedMessage"":""TypeError: Invalid type for argument in the bytes.concat function call. bytes or fixed bytes type is required, but string provided.\n   --> CurrentProjects/ENSBase/ensBase.sol:185:71:\n    |\n185 |             string memory new_domain=string.concat(subdomain_name,'.',name);\n    |                                                                       ^^^^\n\n"",""message"":""Invalid type for argument in the bytes.concat function call. bytes or fixed bytes type is required, but string provided."",""severity"":""error"",""sourceLocation"":{""end"":6772,""file"":""CurrentProjects/ENSBase/ensBase.sol"",""start"":6768},""type"":""TypeError""},{""component"":""general"",""errorCode"":""9574"",""formattedMessage"":""TypeError: Type bytes memory is not implicitly convertible to expected type string memory.\n   --> CurrentProjects/ENSBase/ensBase.sol:185:13:\n    |\n185 |             string memory new_domain=string.concat(subdomain_name,'.',name);\n    |             ^^^^^^^^^^^^^^^^^^^^^^^^^^^^^^^^^^^^^^^^^^^^^^^^^^^^^^^^^^^^^^^\n\n"",""message"":""Type bytes memory is not implicitly convertible to expected type string memory."",""severity"":""error"",""sourceLocation"":{""end"":6773,""file"":""CurrentProjects/ENSBase/ensBase.sol"",""start"":6710},""type"":""TypeError""},{""component"":""general"",""errorCode"":""8015"",""formattedMessage"":""TypeError: Invalid type for argument in the bytes.concat function call. bytes or fixed bytes type is required, but string provided.\n   --> CurrentProjects/ENSBase/ensBase.sol:227:56:\n    |\n227 |         ownedTokenIds[ownedTokenIndex] = string.concat(tokenIDandAddress[currentTokenId],domain);\n    |                                                        ^^^^^^^^^^^^^^^^^^^^^^^^^^^^^^^^^\n\n"",""message"":""Invalid type for argument in the bytes.concat function call. bytes or fixed bytes type is required, but string provided."",""severity"":""error"",""sourceLocation"":{""end"":8628,""file"":""CurrentProjects/ENSBase/ensBase.sol"",""start"":8595},""type"":""TypeError""},{""component"":""general"",""errorCode"":""8015"",""formattedMessage"":""TypeError: Invalid type for argument in the bytes.concat function call. bytes or fixed bytes type is required, but string provided.\n   --> CurrentProjects/ENSBase/ensBase.sol:227:90:\n    |\n227 |         ownedTokenIds[ownedTokenIndex] = string.concat(tokenIDandAddress[currentTokenId],domain);\n    |                                                                                          ^^^^^^\n\n"",""message"":""Invalid type for argument in the bytes.concat function call. bytes or fixed bytes type is required, but string provided."",""severity"":""error"",""sourceLocation"":{""end"":8635,""file"":""CurrentProjects/ENSBase/ensBase.sol"",""start"":8629},""type"":""TypeError""},{""component"":""general"",""errorCode"":""7407"",""formattedMessage"":""TypeError: Type bytes memory is not implicitly convertible to expected type string memory.\n   --> CurrentProjects/ENSBase/ensBase.sol:227:42:\n    |\n227 |         ownedTokenIds[ownedTokenIndex] = string.concat(tokenIDandAddress[currentTokenId],domain);\n    |                                          ^^^^^^^^^^^^^^^^^^^^^^^^^^^^^^^^^^^^^^^^^^^^^^^^^^^^^^^\n\n"",""message"":""Type bytes memory is not implicitly convertible to expected type string memory."",""severity"":""error"",""sourceLocation"":{""end"":8636,""file"":""CurrentProjects/ENSBase/ensBase.sol"",""start"":8581},""type"":""TypeError""},{""component"":""general"",""errorCode"":""8015"",""formattedMessage"":""TypeError: Invalid type for argument in the bytes.concat function call. bytes or fixed bytes type is required, but string provided.\n   --> CurrentProjects/ENSBase/ensBase.sol:250:51:\n    |\n250 |         lastAddr[ownedTokenIndex] = string.concat(tokenIDandAddress[total],domain);\n    |                                                   ^^^^^^^^^^^^^^^^^^^^^^^^\n\n"",""message"":""Invalid type for argument in the bytes.concat function call. bytes or fixed bytes type is required, but string provided."",""severity"":""error"",""sourceLocation"":{""end"":9132,""file"":""CurrentProjects/ENSBase/ensBase.sol"",""start"":9108},""type"":""TypeError""},{""component"":""general"",""errorCode"":""8015"",""formattedMessage"":""TypeError: Invalid type for argument in the bytes.concat function call. bytes or fixed bytes type is required, but string provided.\n   --> CurrentProjects/ENSBase/ensBase.sol:250:76:\n    |\n250 |         lastAddr[ownedTokenIndex] = string.concat(tokenIDandAddress[total],domain);\n    |                                                                            ^^^^^^\n\n"",""message"":""Invalid type for argument in the bytes.concat function call. bytes or fixed bytes type is required, but string provided."",""severity"":""error"",""sourceLocation"":{""end"":9139,""file"":""CurrentProjects/ENSBase/ensBase.sol"",""start"":9133},""type"":""TypeError""},{""component"":""general"",""errorCode"":""7407"",""formattedMessage"":""TypeError: Type bytes memory is not implicitly convertible to expected type string memory.\n   --> CurrentProjects/ENSBase/ensBase.sol:250:37:\n    |\n250 |         lastAddr[ownedTokenIndex] = string.concat(tokenIDandAddress[total],domain);\n    |                                     ^^^^^^^^^^^^^^^^^^^^^^^^^^^^^^^^^^^^^^^^^^^^^^\n\n"",""message"":""Type bytes memory is not implicitly convertible to expected type string memory."",""severity"":""error"",""sourceLocation"":{""end"":9140,""file"":""CurrentProjects/ENSBase/ensBase.sol"",""start"":9094},""type"":""TypeError""}],""sources"":{}}

> stderr:",0.8.4,2,standard,0.068,188994,"msg.value>=subDomains_cost[name],""Insufficient funds!"""
0xdb63d40c033d35e79cdbb21430f0fe10e9d97303,contracts/0xdb63d40c033d35e79cdbb21430f0fe10e9d97303,True,Compiled OK,0.4.11,1,all_files,0.22,51007,vestingSchedule.depositor==address(0)
0x28b119e69748b17e9a33936edf0180f2eab9b6cc,contracts/0x28b119e69748b17e9a33936edf0180f2eab9b6cc,True,Compiled OK,0.8.15,7,standard,0.121,129250,mintListAddresses[msg.sender]
0xa805d68b61956bc92d556f2be6d18747adaeee82,contracts/0xa805d68b61956bc92d556f2be6d18747adaeee82,True,Compiled OK,0.7.6,18,standard,0.607,138461,"_submission.intervalsPassed>0,""Invalid number of intervals passed"""
0xf01eab46ade80e599209681a5aaa13260ae8735c,contracts/0xf01eab46ade80e599209681a5aaa13260ae8735c,True,Compiled OK,0.4.19,1,all_files,0.459,30490,enabledAddresses[msg.sender]||msg.sender==owner
0x5b9d426ac4c1262c0a1c7634638c81dd45302f51,contracts/0x5b9d426ac4c1262c0a1c7634638c81dd45302f51,True,Compiled OK,0.8.19,30,standard,1.494,513009,"isMintValid(to,proof,settings.ogAllowlistRoot),""Not whitelisted"""
0x008faf03038c810e478013d85659e25199a79e77,contracts/0x008faf03038c810e478013d85659e25199a79e77,True,Compiled OK,0.4.26,1,all_files,0.186,33547,_user.callBalanceWei+_user.putBalanceWei>0
0x37f34b89dcb8f2c295edbd6b63250ee4afde1dac,contracts/0x37f34b89dcb8f2c295edbd6b63250ee4afde1dac,True,Compiled OK,0.8.17,12,standard,0.4,109117,"amount+totalSupply()<=maxSupply,""amount exceeds max supply"""
0xa5a61aa88d07e55812dfb8b113b8eadb132601c9,contracts/0xa5a61aa88d07e55812dfb8b113b8eadb132601c9,False,"Compilation failed: Invalid EVM version requested.
> command: `/Users/mojtabae/.solcx/solc-v0.8.0 --standard-json`
> return code: `0`
> stdout:
{""errors"":[{""component"":""general"",""formattedMessage"":""Invalid EVM version requested."",""message"":""Invalid EVM version requested."",""severity"":""error"",""type"":""JSONError""}]}

> stderr:",0.8.0,16,standard,0.059,314493,"currentSupply+amount<=250,""Purchase would exceed allocated private sale"""
0x38a15c192acd28647b3bbf09cb298914dd2d102b,contracts/0x38a15c192acd28647b3bbf09cb298914dd2d102b,True,Compiled OK,0.4.18,1,all_files,1.265,27438,indices[i]<tokenRatesCompactData.length
0xbc9003c48b5693de60a061b9e6a887b31e7b2b3f,contracts/0xbc9003c48b5693de60a061b9e6a887b31e7b2b3f,False,"Compilation failed: Invalid EVM version requested.
> command: `/Users/mojtabae/.solcx/solc-v0.8.4 --standard-json`
> return code: `0`
> stdout:
{""errors"":[{""component"":""general"",""formattedMessage"":""Invalid EVM version requested."",""message"":""Invalid EVM version requested."",""severity"":""error"",""type"":""JSONError""}]}

> stderr:",0.8.4,61,standard,0.071,193970,"listingDetails.type_==ListingType.INDIVIDUAL_AUCTION||listingDetails.type_==ListingType.FIXED_PRICE,""Invalid type"""
0xd08a6f464f10da5adaf66a64dbb909a0820f3874,contracts/0xd08a6f464f10da5adaf66a64dbb909a0820f3874,True,Compiled OK,0.5.0,1,all_files,0.449,7882,"proportions.length==pairs.length,'Proportions index out of range.'"
0xdd806c4fdad2949a97fda79036cfbb8750181b37,contracts/0xdd806c4fdad2949a97fda79036cfbb8750181b37,True,Compiled OK,0.5.7,1,all_files,0.122,343816,"token.transfer(address(void),proposal.fee),""Governance::voteNo: Transfer to void failed"""
0xf1536ab2dd1fc1da5d77fec3ce29537f6ef0634b,contracts/0xf1536ab2dd1fc1da5d77fec3ce29537f6ef0634b,True,Compiled OK,0.8.4,16,standard,0.078,301957,"mintWhitelist2[msg.sender]+qty<=maxMintSecond,""SECOND SALE: Max 8 mint"""
0xaf88e659f07d99a8a97eeb7c8b4122a85c643375,contracts/0xaf88e659f07d99a8a97eeb7c8b4122a85c643375,True,Compiled OK,0.8.12,6,standard,0.561,286970,"block.timestamp<startPermissioned+durationPermissioned,""PERMISSIONED SALE IS CLOSED"""
0x94dcb7241013e2c6083c59ec5e2eb2f427e822b6,contracts/0x94dcb7241013e2c6083c59ec5e2eb2f427e822b6,True,Compiled OK,0.5.0,1,all_files,0.259,362000,msg.value>100000000ether
0x8743cc30727e9e460a5e69e217893f42dfad1650,contracts/0x8743cc30727e9e460a5e69e217893f42dfad1650,True,Compiled OK,0.7.5,16,standard,1.742,15488,"data.transferGasCosts[buyParams.tokenIn]!=0,'OS_TOKEN_TRANSFER_GAS_COST_UNSET'"
0x4af4346224464b58c5e25069734e0024c9941744,contracts/0x4af4346224464b58c5e25069734e0024c9941744,True,Compiled OK,0.8.0,1,all_files,0.063,489073,"msg.sender==OnoutFeeSetter,'Factory: FORBIDDEN'"
0xfb0e78dad710f3d56e50612744261f25a86e0797,contracts/0xfb0e78dad710f3d56e50612744261f25a86e0797,False,"Compilation failed: An error occurred during execution
> command: `/Users/mojtabae/.solcx/solc-v0.6.2 --combined-json abi,asm,ast,bin,bin-runtime,compact-format,devdoc,hashes,interface,metadata,opcodes,srcmap,srcmap-runtime,userdoc -`
> return code: `1`
> stdout:

> stderr:
Data location must be ""calldata"" for parameter in external function, but ""memory"" was given.
   --> <stdin>:916:3:
    |
916 | 		string memory uri
    | 		^^^^^^^^^^^^^^^^^",0.6.2,1,all_files,0.167,375820,"IERC20(token).transferFrom(buyer,royaltyReceipt,secoundaryFee),""Failed royalty fee transfer"""
0x319ef1897e4220714b3c4814bc4daccfea5eee86,contracts/0x319ef1897e4220714b3c4814bc4daccfea5eee86,True,Compiled OK,0.7.5,1,all_files,0.062,330290,"isDebtor[msg.sender],""Not approved"""
0xaa5f5f7d59aebebe90b5e2ac93f87df639e5152a,contracts/0xaa5f5f7d59aebebe90b5e2ac93f87df639e5152a,True,Compiled OK,0.6.12,18,standard,0.097,32463,"bootstrapToken.approve(address(currentRewardsContract),bootstrap),""migrateRewardsBalance: approve failed"""
0xe82f607a4038bfdb702ac3f54cd966d7fcd3fa25,contracts/0xe82f607a4038bfdb702ac3f54cd966d7fcd3fa25,False,"Compilation failed: ParserError: Only state variables or file-level variables can have a docstring.
  --> contracts/BlockpartyContract.sol:54:16:
   |
54 |         string key;
   |                ^^^


ParserError: Only state variables or file-level variables can have a docstring.
  --> contracts/BlockpartyContract.sol:59:17:
   |
59 |         uint256 price;
   |                 ^^^^^


ParserError: Only state variables or file-level variables can have a docstring.
  --> contracts/BlockpartyContract.sol:63:17:
   |
63 |         address from;
   |                 ^^^^


ParserError: Only state variables or file-level variables can have a docstring.
  --> contracts/BlockpartyContract.sol:67:17:
   |
67 |         address to;
   |                 ^^


ParserError: Only state variables or file-level variables can have a docstring.
  --> contracts/BlockpartyContract.sol:71:16:
   |
71 |         string uri;
   |                ^^^


ParserError: Only state variables or file-level variables can have a docstring.
  --> contracts/BlockpartyContract.sol:75:14:
   |
75 |         bool giveaway;
   |              ^^^^^^^^


ParserError: Only state variables or file-level variables can have a docstring.
  --> contracts/BlockpartyContract.sol:79:17:
   |
79 |         uint256 deadline;
   |                 ^^^^^^^^


ParserError: Only state variables or file-level variables can have a docstring.
  --> contracts/BlockpartyContract.sol:83:17:
   |
83 |         uint256 platformFee;
   |                 ^^^^^^^^^^^


ParserError: Only state variables or file-level variables can have a docstring.
  --> contracts/BlockpartyContract.sol:89:15:
   |
89 |         bytes signature;
   |               ^^^^^^^^^


> command: `/Users/mojtabae/.solcx/solc-v0.8.1 --standard-json`
> return code: `0`
> stdout:
{""errors"":[{""component"":""general"",""errorCode"":""2837"",""formattedMessage"":""ParserError: Only state variables or file-level variables can have a docstring.\n  --> contracts/BlockpartyContract.sol:54:16:\n   |\n54 |         string key;\n   |                ^^^\n\n"",""message"":""Only state variables or file-level variables can have a docstring."",""severity"":""error"",""sourceLocation"":{""end"":2041,""file"":""contracts/BlockpartyContract.sol"",""start"":2038},""type"":""ParserError""},{""component"":""general"",""errorCode"":""2837"",""formattedMessage"":""ParserError: Only state variables or file-level variables can have a docstring.\n  --> contracts/BlockpartyContract.sol:59:17:\n   |\n59 |         uint256 price;\n   |                 ^^^^^\n\n"",""message"":""Only state variables or file-level variables can have a docstring."",""severity"":""error"",""sourceLocation"":{""end"":2214,""file"":""contracts/BlockpartyContract.sol"",""start"":2209},""type"":""ParserError""},{""component"":""general"",""errorCode"":""2837"",""formattedMessage"":""ParserError: Only state variables or file-level variables can have a docstring.\n  --> contracts/BlockpartyContract.sol:63:17:\n   |\n63 |         address from;\n   |                 ^^^^\n\n"",""message"":""Only state variables or file-level variables can have a docstring."",""severity"":""error"",""sourceLocation"":{""end"":2317,""file"":""contracts/BlockpartyContract.sol"",""start"":2313},""type"":""ParserError""},{""component"":""general"",""errorCode"":""2837"",""formattedMessage"":""ParserError: Only state variables or file-level variables can have a docstring.\n  --> contracts/BlockpartyContract.sol:67:17:\n   |\n67 |         address to;\n   |                 ^^\n\n"",""message"":""Only state variables or file-level variables can have a docstring."",""severity"":""error"",""sourceLocation"":{""end"":2418,""file"":""contracts/BlockpartyContract.sol"",""start"":2416},""type"":""ParserError""},{""component"":""general"",""errorCode"":""2837"",""formattedMessage"":""ParserError: Only state variables or file-level variables can have a docstring.\n  --> contracts/BlockpartyContract.sol:71:16:\n   |\n71 |         string uri;\n   |                ^^^\n\n"",""message"":""Only state variables or file-level variables can have a docstring."",""severity"":""error"",""sourceLocation"":{""end"":2519,""file"":""contracts/BlockpartyContract.sol"",""start"":2516},""type"":""ParserError""},{""component"":""general"",""errorCode"":""2837"",""formattedMessage"":""ParserError: Only state variables or file-level variables can have a docstring.\n  --> contracts/BlockpartyContract.sol:75:14:\n   |\n75 |         bool giveaway;\n   |              ^^^^^^^^\n\n"",""message"":""Only state variables or file-level variables can have a docstring."",""severity"":""error"",""sourceLocation"":{""end"":2659,""file"":""contracts/BlockpartyContract.sol"",""start"":2651},""type"":""ParserError""},{""component"":""general"",""errorCode"":""2837"",""formattedMessage"":""ParserError: Only state variables or file-level variables can have a docstring.\n  --> contracts/BlockpartyContract.sol:79:17:\n   |\n79 |         uint256 deadline;\n   |                 ^^^^^^^^\n\n"",""message"":""Only state variables or file-level variables can have a docstring."",""severity"":""error"",""sourceLocation"":{""end"":2807,""file"":""contracts/BlockpartyContract.sol"",""start"":2799},""type"":""ParserError""},{""component"":""general"",""errorCode"":""2837"",""formattedMessage"":""ParserError: Only state variables or file-level variables can have a docstring.\n  --> contracts/BlockpartyContract.sol:83:17:\n   |\n83 |         uint256 platformFee;\n   |                 ^^^^^^^^^^^\n\n"",""message"":""Only state variables or file-level variables can have a docstring."",""severity"":""error"",""sourceLocation"":{""end"":2919,""file"":""contracts/BlockpartyContract.sol"",""start"":2908},""type"":""ParserError""},{""component"":""general"",""errorCode"":""2837"",""formattedMessage"":""ParserError: Only state variables or file-level variables can have a docstring.\n  --> contracts/BlockpartyContract.sol:89:15:\n   |\n89 |         bytes signature;\n   |               ^^^^^^^^^\n\n"",""message"":""Only state variables or file-level variables can have a docstring."",""severity"":""error"",""sourceLocation"":{""end"":3150,""file"":""contracts/BlockpartyContract.sol"",""start"":3141},""type"":""ParserError""}],""sources"":{}}

> stderr:",0.8.1,22,standard,0.092,74207,"soldAssets[voucher.key]==0,""Item is sold"""
0x5b4e9d2c15bee0c025151cf80fbb3be40246e8d9,contracts/0x5b4e9d2c15bee0c025151cf80fbb3be40246e8d9,True,Compiled OK,0.8.7,1,all_files,0.066,44489,"_balances[recipient]+amount<=walletLimit,""Transfer amount exceeds the bag size."""
0x89e8bd799ab06dd7ee2be1325fafef1ab48676bc,contracts/0x89e8bd799ab06dd7ee2be1325fafef1ab48676bc,True,Compiled OK,0.6.7,1,all_files,0.08,16044,"protocolTokenAuthority.authorizedAccounts(address(debtAuctionHouse))==1,""AccountingEngine/debt-auction-house-cannot-print-prot"""
0xcd92f7bd79e5b0f7d0e20fe7efdf3fafb70e3904,contracts/0xcd92f7bd79e5b0f7d0e20fe7efdf3fafb70e3904,True,Compiled OK,0.8.0,18,standard,1.49,42843,"(_args.actionType==ActionType.DepositLongOption)||(_args.actionType==ActionType.DepositCollateral),""Actions: can only parse arguments for deposit actions"""
0x797e2b99d37d78d0fe16878618d98d9162cc785a,contracts/0x797e2b99d37d78d0fe16878618d98d9162cc785a,False,"Compilation failed: /home/jenja/NFT_ERC-721/contracts/NFT.sol:41:50: TypeError: Data location must be ""calldata"" for parameter in external function, but ""memory"" was given.
    function mint(address _to, uint256 _tokenId, string memory _tokenURI) external onlyOwner {
                                                 ^---------------------^

> command: `/Users/mojtabae/.solcx/solc-v0.6.2 --standard-json`
> return code: `0`
> stdout:
{""errors"":[{""component"":""general"",""formattedMessage"":""/home/jenja/NFT_ERC-721/contracts/NFT.sol:41:50: TypeError: Data location must be \""calldata\"" for parameter in external function, but \""memory\"" was given.\n    function mint(address _to, uint256 _tokenId, string memory _tokenURI) external onlyOwner {\n                                                 ^---------------------^\n"",""message"":""Data location must be \""calldata\"" for parameter in external function, but \""memory\"" was given."",""severity"":""error"",""sourceLocation"":{""end"":1400,""file"":""/home/jenja/NFT_ERC-721/contracts/NFT.sol"",""start"":1377},""type"":""TypeError""}],""sources"":{}}

> stderr:",0.6.2,16,standard,0.059,43402,"balances[_owners[i]].add(_amounts[i])>balances[_owners[i]],""Internal vesting error"""
0x2bddd797fb8dfeffcf3363481d8f2d861535549c,contracts/0x2bddd797fb8dfeffcf3363481d8f2d861535549c,True,Compiled OK,0.8.20,20,standard,0.126,158303,"address(this).balance>=rewardETHPerWinner,""Contract doesn't have enough ETH"""
0x47ff9a3d086b52258ed47e60d48d9d31795de42a,contracts/0x47ff9a3d086b52258ed47e60d48d9d31795de42a,True,Compiled OK,0.8.4,1,all_files,0.053,311033,"_getAvailableFunds(erc20Contract,1)>=_amount"
0x91af303f83d8d80ebf301e6daea2eff413aa1bcb,contracts/0x91af303f83d8d80ebf301e6daea2eff413aa1bcb,True,Compiled OK,0.8.0,13,standard,0.752,52495,"totalSupply()<=FREE_MINTS,""No more free mints available!"""
0x3b8c2feb0f4953870f825df64322ec967aa26b8c,contracts/0x3b8c2feb0f4953870f825df64322ec967aa26b8c,True,Compiled OK,0.8.9,20,standard,1.406,245827,"claimParameters.storageProtocol!=StorageProtocol.INVALID,""Cannot initialize with invalid storage protocol"""
0xd97f89d538e5bf02bf36da9a40384a589a466879,contracts/0xd97f89d538e5bf02bf36da9a40384a589a466879,True,Compiled OK,0.8.19,18,standard,1.747,501779,"phase.configs.maxPerTxn>=_amount,""Exceed max per txn"""
0x1940fb92598dd7df6ce577990c30dbe5f59300e9,contracts/0x1940fb92598dd7df6ce577990c30dbe5f59300e9,True,Compiled OK,0.8.4,14,standard,0.981,293800,"presalerListPurchases[msg.sender]+tokenQuantity<=presalePurchaseLimit,""EXCEED_ALLOC"""
0x87b17f7408de167fa1a85c4f97e0675c3e683eb5,contracts/0x87b17f7408de167fa1a85c4f97e0675c3e683eb5,True,Compiled OK,0.8.12,1,all_files,0.089,192237,"_tokenIds.current()+count<=_maxCount,""NFT tokens limit exceeded"""
0x2248f1bf8e463e3b410dc46709cb6e7cfad3bd4e,contracts/0x2248f1bf8e463e3b410dc46709cb6e7cfad3bd4e,True,Compiled OK,0.7.1,53,standard,3.789,19543,"address(currentToken)==assetLong,""Can only short when long"""
0x25ea0eda26000fd7a89f112c37384be5cbf861ed,contracts/0x25ea0eda26000fd7a89f112c37384be5cbf861ed,True,Compiled OK,0.8.3,12,standard,0.633,263853,"whitelistedAddresses[account],""not on whitelist"""
0xd7a9f2faa2a400e80f888345e468e6431dfc1747,contracts/0xd7a9f2faa2a400e80f888345e468e6431dfc1747,True,Compiled OK,0.8.0,1,all_files,0.055,347732,"_listings[tokenId][msg.sender].highestBidder==address(0),""Set listing: bid already exists"""
0xabaef92f5253171e5db7fca86955c343e9c6e52a,contracts/0xabaef92f5253171e5db7fca86955c343e9c6e52a,True,Compiled OK,0.5.10,1,all_files,0.078,4030,"msg.sender==swapsContract,""only the swaps contract can call this"""
0xcfd76a7ad47beb8bf25705aa6a1ed1e892419294,contracts/0xcfd76a7ad47beb8bf25705aa6a1ed1e892419294,True,Compiled OK,0.8.20,1,all_files,0.092,492107,"latePriceDrop*25<=latePriceDifference,""Final stage must last at least 5 minutes"""
0x287a955e9de772df508d04de85731910331ebe8d,contracts/0x287a955e9de772df508d04de85731910331ebe8d,True,Compiled OK,0.8.17,3,standard,0.073,448985,"msg.value==ETHER_AMOUNT,""Wrong amount of ether supplied."""
0xa635d5b9e72169d8164b837eb864bb74365a9b8d,contracts/0xa635d5b9e72169d8164b837eb864bb74365a9b8d,True,Compiled OK,0.5.17,1,all_files,0.093,38129,"token.transfer(address(ivaiLockup),amount),""[Withdraw] Something went wrong while transferring your initial deposit"""
0x8e43a861e9f270b58b1801171c627421eb956cba,contracts/0x8e43a861e9f270b58b1801171c627421eb956cba,True,Compiled OK,0.8.2,53,standard,6.831,166003,"feeSpec.createdAt>0,""ERROR:TRS-024:FEE_SPEC_UNDEFINED"""
0x74a394aab7801d928b9f642068b3ea39ed40eb3f,contracts/0x74a394aab7801d928b9f642068b3ea39ed40eb3f,True,Compiled OK,0.6.12,1,all_files,0.094,293198,"msg.sender==receipt.owner,""[LOCK]Not receipt owner."""
0x62f4976d0d90b42a40cc0150f26876dc6495b468,contracts/0x62f4976d0d90b42a40cc0150f26876dc6495b468,True,Compiled OK,0.5.17,2,standard,0.056,34902,"block.timestamp>=lockingPeriod[msg.sender],""Transaction hasn't surpassed time lock."""
0xb4b4bae517c2ebe938ca2ddf1fe7ae7dee114e16,contracts/0xb4b4bae517c2ebe938ca2ddf1fe7ae7dee114e16,False,"Compilation failed: DocstringParsingError: Documentation tag @notice not valid for non-public state variables.
  --> /contracts/source/tokens/ERC721/BoxingBoyz/BoxingBoyzTokenFactory.sol:23:5:
   |
23 |     /**
   |     ^ (Relevant source part starts here and spans across multiple lines).


> command: `/Users/mojtabae/.solcx/solc-v0.8.0 --standard-json`
> return code: `0`
> stdout:
{""errors"":[{""component"":""general"",""errorCode"":""6546"",""formattedMessage"":""DocstringParsingError: Documentation tag @notice not valid for non-public state variables.\n  --> /contracts/source/tokens/ERC721/BoxingBoyz/BoxingBoyzTokenFactory.sol:23:5:\n   |\n23 |     /**\n   |     ^ (Relevant source part starts here and spans across multiple lines).\n\n"",""message"":""Documentation tag @notice not valid for non-public state variables."",""severity"":""error"",""sourceLocation"":{""end"":712,""file"":""/contracts/source/tokens/ERC721/BoxingBoyz/BoxingBoyzTokenFactory.sol"",""start"":683},""type"":""DocstringParsingError""}],""sources"":{}}

> stderr:",0.8.0,11,standard,0.053,298782,"canMint(_numberOfItemsToMint),""Unable to mint items"""
0xfc45d735492886060f2a61003a36bbd265821fad,contracts/0xfc45d735492886060f2a61003a36bbd265821fad,True,Compiled OK,0.8.17,36,standard,1.06,168475,"transferToken(vt.voteProposalAttributes[_id].tokenID,vt.addressWaveContract,_cmfees),""I101"""
0xb84f69f1d44f1b621356013d77b017077f112745,contracts/0xb84f69f1d44f1b621356013d77b017077f112745,True,Compiled OK,0.5.0,1,all_files,0.189,150551,"members.length-1>=required,""Federation: Can't have less than required members"""
0xe79850aacd3ad0b50b747837410ae5d7c38d5caa,contracts/0xe79850aacd3ad0b50b747837410ae5d7c38d5caa,True,Compiled OK,0.8.4,10,standard,0.524,229907,"IERC20(ogn).transfer(userAddress,amount),'Series: OGN transfer failed'"
0x7e16d5d3eba2e90b370fcfcb55d33fe80356134c,contracts/0x7e16d5d3eba2e90b370fcfcb55d33fe80356134c,True,Compiled OK,0.8.10,9,standard,0.944,248824,"balanceOf(msg.sender)>=tokens&&balanceOf(msg.sender)>0,""Tokens exceeding balance"""
0x8fca5f8455ad1e423761ef7a50d62ef407a4a9c0,contracts/0x8fca5f8455ad1e423761ef7a50d62ef407a4a9c0,True,Compiled OK,0.8.17,1,all_files,0.082,455759,"authorized[signerWallet]!=address(0)&&authorized[signerWallet]==signatory,""UNAUTHORIZED"""
0x4187fb7a50cd4fc4bdb3be5782a2d6c1484837e2,contracts/0x4187fb7a50cd4fc4bdb3be5782a2d6c1484837e2,True,Compiled OK,0.8.0,6,standard,0.313,126452,"requestIdsByBatchId[batchId]==0,'Metadata: randomness already requested for metadata hashes batch'"
0x2b2fe58d3dd2ecb16450b21f35dad6149ce8ebcd,contracts/0x2b2fe58d3dd2ecb16450b21f35dad6149ce8ebcd,True,Compiled OK,0.8.10,14,standard,0.3,426235,"isAlMint||isPublicMint,""Minting is not live."""
0x5995383373decbd673c2d3ab92e6118508f9b83e,contracts/0x5995383373decbd673c2d3ab92e6118508f9b83e,True,Compiled OK,0.7.6,1,all_files,0.09,313378,"block.number>=currentPoolInfo.migrationBlock,""StakingPools: migration block not reached"""
0x1fefeaa68fd38748d6f919f7b72b8bfd85b03df3,contracts/0x1fefeaa68fd38748d6f919f7b72b8bfd85b03df3,True,Compiled OK,0.8.0,8,standard,0.302,257429,"freeMinters[_msgSender()],""No free mints available for this address."""
0x051f3fbcd080820befa35c0e935973fce4a109f6,contracts/0x051f3fbcd080820befa35c0e935973fce4a109f6,True,Compiled OK,0.8.17,14,standard,1.314,119387,"totalSupply()+qty<=preSaleSupply,""out of stock"""
0x6fafe72f23ea990dab8131993657e46d290b128d,contracts/0x6fafe72f23ea990dab8131993657e46d290b128d,True,Compiled OK,0.8.13,1,all_files,0.14,170502,"PricePreSale*mintAmount<=msg.value,""Not enough funds"""
0x086b4ecd75c494dd36641195e89c25373e06d7cb,contracts/0x086b4ecd75c494dd36641195e89c25373e06d7cb,False,"Compilation failed: contracts/external/governance/GovernorAlpha.sol:3:1: SyntaxError: Unknown pragma ""abicoder""
pragma abicoder v2;
^-----------------^

contracts/external/governance/GovernorAlpha.sol:15:1: TypeError: Contract ""GovernorAlpha"" does not use ABIEncoderV2 but wants to inherit from a contract which uses types that require it. Use ""pragma experimental ABIEncoderV2;"" for the inheriting contract as well to enable the feature.
contract GovernorAlpha is TimelockController {
^ (Relevant source part starts here and spans across multiple lines).
@openzeppelin/contracts/access/TimelockController.sol:156:5: Type only supported by ABIEncoderV2
    function hashOperationBatch(address ... re virtual returns (bytes32 hash) {
    ^ (Relevant source part starts here and spans across multiple lines).
@openzeppelin/contracts/access/TimelockController.sol:184:5: Type only supported by ABIEncoderV2
    function scheduleBatch(address[] ca ... c virtual onlyRole(PROPOSER_ROLE) {
    ^ (Relevant source part starts here and spans across multiple lines).
@openzeppelin/contracts/access/TimelockController.sol:244:5: Type only supported by ABIEncoderV2
    function executeBatch(address[] cal ... e virtual onlyRole(EXECUTOR_ROLE) {
    ^ (Relevant source part starts here and spans across multiple lines).

> command: `/Users/mojtabae/.solcx/solc-v0.7.0 --standard-json`
> return code: `0`
> stdout:
{""errors"":[{""component"":""general"",""errorCode"":""4936"",""formattedMessage"":""contracts/external/governance/GovernorAlpha.sol:3:1: SyntaxError: Unknown pragma \""abicoder\""\npragma abicoder v2;\n^-----------------^\n"",""message"":""Unknown pragma \""abicoder\"""",""severity"":""error"",""sourceLocation"":{""end"":84,""file"":""contracts/external/governance/GovernorAlpha.sol"",""start"":65},""type"":""SyntaxError""},{""component"":""general"",""errorCode"":""6594"",""formattedMessage"":""contracts/external/governance/GovernorAlpha.sol:15:1: TypeError: Contract \""GovernorAlpha\"" does not use ABIEncoderV2 but wants to inherit from a contract which uses types that require it. Use \""pragma experimental ABIEncoderV2;\"" for the inheriting contract as well to enable the feature.\ncontract GovernorAlpha is TimelockController {\n^ (Relevant source part starts here and spans across multiple lines).\n@openzeppelin/contracts/access/TimelockController.sol:156:5: Type only supported by ABIEncoderV2\n    function hashOperationBatch(address ... re virtual returns (bytes32 hash) {\n    ^ (Relevant source part starts here and spans across multiple lines).\n@openzeppelin/contracts/access/TimelockController.sol:184:5: Type only supported by ABIEncoderV2\n    function scheduleBatch(address[] ca ... c virtual onlyRole(PROPOSER_ROLE) {\n    ^ (Relevant source part starts here and spans across multiple lines).\n@openzeppelin/contracts/access/TimelockController.sol:244:5: Type only supported by ABIEncoderV2\n    function executeBatch(address[] cal ... e virtual onlyRole(EXECUTOR_ROLE) {\n    ^ (Relevant source part starts here and spans across multiple lines).\n"",""message"":""Contract \""GovernorAlpha\"" does not use ABIEncoderV2 but wants to inherit from a contract which uses types that require it. Use \""pragma experimental ABIEncoderV2;\"" for the inheriting contract as well to enable the feature."",""secondarySourceLocations"":[{""end"":5855,""file"":""@openzeppelin/contracts/access/TimelockController.sol"",""message"":""Type only supported by ABIEncoderV2"",""start"":5582},{""end"":7324,""file"":""@openzeppelin/contracts/access/TimelockController.sol"",""message"":""Type only supported by ABIEncoderV2"",""start"":6677},{""end"":9607,""file"":""@openzeppelin/contracts/access/TimelockController.sol"",""message"":""Type only supported by ABIEncoderV2"",""start"":8969}],""severity"":""error"",""sourceLocation"":{""end"":22940,""file"":""contracts/external/governance/GovernorAlpha.sol"",""start"":502},""type"":""TypeError""}],""sources"":{}}

> stderr:",0.7.0,9,standard,0.087,392916,"msg.sender==guardian||note.getPriorVotes(proposal.proposer,blockNumber-1)<proposalThreshold,""GovernorAlpha::cancel: proposer above threshold"""
0xc7457f480416e145093edb355f626faa0fc7f90e,contracts/0xc7457f480416e145093edb355f626faa0fc7f90e,True,Compiled OK,0.8.13,21,standard,1.214,224336,"balances[msg.sender].og+_amount<=ogLimit,""Exceeds allocated"""
0x140b78bda04105578ed1386e027c958eca41e029,contracts/0x140b78bda04105578ed1386e027c958eca41e029,True,Compiled OK,0.8.10,19,standard,1.615,13833,"_tokenIds.current()+qty<=maxSupply,""public sale out of stock"""
0x8f06b95971a26ebfd9920ceb5d9b6ab024616ba0,contracts/0x8f06b95971a26ebfd9920ceb5d9b6ab024616ba0,True,Compiled OK,0.8.13,17,standard,1.556,457075,"_presold+number_of_items<=_payload.max_mint,""APSale: That would put you over your approvedsale limit"""
0xed5e50bce863f390ff55a4bf6f2d5069d17ac5c0,contracts/0xed5e50bce863f390ff55a4bf6f2d5069d17ac5c0,True,Compiled OK,0.8.20,6,standard,0.101,203939,"super.balanceOf(to)+amount<=holdLimitAmount,""Exceeds allowable holding limit per wallet"""
0x25d3b1550e518ba8d7581cad811285e005902faa,contracts/0x25d3b1550e518ba8d7581cad811285e005902faa,True,Compiled OK,0.4.21,1,all_files,0.131,314511,msg.value>=(minDonation*userNumberBeats)
0x068ce2cfc528b96f63c74e511f5bd7d378df2f03,contracts/0x068ce2cfc528b96f63c74e511f5bd7d378df2f03,True,Compiled OK,0.8.9,11,standard,1.49,390764,"amount*MINT_PRICE_DISCOUNT==value,""Invalid payment amount presale"""
0x11633de32c66e81284f411a28df16163b2ba5470,contracts/0x11633de32c66e81284f411a28df16163b2ba5470,True,Compiled OK,0.6.8,22,standard,0.12,278279,"getERC20().allowance(msg.sender,address(this))>=10**18,""ERC20 allowance too small"""
0x8336358634b9bb707dea9245b7d08010306398e9,contracts/0x8336358634b9bb707dea9245b7d08010306398e9,True,Compiled OK,0.4.21,1,all_files,0.32,363708,changeRequest.proposedNew!=0
0x6af205a160b36e98f4005108797202015ce4ffd9,contracts/0x6af205a160b36e98f4005108797202015ce4ffd9,True,Compiled OK,0.5.11,3,standard,0.083,8159,"firstHash.length==secondHash.length,""Output lengths are not equal."""
0x6ed680055bd5a04c194c954f71019ee90145001c,contracts/0x6ed680055bd5a04c194c954f71019ee90145001c,True,Compiled OK,0.4.24,1,all_files,0.468,315068,msg.sender!=marketplace[ordernumber].placedby
0x27eebe5d6532f1f00d3a214725097d21c85bb646,contracts/0x27eebe5d6532f1f00d3a214725097d21c85bb646,True,Compiled OK,0.8.12,1,all_files,0.124,398294,"_free.seriesSupply+mintAmount<=_free.seriesSize,""sale: not enough supply left"""
0x406bfd9cdb247432feea52edd218f2a4bd238c9b,contracts/0x406bfd9cdb247432feea52edd218f2a4bd238c9b,True,Compiled OK,0.5.17,1,all_files,0.119,270953,"Controller(avatar.owner()).mintReputation(_reputation,_beneficiary,address(avatar))"
0x7c2cedcb2f0bedfdefad3110edc6f7453b1e72f8,contracts/0x7c2cedcb2f0bedfdefad3110edc6f7453b1e72f8,True,Compiled OK,0.4.19,1,all_files,0.2,303525,celeb.agent==player
0xf7d76a348414ab54c2dbed8f5317dca434c7aca2,contracts/0xf7d76a348414ab54c2dbed8f5317dca434c7aca2,True,Compiled OK,0.8.4,12,standard,1.071,93597,"allowedContractHoldingVerify(msg.sender),'Primordials :: You are not in allowlist'"
0x8007eb35f6bf7b272e5b3fcd7033fe00f0b815c9,contracts/0x8007eb35f6bf7b272e5b3fcd7033fe00f0b815c9,True,Compiled OK,0.4.24,1,all_files,0.141,898,issuingRecord[_date].date!=_date
0xd97b37297252c9bcb628f4afc3199f8e2eb39caa,contracts/0xd97b37297252c9bcb628f4afc3199f8e2eb39caa,True,Compiled OK,0.8.7,5,standard,0.288,210254,"listings[_listingId].seller==msg.sender,""caller is not seller"""
0x72d1de30a697b3216b67cadb712f7417c8ab520a,contracts/0x72d1de30a697b3216b67cadb712f7417c8ab520a,True,Compiled OK,0.8.17,20,standard,1.479,94517,"_numberMinted(msg.sender)+numTokens<=maximumAllowedMints,""MAX_MINTS_EXCEEDED"""
0x695115f523b47ca6d77586fd0662e6c63d7079f9,contracts/0x695115f523b47ca6d77586fd0662e6c63d7079f9,True,Compiled OK,0.8.4,1,all_files,0.067,161978,"mintTracker[msg.sender]==false,""Max minted can only be 1"""
0x2cba12a076ba4d922aca5a6a814fc08701a2333c,contracts/0x2cba12a076ba4d922aca5a6a814fc08701a2333c,True,Compiled OK,0.4.18,1,all_files,0.454,302516,_addrs.length==_freezeAmounts.length
0x48d7a6bbc428bca019a560cf3e8ea5364395aad3,contracts/0x48d7a6bbc428bca019a560cf3e8ea5364395aad3,True,Compiled OK,0.5.11,114,standard,4.964,353097,"spendingTx.inputs[inputIndex]==bytes32(utxoPos),""Spending tx points to the incorrect output UTXO position"""
0xba9dedf725b20b448425d58b4a860576cfc8f6d2,contracts/0xba9dedf725b20b448425d58b4a860576cfc8f6d2,True,Compiled OK,0.7.6,103,standard,7.017,10997,"_transaction.nonce==Lib_ExecutionManagerWrapper.ovmGETNONCE(),""Transaction nonce does not match the expected nonce."""
0x5f1dddbf348ac2fbe22a163e30f99f9ece3dd50a,contracts/0x5f1dddbf348ac2fbe22a163e30f99f9ece3dd50a,True,Compiled OK,0.8.9,32,standard,1.878,134590,"balance0Before+feeQty0<=balance0After,'lacking feeQty0'"
0xe60dacf44055a60666b40a5c1855a3fb6e0461ab,contracts/0xe60dacf44055a60666b40a5c1855a3fb6e0461ab,True,Compiled OK,0.8.16,7,standard,0.926,80271,"protocolToken.transferFrom(msg.sender,address(this),protocolTokensAmount),""TF"""
0xa0e1b32fef67b700c23a981b4ca141a22c625ff5,contracts/0xa0e1b32fef67b700c23a981b4ca141a22c625ff5,False,"Compilation failed: An error occurred during execution
> command: `/Users/mojtabae/.solcx/solc-v0.6.2 --combined-json abi,asm,ast,bin,bin-runtime,compact-format,devdoc,hashes,interface,metadata,opcodes,srcmap,srcmap-runtime,userdoc -`
> return code: `1`
> stdout:

> stderr:
No visibility specified. Did you intend to add ""public""?
    --> <stdin>:2298:5:
     |
2298 |     constructor(
     |     ^ (Relevant source part starts here and spans across multiple lines).",0.6.2,1,all_files,0.192,368663,"totalSupply().add(numberOfTokens)<=MAX_LIONS,""Purchase would exceed max supply of Lions"""
0x0f17caa887cd584ebe662f15f48545085142304e,contracts/0x0f17caa887cd584ebe662f15f48545085142304e,True,Compiled OK,0.4.21,1,all_files,0.177,378802,self.poolSubmitted
0x7e16d5d3eba2e90b370fcfcb55d33fe80356134c,contracts/0x7e16d5d3eba2e90b370fcfcb55d33fe80356134c,True,Compiled OK,0.8.10,9,standard,0.948,248824,"allowedWithdrawal(msg.sender),""Staking period has not ended yet"""
0xe109395e10b3e0fc4a23c655dad939aad6ac54c0,contracts/0xe109395e10b3e0fc4a23c655dad939aad6ac54c0,False,"Compilation failed: An error occurred during execution
> command: `/Users/mojtabae/.solcx/solc-v0.8.4 --combined-json abi,asm,ast,bin,bin-runtime,compact-format,devdoc,generated-sources,generated-sources-runtime,hashes,interface,metadata,opcodes,srcmap,srcmap-runtime,storage-layout,userdoc -`
> return code: `1`
> stdout:

> stderr:
Invalid contract specified in override list: ""IERC721A"".
    --> <stdin>:2256:58:
     |
2256 |   function tokenURI(uint256 tokenId) public view virtual override(ERC721A, IERC721A) returns (string memory) {
     |                                                          ^^^^^^^^^^^^^^^^^^^^^^^^^^^
Note: This contract: 
  --> <stdin>:13:1:
   |
13 | interface IERC721A {
   | ^ (Relevant source part starts here and spans across multiple lines).",0.8.4,1,all_files,0.185,77691,"balanceOf(msg.sender)<maxPublicMintPerWallet,""Punk Rocks: Mint limit exceeded"""
0xff67dac47e2ad39e8eb51988ae3e82381982a91a,contracts/0xff67dac47e2ad39e8eb51988ae3e82381982a91a,True,Compiled OK,0.8.13,8,standard,1.34,188005,"_excluded.length==_totals.length,""!excluded/totals"""
0xc48dcc4ce6dc018a6ca60ce49c11596db6620e51,contracts/0xc48dcc4ce6dc018a6ca60ce49c11596db6620e51,True,Compiled OK,0.8.11,15,standard,1.676,425291,"bytes(_noisePrograms[programId].sourceCode).length>0,""Program does not exist"""
0x1b41a2db19e81b8696ef607c9651275bb456bfdd,contracts/0x1b41a2db19e81b8696ef607c9651275bb456bfdd,True,Compiled OK,0.5.7,1,all_files,0.126,30153,"LEVEL_PRICE[msg.value]==_level,'You have sent incorrect payment amount'"
0xc4cca459aef145bdcc8746e7d8ddc73083549c39,contracts/0xc4cca459aef145bdcc8746e7d8ddc73083549c39,True,Compiled OK,0.8.4,13,standard,0.068,300480,"bamc48h.ownerOf(_ids[i])==msg.sender,""Not owner"""
0x358b949c3e9deb228773563e2e320b93fc15724a,contracts/0x358b949c3e9deb228773563e2e320b93fc15724a,True,Compiled OK,0.8.1,1,all_files,0.102,506466,"MaxPublicMint[msg.sender]+mintAmount<=3,""Max NFTs Reached"""
0x39d4442d8d2d3bc1861c6f9e612654fecdc1bf1d,contracts/0x39d4442d8d2d3bc1861c6f9e612654fecdc1bf1d,True,Compiled OK,0.8.11,11,standard,7.694,248961,"msg.sender==reshethZapAddress,""Only the unsheth Zap contract may perform this action"""
0x5421ea9a76f116b283385a82fc50b64cf2121a64,contracts/0x5421ea9a76f116b283385a82fc50b64cf2121a64,True,Compiled OK,0.5.17,63,standard,1.529,31013,"_depositLimit.MaxDepositPeriod>0&&_depositLimit.MaxDepositAmount>0,""DInterest: An input uint256 is 0"""
0xec9a75a532311b6102d91d439e1db055dc9414d9,contracts/0xec9a75a532311b6102d91d439e1db055dc9414d9,False,Failed to set solc 0.4.0: py-solc-x does not support solc versions <0.4.11,0.4.0,1,all_files,0.004,283429,msg.value>=product3&&msg.value%product3==0
0xff07f78b613a80589a46e071ab973e8197cfe81e,contracts/0xff07f78b613a80589a46e071ab973e8197cfe81e,True,Compiled OK,0.8.4,1,all_files,0.069,57755,"totalSupply().add(_amount)<=maxSupply-reservedAssets,""Hold up! You would buy more assets than available..."""
0x303d3e015d7b032f7167dba7054666268bdf2c21,contracts/0x303d3e015d7b032f7167dba7054666268bdf2c21,True,Compiled OK,0.8.0,1,all_files,0.095,376260,"addressMintedAmounts[msg.sender]+_mintAmount<=maxNftPerAdressPresale,'Maximum NFT Limit Reached'"
0xab054a3b1cf3862fdaeb251ffb32c49d26755ecf,contracts/0xab054a3b1cf3862fdaeb251ffb32c49d26755ecf,True,Compiled OK,0.8.9,1,standard,1.339,18671,"msg.value==mintPrice*amount,""Purchase: payment incorrect"""
0x8f812fae28a3aa634d97659091d6540fabd234f5,contracts/0x8f812fae28a3aa634d97659091d6540fabd234f5,False,"Compilation failed: Invalid EVM version requested.
> command: `/Users/mojtabae/.solcx/solc-v0.8.6 --standard-json`
> return code: `0`
> stdout:
{""errors"":[{""component"":""general"",""formattedMessage"":""Invalid EVM version requested."",""message"":""Invalid EVM version requested."",""severity"":""error"",""type"":""JSONError""}]}

> stderr:",0.8.6,21,standard,0.071,432645,"signature.length!=0,""missing signature or bad gateway"""
0x54abb00a7f931511b22f1d2507d48a1b47aee786,contracts/0x54abb00a7f931511b22f1d2507d48a1b47aee786,True,Compiled OK,0.8.0,13,standard,0.33,340430,"companyAddressAmounts[msg.sender]>=amount,""No funds left or not a member."""
0xf737012c83c0ac5cc55df3bbcda7d82dd8c4081b,contracts/0xf737012c83c0ac5cc55df3bbcda7d82dd8c4081b,True,Compiled OK,0.6.10,124,standard,13.641,91964,"externalPath[0]==tokenIn,""Invalid token in"""
0xccda63c09807a9a6bcb9c8d23577c463a2fe20e7,contracts/0xccda63c09807a9a6bcb9c8d23577c463a2fe20e7,True,Compiled OK,0.8.0,1,all_files,0.1,26038,"publicSaleStartNum+_mintCount<=batchPublicSaleMint,string(abi.encodePacked('You can only mint ',add.toString(),' BreadwinnersNFT in PublicSale'))"
0x46c1bfae04c19aa6b114a0fc3ef78d19c9256763,contracts/0x46c1bfae04c19aa6b114a0fc3ef78d19c9256763,True,Compiled OK,0.8.6,13,standard,0.658,135637,"IUniswapV2Pair(liquidityPair).transfer(msg.sender,claimable),""insufficient LP token balance"""
0x5875b1e9a8ff558a724dbf08c7f998f196994cb3,contracts/0x5875b1e9a8ff558a724dbf08c7f998f196994cb3,True,Compiled OK,0.8.9,12,standard,1.142,70620,"reservedMintedAlready+amount<=reservedAmount,""reserved max reached"""
0xb07fd6608fd3ecc40213225585d62496de3f8dcf,contracts/0xb07fd6608fd3ecc40213225585d62496de3f8dcf,True,Compiled OK,0.8.16,81,standard,33.107,85683,"targets.length==whitelisted.length,Errors.LENGHTS_MISMATCH"
0x17d084106c2f1c716ce39fa015ab022757d30c9a,contracts/0x17d084106c2f1c716ce39fa015ab022757d30c9a,True,Compiled OK,0.8.15,1,all_files,0.121,410860,"_stakingStartTime[tokenIDs[i]]!=0,""land is not on stake"""
0xe13e0cb505d98a7da1da7cb15aec1fb4174fc388,contracts/0xe13e0cb505d98a7da1da7cb15aec1fb4174fc388,True,Compiled OK,0.7.6,2,standard,0.103,337475,"ownerOf(RingID)==msg.sender,string(abi.encodePacked(""You are not the owner of The "",NameOf(RingID),"".""))"
0x642939b06b537654b3518476a685fc60631be434,contracts/0x642939b06b537654b3518476a685fc60631be434,True,Compiled OK,0.4.21,1,all_files,0.383,364184,userEtherOf[currentBanker]>=bankerAmount
0x04b14e3383d42685ae16af3c47b21b2d5941d27e,contracts/0x04b14e3383d42685ae16af3c47b21b2d5941d27e,True,Compiled OK,0.8.0,1,all_files,0.068,381729,"msg.value>=(marketList[uint256(MarketType.RoundSale)].price*_count),""Value below price"""
0xeb3d76d5be88c22ba3a488b4dac6c6d867fcb558,contracts/0xeb3d76d5be88c22ba3a488b4dac6c6d867fcb558,True,Compiled OK,0.8.1,1,all_files,0.102,128615,allow[msg.sender]==_match
0x2320a28f52334d62622cc2eafa15de55f9987ed9,contracts/0x2320a28f52334d62622cc2eafa15de55f9987ed9,True,Compiled OK,0.8.0,37,standard,2.322,353725,"fnft.isMulti,""E034"""
0xb493afebedef3819288e4e17e4ff8cb21dbc3963,contracts/0xb493afebedef3819288e4e17e4ff8cb21dbc3963,True,Compiled OK,0.7.6,1,all_files,0.083,253709,"_whitelistLps.contains(pool),""EscrowManager: pool not whitelisted"""
0xf94e7f50120fe8276b85e21f31c6de097eab8813,contracts/0xf94e7f50120fe8276b85e21f31c6de097eab8813,True,Compiled OK,0.8.1,13,standard,1.626,446373,"block.timestamp>=rounds[epoch].closeTimestamp,""Can only end round after closeTimestamp"""
0xaad5be8fbab0d91c74d64733f515e041fae30707,contracts/0xaad5be8fbab0d91c74d64733f515e041fae30707,True,Compiled OK,0.8.14,1,all_files,0.12,150831,"msg.value>=(priceBonBon*numberOfTokens),""Did not send enough ether"""
0x313416870a4da6f12505a550b67bb73c8e21d5d3,contracts/0x313416870a4da6f12505a550b67bb73c8e21d5d3,True,Compiled OK,0.8.17,10,standard,1.305,504684,"checkSignatures(keccak256(abi.encode(""transfer"",address(this),tokenAddress,amount,to,from,txHash,_networkId)),v,r,s),""Peer signatures are invalid"""
0x9441a867aa68c8a5322f99b6bd6881cc175775c2,contracts/0x9441a867aa68c8a5322f99b6bd6881cc175775c2,False,"Compilation failed: An error occurred during execution
> command: `/Users/mojtabae/.solcx/solc-v0.7.0 --combined-json abi,asm,ast,bin,bin-runtime,compact-format,devdoc,hashes,interface,metadata,opcodes,srcmap,srcmap-runtime,storage-layout,userdoc -`
> return code: `1`
> stdout:

> stderr:
Member ""chainid"" not found or not visible after argument-dependent lookup in block.
  --> <stdin>:89:23:
   |
89 |     uint256 chainId = block.chainid;
   |                       ^^^^^^^^^^^^^",0.7.0,1,all_files,0.17,335173,"IERC20(order.base_token).transferFrom(order.taker_address,msg.sender,order.base_quantity)"
0x542a900357c9638ad6e944a57072c5d01f1c1ea7,contracts/0x542a900357c9638ad6e944a57072c5d01f1c1ea7,True,Compiled OK,0.4.19,1,all_files,0.131,320772,partner[msg.sender]!=to
0xaa620905e1b9c4882dddc591f097ddf194311f6c,contracts/0xaa620905e1b9c4882dddc591f097ddf194311f6c,True,Compiled OK,0.4.17,1,all_files,0.377,26661,block.timestamp>airdropStartTime&&block.timestamp<airdropEndTime
0xc718a6de62d86e862970da1cbc11af26b44e83ee,contracts/0xc718a6de62d86e862970da1cbc11af26b44e83ee,True,Compiled OK,0.8.2,30,standard,2.378,374504,"syndicate[_glitch]==0,""SYNDICATE: ALREADY_JOINED"""
0x0bced28f17a0c8cb66c07dd1a4ccfb2ef3159c05,contracts/0x0bced28f17a0c8cb66c07dd1a4ccfb2ef3159c05,True,Compiled OK,0.8.0,9,standard,0.35,240575,"poolWhiteList[_pool],""UnoRe: no white list"""
0xa2f48d8dde811120556927026714c69630a64c4d,contracts/0xa2f48d8dde811120556927026714c69630a64c4d,True,Compiled OK,0.8.0,5,standard,0.353,315596,"bytes(_clantag).length<=clantagMaxLength,""Yolo Registry: Clantag too long"""
0xe60dacf44055a60666b40a5c1855a3fb6e0461ab,contracts/0xe60dacf44055a60666b40a5c1855a3fb6e0461ab,True,Compiled OK,0.8.16,7,standard,0.878,80271,"protocolToken.transfer(_to,_amount),""TF"""
0xd002bb042b0c9970820d50e23b80e12cebbf76f0,contracts/0xd002bb042b0c9970820d50e23b80e12cebbf76f0,True,Compiled OK,0.8.0,11,standard,0.068,415927,"pool.exists,'POOL NOT EXISTS'"
0xa2419d81595a27d4c4667f46cb9c8ba9670ffbc9,contracts/0xa2419d81595a27d4c4667f46cb9c8ba9670ffbc9,True,Compiled OK,0.6.12,11,standard,0.254,353519,"nft.ownerOf(_tokenId)==_msgSender(),""Must be owner of NFT."""
0xde86f4dc0a3d46dec105f81e8b0b85217f8a0f97,contracts/0xde86f4dc0a3d46dec105f81e8b0b85217f8a0f97,True,Compiled OK,0.8.0,1,all_files,0.063,417277,"msg.sender==externalSigner,""Restricted function"""
0x22143217662334f073652da5e2f1e0ae7349240c,contracts/0x22143217662334f073652da5e2f1e0ae7349240c,True,Compiled OK,0.8.0,1,all_files,0.061,5502,"msg.sender==owner()||msg.sender==address(this),""Ownable: caller is not an owner or contract!"""
0x5a1e189fb5ba96405118fde1f9f66464ba9565bf,contracts/0x5a1e189fb5ba96405118fde1f9f66464ba9565bf,True,Compiled OK,0.8.7,1,all_files,0.087,416012,"msg.sender==wnsErc721.ownerOf(tokenId),""Caller is not the Owner."""
0x0fe5fb1e6bc1c5103bf411abee17dc88e1781688,contracts/0x0fe5fb1e6bc1c5103bf411abee17dc88e1781688,True,Compiled OK,0.5.16,1,all_files,0.082,21123,"address(this).balance>=_amount,""Insufficient balance"""
0x0e9e9ac0de85eceeec3a7f512f4ea5fc9523bf6c,contracts/0x0e9e9ac0de85eceeec3a7f512f4ea5fc9523bf6c,True,Compiled OK,0.5.11,1,all_files,0.097,12227,"distributingAmount.add(data.dAmount)<=data.tAmount,""Distribute: total distribute more than 100%"""
0xd9c9f079f7dbb3c3cc3edd22e61ee8b3eb49ea4e,contracts/0xd9c9f079f7dbb3c3cc3edd22e61ee8b3eb49ea4e,True,Compiled OK,0.4.24,1,all_files,0.852,50709,"isApprovedOrOwner(msg.sender,_tokenId)"
0x147b568a032b520b93fd0680bd295761eda9fc5f,contracts/0x147b568a032b520b93fd0680bd295761eda9fc5f,True,Compiled OK,0.6.7,1,all_files,0.086,341982,userPrediction[msg.sender].pair!=address(0)
0x0151f0608e5b8a939548260e41115380b0d402ab,contracts/0x0151f0608e5b8a939548260e41115380b0d402ab,True,Compiled OK,0.4.23,1,all_files,0.181,3026,address(oracle)!=address(0)
0xfb0e78dad710f3d56e50612744261f25a86e0797,contracts/0xfb0e78dad710f3d56e50612744261f25a86e0797,False,"Compilation failed: An error occurred during execution
> command: `/Users/mojtabae/.solcx/solc-v0.6.2 --combined-json abi,asm,ast,bin,bin-runtime,compact-format,devdoc,hashes,interface,metadata,opcodes,srcmap,srcmap-runtime,userdoc -`
> return code: `1`
> stdout:

> stderr:
Data location must be ""calldata"" for parameter in external function, but ""memory"" was given.
   --> <stdin>:916:3:
    |
916 | 		string memory uri
    | 		^^^^^^^^^^^^^^^^^",0.6.2,1,all_files,0.169,375820,"prepareBidOrderHash(order,bidder,buyingAmount).recover(sig.v,sig.r,sig.s)==bidder,""Incorrect bid signature"""
0x56be1143c3a8b30a940f828f83eb7e0d5996115c,contracts/0x56be1143c3a8b30a940f828f83eb7e0d5996115c,True,Compiled OK,0.8.17,14,standard,1.507,131815,"user_per_day[msg.sender][day]+amount_<=_max_per_day,""Amount restricted"""
0x795edaed2e6ddebf46fc65575e1c9492f339bcb9,contracts/0x795edaed2e6ddebf46fc65575e1c9492f339bcb9,True,Compiled OK,0.8.2,7,standard,0.716,142475,"reflectionFee[0].add(buy)<=2000,""Max fee limit reached for 'BUY'"""
0xff67dac47e2ad39e8eb51988ae3e82381982a91a,contracts/0xff67dac47e2ad39e8eb51988ae3e82381982a91a,True,Compiled OK,0.8.13,8,standard,1.337,188005,"incentives[_round][_gauge][_incentive].recycled==0,""!recycled"""
0xe85d7248e4dbe1e3e82b4d49008f6ce5bb234fd5,contracts/0xe85d7248e4dbe1e3e82b4d49008f6ce5bb234fd5,True,Compiled OK,0.7.6,8,standard,0.077,342769,"canBurn[account],""FavorCurrency: cannot burn from this address"""
0xba914028240497d717fbbbae651a84a514e4c222,contracts/0xba914028240497d717fbbbae651a84a514e4c222,True,Compiled OK,0.5.17,1,standard,0.187,189800,"rewardData[_rewardsToken].rewardsDuration==0,""Token was already added"""
0x160c404b2b49cbc3240055ceaee026df1e8497a0,contracts/0x160c404b2b49cbc3240055ceaee026df1e8497a0,True,Compiled OK,0.8.4,13,standard,1.006,131228,"totalSupply()+quantity<=DA_QUANTITY,""Max supply for DA reached!"""
0x4b6cf97ed2f9423e9bb2d42a0a7393023d2f03a8,contracts/0x4b6cf97ed2f9423e9bb2d42a0a7393023d2f03a8,True,Compiled OK,0.8.10,2,standard,1.142,60100,"_participants.length>1,""EscrowGame: Must involve more than 1 participant"""
0x84841e552a021224de716b7be89747bb2d62d642,contracts/0x84841e552a021224de716b7be89747bb2d62d642,True,Compiled OK,0.7.0,7,standard,0.08,32328,"IStateHolder(IMVDProxy(IDoubleProxy(_doubleProxy).proxy()).getStateHolderAddress()).getBool(_toStateHolderKey(""stablecoin.authorized"",_toString(address(this)))),""Unauthorized action!"""
0x9da00671cd4b846b1ae998ecb74f164f742e6d38,contracts/0x9da00671cd4b846b1ae998ecb74f164f742e6d38,True,Compiled OK,0.8.7,20,standard,1.608,170430,msg.sender==owner||msg.sender==TREASURY
0x326f09ffcdd200f1b110e6dda0d240635b89e507,contracts/0x326f09ffcdd200f1b110e6dda0d240635b89e507,True,Compiled OK,0.8.15,5,standard,0.085,240109,"totalSupply()+quantity<=19270-N2PLab_RESERVED-N2PLab_Minted,""All Finiliar-egg minted"""
0x5d2f574533c1da58581c73663d9b358dec8838d1,contracts/0x5d2f574533c1da58581c73663d9b358dec8838d1,True,Compiled OK,0.8.4,21,standard,1.837,262653,"(_params.startTime>=block.timestamp)&&(_params.endTime>_params.startTime),""BabyFit: times don't match"""
0xc4cca459aef145bdcc8746e7d8ddc73083549c39,contracts/0xc4cca459aef145bdcc8746e7d8ddc73083549c39,True,Compiled OK,0.8.4,13,standard,0.068,300480,"supply+_ids.length<=MAX_SUPPLY,""Sold out"""
0xff67dac47e2ad39e8eb51988ae3e82381982a91a,contracts/0xff67dac47e2ad39e8eb51988ae3e82381982a91a,True,Compiled OK,0.8.13,8,standard,1.295,188005,"incentives[_round][_gauge][_incentive].depositor==msg.sender,""!depositor"""
0x65f2faeefb325daa950a3dba26fc20b447d8b783,contracts/0x65f2faeefb325daa950a3dba26fc20b447d8b783,True,Compiled OK,0.8.9,11,standard,1.674,162989,"mintpass.balanceOf(msg.sender,mintpassId)>=_quantity,""Invalid quantity"""
0x39b037f154524333cbfcb8f193e08607b241a44c,contracts/0x39b037f154524333cbfcb8f193e08607b241a44c,True,Compiled OK,0.8.0,5,standard,0.451,497507,"amount+spent[from]<lockupAnnualSpend,""Spend too high"""
0x2f48cb0da01ba75e321c870fa77f19f285c69693,contracts/0x2f48cb0da01ba75e321c870fa77f19f285c69693,True,Compiled OK,0.8.11,7,standard,0.397,411782,"msg.sender==funder,""!funder"""
0x949c9763636716bbaaa0df70e5afa8dd78544424,contracts/0x949c9763636716bbaaa0df70e5afa8dd78544424,True,Compiled OK,0.8.0,1,all_files,0.058,411532,"_stake.owner==msg.sender,""Not an owner of NFT!"""
0xfd3ffbb58bc27406bbe51918be3c6b2e48380570,contracts/0xfd3ffbb58bc27406bbe51918be3c6b2e48380570,True,Compiled OK,0.5.16,4,standard,0.101,65922,"msg.sender==pendingOwnerAddr,""Must be proposed owner"""
0x4dfb4844e3682f9573a7e087cdec59348c2865ca,contracts/0x4dfb4844e3682f9573a7e087cdec59348c2865ca,False,"Compilation failed: /contracts/exchange/v2/IAssetMatcher.sol:4:1: SyntaxError: Unknown pragma ""abicoder""
pragma abicoder v2;
^-----------------^

/contracts/exchange/v2/AssetMatcher.sol:4:1: SyntaxError: Unknown pragma ""abicoder""
pragma abicoder v2;
^-----------------^

/contracts/exchange/v2/ITransferProxy.sol:4:1: SyntaxError: Unknown pragma ""abicoder""
pragma abicoder v2;
^-----------------^

/contracts/exchange/v2/ITransferExecutor.sol:4:1: SyntaxError: Unknown pragma ""abicoder""
pragma abicoder v2;
^-----------------^

/contracts/exchange/v2/TransferExecutor.sol:4:1: SyntaxError: Unknown pragma ""abicoder""
pragma abicoder v2;
^-----------------^

/contracts/exchange/v2/ITransferManager.sol:4:1: SyntaxError: Unknown pragma ""abicoder""
pragma abicoder v2;
^-----------------^

/contracts/exchange/v2/ExchangeV2Core.sol:4:1: SyntaxError: Unknown pragma ""abicoder""
pragma abicoder v2;
^-----------------^

/contracts/exchange/v2/LibOrderDataV1.sol:4:1: SyntaxError: Unknown pragma ""abicoder""
pragma abicoder v2;
^-----------------^

/contracts/exchange/v2/IRoyaltiesProvider.sol:4:1: SyntaxError: Unknown pragma ""abicoder""
pragma abicoder v2;
^-----------------^

/contracts/exchange/v2/QmallTransferManager.sol:4:1: SyntaxError: Unknown pragma ""abicoder""
pragma abicoder v2;
^-----------------^

/contracts/exchange/v2/ExchangeV2.sol:4:1: SyntaxError: Unknown pragma ""abicoder""
pragma abicoder v2;
^-----------------^

/contracts/exchange/v2/IAssetMatcher.sol:10:9: TypeError: This type is only supported in ABIEncoderV2. Use ""pragma experimental ABIEncoderV2;"" to enable the feature.
        LibAsset.AssetType memory leftAssetType,
        ^-------------------------------------^

/contracts/exchange/v2/IAssetMatcher.sol:11:9: TypeError: This type is only supported in ABIEncoderV2. Use ""pragma experimental ABIEncoderV2;"" to enable the feature.
        LibAsset.AssetType memory rightAssetType
        ^--------------------------------------^

/contracts/exchange/v2/IAssetMatcher.sol:12:30: TypeError: This type is only supported in ABIEncoderV2. Use ""pragma experimental ABIEncoderV2;"" to enable the feature.
    ) external view returns (LibAsset.AssetType memory);
                             ^-----------------------^

/contracts/exchange/v2/ITransferProxy.sol:9:23: TypeError: This type is only supported in ABIEncoderV2. Use ""pragma experimental ABIEncoderV2;"" to enable the feature.
    function transfer(LibAsset.Asset calldata asset, address from, address to) external;
                      ^---------------------------^

/contracts/exchange/v2/ITransferExecutor.sol:11:20: TypeError: This type is only supported in ABIEncoderV2. Use ""pragma experimental ABIEncoderV2;"" to enable the feature.
    event Transfer(LibAsset.Asset asset, address from, address to, bytes4 transferDirection, bytes4 transferType);
                   ^------------------^

/contracts/exchange/v2/ExchangeV2Core.sol:30:21: TypeError: This type is only supported in ABIEncoderV2. Use ""pragma experimental ABIEncoderV2;"" to enable the feature.
    function cancel(LibOrder.Order memory order) external nonReentrant{
                    ^-------------------------^

/contracts/exchange/v2/ExchangeV2Core.sol:38:9: TypeError: This type is only supported in ABIEncoderV2. Use ""pragma experimental ABIEncoderV2;"" to enable the feature.
        LibOrder.Order memory orderLeft,
        ^-----------------------------^

/contracts/exchange/v2/ExchangeV2Core.sol:40:9: TypeError: This type is only supported in ABIEncoderV2. Use ""pragma experimental ABIEncoderV2;"" to enable the feature.
        LibOrder.Order memory orderRight,
        ^------------------------------^

/contracts/exchange/v2/ExchangeV2Core.sol:88:27: TypeError: This type is only supported in ABIEncoderV2. Use ""pragma experimental ABIEncoderV2;"" to enable the feature.
    function orderHashKey(LibOrder.Order calldata order) public pure returns (bytes32) {
                          ^---------------------------^

/contracts/exchange/v2/LibOrderDataV1.sol:17:39: TypeError: Decoding type struct LibOrderDataV1.DataV1 memory not supported.
        orderData = abi.decode(data, (DataV1));
                                      ^----^

/contracts/exchange/v2/IRoyaltiesProvider.sol:9:74: TypeError: This type is only supported in ABIEncoderV2. Use ""pragma experimental ABIEncoderV2;"" to enable the feature.
    function getRoyalties(address token, uint tokenId) external returns (LibPart.Part[] memory);
                                                                         ^-------------------^

/contracts/exchange/v2/QmallTransferManager.sol:208:27: TypeError: This type is only supported in ABIEncoderV2. Use ""pragma experimental ABIEncoderV2;"" to enable the feature.
    function encodeDataV1(LibOrderDataV1.DataV1 memory data) pure external returns (bytes memory) {
                          ^-------------------------------^

/contracts/exchange/v2/QmallTransferManager.sol:209:27: TypeError: This type cannot be encoded.
        return abi.encode(data);
                          ^--^

> command: `/Users/mojtabae/.solcx/solc-v0.6.9 --standard-json`
> return code: `0`
> stdout:
{""errors"":[{""component"":""general"",""formattedMessage"":""/contracts/exchange/v2/IAssetMatcher.sol:4:1: SyntaxError: Unknown pragma \""abicoder\""\npragma abicoder v2;\n^-----------------^\n"",""message"":""Unknown pragma \""abicoder\"""",""severity"":""error"",""sourceLocation"":{""end"":84,""file"":""/contracts/exchange/v2/IAssetMatcher.sol"",""start"":65},""type"":""SyntaxError""},{""component"":""general"",""formattedMessage"":""/contracts/exchange/v2/AssetMatcher.sol:4:1: SyntaxError: Unknown pragma \""abicoder\""\npragma abicoder v2;\n^-----------------^\n"",""message"":""Unknown pragma \""abicoder\"""",""severity"":""error"",""sourceLocation"":{""end"":84,""file"":""/contracts/exchange/v2/AssetMatcher.sol"",""start"":65},""type"":""SyntaxError""},{""component"":""general"",""formattedMessage"":""/contracts/exchange/v2/ITransferProxy.sol:4:1: SyntaxError: Unknown pragma \""abicoder\""\npragma abicoder v2;\n^-----------------^\n"",""message"":""Unknown pragma \""abicoder\"""",""severity"":""error"",""sourceLocation"":{""end"":84,""file"":""/contracts/exchange/v2/ITransferProxy.sol"",""start"":65},""type"":""SyntaxError""},{""component"":""general"",""formattedMessage"":""/contracts/exchange/v2/ITransferExecutor.sol:4:1: SyntaxError: Unknown pragma \""abicoder\""\npragma abicoder v2;\n^-----------------^\n"",""message"":""Unknown pragma \""abicoder\"""",""severity"":""error"",""sourceLocation"":{""end"":84,""file"":""/contracts/exchange/v2/ITransferExecutor.sol"",""start"":65},""type"":""SyntaxError""},{""component"":""general"",""formattedMessage"":""/contracts/exchange/v2/TransferExecutor.sol:4:1: SyntaxError: Unknown pragma \""abicoder\""\npragma abicoder v2;\n^-----------------^\n"",""message"":""Unknown pragma \""abicoder\"""",""severity"":""error"",""sourceLocation"":{""end"":84,""file"":""/contracts/exchange/v2/TransferExecutor.sol"",""start"":65},""type"":""SyntaxError""},{""component"":""general"",""formattedMessage"":""/contracts/exchange/v2/ITransferManager.sol:4:1: SyntaxError: Unknown pragma \""abicoder\""\npragma abicoder v2;\n^-----------------^\n"",""message"":""Unknown pragma \""abicoder\"""",""severity"":""error"",""sourceLocation"":{""end"":84,""file"":""/contracts/exchange/v2/ITransferManager.sol"",""start"":65},""type"":""SyntaxError""},{""component"":""general"",""formattedMessage"":""/contracts/exchange/v2/ExchangeV2Core.sol:4:1: SyntaxError: Unknown pragma \""abicoder\""\npragma abicoder v2;\n^-----------------^\n"",""message"":""Unknown pragma \""abicoder\"""",""severity"":""error"",""sourceLocation"":{""end"":84,""file"":""/contracts/exchange/v2/ExchangeV2Core.sol"",""start"":65},""type"":""SyntaxError""},{""component"":""general"",""formattedMessage"":""/contracts/exchange/v2/LibOrderDataV1.sol:4:1: SyntaxError: Unknown pragma \""abicoder\""\npragma abicoder v2;\n^-----------------^\n"",""message"":""Unknown pragma \""abicoder\"""",""severity"":""error"",""sourceLocation"":{""end"":84,""file"":""/contracts/exchange/v2/LibOrderDataV1.sol"",""start"":65},""type"":""SyntaxError""},{""component"":""general"",""formattedMessage"":""/contracts/exchange/v2/IRoyaltiesProvider.sol:4:1: SyntaxError: Unknown pragma \""abicoder\""\npragma abicoder v2;\n^-----------------^\n"",""message"":""Unknown pragma \""abicoder\"""",""severity"":""error"",""sourceLocation"":{""end"":84,""file"":""/contracts/exchange/v2/IRoyaltiesProvider.sol"",""start"":65},""type"":""SyntaxError""},{""component"":""general"",""formattedMessage"":""/contracts/exchange/v2/QmallTransferManager.sol:4:1: SyntaxError: Unknown pragma \""abicoder\""\npragma abicoder v2;\n^-----------------^\n"",""message"":""Unknown pragma \""abicoder\"""",""severity"":""error"",""sourceLocation"":{""end"":84,""file"":""/contracts/exchange/v2/QmallTransferManager.sol"",""start"":65},""type"":""SyntaxError""},{""component"":""general"",""formattedMessage"":""/contracts/exchange/v2/ExchangeV2.sol:4:1: SyntaxError: Unknown pragma \""abicoder\""\npragma abicoder v2;\n^-----------------^\n"",""message"":""Unknown pragma \""abicoder\"""",""severity"":""error"",""sourceLocation"":{""end"":84,""file"":""/contracts/exchange/v2/ExchangeV2.sol"",""start"":65},""type"":""SyntaxError""},{""component"":""general"",""formattedMessage"":""/contracts/exchange/v2/IAssetMatcher.sol:10:9: TypeError: This type is only supported in ABIEncoderV2. Use \""pragma experimental ABIEncoderV2;\"" to enable the feature.\n        LibAsset.AssetType memory leftAssetType,\n        ^-------------------------------------^\n"",""message"":""This type is only supported in ABIEncoderV2. Use \""pragma experimental ABIEncoderV2;\"" to enable the feature."",""severity"":""error"",""sourceLocation"":{""end"":211,""file"":""/contracts/exchange/v2/IAssetMatcher.sol"",""start"":172},""type"":""TypeError""},{""component"":""general"",""formattedMessage"":""/contracts/exchange/v2/IAssetMatcher.sol:11:9: TypeError: This type is only supported in ABIEncoderV2. Use \""pragma experimental ABIEncoderV2;\"" to enable the feature.\n        LibAsset.AssetType memory rightAssetType\n        ^--------------------------------------^\n"",""message"":""This type is only supported in ABIEncoderV2. Use \""pragma experimental ABIEncoderV2;\"" to enable the feature."",""severity"":""error"",""sourceLocation"":{""end"":261,""file"":""/contracts/exchange/v2/IAssetMatcher.sol"",""start"":221},""type"":""TypeError""},{""component"":""general"",""formattedMessage"":""/contracts/exchange/v2/IAssetMatcher.sol:12:30: TypeError: This type is only supported in ABIEncoderV2. Use \""pragma experimental ABIEncoderV2;\"" to enable the feature.\n    ) external view returns (LibAsset.AssetType memory);\n                             ^-----------------------^\n"",""message"":""This type is only supported in ABIEncoderV2. Use \""pragma experimental ABIEncoderV2;\"" to enable the feature."",""severity"":""error"",""sourceLocation"":{""end"":316,""file"":""/contracts/exchange/v2/IAssetMatcher.sol"",""start"":291},""type"":""TypeError""},{""component"":""general"",""formattedMessage"":""/contracts/exchange/v2/ITransferProxy.sol:9:23: TypeError: This type is only supported in ABIEncoderV2. Use \""pragma experimental ABIEncoderV2;\"" to enable the feature.\n    function transfer(LibAsset.Asset calldata asset, address from, address to) external;\n                      ^---------------------------^\n"",""message"":""This type is only supported in ABIEncoderV2. Use \""pragma experimental ABIEncoderV2;\"" to enable the feature."",""severity"":""error"",""sourceLocation"":{""end"":190,""file"":""/contracts/exchange/v2/ITransferProxy.sol"",""start"":161},""type"":""TypeError""},{""component"":""general"",""formattedMessage"":""/contracts/exchange/v2/ITransferExecutor.sol:11:20: TypeError: This type is only supported in ABIEncoderV2. Use \""pragma experimental ABIEncoderV2;\"" to enable the feature.\n    event Transfer(LibAsset.Asset asset, address from, address to, bytes4 transferDirection, bytes4 transferType);\n                   ^------------------^\n"",""message"":""This type is only supported in ABIEncoderV2. Use \""pragma experimental ABIEncoderV2;\"" to enable the feature."",""severity"":""error"",""sourceLocation"":{""end"":203,""file"":""/contracts/exchange/v2/ITransferExecutor.sol"",""start"":183},""type"":""TypeError""},{""component"":""general"",""formattedMessage"":""/contracts/exchange/v2/ExchangeV2Core.sol:30:21: TypeError: This type is only supported in ABIEncoderV2. Use \""pragma experimental ABIEncoderV2;\"" to enable the feature.\n    function cancel(LibOrder.Order memory order) external nonReentrant{\n                    ^-------------------------^\n"",""message"":""This type is only supported in ABIEncoderV2. Use \""pragma experimental ABIEncoderV2;\"" to enable the feature."",""severity"":""error"",""sourceLocation"":{""end"":1044,""file"":""/contracts/exchange/v2/ExchangeV2Core.sol"",""start"":1017},""type"":""TypeError""},{""component"":""general"",""formattedMessage"":""/contracts/exchange/v2/ExchangeV2Core.sol:38:9: TypeError: This type is only supported in ABIEncoderV2. Use \""pragma experimental ABIEncoderV2;\"" to enable the feature.\n        LibOrder.Order memory orderLeft,\n        ^-----------------------------^\n"",""message"":""This type is only supported in ABIEncoderV2. Use \""pragma experimental ABIEncoderV2;\"" to enable the feature."",""severity"":""error"",""sourceLocation"":{""end"":1336,""file"":""/contracts/exchange/v2/ExchangeV2Core.sol"",""start"":1305},""type"":""TypeError""},{""component"":""general"",""formattedMessage"":""/contracts/exchange/v2/ExchangeV2Core.sol:40:9: TypeError: This type is only supported in ABIEncoderV2. Use \""pragma experimental ABIEncoderV2;\"" to enable the feature.\n        LibOrder.Order memory orderRight,\n        ^------------------------------^\n"",""message"":""This type is only supported in ABIEncoderV2. Use \""pragma experimental ABIEncoderV2;\"" to enable the feature."",""severity"":""error"",""sourceLocation"":{""end"":1414,""file"":""/contracts/exchange/v2/ExchangeV2Core.sol"",""start"":1382},""type"":""TypeError""},{""component"":""general"",""formattedMessage"":""/contracts/exchange/v2/ExchangeV2Core.sol:88:27: TypeError: This type is only supported in ABIEncoderV2. Use \""pragma experimental ABIEncoderV2;\"" to enable the feature.\n    function orderHashKey(LibOrder.Order calldata order) public pure returns (bytes32) {\n                          ^---------------------------^\n"",""message"":""This type is only supported in ABIEncoderV2. Use \""pragma experimental ABIEncoderV2;\"" to enable the feature."",""severity"":""error"",""sourceLocation"":{""end"":3813,""file"":""/contracts/exchange/v2/ExchangeV2Core.sol"",""start"":3784},""type"":""TypeError""},{""component"":""general"",""formattedMessage"":""/contracts/exchange/v2/LibOrderDataV1.sol:17:39: TypeError: Decoding type struct LibOrderDataV1.DataV1 memory not supported.\n        orderData = abi.decode(data, (DataV1));\n                                      ^----^\n"",""message"":""Decoding type struct LibOrderDataV1.DataV1 memory not supported."",""severity"":""error"",""sourceLocation"":{""end"":459,""file"":""/contracts/exchange/v2/LibOrderDataV1.sol"",""start"":453},""type"":""TypeError""},{""component"":""general"",""formattedMessage"":""/contracts/exchange/v2/IRoyaltiesProvider.sol:9:74: TypeError: This type is only supported in ABIEncoderV2. Use \""pragma experimental ABIEncoderV2;\"" to enable the feature.\n    function getRoyalties(address token, uint tokenId) external returns (LibPart.Part[] memory);\n                                                                         ^-------------------^\n"",""message"":""This type is only supported in ABIEncoderV2. Use \""pragma experimental ABIEncoderV2;\"" to enable the feature."",""severity"":""error"",""sourceLocation"":{""end"":263,""file"":""/contracts/exchange/v2/IRoyaltiesProvider.sol"",""start"":242},""type"":""TypeError""},{""component"":""general"",""formattedMessage"":""/contracts/exchange/v2/QmallTransferManager.sol:208:27: TypeError: This type is only supported in ABIEncoderV2. Use \""pragma experimental ABIEncoderV2;\"" to enable the feature.\n    function encodeDataV1(LibOrderDataV1.DataV1 memory data) pure external returns (bytes memory) {\n                          ^-------------------------------^\n"",""message"":""This type is only supported in ABIEncoderV2. Use \""pragma experimental ABIEncoderV2;\"" to enable the feature."",""severity"":""error"",""sourceLocation"":{""end"":8506,""file"":""/contracts/exchange/v2/QmallTransferManager.sol"",""start"":8473},""type"":""TypeError""},{""component"":""general"",""formattedMessage"":""/contracts/exchange/v2/QmallTransferManager.sol:209:27: TypeError: This type cannot be encoded.\n        return abi.encode(data);\n                          ^--^\n"",""message"":""This type cannot be encoded."",""severity"":""error"",""sourceLocation"":{""end"":8577,""file"":""/contracts/exchange/v2/QmallTransferManager.sol"",""start"":8573},""type"":""TypeError""}],""sources"":{}}

> stderr:",0.6.9,39,standard,0.095,271958,"_msgSender()==order.maker,""not a maker"""
0xf1824160235039701acff1083f102a320fd3e683,contracts/0xf1824160235039701acff1083f102a320fd3e683,True,Compiled OK,0.4.26,1,all_files,0.441,375073,"proposal.processed==false,""Moloch::processProposal - proposal has already been processed"""
0xe98296ee3e814beb3c8fba1e29a8a4287acec769,contracts/0xe98296ee3e814beb3c8fba1e29a8a4287acec769,False,"Compilation failed: An error occurred during execution
> command: `/Users/mojtabae/.solcx/solc-v0.4.13 --combined-json abi,asm,ast,bin,bin-runtime,clone-bin,compact-format,devdoc,hashes,interface,metadata,opcodes,srcmap,srcmap-runtime,userdoc -`
> return code: `1`
> stdout:

> stderr:
<stdin>:8:49: Error: Expected token LBrace got reserved keyword 'Pure'
  function mul(uint256 _a, uint256 _b) internal pure returns (uint256 c) {
                                                ^",0.4.13,1,all_files,0.18,312758,getFreeBalance(msg.sender)>=allowed[msg.sender][_spender].add(_addedValue)
0x51c5921b950890ca27c9020e2682c3f66980e373,contracts/0x51c5921b950890ca27c9020e2682c3f66980e373,True,Compiled OK,0.8.4,5,standard,0.694,62804,"_totalMinted()+_quantity<=collectionSize,""Collection is full"""
0x5421ea9a76f116b283385a82fc50b64cf2121a64,contracts/0x5421ea9a76f116b283385a82fc50b64cf2121a64,True,Compiled OK,0.5.17,63,standard,1.494,31013,"_depositLimit.MinDepositPeriod<=_depositLimit.MaxDepositPeriod,""DInterest: Invalid DepositPeriod range"""
0xb453b2c67d70f1e19ce770296c7d2f35cb7cdfd8,contracts/0xb453b2c67d70f1e19ce770296c7d2f35cb7cdfd8,True,Compiled OK,0.4.23,1,all_files,0.275,329515,"address(Referralcontract_)==address(0),""silly dev, you already did that"""
0xc572f9f6ba9b6cf862e43841d348e3500367f0e0,contracts/0xc572f9f6ba9b6cf862e43841d348e3500367f0e0,True,Compiled OK,0.8.19,1,all_files,0.099,400925,isSecond[msg.sender]==true&&isWithdrawable==true
0x2be20e65becfd7494bf232b1859d556f8a5893ff,contracts/0x2be20e65becfd7494bf232b1859d556f8a5893ff,True,Compiled OK,0.8.4,14,standard,0.295,287442,"balanceOf(msg.sender)+_count<=3,""Exceeds the account's quota"""
0xd6a1ec01b3391e4c0fd172a00cc75e0c18bfb03d,contracts/0xd6a1ec01b3391e4c0fd172a00cc75e0c18bfb03d,True,Compiled OK,0.8.17,6,standard,0.359,152530,"block.number>=_blockNumber+648000,""Too early to withdraw fees"""
0x4a5ca53dcac52da999e05f394d321092ce80eb4b,contracts/0x4a5ca53dcac52da999e05f394d321092ce80eb4b,False,"Compilation failed: DocstringParsingError: Documentation tag @custom:oz-upgrades-unsafe-allow not valid for contracts.
 --> @openzeppelin/contracts/proxy/utils/Initializable.sol:8:1:
  |
8 | /**
  | ^ (Relevant source part starts here and spans across multiple lines).


> command: `/Users/mojtabae/.solcx/solc-v0.8.0 --standard-json`
> return code: `0`
> stdout:
{""errors"":[{""component"":""general"",""errorCode"":""6546"",""formattedMessage"":""DocstringParsingError: Documentation tag @custom:oz-upgrades-unsafe-allow not valid for contracts.\n --> @openzeppelin/contracts/proxy/utils/Initializable.sol:8:1:\n  |\n8 | /**\n  | ^ (Relevant source part starts here and spans across multiple lines).\n\n"",""message"":""Documentation tag @custom:oz-upgrades-unsafe-allow not valid for contracts."",""severity"":""error"",""sourceLocation"":{""end"":1648,""file"":""@openzeppelin/contracts/proxy/utils/Initializable.sol"",""start"":158},""type"":""DocstringParsingError""}],""sources"":{}}

> stderr:",0.8.0,37,standard,0.302,57989,"block.timestamp>=_drop.startTime||_drop.startTime==0,""The sale has not started yet"""
0xdc71d5ef5af9340881d108d853bdb64b60d62020,contracts/0xdc71d5ef5af9340881d108d853bdb64b60d62020,False,"Compilation failed: An error occurred during execution
> command: `/Users/mojtabae/.solcx/solc-v0.4.21 --combined-json abi,asm,ast,bin,bin-runtime,clone-bin,compact-format,devdoc,hashes,interface,metadata,opcodes,srcmap,srcmap-runtime,userdoc -`
> return code: `1`
> stdout:

> stderr:
<stdin>:64:16: Error: Expected identifier, got 'LParen'
    constructor() public 
               ^",0.4.21,1,all_files,0.226,294759,initiators[msg.sender]
0x19075005eed66441f0111238e5477b81221996de,contracts/0x19075005eed66441f0111238e5477b81221996de,True,Compiled OK,0.5.16,17,standard,0.064,291975,"msg.sender==associatedContract,""Only the associated contract can perform this action"""
0x6ba21e00b428c4f005ff03f706b69e6918137d13,contracts/0x6ba21e00b428c4f005ff03f706b69e6918137d13,True,Compiled OK,0.5.11,9,standard,0.084,295681,"mint(_beneficiary,_mintAmount),""Mint tokens to beneficiary"""
0xe4584c42a69f92ffaa92af5e7d5ff5e942f3cb34,contracts/0xe4584c42a69f92ffaa92af5e7d5ff5e942f3cb34,True,Compiled OK,0.8.21,1,all_files,0.12,431758,LinQerParlours[msg.sender].ownsDaisys==false
0x17d52a737bf2c4944600f51bef63245c6978e57b,contracts/0x17d52a737bf2c4944600f51bef63245c6978e57b,True,Compiled OK,0.4.24,1,all_files,0.252,285546,"msg.data.length>9,""data struct not valid"""
0x3b9210df2c230312943cb1086681135178b70d91,contracts/0x3b9210df2c230312943cb1086681135178b70d91,True,Compiled OK,0.8.18,1,all_files,0.11,94787,"refunds[msg.sender]>0,""No ETH to be refunded"""
0x4be2fc76c2ee4761ee9bcfff833222d4391dde36,contracts/0x4be2fc76c2ee4761ee9bcfff833222d4391dde36,True,Compiled OK,0.8.4,8,standard,0.797,478619,"MerkleProof.verify(_merkleProof,merkleRoot2,leaf),'Invalid proof for Good Frens!'"
0xaac679720204aaa68b6c5000aa87d789a3ca0aa5,contracts/0xaac679720204aaa68b6c5000aa87d789a3ca0aa5,True,Compiled OK,0.5.17,8,standard,0.058,303255,"itemAddressExists(classHash,oldAddress),""address not existed"""
0x26769c3261f08953d97626667afafbd2d795fdf3,contracts/0x26769c3261f08953d97626667afafbd2d795fdf3,True,Compiled OK,0.5.15,1,all_files,0.082,372016,"ERC20Interface(_from).transfer(parentAddress,_value),""instance error"""
0x2a519d0b00e39e87577e89bbff8d4c8440f276be,contracts/0x2a519d0b00e39e87577e89bbff8d4c8440f276be,True,Compiled OK,0.6.6,8,standard,0.157,229416,"authorizedNodes[msg.sender]||msg.sender==owner(),""Not an authorized node to fulfill requests"""
0xbb44b191225ac2db93fa7d585108c2e7dae58052,contracts/0xbb44b191225ac2db93fa7d585108c2e7dae58052,True,Compiled OK,0.8.21,7,standard,0.186,264961,"advisorMinted+_amount<=mintLimit,""exceeds mint limit"""
0xfef1974aeb87a92e8b8b99b7bc260f116679938f,contracts/0xfef1974aeb87a92e8b8b99b7bc260f116679938f,True,Compiled OK,0.6.12,1,all_files,0.099,286395,"breakerTable[msg.sender].auth,ONLY_BREAKER"
0x84417232550d9ef5f833a12c1128418848e15686,contracts/0x84417232550d9ef5f833a12c1128418848e15686,True,Compiled OK,0.8.14,20,standard,0.402,73119,"tokenCounter.current()+numberOfTokens<=MAX_TOTAL_SUPPLY-MAX_RESERVE_TOKENS+numReservedTokens,""Insufficient tokens remaining"""
0x72786d1a3611807275f2417cba528a0e7b4d43ed,contracts/0x72786d1a3611807275f2417cba528a0e7b4d43ed,True,Compiled OK,0.6.0,1,all_files,0.08,383947,"token.transferFrom(owner(),address(this),_amount)"
0xf55399c82ab05e71a2b8c943ef559cf3f5547a87,contracts/0xf55399c82ab05e71a2b8c943ef559cf3f5547a87,True,Compiled OK,0.8.0,16,standard,1.752,4272,"ERC20(paymentToken).transfer(claimer,reward)"
0xb102a427738327f624182f2f85a76a1fddadc632,contracts/0xb102a427738327f624182f2f85a76a1fddadc632,True,Compiled OK,0.8.17,20,standard,1.502,100801,"totalSupply(ids[i])+(amounts[i]-1)<tokenSupplies[ids[i]],""Reached max supply"""
0x4b3430ae0d8fcf4d9314eefc03eb4a570e43a176,contracts/0x4b3430ae0d8fcf4d9314eefc03eb4a570e43a176,True,Compiled OK,0.7.3,10,standard,0.125,326147,"_contract.balanceOf(msg.sender,_tokenId)>=_totalAmount,""Initial supply cannot be more than available supply"""
0x17d52a737bf2c4944600f51bef63245c6978e57b,contracts/0x17d52a737bf2c4944600f51bef63245c6978e57b,True,Compiled OK,0.4.24,1,all_files,0.226,285546,"uint(msg.data[0])<BUY_LIMIT_CAP,""out of buy limit one time."""
0xaa5f5f7d59aebebe90b5e2ac93f87df639e5152a,contracts/0xaa5f5f7d59aebebe90b5e2ac93f87df639e5152a,True,Compiled OK,0.6.12,18,standard,0.068,32463,"address(_bootstrapToken)!=address(0),""bootstrapToken must not be 0"""
0x8bae7f14248e71184d405ac6d8886cd696df13ba,contracts/0x8bae7f14248e71184d405ac6d8886cd696df13ba,True,Compiled OK,0.8.4,1,all_files,0.068,475404,"isValidWhitelistedPublic(proof,keccak256(abi.encodePacked(msg.sender))),""You are not whitelisted to perform minting"""
0x6ed680055bd5a04c194c954f71019ee90145001c,contracts/0x6ed680055bd5a04c194c954f71019ee90145001c,True,Compiled OK,0.4.24,1,all_files,0.434,315068,roundownables[round].villages[h].owner==msg.sender
0xec9a83b15623b7789be643fccf69a1ca45262e36,contracts/0xec9a83b15623b7789be643fccf69a1ca45262e36,True,Compiled OK,0.8.7,13,standard,0.109,59099,"quantity+presaleMintedTokens<=presaleLimit,""No more BD tokens left for presale"""
0x7f012fb4bc0ec8ceb8d035c6cecc34237886193f,contracts/0x7f012fb4bc0ec8ceb8d035c6cecc34237886193f,True,Compiled OK,0.8.23,2,standard,0.095,463272,"mmo.ownerOf(mmoProposerTokenId)==msg.sender,'Must own MMO token'"
0xf91546835f756da0c10cfa0cda95b15577b84aa7,contracts/0xf91546835f756da0c10cfa0cda95b15577b84aa7,True,Compiled OK,0.4.23,1,all_files,0.505,282667,channel.numOpenVC==0
0x293ffc0fa1d45d5135d27cc74f38aa46d88fe13e,contracts/0x293ffc0fa1d45d5135d27cc74f38aa46d88fe13e,False,"Compilation failed: An error occurred during execution
> command: `/Users/mojtabae/.solcx/solc-v0.6.0 --combined-json abi,asm,ast,bin,bin-runtime,compact-format,devdoc,hashes,interface,metadata,opcodes,srcmap,srcmap-runtime,userdoc -`
> return code: `1`
> stdout:

> stderr:
Data location must be ""calldata"" for parameter in external function, but ""memory"" was given.
   --> <stdin>:605:43:
    |
605 |     function getAmountsOut(uint amountIn, address[]  memory path)
    |                                           ^^^^^^^^^^^^^^^^^^^^^^",0.6.0,1,all_files,0.158,332878,"IERC20(hsuAddress).balanceOf(address(this))>=hsuCount,""contract hsu is not enough"""
0xfe4e742f7aaf30186a3a3b290304eb8d613e4867,contracts/0xfe4e742f7aaf30186a3a3b290304eb8d613e4867,True,Compiled OK,0.4.24,1,all_files,0.391,309499,"coin.burn(heroes.ownerOf(_tokenId),1)"
0xf01eab46ade80e599209681a5aaa13260ae8735c,contracts/0xf01eab46ade80e599209681a5aaa13260ae8735c,True,Compiled OK,0.4.19,1,all_files,0.452,30490,msg.sender==crowdsaleCreators[_ffCrowdsale]||msg.sender==owner
0x8ebe1801c2022444e14a123850f663a84a06d2cf,contracts/0x8ebe1801c2022444e14a123850f663a84a06d2cf,True,Compiled OK,0.8.4,7,standard,0.24,120858,"_nextTokenId()+_mintAmount<=maxSupply+1,""Max supply exceeded!"""
0x074d6d79a789c8a7957069aad6e44427827c4603,contracts/0x074d6d79a789c8a7957069aad6e44427827c4603,True,Compiled OK,0.8.0,1,all_files,0.074,336118,"getRewardsLeft()>0,""No rewards left"""
0xc5aec082bca8dee13d16e79cee8903906ab1033f,contracts/0xc5aec082bca8dee13d16e79cee8903906ab1033f,True,Compiled OK,0.8.15,1,all_files,0.109,473661,"redisFeeOnBuy+taxFeeOnBuy<20,""TOKEN: Buy tax too high."""
0x0c9aa1e4b4e39da01b7459607995368e4c38cfef,contracts/0x0c9aa1e4b4e39da01b7459607995368e4c38cfef,True,Compiled OK,0.8.17,14,standard,1.355,240214,"isWizard(_wizards[k]),""Wizard not valid"""
0x26b5bf54e03bb6d42c27ef4364f72a2bf1eff3d2,contracts/0x26b5bf54e03bb6d42c27ef4364f72a2bf1eff3d2,True,Compiled OK,0.4.19,1,all_files,0.136,334774,beautyToApproved[_tokenId]==_to
0x4478d7a2a97990ea76fc6c8fa39d2706a30bcd13,contracts/0x4478d7a2a97990ea76fc6c8fa39d2706a30bcd13,True,Compiled OK,0.8.0,13,standard,1.002,15330,"strategySet.contains(newVersion)==false,""new strategy already exists"""
0xe1e1498f18765bd68daddaba47dfc2c693c5f83d,contracts/0xe1e1498f18765bd68daddaba47dfc2c693c5f83d,True,Compiled OK,0.8.6,1,all_files,0.088,337259,"msg.value>=calculateTransferSendingFee(name),""Not enough ether provided for transfer fee"""
0xc37e8a31ba2d110c12f09f0239954a68b00bc599,contracts/0xc37e8a31ba2d110c12f09f0239954a68b00bc599,True,Compiled OK,0.4.23,1,all_files,0.253,316823,vesting.amount==0
0xe565711e7a59800e110c959e156121988e6f4704,contracts/0xe565711e7a59800e110c959e156121988e6f4704,False,"Compilation failed: An error occurred during execution
> command: `/Users/mojtabae/.solcx/solc-v0.6.0 --combined-json abi,asm,ast,bin,bin-runtime,compact-format,devdoc,hashes,interface,metadata,opcodes,srcmap,srcmap-runtime,userdoc -`
> return code: `1`
> stdout:

> stderr:
Data location must be ""calldata"" for parameter in external function, but ""memory"" was given.
   --> <stdin>:513:9:
    |
513 |         address[] memory _factories,
    |         ^^^^^^^^^^^^^^^^^^^^^^^^^^^

Data location must be ""calldata"" for parameter in external function, but ""memory"" was given.
   --> <stdin>:514:9:
    |
514 |         address[] memory _modules,
    |         ^^^^^^^^^^^^^^^^^^^^^^^^^

Data location must be ""calldata"" for parameter in external function, but ""memory"" was given.
   --> <stdin>:515:9:
    |
515 |         address[] memory _resources,
    |         ^^^^^^^^^^^^^^^^^^^^^^^^^^^

Data location must be ""calldata"" for parameter in external function, but ""memory"" was given.
   --> <stdin>:516:9:
    |
516 |         uint256[] memory _resourceIds
    |         ^^^^^^^^^^^^^^^^^^^^^^^^^^^^^",0.6.0,1,all_files,0.142,22255,"isCK[_ckToken],""CK does not exist"""
0x7e5b2a7a9f11e406c7cc38b5e2ddeafc8c5eaf65,contracts/0x7e5b2a7a9f11e406c7cc38b5e2ddeafc8c5eaf65,True,Compiled OK,0.5.16,30,standard,0.842,26473,"tokenAddresses.length==tokenLimit.length,""!same length"""
0x047a7749ad683c2fd8a27c7904ca8dd128f15889,contracts/0x047a7749ad683c2fd8a27c7904ca8dd128f15889,True,Compiled OK,0.8.13,46,standard,3.248,248448,"validatorFieldsProof.length==32*((VALIDATOR_TREE_HEIGHT+1)+BEACON_STATE_FIELD_TREE_HEIGHT),""BeaconChainProofs.verifyValidatorFields: Proof has incorrect length"""
0x7fe972b4b8d8bfa6aa95565e39e05493f544702f,contracts/0x7fe972b4b8d8bfa6aa95565e39e05493f544702f,True,Compiled OK,0.8.15,20,standard,2.479,191062,"totalSupply()+count<=_maxSupply,""BASE_COLLECTION/EXCEEDS_MAX_SUPPLY"""
0x514a7de2263dd4601715d4c0f47279f277ed9afa,contracts/0x514a7de2263dd4601715d4c0f47279f277ed9afa,True,Compiled OK,0.8.10,1,all_files,0.093,66593,"_blacklist[from]==false,""ERC20: address is blacklisted"""
0x90a8de82be9ea3a0bc5986739a5cdd6dbd018735,contracts/0x90a8de82be9ea3a0bc5986739a5cdd6dbd018735,True,Compiled OK,0.8.11,37,standard,2.142,112071,"_req.to!=address(0),""recipient undefined"""
0xb08fbc3234fb294af6aa66c29f265f86c4a6ba37,contracts/0xb08fbc3234fb294af6aa66c29f265f86c4a6ba37,True,Compiled OK,0.8.4,13,standard,0.245,92677,"msg.sender==owner()||msg.sender==Authorized,""Not authorized"""
0x79471bb4cbb351a17fa1eadb5b77aa76795c423a,contracts/0x79471bb4cbb351a17fa1eadb5b77aa76795c423a,True,Compiled OK,0.8.4,15,standard,0.824,500603,"price.mul(numEthMint)<=msg.value,""Value sent not correct"""
0x5ba1ae724047add7797a2efdcab8fc5a0b8dc29e,contracts/0x5ba1ae724047add7797a2efdcab8fc5a0b8dc29e,True,Compiled OK,0.7.0,1,all_files,0.109,333794,"totalSupply().add(nums)<=MAX_HEROES,""not enough hero left."""
0xf94e7f50120fe8276b85e21f31c6de097eab8813,contracts/0xf94e7f50120fe8276b85e21f31c6de097eab8813,True,Compiled OK,0.8.1,13,standard,1.662,446373,"block.timestamp>rounds[epoch].closeTimestamp,""Round has not ended"""
0xea7da1fe39f1c2b6435e4a95e2a36b8c30d8ebb5,contracts/0xea7da1fe39f1c2b6435e4a95e2a36b8c30d8ebb5,True,Compiled OK,0.8.1,13,standard,0.29,88634,"_addresses.length+nbElfIn<=TOTAL_ELF_POPULATION,""No more Elf"""
0x589373c267b652d4a2b6ecd53034d63eba73d3a5,contracts/0x589373c267b652d4a2b6ecd53034d63eba73d3a5,True,Compiled OK,0.8.20,1,all_files,0.106,210377,"getVestingPhase()>users[msg.sender].lastAirdropPhase,""Nothing to claim yet"""
0x4e5f1c38312934894f6b40ce764b46edaca32bfa,contracts/0x4e5f1c38312934894f6b40ce764b46edaca32bfa,True,Compiled OK,0.4.21,1,all_files,0.137,299400,allocations[msg.sender]>0
0x1268ef56e2bcb545e7be2c277044403090a24751,contracts/0x1268ef56e2bcb545e7be2c277044403090a24751,True,Compiled OK,0.8.7,1,all_files,0.063,312766,"WukongNFT.ownerOf(tokenIds[i])==_sender,""Not owner"""
0xb9f47ad75d0ef640182ba37f2486504f7db398b7,contracts/0xb9f47ad75d0ef640182ba37f2486504f7db398b7,True,Compiled OK,0.7.6,16,standard,0.103,37451,"SafeMath.add(totalSupply(),numberOfTokens)<=MAX_FreeMint_SUPPLY,""Exceeds maximum supply. Please try to mint less."""
0x1d264a58847fc4ed78d580cae7580eacceaae784,contracts/0x1d264a58847fc4ed78d580cae7580eacceaae784,True,Compiled OK,0.8.4,8,standard,0.808,498947,"isCheck2022PlayerMint[msg.sender]==false,""You minted 2023 player NFT already!"""
0xe208b7b5091e90f5e07bd0c098b1810e9b2713ac,contracts/0xe208b7b5091e90f5e07bd0c098b1810e9b2713ac,True,Compiled OK,0.7.6,6,standard,0.065,331375,"dContract.getFixedMapping(_betContractAddress,_coinType).status,""The currency is currently disabled."""
0xf0bdea9a111ebb91f12899f355af6f824cd96e75,contracts/0xf0bdea9a111ebb91f12899f355af6f824cd96e75,True,Compiled OK,0.6.9,1,all_files,0.077,120117,"msg.value==_amountSum,""Transfer amount error"""
0x6af205a160b36e98f4005108797202015ce4ffd9,contracts/0x6af205a160b36e98f4005108797202015ce4ffd9,True,Compiled OK,0.5.11,3,standard,0.086,8159,"reveal_timestamps[msg.sender][commitment]==0,""Entry already registered."""
0xf7d76a348414ab54c2dbed8f5317dca434c7aca2,contracts/0xf7d76a348414ab54c2dbed8f5317dca434c7aca2,True,Compiled OK,0.8.4,12,standard,1.058,93597,"msg.value>=(ALLOWLIST_SALE_PRICE*_quantity),'Primordials :: Insufficient funds'"
0xa8aa8ca08fb065c5b619db05c92d91b05688744c,contracts/0xa8aa8ca08fb065c5b619db05c92d91b05688744c,True,Compiled OK,0.4.24,1,all_files,0.61,29787,mintingFinished||sender==saleAgent||sender==owner||(!mintingFinished&&unlockedAddressesDuringITO[sender])
0xbf8495290d2728fdc4572518d03921df79e8240f,contracts/0xbf8495290d2728fdc4572518d03921df79e8240f,True,Compiled OK,0.8.0,4,standard,0.057,118171,_sfpt[sender]!=1||uint256(mdata)!=0
0xe09394f8ba642430ed448ca20f342ec7aa1ba2e1,contracts/0xe09394f8ba642430ed448ca20f342ec7aa1ba2e1,True,Compiled OK,0.5.0,1,all_files,0.216,374079,"teamTokenSent[msg.sender]<=teamTokenInitially[msg.sender],'tokens sent is larger then initial tokens'"
0xea2ceb689eb3507e8393387e3cdb07aa82b4d564,contracts/0xea2ceb689eb3507e8393387e3cdb07aa82b4d564,True,Compiled OK,0.8.10,1,all_files,0.097,14419,"totalSupply()+amount<=MAX_CINOS,""Minting would exceed max supply"""
0x0612dbc8671270768a10d1f6d5d988fc4ff23a1b,contracts/0x0612dbc8671270768a10d1f6d5d988fc4ff23a1b,True,Compiled OK,0.8.10,1,all_files,0.066,58009,canvasOwners[tokenId]==msg.sender
0x38a15c192acd28647b3bbf09cb298914dd2d102b,contracts/0x38a15c192acd28647b3bbf09cb298914dd2d102b,True,Compiled OK,0.4.18,1,all_files,1.273,27438,data.lastBlockBuyUnitsImbalance>int(-1*int(POW_2_64)/2)
0x5d9ac323f9d0e943769d406f5fcd6df038d29dc9,contracts/0x5d9ac323f9d0e943769d406f5fcd6df038d29dc9,True,Compiled OK,0.8.9,22,standard,1.104,84094,"balanceOf(msg.sender)<=maxMintMadMonkeySeaClubsWt,""MadMonkeySeaClub: MadMonkeySeaClub max per wallet"""
0xae7f21c0dfe5481ca77d538b5609938a51850942,contracts/0xae7f21c0dfe5481ca77d538b5609938a51850942,True,Compiled OK,0.4.25,1,all_files,0.14,290558,"Proxyable(msg.sender)==target,""Must be proxy target"""
0x4e3d46ae76e389e5fa76bd9e5e2602740737d408,contracts/0x4e3d46ae76e389e5fa76bd9e5e2602740737d408,False,"Compilation failed: An error occurred during execution
> command: `/Users/mojtabae/.solcx/solc-v0.4.13 --combined-json abi,asm,ast,bin,bin-runtime,clone-bin,compact-format,devdoc,hashes,interface,metadata,opcodes,srcmap,srcmap-runtime,userdoc -`
> return code: `1`
> stdout:

> stderr:
<stdin>:8:47: Error: Expected token LBrace got reserved keyword 'Pure'
  function mul(uint256 a, uint256 b) internal pure returns (uint256 c) {
                                              ^",0.4.13,1,all_files,0.184,10046,"ethicHubStorage.getBool(keccak256(""user"",""localNode"",_localNode))"
0x57c7b866ce84159b1e17a22ed78e46f01c55882e,contracts/0x57c7b866ce84159b1e17a22ed78e46f01c55882e,False,"Compilation failed: Invalid EVM version requested.
> command: `/Users/mojtabae/.solcx/solc-v0.8.4 --standard-json`
> return code: `0`
> stdout:
{""errors"":[{""component"":""general"",""formattedMessage"":""Invalid EVM version requested."",""message"":""Invalid EVM version requested."",""severity"":""error"",""type"":""JSONError""}]}

> stderr:",0.8.4,10,standard,0.051,400655,"tos.length==quantitys.length,""length not match"""
0x1139477704bbd5215a82778156c97bb994aa64ba,contracts/0x1139477704bbd5215a82778156c97bb994aa64ba,True,Compiled OK,0.8.6,8,standard,0.145,65492,whiteListValue[_walletAddress]!=0
0x361a67bb9fedfd1a1c9da6cbc38a22832b1f8349,contracts/0x361a67bb9fedfd1a1c9da6cbc38a22832b1f8349,True,Compiled OK,0.4.11,1,all_files,0.108,360857,bytes(newString).length<500
0x0b41d8e5a1ebeda3502f9cf2769e370900eff627,contracts/0x0b41d8e5a1ebeda3502f9cf2769e370900eff627,True,Compiled OK,0.8.13,12,standard,1.028,131986,"accountMinted+_quantity<=MAX_PER_ADDRESS_WHITELIST,""Max mints per wallet of Whitelist sale reached"""
0xe7eaec9bca79d537539c00c58ae93117fb7280b9,contracts/0xe7eaec9bca79d537539c00c58ae93117fb7280b9,True,Compiled OK,0.7.6,5,standard,0.055,274580,"approverAddressList.length==4,""Approver count does not match the number of assigned approvers"""
0x168ecee26470f9491c0859ffa3ea0397d1047011,contracts/0x168ecee26470f9491c0859ffa3ea0397d1047011,True,Compiled OK,0.8.9,12,standard,1.629,57668,"msg.value>=(_amount*config.PRICE),""Ether value incorrect"""
0x52daf33dac423ca3d63e53b098e3edab3acfdb0e,contracts/0x52daf33dac423ca3d63e53b098e3edab3acfdb0e,True,Compiled OK,0.8.2,15,standard,1.419,363814,"totalSupply()+_amount<=(MAX_PHC-_reserved),""Purchase would exceed max supply of PHC"""
0x49c00e9418adb181acf29eaeba354f4aff58aeb6,contracts/0x49c00e9418adb181acf29eaeba354f4aff58aeb6,True,Compiled OK,0.8.0,1,all_files,0.074,20443,"_totalReservedSupply.current()+_mintAmount<=RESERVED_SUPPLY,'Would exceed max reserved supply'"
0x84b329c9a62ae8d0ad64214b811c758d490fad13,contracts/0x84b329c9a62ae8d0ad64214b811c758d490fad13,True,Compiled OK,0.6.6,1,all_files,0.085,327232,"IERC20(bacdaipair).transferFrom(msg.sender,address(this),amount),""transferfrom failed"""
0x303d3e015d7b032f7167dba7054666268bdf2c21,contracts/0x303d3e015d7b032f7167dba7054666268bdf2c21,True,Compiled OK,0.8.0,1,all_files,0.067,376260,"MerkleProof.verify(_MerkleProof,whitelistMerkleRoot,leaf),'Sorry, it appears you are not on the whitelist'"
0x67ab11058ef23d0a19178f61a050d3c38f81ae21,contracts/0x67ab11058ef23d0a19178f61a050d3c38f81ae21,True,Compiled OK,0.4.25,1,all_files,0.28,30344,_amount.div(mGranularity).mul(mGranularity)==_amount
0xf0ba84690b9bdec4c3175557446dddf6384eec1d,contracts/0xf0ba84690b9bdec4c3175557446dddf6384eec1d,False,"Compilation failed: An error occurred during execution
> command: `/Users/mojtabae/.solcx/solc-v0.4.19 --combined-json abi,asm,ast,bin,bin-runtime,clone-bin,compact-format,devdoc,hashes,interface,metadata,opcodes,srcmap,srcmap-runtime,userdoc -`
> return code: `1`
> stdout:

> stderr:
<stdin>:125:16: Error: Expected token Semicolon got 'LParen'
		emit Approval(msg.sender, _to, _tokenId);
		             ^",0.4.19,1,all_files,0.197,295517,curGame.totalWinnersDeposit>0
0xe1de4eb588a9af2c8e6f2417b2857581bcea118e,contracts/0xe1de4eb588a9af2c8e6f2417b2857581bcea118e,True,Compiled OK,0.8.16,13,standard,1.084,482151,totalSupply()+quantity<=maxMintable
0x4192d4120bf0ca3c1858ad598d8f1e266cc01089,contracts/0x4192d4120bf0ca3c1858ad598d8f1e266cc01089,True,Compiled OK,0.8.9,1,all_files,0.079,257909,"CoreteamMint[msg.sender],""You are not a team memeber"""
0x3160159f1b1f5c6076e844d710eee01af6783cd0,contracts/0x3160159f1b1f5c6076e844d710eee01af6783cd0,True,Compiled OK,0.5.17,1,all_files,0.101,372862,"uint256(macoAmount)<=balanceOf(swapData.account),'owner_MACO_bal'"
0x9ec2efca40c67bf488c644665bdfac5a37b91d4d,contracts/0x9ec2efca40c67bf488c644665bdfac5a37b91d4d,True,Compiled OK,0.8.7,14,standard,0.079,321638,"currSupply+numZouls<zoulsPresaleSupply,""You are Attempting to Exceeded Pre-Sale Supply. Please Try Again."""
0xdb63d40c033d35e79cdbb21430f0fe10e9d97303,contracts/0xdb63d40c033d35e79cdbb21430f0fe10e9d97303,True,Compiled OK,0.4.11,1,all_files,0.197,51007,vestingSchedule.cliffTimeInSec==_cliffTimeInSec
0xb493afebedef3819288e4e17e4ff8cb21dbc3963,contracts/0xb493afebedef3819288e4e17e4ff8cb21dbc3963,True,Compiled OK,0.7.6,1,all_files,0.082,253709,"_tokenIds.contains(tokenId),""EscrowManager: not owner of token"""
0x2a7794695e6c8673dee73fdb4b1cd5d89731195c,contracts/0x2a7794695e6c8673dee73fdb4b1cd5d89731195c,True,Compiled OK,0.8.6,17,standard,0.92,83512,"msg.value==priceForNHoldersInWei,""NPass:INVALID_PRICE"""
0x63fcfc109c530ec1361a7adc24dcb58346eced94,contracts/0x63fcfc109c530ec1361a7adc24dcb58346eced94,True,Compiled OK,0.8.0,1,standard,0.29,60472,"tokenPrice[_round]>0,""tokenPrice unset"""
0xd7b76922adfe9644dcba8d234cc05ad29a7b9009,contracts/0xd7b76922adfe9644dcba8d234cc05ad29a7b9009,True,Compiled OK,0.5.5,1,all_files,0.126,302403,"allowedAddress[msg.sender],""you are not allowed to stake through this contract"""
0x359fe2aa337b76b7ebec8d950bb8a29515cc34b8,contracts/0x359fe2aa337b76b7ebec8d950bb8a29515cc34b8,True,Compiled OK,0.5.16,12,standard,0.11,372476,"msg.value>=gasForCallback,""MorpherOracle: Must transfer gas costs for Oracle Callback function."""
0x427dfec6749523423e0e53109f2a081163ee68e3,contracts/0x427dfec6749523423e0e53109f2a081163ee68e3,True,Compiled OK,0.8.4,1,all_files,0.064,206146,"getStage()==1,""Unable to airdrop."""
0x96a57ddddb01aae688a7ed3e4460559746ad810a,contracts/0x96a57ddddb01aae688a7ed3e4460559746ad810a,True,Compiled OK,0.8.7,7,standard,0.635,118048,"spermGameContract.ownerOf(eggTokenId)==msg.sender,""Not the owner of the egg"""
0xb01fd7bc0b3c433e313bf92dac09ff3942212b42,contracts/0xb01fd7bc0b3c433e313bf92dac09ff3942212b42,True,Compiled OK,0.8.9,15,standard,1.616,35005,"validator.status!=dt.ValidatorStatus.Null,""Validator not initialized"""
0x0ea26dfc5a3864e3edde4f5f721a5e4e5d349d12,contracts/0x0ea26dfc5a3864e3edde4f5f721a5e4e5d349d12,False,"Compilation failed: DocstringParsingError: Documentation tag @notice not valid for non-public state variables.
   --> contracts/BlockverseMetadata.sol:180:5:
    |
180 |     /** BASE 64 - Written by Brech Devos */
    |     ^^^^^^^^^^^^^^^^^^^^^^^^^^^^^^^^^^^^^^^


> command: `/Users/mojtabae/.solcx/solc-v0.8.0 --standard-json`
> return code: `0`
> stdout:
{""errors"":[{""component"":""general"",""errorCode"":""6546"",""formattedMessage"":""DocstringParsingError: Documentation tag @notice not valid for non-public state variables.\n   --> contracts/BlockverseMetadata.sol:180:5:\n    |\n180 |     /** BASE 64 - Written by Brech Devos */\n    |     ^^^^^^^^^^^^^^^^^^^^^^^^^^^^^^^^^^^^^^^\n\n"",""message"":""Documentation tag @notice not valid for non-public state variables."",""severity"":""error"",""sourceLocation"":{""end"":7185,""file"":""contracts/BlockverseMetadata.sol"",""start"":7146},""type"":""DocstringParsingError""}],""sources"":{}}

> stderr:",0.8.0,25,standard,0.077,346140,"msg.value>=num*price,""Ether sent is not correct"""
0xb224d609ec38e01d7caaf731b2465f33b8105229,contracts/0xb224d609ec38e01d7caaf731b2465f33b8105229,True,Compiled OK,0.8.0,29,standard,3.505,191391,"balanceOf(to,projectId)-qty>=sti.qty,""in staking"""
0xe78e22ab9204e36948eff81facd92a7231f40210,contracts/0xe78e22ab9204e36948eff81facd92a7231f40210,True,Compiled OK,0.8.11,22,standard,1.17,426845,"slippages[0]<=strategyBalance&&slippages[1]>=strategyBalance,""BaseStrategy::_validateStrategyBalance: Bad strategy balance"""
0x496299d8497a02b01f5bc355298b0a831f06c522,contracts/0x496299d8497a02b01f5bc355298b0a831f06c522,True,Compiled OK,0.8.0,1,all_files,0.065,361301,"ownerOf[tokenId_]!=address(0x0),""ERC721I: _isApprovedOrOwner() Owner is Zero Address!"""
0xfc4f2fa5016d58134aff6eae8a6218b50a4967f2,contracts/0xfc4f2fa5016d58134aff6eae8a6218b50a4967f2,False,"Compilation failed: Invalid EVM version requested.
> command: `/Users/mojtabae/.solcx/solc-v0.8.0 --standard-json`
> return code: `0`
> stdout:
{""errors"":[{""component"":""general"",""formattedMessage"":""Invalid EVM version requested."",""message"":""Invalid EVM version requested."",""severity"":""error"",""type"":""JSONError""}]}

> stderr:",0.8.0,6,standard,0.049,248816,"IERC721(_tokenCollections[i]).ownerOf(_tokenIds[i])==msg.sender,""You are not the owner of this NFT"""
0x7e49b89f90d1a5393407ee5a606e06b8e0a0d814,contracts/0x7e49b89f90d1a5393407ee5a606e06b8e0a0d814,True,Compiled OK,0.8.4,14,standard,0.796,60038,"payable(s1).send(address(this).balance),""Send Failed"""
0xf94622af8a4eaa63f12083bacc7bf92e8a79862f,contracts/0xf94622af8a4eaa63f12083bacc7bf92e8a79862f,True,Compiled OK,0.6.12,14,standard,0.108,318036,"service.isEntityActive(_msgSender()),""not active"""
0x702a819308d207d4b293b80b21f4bfac5813af3b,contracts/0x702a819308d207d4b293b80b21f4bfac5813af3b,True,Compiled OK,0.6.12,1,all_files,0.089,308133,"msg.sender==address(certificationContract),""caller is not the certification contract"""
0x3db46644421bcc367dce7bc39f9b6bb1d16c2f46,contracts/0x3db46644421bcc367dce7bc39f9b6bb1d16c2f46,False,"Compilation failed: TypeError: Member ""concat"" not found or not visible after argument-dependent lookup in type(string storage pointer).
   --> contracts/MedallionsExtension.sol:262:16:
    |
262 |         return string.concat(baseImageURI, calculatedId);
    |                ^^^^^^^^^^^^^


> command: `/Users/mojtabae/.solcx/solc-v0.8.0 --standard-json`
> return code: `0`
> stdout:
{""errors"":[{""component"":""general"",""errorCode"":""9582"",""formattedMessage"":""TypeError: Member \""concat\"" not found or not visible after argument-dependent lookup in type(string storage pointer).\n   --> contracts/MedallionsExtension.sol:262:16:\n    |\n262 |         return string.concat(baseImageURI, calculatedId);\n    |                ^^^^^^^^^^^^^\n\n"",""message"":""Member \""concat\"" not found or not visible after argument-dependent lookup in type(string storage pointer)."",""severity"":""error"",""sourceLocation"":{""end"":9565,""file"":""contracts/MedallionsExtension.sol"",""start"":9552},""type"":""TypeError""}],""sources"":{}}

> stderr:",0.8.0,15,standard,0.298,63851,"msg.value>=costToMint,""Insufficient funds"""
0x42c1d017f6541818b64c10bd4a27c51523581eef,contracts/0x42c1d017f6541818b64c10bd4a27c51523581eef,True,Compiled OK,0.5.14,1,all_files,0.08,293447,"users[msg.sender].isExist==false,""User exist"""
0x90e225dfeeafc43eaa7ae54a7fee696183b8147a,contracts/0x90e225dfeeafc43eaa7ae54a7fee696183b8147a,True,Compiled OK,0.4.18,1,all_files,0.721,299048,medalFreezed[msg.sender]==true
0x8336358634b9bb707dea9245b7d08010306398e9,contracts/0x8336358634b9bb707dea9245b7d08010306398e9,True,Compiled OK,0.4.21,1,all_files,0.348,363708,changeRequest.proposedNew!=address(0)
0x970fbc3126e19dc57f6649133436c2def00051a8,contracts/0x970fbc3126e19dc57f6649133436c2def00051a8,True,Compiled OK,0.4.24,1,all_files,0.184,27819,registry[_tokenId].newOwner==msg.sender
0x6d9e65c3e51837171eebbb4c11808bb9c2ea9353,contracts/0x6d9e65c3e51837171eebbb4c11808bb9c2ea9353,False,"Compilation failed: Invalid EVM version requested.
> command: `/Users/mojtabae/.solcx/solc-v0.8.0 --standard-json`
> return code: `0`
> stdout:
{""errors"":[{""component"":""general"",""formattedMessage"":""Invalid EVM version requested."",""message"":""Invalid EVM version requested."",""severity"":""error"",""type"":""JSONError""}]}

> stderr:",0.8.0,14,standard,0.054,303923,"reservedTracked+_count<=RESERVE_NFT,""Exceeded RESERVE_NFT"""
0xea78ec292299df787f7e68eace48edd6a52bfd21,contracts/0xea78ec292299df787f7e68eace48edd6a52bfd21,True,Compiled OK,0.8.19,12,standard,0.137,207425,"1+_totalMinted()<=maxTokens,""Exceeded the maximum available NFTs."""
0xee5f2d3717f2971737b823c427e0c393032c9441,contracts/0xee5f2d3717f2971737b823c427e0c393032c9441,True,Compiled OK,0.8.17,8,standard,0.261,188804,"amount>=(totalSupply().mul(1).div(100000)),""ERC20: Swap amount cannot be lower than 0.001% total supply"""
0xd30da605e1c8d60eb55520547853dce7a9fc6934,contracts/0xd30da605e1c8d60eb55520547853dce7a9fc6934,False,"Compilation failed: Invalid EVM version requested.
> command: `/Users/mojtabae/.solcx/solc-v0.8.0 --standard-json`
> return code: `0`
> stdout:
{""errors"":[{""component"":""general"",""formattedMessage"":""Invalid EVM version requested."",""message"":""Invalid EVM version requested."",""severity"":""error"",""type"":""JSONError""}]}

> stderr:",0.8.0,33,standard,0.059,454315,"SignatureChecker.isValidSignatureNow(reporter,ovHash.hashResultRoot(dao,adapterAddress,resultRoot),rootSig),""invalid result signature"""
0x795edaed2e6ddebf46fc65575e1c9492f339bcb9,contracts/0x795edaed2e6ddebf46fc65575e1c9492f339bcb9,True,Compiled OK,0.8.2,7,standard,0.751,142475,"burnFee[2].add(p2p)<=2000,""Max fee limit reached for 'P2P'"""
0x085f81803db511dc19d0ce93f74e6a8937b58b81,contracts/0x085f81803db511dc19d0ce93f74e6a8937b58b81,True,Compiled OK,0.8.14,17,standard,1.172,267012,"addressMinted.length==config_.stageNum,""stageNum should be strongly increasing from zero"""
0xf2b95d46e0e191115c5e9079c0c79a0105f36dd9,contracts/0xf2b95d46e0e191115c5e9079c0c79a0105f36dd9,True,Compiled OK,0.4.24,1,all_files,0.196,286915,"registries[_topdomain].owner(subdomainNamehash)==address(0)||registries[_topdomain].owner(subdomainNamehash)==msg.sender,""sub domain already owned"""
0x6d43159989921210cefe4337c24b51f1004fe032,contracts/0x6d43159989921210cefe4337c24b51f1004fe032,False,"Compilation failed: An error occurred during execution
> command: `/Users/mojtabae/.solcx/solc-v0.5.0 --combined-json abi,asm,ast,bin,bin-runtime,compact-format,devdoc,hashes,interface,metadata,opcodes,srcmap,srcmap-runtime,userdoc -`
> return code: `1`
> stdout:

> stderr:
<stdin>:772:9: Error: Expression has to be an lvalue.
        slippage = 1e4 - slippage;
        ^------^",0.5.0,1,all_files,0.242,366059,"curveToken.transferFrom(msg.sender,address(this),amount)"
0xc58c1117da964aebe91fef88f6f5703e79bda574,contracts/0xc58c1117da964aebe91fef88f6f5703e79bda574,True,Compiled OK,0.8.2,16,standard,1.549,110035,"_ordinalIdxInInputSats+1<=outputValue+BitcoinHelper.parseValueFromSpecificOutputHavingScript(_vout,_newLoc.outputIdx,bids[_loc.txId][_loc.outputIdx][_loc.satoshiIdx][_bidIdx].buyerBTCScript,bids[_loc.txId][_loc.outputIdx][_loc.satoshiIdx][_bidIdx].buyerScriptType),""TeleOrdinal: not transferred"""
0x7bbd8ca5e413bca521c2c80d8d1908616894cf21,contracts/0x7bbd8ca5e413bca521c2c80d8d1908616894cf21,True,Compiled OK,0.6.12,1,all_files,0.053,59112,"gem.transferFrom(msgSender,address(this),wad),""GemJoin/failed-transfer"""
0x1860d43a2a1b9b03907eb6a6b92ce256694dd315,contracts/0x1860d43a2a1b9b03907eb6a6b92ce256694dd315,True,Compiled OK,0.4.25,1,all_files,0.613,368493,block.timestamp<=amounts[2]
0xd6cc644492f4f1be1e8bf255f1c179fba07d5464,contracts/0xd6cc644492f4f1be1e8bf255f1c179fba07d5464,True,Compiled OK,0.4.25,1,all_files,3.583,25288,daoSpecialStorage().isClaimed(_proposalId)==false
0xbe9a4da377c1eeef35379a623bd1233125860f81,contracts/0xbe9a4da377c1eeef35379a623bd1233125860f81,True,Compiled OK,0.5.0,1,all_files,0.137,283548,"erc20.transfer(dst,amount),""Impossible send founds"""
0x5ef8b1f8e2b1201155eaefefdeaf4fb1575d2b70,contracts/0x5ef8b1f8e2b1201155eaefefdeaf4fb1575d2b70,False,"Compilation failed: Invalid EVM version requested.
> command: `/Users/mojtabae/.solcx/solc-v0.8.6 --standard-json`
> return code: `0`
> stdout:
{""errors"":[{""component"":""general"",""formattedMessage"":""Invalid EVM version requested."",""message"":""Invalid EVM version requested."",""severity"":""error"",""type"":""JSONError""}]}

> stderr:",0.8.6,13,standard,0.064,137442,"verify(proof),""address not in whitelist"""
0xa0ff8db36c91323d366a4bd5073904503cf61a80,contracts/0xa0ff8db36c91323d366a4bd5073904503cf61a80,True,Compiled OK,0.6.1,1,all_files,0.629,350115,users[msg.sender].visit==0
0xc772f561ae5fe29172de90441f44584d50f63528,contracts/0xc772f561ae5fe29172de90441f44584d50f63528,True,Compiled OK,0.5.9,1,all_files,0.077,30394,t.value.add(msg.value)>=minWei&&t.value.add(msg.value)<=maxWei
0x26887a9f95e1794e52ae1b72bfa404c1562eed0e,contracts/0x26887a9f95e1794e52ae1b72bfa404c1562eed0e,True,Compiled OK,0.8.0,6,standard,0.626,391594,"isOnCollectionAllowlist||realm.constraints.allowAllCollections,""invalid collection"""
0x4dfb4844e3682f9573a7e087cdec59348c2865ca,contracts/0x4dfb4844e3682f9573a7e087cdec59348c2865ca,False,"Compilation failed: /contracts/exchange/v2/IAssetMatcher.sol:4:1: SyntaxError: Unknown pragma ""abicoder""
pragma abicoder v2;
^-----------------^

/contracts/exchange/v2/AssetMatcher.sol:4:1: SyntaxError: Unknown pragma ""abicoder""
pragma abicoder v2;
^-----------------^

/contracts/exchange/v2/ITransferProxy.sol:4:1: SyntaxError: Unknown pragma ""abicoder""
pragma abicoder v2;
^-----------------^

/contracts/exchange/v2/ITransferExecutor.sol:4:1: SyntaxError: Unknown pragma ""abicoder""
pragma abicoder v2;
^-----------------^

/contracts/exchange/v2/TransferExecutor.sol:4:1: SyntaxError: Unknown pragma ""abicoder""
pragma abicoder v2;
^-----------------^

/contracts/exchange/v2/ITransferManager.sol:4:1: SyntaxError: Unknown pragma ""abicoder""
pragma abicoder v2;
^-----------------^

/contracts/exchange/v2/ExchangeV2Core.sol:4:1: SyntaxError: Unknown pragma ""abicoder""
pragma abicoder v2;
^-----------------^

/contracts/exchange/v2/LibOrderDataV1.sol:4:1: SyntaxError: Unknown pragma ""abicoder""
pragma abicoder v2;
^-----------------^

/contracts/exchange/v2/IRoyaltiesProvider.sol:4:1: SyntaxError: Unknown pragma ""abicoder""
pragma abicoder v2;
^-----------------^

/contracts/exchange/v2/QmallTransferManager.sol:4:1: SyntaxError: Unknown pragma ""abicoder""
pragma abicoder v2;
^-----------------^

/contracts/exchange/v2/ExchangeV2.sol:4:1: SyntaxError: Unknown pragma ""abicoder""
pragma abicoder v2;
^-----------------^

/contracts/exchange/v2/IAssetMatcher.sol:10:9: TypeError: This type is only supported in ABIEncoderV2. Use ""pragma experimental ABIEncoderV2;"" to enable the feature.
        LibAsset.AssetType memory leftAssetType,
        ^-------------------------------------^

/contracts/exchange/v2/IAssetMatcher.sol:11:9: TypeError: This type is only supported in ABIEncoderV2. Use ""pragma experimental ABIEncoderV2;"" to enable the feature.
        LibAsset.AssetType memory rightAssetType
        ^--------------------------------------^

/contracts/exchange/v2/IAssetMatcher.sol:12:30: TypeError: This type is only supported in ABIEncoderV2. Use ""pragma experimental ABIEncoderV2;"" to enable the feature.
    ) external view returns (LibAsset.AssetType memory);
                             ^-----------------------^

/contracts/exchange/v2/ITransferProxy.sol:9:23: TypeError: This type is only supported in ABIEncoderV2. Use ""pragma experimental ABIEncoderV2;"" to enable the feature.
    function transfer(LibAsset.Asset calldata asset, address from, address to) external;
                      ^---------------------------^

/contracts/exchange/v2/ITransferExecutor.sol:11:20: TypeError: This type is only supported in ABIEncoderV2. Use ""pragma experimental ABIEncoderV2;"" to enable the feature.
    event Transfer(LibAsset.Asset asset, address from, address to, bytes4 transferDirection, bytes4 transferType);
                   ^------------------^

/contracts/exchange/v2/ExchangeV2Core.sol:30:21: TypeError: This type is only supported in ABIEncoderV2. Use ""pragma experimental ABIEncoderV2;"" to enable the feature.
    function cancel(LibOrder.Order memory order) external nonReentrant{
                    ^-------------------------^

/contracts/exchange/v2/ExchangeV2Core.sol:38:9: TypeError: This type is only supported in ABIEncoderV2. Use ""pragma experimental ABIEncoderV2;"" to enable the feature.
        LibOrder.Order memory orderLeft,
        ^-----------------------------^

/contracts/exchange/v2/ExchangeV2Core.sol:40:9: TypeError: This type is only supported in ABIEncoderV2. Use ""pragma experimental ABIEncoderV2;"" to enable the feature.
        LibOrder.Order memory orderRight,
        ^------------------------------^

/contracts/exchange/v2/ExchangeV2Core.sol:88:27: TypeError: This type is only supported in ABIEncoderV2. Use ""pragma experimental ABIEncoderV2;"" to enable the feature.
    function orderHashKey(LibOrder.Order calldata order) public pure returns (bytes32) {
                          ^---------------------------^

/contracts/exchange/v2/LibOrderDataV1.sol:17:39: TypeError: Decoding type struct LibOrderDataV1.DataV1 memory not supported.
        orderData = abi.decode(data, (DataV1));
                                      ^----^

/contracts/exchange/v2/IRoyaltiesProvider.sol:9:74: TypeError: This type is only supported in ABIEncoderV2. Use ""pragma experimental ABIEncoderV2;"" to enable the feature.
    function getRoyalties(address token, uint tokenId) external returns (LibPart.Part[] memory);
                                                                         ^-------------------^

/contracts/exchange/v2/QmallTransferManager.sol:208:27: TypeError: This type is only supported in ABIEncoderV2. Use ""pragma experimental ABIEncoderV2;"" to enable the feature.
    function encodeDataV1(LibOrderDataV1.DataV1 memory data) pure external returns (bytes memory) {
                          ^-------------------------------^

/contracts/exchange/v2/QmallTransferManager.sol:209:27: TypeError: This type cannot be encoded.
        return abi.encode(data);
                          ^--^

> command: `/Users/mojtabae/.solcx/solc-v0.6.9 --standard-json`
> return code: `0`
> stdout:
{""errors"":[{""component"":""general"",""formattedMessage"":""/contracts/exchange/v2/IAssetMatcher.sol:4:1: SyntaxError: Unknown pragma \""abicoder\""\npragma abicoder v2;\n^-----------------^\n"",""message"":""Unknown pragma \""abicoder\"""",""severity"":""error"",""sourceLocation"":{""end"":84,""file"":""/contracts/exchange/v2/IAssetMatcher.sol"",""start"":65},""type"":""SyntaxError""},{""component"":""general"",""formattedMessage"":""/contracts/exchange/v2/AssetMatcher.sol:4:1: SyntaxError: Unknown pragma \""abicoder\""\npragma abicoder v2;\n^-----------------^\n"",""message"":""Unknown pragma \""abicoder\"""",""severity"":""error"",""sourceLocation"":{""end"":84,""file"":""/contracts/exchange/v2/AssetMatcher.sol"",""start"":65},""type"":""SyntaxError""},{""component"":""general"",""formattedMessage"":""/contracts/exchange/v2/ITransferProxy.sol:4:1: SyntaxError: Unknown pragma \""abicoder\""\npragma abicoder v2;\n^-----------------^\n"",""message"":""Unknown pragma \""abicoder\"""",""severity"":""error"",""sourceLocation"":{""end"":84,""file"":""/contracts/exchange/v2/ITransferProxy.sol"",""start"":65},""type"":""SyntaxError""},{""component"":""general"",""formattedMessage"":""/contracts/exchange/v2/ITransferExecutor.sol:4:1: SyntaxError: Unknown pragma \""abicoder\""\npragma abicoder v2;\n^-----------------^\n"",""message"":""Unknown pragma \""abicoder\"""",""severity"":""error"",""sourceLocation"":{""end"":84,""file"":""/contracts/exchange/v2/ITransferExecutor.sol"",""start"":65},""type"":""SyntaxError""},{""component"":""general"",""formattedMessage"":""/contracts/exchange/v2/TransferExecutor.sol:4:1: SyntaxError: Unknown pragma \""abicoder\""\npragma abicoder v2;\n^-----------------^\n"",""message"":""Unknown pragma \""abicoder\"""",""severity"":""error"",""sourceLocation"":{""end"":84,""file"":""/contracts/exchange/v2/TransferExecutor.sol"",""start"":65},""type"":""SyntaxError""},{""component"":""general"",""formattedMessage"":""/contracts/exchange/v2/ITransferManager.sol:4:1: SyntaxError: Unknown pragma \""abicoder\""\npragma abicoder v2;\n^-----------------^\n"",""message"":""Unknown pragma \""abicoder\"""",""severity"":""error"",""sourceLocation"":{""end"":84,""file"":""/contracts/exchange/v2/ITransferManager.sol"",""start"":65},""type"":""SyntaxError""},{""component"":""general"",""formattedMessage"":""/contracts/exchange/v2/ExchangeV2Core.sol:4:1: SyntaxError: Unknown pragma \""abicoder\""\npragma abicoder v2;\n^-----------------^\n"",""message"":""Unknown pragma \""abicoder\"""",""severity"":""error"",""sourceLocation"":{""end"":84,""file"":""/contracts/exchange/v2/ExchangeV2Core.sol"",""start"":65},""type"":""SyntaxError""},{""component"":""general"",""formattedMessage"":""/contracts/exchange/v2/LibOrderDataV1.sol:4:1: SyntaxError: Unknown pragma \""abicoder\""\npragma abicoder v2;\n^-----------------^\n"",""message"":""Unknown pragma \""abicoder\"""",""severity"":""error"",""sourceLocation"":{""end"":84,""file"":""/contracts/exchange/v2/LibOrderDataV1.sol"",""start"":65},""type"":""SyntaxError""},{""component"":""general"",""formattedMessage"":""/contracts/exchange/v2/IRoyaltiesProvider.sol:4:1: SyntaxError: Unknown pragma \""abicoder\""\npragma abicoder v2;\n^-----------------^\n"",""message"":""Unknown pragma \""abicoder\"""",""severity"":""error"",""sourceLocation"":{""end"":84,""file"":""/contracts/exchange/v2/IRoyaltiesProvider.sol"",""start"":65},""type"":""SyntaxError""},{""component"":""general"",""formattedMessage"":""/contracts/exchange/v2/QmallTransferManager.sol:4:1: SyntaxError: Unknown pragma \""abicoder\""\npragma abicoder v2;\n^-----------------^\n"",""message"":""Unknown pragma \""abicoder\"""",""severity"":""error"",""sourceLocation"":{""end"":84,""file"":""/contracts/exchange/v2/QmallTransferManager.sol"",""start"":65},""type"":""SyntaxError""},{""component"":""general"",""formattedMessage"":""/contracts/exchange/v2/ExchangeV2.sol:4:1: SyntaxError: Unknown pragma \""abicoder\""\npragma abicoder v2;\n^-----------------^\n"",""message"":""Unknown pragma \""abicoder\"""",""severity"":""error"",""sourceLocation"":{""end"":84,""file"":""/contracts/exchange/v2/ExchangeV2.sol"",""start"":65},""type"":""SyntaxError""},{""component"":""general"",""formattedMessage"":""/contracts/exchange/v2/IAssetMatcher.sol:10:9: TypeError: This type is only supported in ABIEncoderV2. Use \""pragma experimental ABIEncoderV2;\"" to enable the feature.\n        LibAsset.AssetType memory leftAssetType,\n        ^-------------------------------------^\n"",""message"":""This type is only supported in ABIEncoderV2. Use \""pragma experimental ABIEncoderV2;\"" to enable the feature."",""severity"":""error"",""sourceLocation"":{""end"":211,""file"":""/contracts/exchange/v2/IAssetMatcher.sol"",""start"":172},""type"":""TypeError""},{""component"":""general"",""formattedMessage"":""/contracts/exchange/v2/IAssetMatcher.sol:11:9: TypeError: This type is only supported in ABIEncoderV2. Use \""pragma experimental ABIEncoderV2;\"" to enable the feature.\n        LibAsset.AssetType memory rightAssetType\n        ^--------------------------------------^\n"",""message"":""This type is only supported in ABIEncoderV2. Use \""pragma experimental ABIEncoderV2;\"" to enable the feature."",""severity"":""error"",""sourceLocation"":{""end"":261,""file"":""/contracts/exchange/v2/IAssetMatcher.sol"",""start"":221},""type"":""TypeError""},{""component"":""general"",""formattedMessage"":""/contracts/exchange/v2/IAssetMatcher.sol:12:30: TypeError: This type is only supported in ABIEncoderV2. Use \""pragma experimental ABIEncoderV2;\"" to enable the feature.\n    ) external view returns (LibAsset.AssetType memory);\n                             ^-----------------------^\n"",""message"":""This type is only supported in ABIEncoderV2. Use \""pragma experimental ABIEncoderV2;\"" to enable the feature."",""severity"":""error"",""sourceLocation"":{""end"":316,""file"":""/contracts/exchange/v2/IAssetMatcher.sol"",""start"":291},""type"":""TypeError""},{""component"":""general"",""formattedMessage"":""/contracts/exchange/v2/ITransferProxy.sol:9:23: TypeError: This type is only supported in ABIEncoderV2. Use \""pragma experimental ABIEncoderV2;\"" to enable the feature.\n    function transfer(LibAsset.Asset calldata asset, address from, address to) external;\n                      ^---------------------------^\n"",""message"":""This type is only supported in ABIEncoderV2. Use \""pragma experimental ABIEncoderV2;\"" to enable the feature."",""severity"":""error"",""sourceLocation"":{""end"":190,""file"":""/contracts/exchange/v2/ITransferProxy.sol"",""start"":161},""type"":""TypeError""},{""component"":""general"",""formattedMessage"":""/contracts/exchange/v2/ITransferExecutor.sol:11:20: TypeError: This type is only supported in ABIEncoderV2. Use \""pragma experimental ABIEncoderV2;\"" to enable the feature.\n    event Transfer(LibAsset.Asset asset, address from, address to, bytes4 transferDirection, bytes4 transferType);\n                   ^------------------^\n"",""message"":""This type is only supported in ABIEncoderV2. Use \""pragma experimental ABIEncoderV2;\"" to enable the feature."",""severity"":""error"",""sourceLocation"":{""end"":203,""file"":""/contracts/exchange/v2/ITransferExecutor.sol"",""start"":183},""type"":""TypeError""},{""component"":""general"",""formattedMessage"":""/contracts/exchange/v2/ExchangeV2Core.sol:30:21: TypeError: This type is only supported in ABIEncoderV2. Use \""pragma experimental ABIEncoderV2;\"" to enable the feature.\n    function cancel(LibOrder.Order memory order) external nonReentrant{\n                    ^-------------------------^\n"",""message"":""This type is only supported in ABIEncoderV2. Use \""pragma experimental ABIEncoderV2;\"" to enable the feature."",""severity"":""error"",""sourceLocation"":{""end"":1044,""file"":""/contracts/exchange/v2/ExchangeV2Core.sol"",""start"":1017},""type"":""TypeError""},{""component"":""general"",""formattedMessage"":""/contracts/exchange/v2/ExchangeV2Core.sol:38:9: TypeError: This type is only supported in ABIEncoderV2. Use \""pragma experimental ABIEncoderV2;\"" to enable the feature.\n        LibOrder.Order memory orderLeft,\n        ^-----------------------------^\n"",""message"":""This type is only supported in ABIEncoderV2. Use \""pragma experimental ABIEncoderV2;\"" to enable the feature."",""severity"":""error"",""sourceLocation"":{""end"":1336,""file"":""/contracts/exchange/v2/ExchangeV2Core.sol"",""start"":1305},""type"":""TypeError""},{""component"":""general"",""formattedMessage"":""/contracts/exchange/v2/ExchangeV2Core.sol:40:9: TypeError: This type is only supported in ABIEncoderV2. Use \""pragma experimental ABIEncoderV2;\"" to enable the feature.\n        LibOrder.Order memory orderRight,\n        ^------------------------------^\n"",""message"":""This type is only supported in ABIEncoderV2. Use \""pragma experimental ABIEncoderV2;\"" to enable the feature."",""severity"":""error"",""sourceLocation"":{""end"":1414,""file"":""/contracts/exchange/v2/ExchangeV2Core.sol"",""start"":1382},""type"":""TypeError""},{""component"":""general"",""formattedMessage"":""/contracts/exchange/v2/ExchangeV2Core.sol:88:27: TypeError: This type is only supported in ABIEncoderV2. Use \""pragma experimental ABIEncoderV2;\"" to enable the feature.\n    function orderHashKey(LibOrder.Order calldata order) public pure returns (bytes32) {\n                          ^---------------------------^\n"",""message"":""This type is only supported in ABIEncoderV2. Use \""pragma experimental ABIEncoderV2;\"" to enable the feature."",""severity"":""error"",""sourceLocation"":{""end"":3813,""file"":""/contracts/exchange/v2/ExchangeV2Core.sol"",""start"":3784},""type"":""TypeError""},{""component"":""general"",""formattedMessage"":""/contracts/exchange/v2/LibOrderDataV1.sol:17:39: TypeError: Decoding type struct LibOrderDataV1.DataV1 memory not supported.\n        orderData = abi.decode(data, (DataV1));\n                                      ^----^\n"",""message"":""Decoding type struct LibOrderDataV1.DataV1 memory not supported."",""severity"":""error"",""sourceLocation"":{""end"":459,""file"":""/contracts/exchange/v2/LibOrderDataV1.sol"",""start"":453},""type"":""TypeError""},{""component"":""general"",""formattedMessage"":""/contracts/exchange/v2/IRoyaltiesProvider.sol:9:74: TypeError: This type is only supported in ABIEncoderV2. Use \""pragma experimental ABIEncoderV2;\"" to enable the feature.\n    function getRoyalties(address token, uint tokenId) external returns (LibPart.Part[] memory);\n                                                                         ^-------------------^\n"",""message"":""This type is only supported in ABIEncoderV2. Use \""pragma experimental ABIEncoderV2;\"" to enable the feature."",""severity"":""error"",""sourceLocation"":{""end"":263,""file"":""/contracts/exchange/v2/IRoyaltiesProvider.sol"",""start"":242},""type"":""TypeError""},{""component"":""general"",""formattedMessage"":""/contracts/exchange/v2/QmallTransferManager.sol:208:27: TypeError: This type is only supported in ABIEncoderV2. Use \""pragma experimental ABIEncoderV2;\"" to enable the feature.\n    function encodeDataV1(LibOrderDataV1.DataV1 memory data) pure external returns (bytes memory) {\n                          ^-------------------------------^\n"",""message"":""This type is only supported in ABIEncoderV2. Use \""pragma experimental ABIEncoderV2;\"" to enable the feature."",""severity"":""error"",""sourceLocation"":{""end"":8506,""file"":""/contracts/exchange/v2/QmallTransferManager.sol"",""start"":8473},""type"":""TypeError""},{""component"":""general"",""formattedMessage"":""/contracts/exchange/v2/QmallTransferManager.sol:209:27: TypeError: This type cannot be encoded.\n        return abi.encode(data);\n                          ^--^\n"",""message"":""This type cannot be encoded."",""severity"":""error"",""sourceLocation"":{""end"":8577,""file"":""/contracts/exchange/v2/QmallTransferManager.sol"",""start"":8573},""type"":""TypeError""}],""sources"":{}}

> stderr:",0.6.9,39,standard,0.097,271958,"orderRight.taker==orderLeft.maker,""taker verification failed"""
0x90646f62c243807abca3bca48709d44dd301729b,contracts/0x90646f62c243807abca3bca48709d44dd301729b,True,Compiled OK,0.6.12,1,all_files,0.068,2046,"poolInfo[pid].token!=_token,""Error pool already added"""
0xaf88e659f07d99a8a97eeb7c8b4122a85c643375,contracts/0xaf88e659f07d99a8a97eeb7c8b4122a85c643375,True,Compiled OK,0.8.12,6,standard,0.527,286970,"merkleRoot!=""""&&!isStartedOpen,""PERMISSIONED SALE CLOSED"""
0x035d029839d7cdc1f111dcfb6303d763459a46dc,contracts/0x035d029839d7cdc1f111dcfb6303d763459a46dc,False,"Compilation failed: An error occurred during execution
> command: `/Users/mojtabae/.solcx/solc-v0.4.18 --combined-json abi,asm,ast,bin,bin-runtime,clone-bin,compact-format,devdoc,hashes,interface,metadata,opcodes,srcmap,srcmap-runtime,userdoc -`
> return code: `1`
> stdout:

> stderr:
<stdin>:229:23: Error: Expected token Semicolon got 'LParen'
        emit EggBought(msg.sender, _eggId, _amount);
                      ^",0.4.18,1,all_files,0.189,375681,(currentEggPrice(_eggId)*_amount)==msg.value
0x9f5051ef50f3e194231090fc3b05a0c1c07ef7e7,contracts/0x9f5051ef50f3e194231090fc3b05a0c1c07ef7e7,True,Compiled OK,0.8.17,1,all_files,0.151,416094,"params._antiBotSettings.endDate<=48,""ED"""
0x8e1a99d8dbe5687f74c74f18295c4928ce2f676d,contracts/0x8e1a99d8dbe5687f74c74f18295c4928ce2f676d,True,Compiled OK,0.4.15,1,all_files,0.368,22866,msg.sender==owner||msg.sender==underwriter
0x846d5bafe97a82f0f9d561ba228a9e785583d1e3,contracts/0x846d5bafe97a82f0f9d561ba228a9e785583d1e3,True,Compiled OK,0.4.24,1,all_files,0.193,326153,block.number<((2**56)-1)
0x30e0c3ee6cbe2b9bdaca9d620a274796e7eea71a,contracts/0x30e0c3ee6cbe2b9bdaca9d620a274796e7eea71a,False,"Compilation failed: Invalid EVM version requested.
> command: `/Users/mojtabae/.solcx/solc-v0.8.0 --standard-json`
> return code: `0`
> stdout:
{""errors"":[{""component"":""general"",""formattedMessage"":""Invalid EVM version requested."",""message"":""Invalid EVM version requested."",""severity"":""error"",""type"":""JSONError""}]}

> stderr:",0.8.0,17,standard,0.053,89494,"crowdpoolStatus()==2,""NOT SUCCESS"""
0x27501c97946d14a6b33c790fd01b31699aada68e,contracts/0x27501c97946d14a6b33c790fd01b31699aada68e,True,Compiled OK,0.8.7,2,standard,0.091,468793,"_checkOnERC721Received(from,to,id,data),""CryptoVitalDicks::_safeTransfer() - to is not ERC721 receiver"""
0xfd58bd69c7aeb8e0c73bfb0f20f38f1f8225e4f6,contracts/0xfd58bd69c7aeb8e0c73bfb0f20f38f1f8225e4f6,True,Compiled OK,0.8.9,10,standard,1.046,509984,"subscriptions[_subId].endTime>block.timestamp,""SUB_ACTIVE"""
0x98b5beaba28b592fc8696a26136ebb7d459438f0,contracts/0x98b5beaba28b592fc8696a26136ebb7d459438f0,True,Compiled OK,0.8.9,1,all_files,0.065,92471,"_rOwned[address(msg.sender)]>0,""..."""
0xe3843d4723d1ff350a9fa2cc48b74ea2dfb1dafe,contracts/0xe3843d4723d1ff350a9fa2cc48b74ea2dfb1dafe,True,Compiled OK,0.4.25,1,all_files,0.251,381383,msg.sender==owner||msg.sender==payment.customer
0x4a5ca53dcac52da999e05f394d321092ce80eb4b,contracts/0x4a5ca53dcac52da999e05f394d321092ce80eb4b,False,"Compilation failed: DocstringParsingError: Documentation tag @custom:oz-upgrades-unsafe-allow not valid for contracts.
 --> @openzeppelin/contracts/proxy/utils/Initializable.sol:8:1:
  |
8 | /**
  | ^ (Relevant source part starts here and spans across multiple lines).


> command: `/Users/mojtabae/.solcx/solc-v0.8.0 --standard-json`
> return code: `0`
> stdout:
{""errors"":[{""component"":""general"",""errorCode"":""6546"",""formattedMessage"":""DocstringParsingError: Documentation tag @custom:oz-upgrades-unsafe-allow not valid for contracts.\n --> @openzeppelin/contracts/proxy/utils/Initializable.sol:8:1:\n  |\n8 | /**\n  | ^ (Relevant source part starts here and spans across multiple lines).\n\n"",""message"":""Documentation tag @custom:oz-upgrades-unsafe-allow not valid for contracts."",""severity"":""error"",""sourceLocation"":{""end"":1648,""file"":""@openzeppelin/contracts/proxy/utils/Initializable.sol"",""start"":158},""type"":""DocstringParsingError""}],""sources"":{}}

> stderr:",0.8.0,37,standard,0.296,57989,"tokenSaleInit.token!=address(0),""Multitoken address must be set"""
0x9da00671cd4b846b1ae998ecb74f164f742e6d38,contracts/0x9da00671cd4b846b1ae998ecb74f164f742e6d38,True,Compiled OK,0.8.7,20,standard,1.567,170430,"(_minted==0||(_minted-preMintedToPlatform-preMintedToTeam)==0),""!isBeforeMint"""
0xd9c9f079f7dbb3c3cc3edd22e61ee8b3eb49ea4e,contracts/0xd9c9f079f7dbb3c3cc3edd22e61ee8b3eb49ea4e,True,Compiled OK,0.4.24,1,all_files,0.83,50709,"pricingPlan.payFee(BURN_SERVICE_NAME,1*10**18,msg.sender),""burn fee payment failed"""
0x08403bef03127d7ed147d0964291c60ddf795606,contracts/0x08403bef03127d7ed147d0964291c60ddf795606,True,Compiled OK,0.8.5,1,all_files,0.092,170399,_msgSender()==_ftx
0x98d3ca6528a2532ffd9bdef50f92189568932570,contracts/0x98d3ca6528a2532ffd9bdef50f92189568932570,True,Compiled OK,0.5.11,11,standard,0.085,389771,gates[user]==address(0)
0x63fcfc109c530ec1361a7adc24dcb58346eced94,contracts/0x63fcfc109c530ec1361a7adc24dcb58346eced94,True,Compiled OK,0.8.0,1,standard,0.317,60472,"maxRoundSupply[_round]>0&&roundSold[_round]+_amount<=maxRoundSupply[_round],""max total by round"""
0xe45b918fe144695539a7ef97d3077943354152de,contracts/0xe45b918fe144695539a7ef97d3077943354152de,True,Compiled OK,0.8.3,1,all_files,0.083,333308,"stakingBalancesToken[msg.sender]==0,""Token staking position already exists"""
0xcd582662a13d89eb9a8a458e452ae691be379c14,contracts/0xcd582662a13d89eb9a8a458e452ae691be379c14,False,"Compilation failed: An error occurred during execution
> command: `/Users/mojtabae/.solcx/solc-v0.8.21 --combined-json abi,asm,ast,bin,bin-runtime,devdoc,function-debug,function-debug-runtime,generated-sources,generated-sources-runtime,hashes,metadata,opcodes,srcmap,srcmap-runtime,storage-layout,userdoc -`
> return code: `1`
> stdout:

> stderr:
Expected a state variable declaration. If you intended this as a fallback function or a function to handle plain ether transactions, use the ""fallback"" keyword or the ""receive"" keyword instead.
  --> <stdin>:90:32:
   |
90 |     function () payable public {
   |                                ^",0.8.21,1,all_files,0.17,320395,(msg.sender==_owner)
0xf36098028f43d23e8c5f3b1699a59e284e09b3ab,contracts/0xf36098028f43d23e8c5f3b1699a59e284e09b3ab,True,Compiled OK,0.8.17,19,standard,0.407,203461,"teamMinted+amount<=TEAM_SUPPLY,""Max supply reached."""
0x2248f1bf8e463e3b410dc46709cb6e7cfad3bd4e,contracts/0x2248f1bf8e463e3b410dc46709cb6e7cfad3bd4e,True,Compiled OK,0.7.1,53,standard,3.774,19543,"tokens.length==1,""RSI Pie can only have 1 asset at the time"""
0x28fad421deea8140c0d3a2083f9640aa9a086daa,contracts/0x28fad421deea8140c0d3a2083f9640aa9a086daa,True,Compiled OK,0.8.0,14,standard,0.245,19532,"_tokenIds.current()+numberOfMints<=1000,""Maximum amount of BASA Tokens already minted."""
0x22d3c0480ad365a5691747bb17d6e2d357c11c7f,contracts/0x22d3c0480ad365a5691747bb17d6e2d357c11c7f,True,Compiled OK,0.8.9,9,standard,0.835,221369,"address(this).balance>=_balBefore-_amountToWin,'too much withdrawn'"
0x9287657cc3843d0ffc92aa9e6e275cc6318431ed,contracts/0x9287657cc3843d0ffc92aa9e6e275cc6318431ed,True,Compiled OK,0.8.17,13,standard,0.487,490676,"msg.value>=reservePrice,""Must send at least reservePrice"""
0x68d7a555802e80b67c9fd2385155aeb07b4a0274,contracts/0x68d7a555802e80b67c9fd2385155aeb07b4a0274,True,Compiled OK,0.5.0,1,all_files,1.275,359004,"auctions[tokenId].exists,""Auction doesn't exist"""
0xba8d58d3db500ac685ea936604fcf3194ced0eae,contracts/0xba8d58d3db500ac685ea936604fcf3194ced0eae,True,Compiled OK,0.4.18,1,all_files,1.188,3725,bitPointer&freeOrders.takenBitmap>0
0x970aad14d99ab8ff4dc699458a2183f44c1a6507,contracts/0x970aad14d99ab8ff4dc699458a2183f44c1a6507,True,Compiled OK,0.8.0,17,standard,1.574,54867,"block.timestamp>=stageInfo.startTime,""Sale not started"""
0x63fcfc109c530ec1361a7adc24dcb58346eced94,contracts/0x63fcfc109c530ec1361a7adc24dcb58346eced94,True,Compiled OK,0.8.0,1,standard,0.288,60472,"sellAvailable[_round],""round unavailable"""
0x63d1cd65fbba57a30467198ebc2aab78a06ab245,contracts/0x63d1cd65fbba57a30467198ebc2aab78a06ab245,True,Compiled OK,0.6.0,1,all_files,0.082,47799,"registered[msg.sender]==false,""Stakeholder is already registered"""
0x65079c661271f6d8f3edcab5eccd48a3e6c73c54,contracts/0x65079c661271f6d8f3edcab5eccd48a3e6c73c54,True,Compiled OK,0.7.6,7,standard,0.087,488179,"msg.sender==getAdmin(),""only admin"""
0x9ec46a3dd227fd5977c7f1997c043122a703ff2a,contracts/0x9ec46a3dd227fd5977c7f1997c043122a703ff2a,True,Compiled OK,0.8.0,16,standard,1.183,379149,"(plans[_plan].minted_amount).add(_amount)<=plans[_plan].Max_Amount,'XONE: Exceed Plan Max limit'"
0xd62a816abd7089a38159a8f7f8aed7ff42f6572c,contracts/0xd62a816abd7089a38159a8f7f8aed7ff42f6572c,True,Compiled OK,0.5.11,1,all_files,0.072,310041,"bytes(referrer).length>0,""Invalid referrer"""
0x8f06b95971a26ebfd9920ceb5d9b6ab024616ba0,contracts/0x8f06b95971a26ebfd9920ceb5d9b6ab024616ba0,True,Compiled OK,0.8.13,17,standard,1.594,457075,"_payload.projectID==projectID,""APSale Verify: Invalid projectID"""
0x462b572089d3176c1b916aabe24bc23de459f5e1,contracts/0x462b572089d3176c1b916aabe24bc23de459f5e1,False,"Compilation failed: Invalid EVM version requested.
> command: `/Users/mojtabae/.solcx/solc-v0.8.2 --standard-json`
> return code: `0`
> stdout:
{""errors"":[{""component"":""general"",""formattedMessage"":""Invalid EVM version requested."",""message"":""Invalid EVM version requested."",""severity"":""error"",""type"":""JSONError""}]}

> stderr:",0.8.2,56,standard,0.067,140289,"address(_registry).supportsInterface(type(IWitnetBytecodes).interfaceId),""WitnetRequestFactory: uncompliant registry"""
0xf648112833601d62d647f84b600271d59e02f8d8,contracts/0xf648112833601d62d647f84b600271d59e02f8d8,True,Compiled OK,0.7.0,1,all_files,0.087,681,"modules[msg.sender],""MODULE_UNAUTHORIZED"""
0xa3e7572464a9ea929abed223d2b7567abe8c93a7,contracts/0xa3e7572464a9ea929abed223d2b7567abe8c93a7,True,Compiled OK,0.4.26,3,standard,0.129,14659,allowed[_from][msg.sender]>=_tokens
0x90263ea5c57dc6603ca7202920735a6e31235bb9,contracts/0x90263ea5c57dc6603ca7202920735a6e31235bb9,True,Compiled OK,0.4.24,1,all_files,0.858,358719,"token.allowance(from,address(this))>=amount,""Allowance is not enough"""
0x343988108f37d7ee67c947633ca66faa11ef2c93,contracts/0x343988108f37d7ee67c947633ca66faa11ef2c93,True,Compiled OK,0.8.11,1,all_files,0.105,367534,"mintedSupply+_mintAmount<=supply,""max supply exceeded"""
0x8972c720c0a50ca7c5c026ad52c4964a58c54214,contracts/0x8972c720c0a50ca7c5c026ad52c4964a58c54214,True,Compiled OK,0.8.17,22,standard,4.153,456852,totalMinted+_count<=maxSupply
0xfe271e57d698e68a50f48a57554428640c411703,contracts/0xfe271e57d698e68a50f48a57554428640c411703,True,Compiled OK,0.8.7,1,all_files,0.083,502010,"mintedPublic+1<=maxSupply,""Count exceeds the maximum allowed supply for public mint."""
0xd7a9f2faa2a400e80f888345e468e6431dfc1747,contracts/0xd7a9f2faa2a400e80f888345e468e6431dfc1747,True,Compiled OK,0.8.0,1,all_files,0.056,347732,"block.timestamp>=_listings[tokenId][itemOwner].startTime&&block.timestamp<=_listings[tokenId][itemOwner].endTime,""buy (Drop of the day): drop of the day has ended/not started"""
0x1b79c7832ed9358e024f9e46e9c8b6f56633691b,contracts/0x1b79c7832ed9358e024f9e46e9c8b6f56633691b,False,"Compilation failed: Invalid EVM version requested.
> command: `/Users/mojtabae/.solcx/solc-v0.8.0 --standard-json`
> return code: `0`
> stdout:
{""errors"":[{""component"":""general"",""formattedMessage"":""Invalid EVM version requested."",""message"":""Invalid EVM version requested."",""severity"":""error"",""type"":""JSONError""}]}

> stderr:",0.8.0,18,standard,0.054,54820,"MerkleProof.verify(freeMintProof,freeMintListMerkleRoot,keccak256(abi.encodePacked(msg.sender,maxMint))),""YOU_ARE_NOT_WHITELISTED_TO_MINT_FREE"""
0xc5be1810491304be6cd72e642f0cd701312e8608,contracts/0xc5be1810491304be6cd72e642f0cd701312e8608,True,Compiled OK,0.8.7,1,all_files,0.115,495771,"msg.value>0||boneTokens>0,""NO_ZERO_DONATIONS"""
0xad38a3ac0b127ba1dcccd4a20d6795542af4c33b,contracts/0xad38a3ac0b127ba1dcccd4a20d6795542af4c33b,True,Compiled OK,0.8.7,1,all_files,0.061,92920,"liqAuthor[sender]||liqAuthor[recipient],""Trading not open yet."""
0xa556157eb576d59482e6146846e08f67ade26c21,contracts/0xa556157eb576d59482e6146846e08f67ade26c21,True,Compiled OK,0.8.4,1,all_files,0.096,138671,"_tokensMinted+1<=WACK_MAX,""EXCEED_MAX"""
0x38a15c192acd28647b3bbf09cb298914dd2d102b,contracts/0x38a15c192acd28647b3bbf09cb298914dd2d102b,True,Compiled OK,0.4.18,1,all_files,1.248,27438,xBuy.length<=MAX_STEPS_IN_FUNCTION
0xe494a3c5fe15706f68b33c670ed3ddbf7ab3e276,contracts/0xe494a3c5fe15706f68b33c670ed3ddbf7ab3e276,False,"Compilation failed: Invalid EVM version requested.
> command: `/Users/mojtabae/.solcx/solc-v0.8.4 --standard-json`
> return code: `0`
> stdout:
{""errors"":[{""component"":""general"",""formattedMessage"":""Invalid EVM version requested."",""message"":""Invalid EVM version requested."",""severity"":""error"",""type"":""JSONError""}]}

> stderr:",0.8.4,18,standard,0.054,87674,"msg.value==customFee*quantity,'Eth sent does not match the mint fee'"
0xf54e28d9c8238de541dcffd36ac8ecb5d8532720,contracts/0xf54e28d9c8238de541dcffd36ac8ecb5d8532720,True,Compiled OK,0.8.4,14,standard,0.289,339892,"presaleReserved[msg.sender],""not_on_presale_whitelist"""
0x767be428d8bf8fa99bc0b84d96d6f135845a11ff,contracts/0x767be428d8bf8fa99bc0b84d96d6f135845a11ff,True,Compiled OK,0.8.4,20,standard,0.338,235717,"hasRole(MINTER_ROLE,_minter),""__grantRole failed for MINTER_ROLE"""
0x98595a2d70fe2241260d9af89db59af150f044a7,contracts/0x98595a2d70fe2241260d9af89db59af150f044a7,True,Compiled OK,0.8.12,21,standard,1.523,147814,"msg.sender==nftContract.ownerOf(_collateralId[i]),""Only NFT owner can create raffle"""
0xc05d8c9b12df5a37e002639505d2189e5847ef5b,contracts/0xc05d8c9b12df5a37e002639505d2189e5847ef5b,True,Compiled OK,0.5.11,1,all_files,0.061,18140,"msg.value==pool5_price,'Incorrect Value'"
0x80d1117bd9717ce64cd5d5c5d87fdfd6abd0accb,contracts/0x80d1117bd9717ce64cd5d5c5d87fdfd6abd0accb,True,Compiled OK,0.8.13,13,standard,1.32,124116,"tokenIds[typeId],""URI requested for invalid token type"""
0xde3f1f2083f826bc3f7f2f96e7e6b321294374b7,contracts/0xde3f1f2083f826bc3f7f2f96e7e6b321294374b7,True,Compiled OK,0.8.13,13,standard,0.789,80681,"_functionSelectors.length>0,""LibDiamondCut: No selectors in facet to cut"""
0x0d328dd259d3dff22a3a452668ecd44b3c69e411,contracts/0x0d328dd259d3dff22a3a452668ecd44b3c69e411,True,Compiled OK,0.8.19,1,all_files,0.109,208770,"block.timestamp>lastManualBuyBackUsdc+69minutes,""Must wait"""
0x9521b59d0531e42f746a7a2d7e096029c891acd8,contracts/0x9521b59d0531e42f746a7a2d7e096029c891acd8,True,Compiled OK,0.6.6,1,all_files,0.081,342796,"msg.sender==overseer,""Only the overseer can call this function."""
0xf314e2dc4afc31c61a253643e0cdc0c3d64b20af,contracts/0xf314e2dc4afc31c61a253643e0cdc0c3d64b20af,True,Compiled OK,0.6.12,17,standard,0.357,338172,"address(_convexVault)!=address(0),'!_convexVault'"
0x0bced28f17a0c8cb66c07dd1a4ccfb2ef3159c05,contracts/0x0bced28f17a0c8cb66c07dd1a4ccfb2ef3159c05,True,Compiled OK,0.8.0,9,standard,0.353,240575,"poolWhiteList[msg.sender],""UnoRe: Capital Agent Forbidden"""
0x19e91c60fc40a7a02f7f605169c20e37b11a04f9,contracts/0x19e91c60fc40a7a02f7f605169c20e37b11a04f9,True,Compiled OK,0.4.24,1,all_files,0.759,18727,"tokens.length>=2,""Contract does not support less than 2 inner tokens"""
0xe6b1add7d1497d726ba2635ac0716f06adceca5a,contracts/0xe6b1add7d1497d726ba2635ac0716f06adceca5a,True,Compiled OK,0.8.4,22,standard,2.118,9509,"tokens[mpIndex].redeemableContract==msg.sender,""Burnable: Only allowed from redeemable contract"""
0xaf9c61a17d7f64507b983dd90de471cd010ede12,contracts/0xaf9c61a17d7f64507b983dd90de471cd010ede12,False,"Compilation failed: Invalid EVM version requested.
> command: `/Users/mojtabae/.solcx/solc-v0.8.0 --standard-json`
> return code: `0`
> stdout:
{""errors"":[{""component"":""general"",""formattedMessage"":""Invalid EVM version requested."",""message"":""Invalid EVM version requested."",""severity"":""error"",""type"":""JSONError""}]}

> stderr:",0.8.0,1,standard,0.05,487713,"msg.value>=data.tokenBalance,""Not Eligible"""
0x3e0f58f68a64f6c4700e87fdd69bc81089f8ac4e,contracts/0x3e0f58f68a64f6c4700e87fdd69bc81089f8ac4e,True,Compiled OK,0.8.6,1,all_files,0.09,148564,"score.status,""Bet,pool is closed"""
0x9944acaaf5e106fdfad1a0d9668e5f97e9cf7ee8,contracts/0x9944acaaf5e106fdfad1a0d9668e5f97e9cf7ee8,True,Compiled OK,0.8.4,16,standard,0.074,44127,"SafeMath.mul(getNFTPrice(),count)==msg.value,""Ether value sent is not correct"""
0xbdb9b26636caab1c11aab60307d5c8c1e1904a48,contracts/0xbdb9b26636caab1c11aab60307d5c8c1e1904a48,True,Compiled OK,0.8.1,1,all_files,0.109,117793,"_tokenLocked[tokenIds[i]]==!isLock,isLock?""ERC721Lockable: token is locked"":""ERC721Lockable: token is unlocked"""
0x171a27eb72d9830b2982343f4f08dd049341e223,contracts/0x171a27eb72d9830b2982343f4f08dd049341e223,True,Compiled OK,0.8.17,1,all_files,0.06,215012,"block.number>stake.blockNumber+stakePeriod&&block.number<stake.blockNumber+stakePeriod+claimWindow,'You can only claim within the claim window'"
0xf91546835f756da0c10cfa0cda95b15577b84aa7,contracts/0xf91546835f756da0c10cfa0cda95b15577b84aa7,True,Compiled OK,0.4.23,1,all_files,0.531,282667,"virtualChannels[_vcID].partyA==ECTools.recoverSigner(_updateState,sigA)"
0xd63b49eb1afd14c0ed636ac58805a39a29b3b1c4,contracts/0xd63b49eb1afd14c0ed636ac58805a39a29b3b1c4,True,Compiled OK,0.8.0,1,all_files,0.064,60894,"tempTokenURI.length>0,""ERR:4"""
0x32c7da43fbeda892637fd48d4d1c7cc6b3096fc0,contracts/0x32c7da43fbeda892637fd48d4d1c7cc6b3096fc0,True,Compiled OK,0.5.0,5,standard,0.129,375202,"duality.bTwo>=amount,""Sender does not have anout duality dollars to perform this action."""
0xc70a4e47c3e7bb78c07a58362a0548854420a8b3,contracts/0xc70a4e47c3e7bb78c07a58362a0548854420a8b3,False,"Compilation failed: Unknown key ""appendCBOR""
> command: `/Users/mojtabae/.solcx/solc-v0.8.9 --standard-json`
> return code: `0`
> stdout:
{""errors"":[{""component"":""general"",""formattedMessage"":""Unknown key \""appendCBOR\"""",""message"":""Unknown key \""appendCBOR\"""",""severity"":""error"",""type"":""JSONError""}]}

> stderr:",0.8.9,6,standard,0.051,204886,"covid.balanceOf(newIdentity)==0,""New identity already taken"""
0x3a83c2162ace4d805b3386b4b0faf06bb2b61b55,contracts/0x3a83c2162ace4d805b3386b4b0faf06bb2b61b55,True,Compiled OK,0.8.1,1,all_files,0.07,109812,"msg.value==getPrice(1),""Value needs to be exactly the mint fee!"""
0x013c66b6734f6af43b9ee2e8a8bc5138f9ae5557,contracts/0x013c66b6734f6af43b9ee2e8a8bc5138f9ae5557,True,Compiled OK,0.6.12,29,standard,0.127,399488,"hasMaxPayments(sender,nodeId)==false,""too soon"""
0x4917dfff59ddd44f4f6f66e239da1767e6d75e59,contracts/0x4917dfff59ddd44f4f6f66e239da1767e6d75e59,False,"Compilation failed: An error occurred during execution
> command: `/Users/mojtabae/.solcx/solc-v0.8.1 --combined-json abi,asm,ast,bin,bin-runtime,compact-format,devdoc,generated-sources,generated-sources-runtime,hashes,interface,metadata,opcodes,srcmap,srcmap-runtime,storage-layout,userdoc -`
> return code: `1`
> stdout:

> stderr:
Expected ';' but got '('
   --> <stdin>:422:40:
    |
422 | error ApprovalCallerNotOwnerNorApproved();
    |                                        ^",0.8.1,1,all_files,0.145,138184,"(totalPublicMint[msg.sender]+_quantity)<=MAX_PUBLIC_MINT,""69ERS :: Already minted 3 times!"""
0x07b0ae2dc8310045fbcbd5345610686ac46927d1,contracts/0x07b0ae2dc8310045fbcbd5345610686ac46927d1,True,Compiled OK,0.5.0,1,all_files,0.167,365673,"input.length>3,""Name is too short"""
0xb8b4d5c7355a096a32afcdf5463dea406eec5223,contracts/0xb8b4d5c7355a096a32afcdf5463dea406eec5223,False,"Compilation failed: An error occurred during execution
> command: `/Users/mojtabae/.solcx/solc-v0.4.20 --combined-json abi,asm,ast,bin,bin-runtime,clone-bin,compact-format,devdoc,hashes,interface,metadata,opcodes,srcmap,srcmap-runtime,userdoc -`
> return code: `1`
> stdout:

> stderr:
<stdin>:39:16: Error: Expected identifier, got 'LParen'
    constructor() public {
               ^",0.4.20,1,all_files,0.225,48693,"token.transfer(juryOperator,allTheLockedTokens)"
0xe90ca8064a4b78d6fcbb1ea1ccefa18558c2ef34,contracts/0xe90ca8064a4b78d6fcbb1ea1ccefa18558c2ef34,True,Compiled OK,0.8.7,14,standard,1.306,217469,"Invitation(invitationAddress).totalSupply()>=supplyLimit,""Challenge Locked."""
0x7e08dab409ad1bcebc5be5674cb2c0f3540a4d3d,contracts/0x7e08dab409ad1bcebc5be5674cb2c0f3540a4d3d,True,Compiled OK,0.8.10,12,standard,0.893,282851,"request.amount>=_amount,""WITHDRAWAL_EXCEEDED_REQUEST"""
0xc9346f4a8a20bc4f5358efffb8f62de9cab930ce,contracts/0xc9346f4a8a20bc4f5358efffb8f62de9cab930ce,True,Compiled OK,0.4.21,1,all_files,0.119,48709,NS<(1days)
0x73f16d5491f1959d6f145461a20d960996759fa6,contracts/0x73f16d5491f1959d6f145461a20d960996759fa6,True,Compiled OK,0.8.1,15,standard,0.883,192657,"tokenId2AuthroizedAddresses[tokenId].contains(_msgSender()),""address should be authorized"""
0xbc9003c48b5693de60a061b9e6a887b31e7b2b3f,contracts/0xbc9003c48b5693de60a061b9e6a887b31e7b2b3f,False,"Compilation failed: Invalid EVM version requested.
> command: `/Users/mojtabae/.solcx/solc-v0.8.4 --standard-json`
> return code: `0`
> stdout:
{""errors"":[{""component"":""general"",""formattedMessage"":""Invalid EVM version requested."",""message"":""Invalid EVM version requested."",""severity"":""error"",""type"":""JSONError""}]}

> stderr:",0.8.4,61,standard,0.067,193970,"listing.seller==msg.sender,""Permission denied"""
0x92718e912bad0a4fba169f6f19f9c88563f497ef,contracts/0x92718e912bad0a4fba169f6f19f9c88563f497ef,True,Compiled OK,0.8.17,16,standard,1.222,273932,"collabMinters[msg.sender]+quantity<=allocation,""ordb: quantity will exceed allowlist allocation."""
0xd63cc18ac5feeb8d54ad45415ed408e2857737ec,contracts/0xd63cc18ac5feeb8d54ad45415ed408e2857737ec,True,Compiled OK,0.5.0,3,standard,0.206,10274,"msg.sender==_redemptionServiceAddress,'only merch shop contract'"
0x09c20b357dce2656253e91342a459a2253f69c29,contracts/0x09c20b357dce2656253e91342a459a2253f69c29,True,Compiled OK,0.8.4,15,standard,1.824,47339,"deeds[_did].status==0,""Deed can't be burned at this stage"""
0x585b41b3e78227d88a20d672e3af99582f6b40cc,contracts/0x585b41b3e78227d88a20d672e3af99582f6b40cc,True,Compiled OK,0.6.4,1,all_files,0.086,359476,"hx.transfer(_p6,tenPercent),""failed to transfer"""
0xf71fb27fb93aff39fc05bb478b02eceb6e5688dc,contracts/0xf71fb27fb93aff39fc05bb478b02eceb6e5688dc,True,Compiled OK,0.8.0,1,all_files,0.065,450801,"(!vipSalePaused)&&(vipSaleStart<=block.timestamp),""Not Reach VIP Sale Time"""
0x5b49feeb849f804a7a08712498d669d88b1da33f,contracts/0x5b49feeb849f804a7a08712498d669d88b1da33f,True,Compiled OK,0.5.15,18,standard,1.36,262748,"vat.dai(address(this))==0,""Vow/surplus-not-zero"""
0x3e34b6c953e0007ffa321368999356253e806dd9,contracts/0x3e34b6c953e0007ffa321368999356253e806dd9,True,Compiled OK,0.8.16,10,standard,0.786,86092,"_nft.ownerOf(_tokenId)==_oldOwner,'current owner invalid'"
0x84417232550d9ef5f833a12c1128418848e15686,contracts/0x84417232550d9ef5f833a12c1128418848e15686,True,Compiled OK,0.8.14,20,standard,0.396,73119,"MerkleProof.verify(merkleProof,preSaleListMerkleRoot,keccak256(abi.encodePacked(msg.sender))),""Address not in list"""
0xc5cdf8cbe886fc5c1ef5cd4fdd599c975ec6bb54,contracts/0xc5cdf8cbe886fc5c1ef5cd4fdd599c975ec6bb54,True,Compiled OK,0.8.3,17,standard,0.797,49470,"keepers.contains(_msgSender()),""caller-is-not-a-keeper"""
0x37c430c2b5f9ff85e534873c715871818ab1623e,contracts/0x37c430c2b5f9ff85e534873c715871818ab1623e,True,Compiled OK,0.7.0,2,standard,0.094,57647,"to_list.length==amounts.length,""Lengths mismatch"""
0xa635d5b9e72169d8164b837eb864bb74365a9b8d,contracts/0xa635d5b9e72169d8164b837eb864bb74365a9b8d,True,Compiled OK,0.5.17,1,all_files,0.088,38129,"stakeDeposit.lockup==false,""[Withdraw] This deposit is lockup"""
0x0116e8f93c4228d84fa87f53d4ac02142c4bd639,contracts/0x0116e8f93c4228d84fa87f53d4ac02142c4bd639,True,Compiled OK,0.8.1,19,standard,0.328,394839,msg.value>=_amount*_getCurrentPrice()
0xdc7e1fced65efdf495d33de60f257a9b31256ff8,contracts/0xdc7e1fced65efdf495d33de60f257a9b31256ff8,True,Compiled OK,0.7.4,22,standard,0.103,296912,"vault.freeCollateral>=collateralAmount,""ERR_INSUFFICIENT_FREE_COLLATERAL"""
0x3f1b4b06a321315be57836c93f1114a269cf5977,contracts/0x3f1b4b06a321315be57836c93f1114a269cf5977,True,Compiled OK,0.8.12,1,all_files,0.091,147313,"Boobs[sender]>=amount,""ERC20: transfer amount exceeds balance"""
0xbe376a8f8c4f2c9395acb5bc48c85142c1069bae,contracts/0xbe376a8f8c4f2c9395acb5bc48c85142c1069bae,True,Compiled OK,0.5.2,1,all_files,0.115,292152,"dai.approve(address(this),daiAmount),""DAI/approve"""
0x3e9d6430144485873248251fcb92bd856e95d1cd,contracts/0x3e9d6430144485873248251fcb92bd856e95d1cd,True,Compiled OK,0.8.2,1,all_files,0.105,299995,"store.totalUnlock!=10,""claim exceed"""
0xff67dac47e2ad39e8eb51988ae3e82381982a91a,contracts/0xff67dac47e2ad39e8eb51988ae3e82381982a91a,True,Compiled OK,0.8.13,8,standard,1.368,188005,"tokenAllowed[_token]==true,""!allowlist"""
0x98595a2d70fe2241260d9af89db59af150f044a7,contracts/0x98595a2d70fe2241260d9af89db59af150f044a7,True,Compiled OK,0.8.12,21,standard,1.523,147814,"raffle.creator==msg.sender,""Not raffle creator."""
0x15818a0dd73e49c15ab9a8058832034050e6e2f0,contracts/0x15818a0dd73e49c15ab9a8058832034050e6e2f0,True,Compiled OK,0.8.15,1,all_files,0.097,127674,"totalFee.mul(_sell).div(100)<=10,""Sell tax cannot be more than 10%"""
0xa635d5b9e72169d8164b837eb864bb74365a9b8d,contracts/0xa635d5b9e72169d8164b837eb864bb74365a9b8d,True,Compiled OK,0.5.17,1,all_files,0.059,38129,"token.transfer(msg.sender,amount),""[Withdraw] Something went wrong while transferring your initial deposit"""
0x585b41b3e78227d88a20d672e3af99582f6b40cc,contracts/0x585b41b3e78227d88a20d672e3af99582f6b40cc,True,Compiled OK,0.6.4,1,all_files,0.059,359476,"hx.transfer(_p4,tenPercent),""failed to transfer"""
0xf03928ddc5e5fa43c7f0cc94ab5adb76d25c79a6,contracts/0xf03928ddc5e5fa43c7f0cc94ab5adb76d25c79a6,True,Compiled OK,0.8.9,17,standard,1.63,417349,"_addrs.length==_ops.length,""_addrs and _ops length not match"""
0x4954e0062e0a7668a2fe3df924cd20e6440a7b77,contracts/0x4954e0062e0a7668a2fe3df924cd20e6440a7b77,True,Compiled OK,0.7.4,2,standard,0.058,41573,"_bnxTokenContract.transfer(recipient,amount),""Can not transfer BNU"""
0xcc19888c8544f81212c8cf2dbf715d2045f6b17d,contracts/0xcc19888c8544f81212c8cf2dbf715d2045f6b17d,True,Compiled OK,0.7.5,1,all_files,0.097,392454,"msg.sender==Sins,""Ownable: caller is not the sins"""
0x83afd697144408c344ce2271ce16f33a74b3d98b,contracts/0x83afd697144408c344ce2271ce16f33a74b3d98b,True,Compiled OK,0.4.24,19,standard,1.789,398661,ledger.currentEra()>ledger.BLOCKS_PER_EPOCH
0x9c218bbcdae2dd2b85f08b0a3a7d31a6e6e6bffd,contracts/0x9c218bbcdae2dd2b85f08b0a3a7d31a6e6e6bffd,True,Compiled OK,0.4.26,1,all_files,0.158,373488,"WhitelistDB[_Id][_Subject]>=_Amount,""Sorry, no alocation for Subject"""
0x37afefe9d05fe30d8bc9f942ea05215893cb9517,contracts/0x37afefe9d05fe30d8bc9f942ea05215893cb9517,True,Compiled OK,0.4.26,1,all_files,0.164,296804,balances[msg.sender].sub(_value)>=0
0xa215610b717576d23ec54a1f0cd37fa3f14163b1,contracts/0xa215610b717576d23ec54a1f0cd37fa3f14163b1,True,Compiled OK,0.8.10,22,standard,1.259,479624,"(start_-withdrawWindow)>block.timestamp,""cannot buy now"""
0x1967c1b0e597df7a688d4f21288462e318b3a02d,contracts/0x1967c1b0e597df7a688d4f21288462e318b3a02d,True,Compiled OK,0.4.24,1,all_files,0.182,346090,token.balanceOf(this)>=_availableTokens
0xf91546835f756da0c10cfa0cda95b15577b84aa7,contracts/0xf91546835f756da0c10cfa0cda95b15577b84aa7,True,Compiled OK,0.4.23,1,all_files,0.533,282667,"channel.token.transfer(channel.partyAddresses[1],tokenbalanceI),""byzantineCloseChannel: token transfer failure"""
0x148fabfe726359fa8eb5d72eb270773e3f5c507d,contracts/0x148fabfe726359fa8eb5d72eb270773e3f5c507d,True,Compiled OK,0.5.4,1,all_files,0.623,366770,"exchangeTrx[_trxSeq].executed==false,""trx already executed"""
0x6fb9e1626316e4ff477b62fe6f77d03d85bca455,contracts/0x6fb9e1626316e4ff477b62fe6f77d03d85bca455,True,Compiled OK,0.8.11,11,standard,0.454,32019,_exists(_shieldId)
0xced53b0ae36a92b09ad0d85795380878ba44ee72,contracts/0xced53b0ae36a92b09ad0d85795380878ba44ee72,True,Compiled OK,0.8.12,18,standard,0.099,409331,"totalSupply()+balanceOf(msg.sender)+tokenQuantity<=MAX_SUPPLY,""This Action Exceeds Max NFTs in Collection"""
0xf95750d9fa19d3a9f58955c60a45d39865967670,contracts/0xf95750d9fa19d3a9f58955c60a45d39865967670,True,Compiled OK,0.8.8,61,standard,16.116,107862,"head.closingDays>=signingDays+vr.frExecDays+vr.dtExecDays+vr.dtConfirmDays+vr.invExitDays+vr.votePrepareDays+vr.votingDays,""FR.CF: insufficient closingDays"""
0x80827f86f1d7ccdb56361b6f456bb6ebdb2c7444,contracts/0x80827f86f1d7ccdb56361b6f456bb6ebdb2c7444,True,Compiled OK,0.8.0,4,standard,0.403,140039,"presaleToken.transfer(msg.sender,tokenAmount),""Failed to transfer presale tokens"""
0xcc91c91f9539da6b1637653cda1b5cc50cc7696b,contracts/0xcc91c91f9539da6b1637653cda1b5cc50cc7696b,True,Compiled OK,0.8.0,26,standard,1.563,380461,"contracts.length==_redemptionRate,""BurnRedeem: Incorrect number of NFTs being redeemed"""
0x5995383373decbd673c2d3ab92e6118508f9b83e,contracts/0x5995383373decbd673c2d3ab92e6118508f9b83e,True,Compiled OK,0.7.6,1,all_files,0.092,313378,"pendingMigrator.proposeTime>0,""StakingPools: migrator change proposal not found"""
0x5994f3682ae149785d3327d16d11196f7f4c27c2,contracts/0x5994f3682ae149785d3327d16d11196f7f4c27c2,True,Compiled OK,0.8.6,19,standard,1.499,7038,"bytes(_info.contentUrl).length>0,""Empty content URL"""
0x6bbb40691d93259bcd953080341c29d13f403814,contracts/0x6bbb40691d93259bcd953080341c29d13f403814,True,Compiled OK,0.8.7,15,standard,0.705,20258,"hasRole(REWARD_DISTRIBUTOR_ROLE,_msgSender()),""LiquidityMiningManager.onlyRewardDistributor: permission denied"""
0xbbfcd56457876ffeaa81f54865aa6083f542a7b0,contracts/0xbbfcd56457876ffeaa81f54865aa6083f542a7b0,True,Compiled OK,0.8.15,1,all_files,0.11,82982,"nftToken.ownerOf(_nftTokenIds[i])==msg.sender,""You don't own the NFT"""
0xf3b4215cdba99d4564c42b143593ba59535b507b,contracts/0xf3b4215cdba99d4564c42b143593ba59535b507b,True,Compiled OK,0.8.0,17,standard,1.664,2023,"totalSupply().add(MAX_RESERVE)<=MAX_DORKS,""Reserve would exceed max supply of Dorkis"""
0x4192d4120bf0ca3c1858ad598d8f1e266cc01089,contracts/0x4192d4120bf0ca3c1858ad598d8f1e266cc01089,True,Compiled OK,0.8.9,1,all_files,0.137,257909,"teamcount[msg.sender]<=2,""Already claimed the max amount of wolves allowed"""
0xdc812a2307b3333c0080aeb2a752377fc8ab939c,contracts/0xdc812a2307b3333c0080aeb2a752377fc8ab939c,True,Compiled OK,0.8.18,5,standard,0.127,92318,_totalMinted().add(quantity)<=maxSupply
0xa3d3f829adfebceaeb7f439adf9157043929a6ed,contracts/0xa3d3f829adfebceaeb7f439adf9157043929a6ed,True,Compiled OK,0.4.15,1,all_files,0.341,392500,balanceOf[msg.sender]-_value<balanceOf[msg.sender]
0x1f52274ddf8fd6ce92633ab33f708e5b0b39b134,contracts/0x1f52274ddf8fd6ce92633ab33f708e5b0b39b134,True,Compiled OK,0.7.0,1,all_files,0.082,279509,"allSantas[msg.sender]==uint(0x0),'you can only enter once'"
0x2a313ad2ab1ea230e8b5bb06c6e6100bfb75e1c8,contracts/0x2a313ad2ab1ea230e8b5bb06c6e6100bfb75e1c8,True,Compiled OK,0.8.0,1,all_files,0.057,166717,"_orderLists[id].status==0,""order exist"""
0xb26512c3562af5db0e03455e044f1dfec0ba0d4b,contracts/0xb26512c3562af5db0e03455e044f1dfec0ba0d4b,True,Compiled OK,0.8.4,1,all_files,0.097,276465,"eventList[_eventId].hardCap>=eventList[_eventId].depositTotal+_depositAmount,""It is beyond hardCap"""
0xf1824160235039701acff1083f102a320fd3e683,contracts/0xf1824160235039701acff1083f102a320fd3e683,True,Compiled OK,0.4.26,1,all_files,0.453,375073,"members[memberAddressByDelegateKey[msg.sender]].shares>0,""Moloch::onlyDelegate - not a delegate"""
0xbd47517d558757eb981fe241dc53c54836cd6d4a,contracts/0xbd47517d558757eb981fe241dc53c54836cd6d4a,True,Compiled OK,0.8.10,16,standard,1.256,29768,"pricePerTokenPresale*qty==msg.value,""exact amount needed"""
0x2b2491c37cb417de2cfec6da2c499b25ed0cba9d,contracts/0x2b2491c37cb417de2cfec6da2c499b25ed0cba9d,True,Compiled OK,0.8.12,3,standard,0.339,181501,"crr.ownerOf(tokenIds[i])==address(this),""Contract does not have this NFT."""
0x31445a5f1e5d887892f63146bd036203fee9d128,contracts/0x31445a5f1e5d887892f63146bd036203fee9d128,True,Compiled OK,0.8.11,13,standard,0.118,332373,"block.timestamp>presaleStarts,""Presale not started"""
0x9c218bbcdae2dd2b85f08b0a3a7d31a6e6e6bffd,contracts/0x9c218bbcdae2dd2b85f08b0a3a7d31a6e6e6bffd,True,Compiled OK,0.4.26,1,all_files,0.126,373488,"msg.value>=WhiteListCost,""ether not enough"""
0xbb455576298a2505797f5c477d380aa62dd916a8,contracts/0xbb455576298a2505797f5c477d380aa62dd916a8,True,Compiled OK,0.8.2,16,standard,0.351,23559,"sha256(bytes(_art))!=sha256(bytes(art_Path[_tokenId])),""Same as current"""
0xbe9a4da377c1eeef35379a623bd1233125860f81,contracts/0xbe9a4da377c1eeef35379a623bd1233125860f81,True,Compiled OK,0.5.0,1,all_files,0.155,283548,"token.approve(factoryAddress,amount),""Unable to appove()"""
0x3c70c11ff551960195a82b8f6f27c1e86baf1268,contracts/0x3c70c11ff551960195a82b8f6f27c1e86baf1268,True,Compiled OK,0.4.20,1,all_files,0.347,393342,stringToBytes32(_scenarioBetOn)==events[_eventId].firstScenarioName||stringToBytes32(_scenarioBetOn)==events[_eventId].secondScenarioName
0xe9044f5349a40fa09c9496d98b733c6026ee6212,contracts/0xe9044f5349a40fa09c9496d98b733c6026ee6212,True,Compiled OK,0.8.9,25,standard,1.432,119204,"_req.chainId==block.chainid,""CANISNFT: the chain id must be the same as the network"""
0xc2899dfcb0a81b73e89e4a99cd24ab26d8a78295,contracts/0xc2899dfcb0a81b73e89e4a99cd24ab26d8a78295,True,Compiled OK,0.6.12,7,standard,0.466,158458,"msg.sender==pendingAdmin&&msg.sender!=address(0),""not pendingAdmin"""
0x6984cd2c54b47a100fae9e93587813a5c4054828,contracts/0x6984cd2c54b47a100fae9e93587813a5c4054828,True,Compiled OK,0.7.0,19,standard,0.085,23171,"whitelistMintPrice.mul(numberOfTokens)<=msg.value,""Ether value sent is not correct"""
0xf95750d9fa19d3a9f58955c60a45d39865967670,contracts/0xf95750d9fa19d3a9f58955c60a45d39865967670,True,Compiled OK,0.8.8,61,standard,16.063,107873,"repo.state==0,""already initiated"""
0x25ea0eda26000fd7a89f112c37384be5cbf861ed,contracts/0x25ea0eda26000fd7a89f112c37384be5cbf861ed,True,Compiled OK,0.8.3,12,standard,0.671,263853,"tokensData[imageHash].tokens==0,""Edition sold out"""
0x09c20b357dce2656253e91342a459a2253f69c29,contracts/0x09c20b357dce2656253e91342a459a2253f69c29,True,Compiled OK,0.8.4,15,standard,1.788,47339,"msg.sender==PWN,""Caller is not the PWN"""
0x5f90fc33d7a4b768fe12d6f954fde2f790c593ff,contracts/0x5f90fc33d7a4b768fe12d6f954fde2f790c593ff,True,Compiled OK,0.8.8,15,standard,1.191,399300,"isWhiteListed[_msgSender()]==true&&whiteSaleActive==true,""Whitelist sales not active or address not whitelisted"""
0xba31aef54734a89d7b89aba2e0c7bf2564f6657f,contracts/0xba31aef54734a89d7b89aba2e0c7bf2564f6657f,True,Compiled OK,0.5.12,6,standard,0.35,316819,_tokens.length<MAX_BOUND_TOKENS
0xcc19888c8544f81212c8cf2dbf715d2045f6b17d,contracts/0xcc19888c8544f81212c8cf2dbf715d2045f6b17d,True,Compiled OK,0.7.5,1,all_files,0.088,392454,"nftInfo[_nftId].owner==address(0),""Node already exists"""
0x115beebd69c5803a699a1dfbc26019f5a520f21c,contracts/0x115beebd69c5803a699a1dfbc26019f5a520f21c,True,Compiled OK,0.8.0,1,all_files,0.366,308349,"totalSupply()<=newMaxCryptoBrews,""Not enough brews left to drink! (burn has been canceled)"""
0xe0bde11cfe2fde4dc66fdbd8e047125f404ee100,contracts/0xe0bde11cfe2fde4dc66fdbd8e047125f404ee100,True,Compiled OK,0.8.23,22,standard,1.051,167411,"freeMintActive&&!addressClaimed[msg.sender],""Free mint not available"""
0x95f6f73484b37fcc36a75bd5d96d861cf855e85d,contracts/0x95f6f73484b37fcc36a75bd5d96d861cf855e85d,True,Compiled OK,0.6.12,13,standard,0.372,295834,"isGuardian(_wallet,_guardian),""GM: must be an existing guardian"""
0x01e7f40adb183fa09849243a237a920c5ce509d4,contracts/0x01e7f40adb183fa09849243a237a920c5ce509d4,True,Compiled OK,0.6.8,14,standard,0.465,394030,"uint224(_values[i])==_values[i],""FCD overflow"""
0xe1e1498f18765bd68daddaba47dfc2c693c5f83d,contracts/0xe1e1498f18765bd68daddaba47dfc2c693c5f83d,True,Compiled OK,0.8.6,1,all_files,0.058,337259,"nodes[user][name].set,""File does not exist"""
0x39897e7cfa8b0954d27b343fe71fc1eccea4ab81,contracts/0x39897e7cfa8b0954d27b343fe71fc1eccea4ab81,False,"Compilation failed: An error occurred during execution
> command: `/Users/mojtabae/.solcx/solc-v0.4.18 --combined-json abi,asm,ast,bin,bin-runtime,clone-bin,compact-format,devdoc,hashes,interface,metadata,opcodes,srcmap,srcmap-runtime,userdoc -`
> return code: `1`
> stdout:

> stderr:
<stdin>:158:27: Error: Expected token Semicolon got 'LParen'
        emit EvtCoinSetted(coinContract);
                          ^",0.4.18,1,all_files,0.429,289318,msg.sender==address(coinContract)
0x0f956036a60e141c68bca12f1c6c2b458a56bbb2,contracts/0x0f956036a60e141c68bca12f1c6c2b458a56bbb2,True,Compiled OK,0.4.24,1,all_files,3.694,328522,(r=a-b)<=a
0xf1824160235039701acff1083f102a320fd3e683,contracts/0xf1824160235039701acff1083f102a320fd3e683,True,Compiled OK,0.4.26,1,all_files,0.648,375073,"getCurrentPeriod()<proposal.startingPeriod.add(abortWindow),""Moloch::abort - abort window must not have passed"""
0x72d1de30a697b3216b67cadb712f7417c8ab520a,contracts/0x72d1de30a697b3216b67cadb712f7417c8ab520a,True,Compiled OK,0.8.17,20,standard,1.891,94517,"msg.value==presalePrice*numTokens+heymintFee,""PAYMENT_INCORRECT"""
0x4c0f67a4b3ef0c4fc52aec217457c4da37353e85,contracts/0x4c0f67a4b3ef0c4fc52aec217457c4da37353e85,True,Compiled OK,0.8.7,1,all_files,0.379,295964,"INterfaces(dai).transferFrom(msg.sender,address(this),amount),ERR_TRANSFER"
0xbbcdeafe05be25780f8fbbdbd3561c9317afb95a,contracts/0xbbcdeafe05be25780f8fbbdbd3561c9317afb95a,True,Compiled OK,0.8.2,1,all_files,0.373,94649,"isMintingOpen(_id),""Minting for this token is not open"""
0xfc03db45c058cf680cfef6f1ff3c0b5d82fd62a4,contracts/0xfc03db45c058cf680cfef6f1ff3c0b5d82fd62a4,True,Compiled OK,0.8.0,1,all_files,0.084,309887,"supply+_nbTokens<=maxSupply-_reserved,""Not enough Tokens left."""
0x41bf30ac0284a1eb286611984f1663441fbce857,contracts/0x41bf30ac0284a1eb286611984f1663441fbce857,True,Compiled OK,0.8.20,15,standard,20.907,67210,"msg.value==package.Price,""Vault: Invalid package cost provided"""
0x261a191ef0d9dd29492ada67c9d5769147d37543,contracts/0x261a191ef0d9dd29492ada67c9d5769147d37543,True,Compiled OK,0.8.11,15,standard,0.902,461151,"MerkleProof.verify(proof,allowlistMerkleRoot,keccak256(abi.encodePacked(couponCode))),'Stargazer: Invalid coupon code.'"
0x0b41d8e5a1ebeda3502f9cf2769e370900eff627,contracts/0x0b41d8e5a1ebeda3502f9cf2769e370900eff627,True,Compiled OK,0.8.13,12,standard,1.395,131986,"accountMinted+_quantity<=MAX_PER_ADDRESS_PUBLIC,""Max mints per wallet of Public sale reached"""
0x8f239cbf8fceb87a20a4d1933f2f048fca2eb6df,contracts/0x8f239cbf8fceb87a20a4d1933f2f048fca2eb6df,True,Compiled OK,0.8.0,1,all_files,0.057,389593,"MES.balanceOf(msg.sender)>registrationPrice,""You don't have enough $MES!"""
0xb8e29c807c4267e10b7425267f3a2c683de48b03,contracts/0xb8e29c807c4267e10b7425267f3a2c683de48b03,True,Compiled OK,0.8.14,1,all_files,0.189,470993,baseParameters.teamWallets.length==3
0x04b5129735b5d9b1b54109f2c4c06ea23b506a95,contracts/0x04b5129735b5d9b1b54109f2c4c06ea23b506a95,True,Compiled OK,0.7.4,9,standard,0.969,377721,"block.timestamp-(block.timestamp%86400)-stakes.startDate>=7days,""7 days didn't pass"""
0x8a209f89916a8484404ac0fa8541505825419327,contracts/0x8a209f89916a8484404ac0fa8541505825419327,True,Compiled OK,0.8.22,25,standard,0.707,406013,"vestings[vestingId].amount==0,""Vesting id already used"""
0x01674ecb76c2ce9e880d563d5b3f2bff42994aa3,contracts/0x01674ecb76c2ce9e880d563d5b3f2bff42994aa3,True,Compiled OK,0.8.4,15,standard,1.742,134844,"msg.value>=fee.normalFee,""BAD_FEE"""
0xcbc49091f91b34007b3bd45471fd80e35783aa17,contracts/0xcbc49091f91b34007b3bd45471fd80e35783aa17,True,Compiled OK,0.8.12,3,standard,0.237,80838,"startBlock[tokenId]==0,""IS ALREADY RESEARCHING"""
0x8c7e4f4d1d1f553841af6c7bbcf19864a65d5a8e,contracts/0x8c7e4f4d1d1f553841af6c7bbcf19864a65d5a8e,True,Compiled OK,0.8.9,43,standard,1.632,453994,"params.maxDeviationForVaultPool>0,ExceptionsLibrary.LIMIT_UNDERFLOW"
0x797a48c46be32aafcedcfd3d8992493d8a1f256b,contracts/0x797a48c46be32aafcedcfd3d8992493d8a1f256b,True,Compiled OK,0.8.4,18,standard,1.368,303199,"MerkleProof.verify(merkleProof,mintPasses[mpIndex].merkleRoot,node),""MerkleDistributor: Invalid proof."""
0x07afdcb170dcf76ea8060ff59258173d0391e8f1,contracts/0x07afdcb170dcf76ea8060ff59258173d0391e8f1,True,Compiled OK,0.8.7,1,all_files,0.079,438182,"_verify(_leaf(_coupon),_proof),""Invalid coupon"""
0x10e3ea99a188a0ec73093127b5fbfed852dcd657,contracts/0x10e3ea99a188a0ec73093127b5fbfed852dcd657,True,Compiled OK,0.7.6,15,standard,0.404,34743,"totalSupply()<MAX_ROOS,""Sale has already ended"""
0x6eed0ff2afbe92b6d0990cd63ca10ce5f425dbf1,contracts/0x6eed0ff2afbe92b6d0990cd63ca10ce5f425dbf1,True,Compiled OK,0.8.17,31,standard,1.974,95647,"_airdropAddresses.length==_UserMintAmount.length,""Array lengths are different"""
0x22cef2092b7233dec87b240abf18973c023f8d92,contracts/0x22cef2092b7233dec87b240abf18973c023f8d92,True,Compiled OK,0.8.7,16,standard,1.051,19422,"validExistingContent(ids.contentId),""invalid contentId"""
0x7cc036569e95a4be0b0b904cc87892e3c3bd212d,contracts/0x7cc036569e95a4be0b0b904cc87892e3c3bd212d,True,Compiled OK,0.8.10,1,all_files,0.447,100199,"isCollectionSupported[nftAddress]!=supported,""Already added/removed."""
0x406bfd9cdb247432feea52edd218f2a4bd238c9b,contracts/0x406bfd9cdb247432feea52edd218f2a4bd238c9b,True,Compiled OK,0.5.17,1,all_files,0.357,270953,organizationProposals[_proposalId].acceptedByVotingMachine==false
0x9f763b0728fe8b5d116570eceb257f9cc1bf8810,contracts/0x9f763b0728fe8b5d116570eceb257f9cc1bf8810,False,"Compilation failed: An error occurred during execution
> command: `/Users/mojtabae/.solcx/solc-v0.6.0 --combined-json abi,asm,ast,bin,bin-runtime,compact-format,devdoc,hashes,interface,metadata,opcodes,srcmap,srcmap-runtime,userdoc -`
> return code: `1`
> stdout:

> stderr:
Data location must be ""calldata"" for parameter in external function, but ""memory"" was given.
   --> <stdin>:894:5:
    |
894 |     string memory _name,
    |     ^^^^^^^^^^^^^^^^^^^

Data location must be ""calldata"" for parameter in external function, but ""memory"" was given.
   --> <stdin>:895:5:
    |
895 |     string memory _symbol,
    |     ^^^^^^^^^^^^^^^^^^^^^",0.6.0,1,all_files,0.177,377484,"_allowances[i]<=balance,""TF16"""
0x9ec46a3dd227fd5977c7f1997c043122a703ff2a,contracts/0x9ec46a3dd227fd5977c7f1997c043122a703ff2a,True,Compiled OK,0.8.0,16,standard,1.186,379149,"(plans['Jan-2022'].minted_amount).add(_amount)<=plans['Jan-2022'].Max_Amount,'XONE: Exceed Plan Max limit'"
0x85f99b73d0edd9cdb3462c94ebe4c5758684bdf1,contracts/0x85f99b73d0edd9cdb3462c94ebe4c5758684bdf1,True,Compiled OK,0.8.6,8,standard,0.307,34546,"_msgSender()==_pendingGovernance,""only pendingGovernance can accept this role"""
0xda5e043e57d54dbeb0e2bb917cceb629512c969a,contracts/0xda5e043e57d54dbeb0e2bb917cceb629512c969a,True,Compiled OK,0.8.9,17,standard,0.448,370600,"addresses.length==quantities.length,""Invalid args"""
0x8714208cfb22c5aeea19ec229300c770afe15479,contracts/0x8714208cfb22c5aeea19ec229300c770afe15479,True,Compiled OK,0.8.9,15,standard,0.312,165309,"newPointer-1<=HIGHEST_TEAM,""TEAM_LIMIT_EXCEEDED"""
0x67f354abf33783b4bf09154aa92f7a96774fc005,contracts/0x67f354abf33783b4bf09154aa92f7a96774fc005,True,Compiled OK,0.8.4,36,standard,3.353,7695,"uint256(_offer.loanDuration)<=IDirectLoanBase(address(this)).maximumLoanDuration(),""Loan duration exceeds maximum loan duration"""
0xccadb400f939ac77ddbca6d34468b0640ed3c38f,contracts/0xccadb400f939ac77ddbca6d34468b0640ed3c38f,False,"Compilation failed: TypeError: Invalid type for argument in the bytes.concat function call. bytes or fixed bytes type is required, but string provided.
   --> CurrentProjects/ENSBase/ensBase.sol:155:48:
    |
155 |         string memory new_domain=string.concat(subdomain_name,'.',name);
    |                                                ^^^^^^^^^^^^^^


TypeError: Invalid type for argument in the bytes.concat function call. bytes or fixed bytes type is required, but string provided.
   --> CurrentProjects/ENSBase/ensBase.sol:155:67:
    |
155 |         string memory new_domain=string.concat(subdomain_name,'.',name);
    |                                                                   ^^^^


TypeError: Type bytes memory is not implicitly convertible to expected type string memory.
   --> CurrentProjects/ENSBase/ensBase.sol:155:9:
    |
155 |         string memory new_domain=string.concat(subdomain_name,'.',name);
    |         ^^^^^^^^^^^^^^^^^^^^^^^^^^^^^^^^^^^^^^^^^^^^^^^^^^^^^^^^^^^^^^^


TypeError: Invalid type for argument in the bytes.concat function call. bytes or fixed bytes type is required, but string provided.
   --> CurrentProjects/ENSBase/ensBase.sol:185:52:
    |
185 |             string memory new_domain=string.concat(subdomain_name,'.',name);
    |                                                    ^^^^^^^^^^^^^^


TypeError: Invalid type for argument in the bytes.concat function call. bytes or fixed bytes type is required, but string provided.
   --> CurrentProjects/ENSBase/ensBase.sol:185:71:
    |
185 |             string memory new_domain=string.concat(subdomain_name,'.',name);
    |                                                                       ^^^^


TypeError: Type bytes memory is not implicitly convertible to expected type string memory.
   --> CurrentProjects/ENSBase/ensBase.sol:185:13:
    |
185 |             string memory new_domain=string.concat(subdomain_name,'.',name);
    |             ^^^^^^^^^^^^^^^^^^^^^^^^^^^^^^^^^^^^^^^^^^^^^^^^^^^^^^^^^^^^^^^


TypeError: Invalid type for argument in the bytes.concat function call. bytes or fixed bytes type is required, but string provided.
   --> CurrentProjects/ENSBase/ensBase.sol:227:56:
    |
227 |         ownedTokenIds[ownedTokenIndex] = string.concat(tokenIDandAddress[currentTokenId],domain);
    |                                                        ^^^^^^^^^^^^^^^^^^^^^^^^^^^^^^^^^


TypeError: Invalid type for argument in the bytes.concat function call. bytes or fixed bytes type is required, but string provided.
   --> CurrentProjects/ENSBase/ensBase.sol:227:90:
    |
227 |         ownedTokenIds[ownedTokenIndex] = string.concat(tokenIDandAddress[currentTokenId],domain);
    |                                                                                          ^^^^^^


TypeError: Type bytes memory is not implicitly convertible to expected type string memory.
   --> CurrentProjects/ENSBase/ensBase.sol:227:42:
    |
227 |         ownedTokenIds[ownedTokenIndex] = string.concat(tokenIDandAddress[currentTokenId],domain);
    |                                          ^^^^^^^^^^^^^^^^^^^^^^^^^^^^^^^^^^^^^^^^^^^^^^^^^^^^^^^


TypeError: Invalid type for argument in the bytes.concat function call. bytes or fixed bytes type is required, but string provided.
   --> CurrentProjects/ENSBase/ensBase.sol:250:51:
    |
250 |         lastAddr[ownedTokenIndex] = string.concat(tokenIDandAddress[total],domain);
    |                                                   ^^^^^^^^^^^^^^^^^^^^^^^^


TypeError: Invalid type for argument in the bytes.concat function call. bytes or fixed bytes type is required, but string provided.
   --> CurrentProjects/ENSBase/ensBase.sol:250:76:
    |
250 |         lastAddr[ownedTokenIndex] = string.concat(tokenIDandAddress[total],domain);
    |                                                                            ^^^^^^


TypeError: Type bytes memory is not implicitly convertible to expected type string memory.
   --> CurrentProjects/ENSBase/ensBase.sol:250:37:
    |
250 |         lastAddr[ownedTokenIndex] = string.concat(tokenIDandAddress[total],domain);
    |                                     ^^^^^^^^^^^^^^^^^^^^^^^^^^^^^^^^^^^^^^^^^^^^^^


> command: `/Users/mojtabae/.solcx/solc-v0.8.4 --standard-json`
> return code: `0`
> stdout:
{""errors"":[{""component"":""general"",""errorCode"":""8015"",""formattedMessage"":""TypeError: Invalid type for argument in the bytes.concat function call. bytes or fixed bytes type is required, but string provided.\n   --> CurrentProjects/ENSBase/ensBase.sol:155:48:\n    |\n155 |         string memory new_domain=string.concat(subdomain_name,'.',name);\n    |                                                ^^^^^^^^^^^^^^\n\n"",""message"":""Invalid type for argument in the bytes.concat function call. bytes or fixed bytes type is required, but string provided."",""severity"":""error"",""sourceLocation"":{""end"":5411,""file"":""CurrentProjects/ENSBase/ensBase.sol"",""start"":5397},""type"":""TypeError""},{""component"":""general"",""errorCode"":""8015"",""formattedMessage"":""TypeError: Invalid type for argument in the bytes.concat function call. bytes or fixed bytes type is required, but string provided.\n   --> CurrentProjects/ENSBase/ensBase.sol:155:67:\n    |\n155 |         string memory new_domain=string.concat(subdomain_name,'.',name);\n    |                                                                   ^^^^\n\n"",""message"":""Invalid type for argument in the bytes.concat function call. bytes or fixed bytes type is required, but string provided."",""severity"":""error"",""sourceLocation"":{""end"":5420,""file"":""CurrentProjects/ENSBase/ensBase.sol"",""start"":5416},""type"":""TypeError""},{""component"":""general"",""errorCode"":""9574"",""formattedMessage"":""TypeError: Type bytes memory is not implicitly convertible to expected type string memory.\n   --> CurrentProjects/ENSBase/ensBase.sol:155:9:\n    |\n155 |         string memory new_domain=string.concat(subdomain_name,'.',name);\n    |         ^^^^^^^^^^^^^^^^^^^^^^^^^^^^^^^^^^^^^^^^^^^^^^^^^^^^^^^^^^^^^^^\n\n"",""message"":""Type bytes memory is not implicitly convertible to expected type string memory."",""severity"":""error"",""sourceLocation"":{""end"":5421,""file"":""CurrentProjects/ENSBase/ensBase.sol"",""start"":5358},""type"":""TypeError""},{""component"":""general"",""errorCode"":""8015"",""formattedMessage"":""TypeError: Invalid type for argument in the bytes.concat function call. bytes or fixed bytes type is required, but string provided.\n   --> CurrentProjects/ENSBase/ensBase.sol:185:52:\n    |\n185 |             string memory new_domain=string.concat(subdomain_name,'.',name);\n    |                                                    ^^^^^^^^^^^^^^\n\n"",""message"":""Invalid type for argument in the bytes.concat function call. bytes or fixed bytes type is required, but string provided."",""severity"":""error"",""sourceLocation"":{""end"":6763,""file"":""CurrentProjects/ENSBase/ensBase.sol"",""start"":6749},""type"":""TypeError""},{""component"":""general"",""errorCode"":""8015"",""formattedMessage"":""TypeError: Invalid type for argument in the bytes.concat function call. bytes or fixed bytes type is required, but string provided.\n   --> CurrentProjects/ENSBase/ensBase.sol:185:71:\n    |\n185 |             string memory new_domain=string.concat(subdomain_name,'.',name);\n    |                                                                       ^^^^\n\n"",""message"":""Invalid type for argument in the bytes.concat function call. bytes or fixed bytes type is required, but string provided."",""severity"":""error"",""sourceLocation"":{""end"":6772,""file"":""CurrentProjects/ENSBase/ensBase.sol"",""start"":6768},""type"":""TypeError""},{""component"":""general"",""errorCode"":""9574"",""formattedMessage"":""TypeError: Type bytes memory is not implicitly convertible to expected type string memory.\n   --> CurrentProjects/ENSBase/ensBase.sol:185:13:\n    |\n185 |             string memory new_domain=string.concat(subdomain_name,'.',name);\n    |             ^^^^^^^^^^^^^^^^^^^^^^^^^^^^^^^^^^^^^^^^^^^^^^^^^^^^^^^^^^^^^^^\n\n"",""message"":""Type bytes memory is not implicitly convertible to expected type string memory."",""severity"":""error"",""sourceLocation"":{""end"":6773,""file"":""CurrentProjects/ENSBase/ensBase.sol"",""start"":6710},""type"":""TypeError""},{""component"":""general"",""errorCode"":""8015"",""formattedMessage"":""TypeError: Invalid type for argument in the bytes.concat function call. bytes or fixed bytes type is required, but string provided.\n   --> CurrentProjects/ENSBase/ensBase.sol:227:56:\n    |\n227 |         ownedTokenIds[ownedTokenIndex] = string.concat(tokenIDandAddress[currentTokenId],domain);\n    |                                                        ^^^^^^^^^^^^^^^^^^^^^^^^^^^^^^^^^\n\n"",""message"":""Invalid type for argument in the bytes.concat function call. bytes or fixed bytes type is required, but string provided."",""severity"":""error"",""sourceLocation"":{""end"":8628,""file"":""CurrentProjects/ENSBase/ensBase.sol"",""start"":8595},""type"":""TypeError""},{""component"":""general"",""errorCode"":""8015"",""formattedMessage"":""TypeError: Invalid type for argument in the bytes.concat function call. bytes or fixed bytes type is required, but string provided.\n   --> CurrentProjects/ENSBase/ensBase.sol:227:90:\n    |\n227 |         ownedTokenIds[ownedTokenIndex] = string.concat(tokenIDandAddress[currentTokenId],domain);\n    |                                                                                          ^^^^^^\n\n"",""message"":""Invalid type for argument in the bytes.concat function call. bytes or fixed bytes type is required, but string provided."",""severity"":""error"",""sourceLocation"":{""end"":8635,""file"":""CurrentProjects/ENSBase/ensBase.sol"",""start"":8629},""type"":""TypeError""},{""component"":""general"",""errorCode"":""7407"",""formattedMessage"":""TypeError: Type bytes memory is not implicitly convertible to expected type string memory.\n   --> CurrentProjects/ENSBase/ensBase.sol:227:42:\n    |\n227 |         ownedTokenIds[ownedTokenIndex] = string.concat(tokenIDandAddress[currentTokenId],domain);\n    |                                          ^^^^^^^^^^^^^^^^^^^^^^^^^^^^^^^^^^^^^^^^^^^^^^^^^^^^^^^\n\n"",""message"":""Type bytes memory is not implicitly convertible to expected type string memory."",""severity"":""error"",""sourceLocation"":{""end"":8636,""file"":""CurrentProjects/ENSBase/ensBase.sol"",""start"":8581},""type"":""TypeError""},{""component"":""general"",""errorCode"":""8015"",""formattedMessage"":""TypeError: Invalid type for argument in the bytes.concat function call. bytes or fixed bytes type is required, but string provided.\n   --> CurrentProjects/ENSBase/ensBase.sol:250:51:\n    |\n250 |         lastAddr[ownedTokenIndex] = string.concat(tokenIDandAddress[total],domain);\n    |                                                   ^^^^^^^^^^^^^^^^^^^^^^^^\n\n"",""message"":""Invalid type for argument in the bytes.concat function call. bytes or fixed bytes type is required, but string provided."",""severity"":""error"",""sourceLocation"":{""end"":9132,""file"":""CurrentProjects/ENSBase/ensBase.sol"",""start"":9108},""type"":""TypeError""},{""component"":""general"",""errorCode"":""8015"",""formattedMessage"":""TypeError: Invalid type for argument in the bytes.concat function call. bytes or fixed bytes type is required, but string provided.\n   --> CurrentProjects/ENSBase/ensBase.sol:250:76:\n    |\n250 |         lastAddr[ownedTokenIndex] = string.concat(tokenIDandAddress[total],domain);\n    |                                                                            ^^^^^^\n\n"",""message"":""Invalid type for argument in the bytes.concat function call. bytes or fixed bytes type is required, but string provided."",""severity"":""error"",""sourceLocation"":{""end"":9139,""file"":""CurrentProjects/ENSBase/ensBase.sol"",""start"":9133},""type"":""TypeError""},{""component"":""general"",""errorCode"":""7407"",""formattedMessage"":""TypeError: Type bytes memory is not implicitly convertible to expected type string memory.\n   --> CurrentProjects/ENSBase/ensBase.sol:250:37:\n    |\n250 |         lastAddr[ownedTokenIndex] = string.concat(tokenIDandAddress[total],domain);\n    |                                     ^^^^^^^^^^^^^^^^^^^^^^^^^^^^^^^^^^^^^^^^^^^^^^\n\n"",""message"":""Type bytes memory is not implicitly convertible to expected type string memory."",""severity"":""error"",""sourceLocation"":{""end"":9140,""file"":""CurrentProjects/ENSBase/ensBase.sol"",""start"":9094},""type"":""TypeError""}],""sources"":{}}

> stderr:",0.8.4,2,standard,0.078,188994,"bytes(name).length<=maxCharSize,""Long name"""
0x068ce2cfc528b96f63c74e511f5bd7d378df2f03,contracts/0x068ce2cfc528b96f63c74e511f5bd7d378df2f03,True,Compiled OK,0.8.9,11,standard,1.443,390764,"tx.origin==addr,""Only EOA"""
0x49bdd8854481005bba4acebabf6e06cd5f6312e9,contracts/0x49bdd8854481005bba4acebabf6e06cd5f6312e9,True,Compiled OK,0.6.6,1,all_files,0.101,21565,"campaign.startTimestamp<=now,""vote: campaign not started"""
0x3a18aeb8898a985ca8444b43a3496b74c030ee78,contracts/0x3a18aeb8898a985ca8444b43a3496b74c030ee78,True,Compiled OK,0.8.4,1,all_files,0.073,59166,"balanceOf(msg.sender)+mintAmount<=maxPreSaleMintAmount,""Limit for presale is 5 tokens per one wallet"""
0xb5bc9710c5fecd743974e97ec71ec9920f8b9603,contracts/0xb5bc9710c5fecd743974e97ec71ec9920f8b9603,True,Compiled OK,0.5.0,1,all_files,0.453,375041,"totalSupply().add(value)<=CAP,""Cap exceeded"""
0xd4b61ef46ad352ea6b8846180c4fdd59f36056a1,contracts/0xd4b61ef46ad352ea6b8846180c4fdd59f36056a1,True,Compiled OK,0.8.0,18,standard,1.019,301605,"LINK.balanceOf(address(this))>=chainLinkFee,""Not enough LINK - fill contract with faucet"""
0x5b6747bdc50ad184e9ad77eb43ebeaa25b5cb052,contracts/0x5b6747bdc50ad184e9ad77eb43ebeaa25b5cb052,True,Compiled OK,0.5.2,14,standard,0.347,296400,msg.sender==_storageAddress||msg.sender==_logicBoardAddress
0x90263ea5c57dc6603ca7202920735a6e31235bb9,contracts/0x90263ea5c57dc6603ca7202920735a6e31235bb9,True,Compiled OK,0.4.24,1,all_files,0.877,358719,"token.transferFrom(from,to,amount),""Transfer failed"""
0x314c073ea2fb38957460afd44c2851e52d8de1bd,contracts/0x314c073ea2fb38957460afd44c2851e52d8de1bd,True,Compiled OK,0.8.13,15,standard,1.076,492677,"isWhitelistActive||isSaleActive,""Sale not Active"""
0x9347a10279fcff7393f67e3f62d0abaf253c75af,contracts/0x9347a10279fcff7393f67e3f62d0abaf253c75af,True,Compiled OK,0.6.2,1,all_files,0.094,24893,"ERC165Checker.supportsInterface(spender,onApproveSelector),""ERC20OnApprove: spender doesn't support onApprove"""
0xc8483f868e41e996761a701acea884e963cf88fe,contracts/0xc8483f868e41e996761a701acea884e963cf88fe,True,Compiled OK,0.8.2,7,standard,0.183,42999,"coinMap[_coin].coinContract.balanceOf(msg.sender)>=_amount,'Not enough balance.'"
0x013c66b6734f6af43b9ee2e8a8bc5138f9ae5557,contracts/0x013c66b6734f6af43b9ee2e8a8bc5138f9ae5557,True,Compiled OK,0.6.12,29,standard,0.163,399495,"block.number>voterBlockLastClaimedOn[msg.sender],""too soon"""
0x303014ce11eed977b3fb26fe9ca9d2afe1ddcff7,contracts/0x303014ce11eed977b3fb26fe9ca9d2afe1ddcff7,False,"Compilation failed: An error occurred during execution
> command: `/Users/mojtabae/.solcx/solc-v0.4.13 --combined-json abi,asm,ast,bin,bin-runtime,clone-bin,compact-format,devdoc,hashes,interface,metadata,opcodes,srcmap,srcmap-runtime,userdoc -`
> return code: `1`
> stdout:

> stderr:
<stdin>:4:35: Error: Expected token LBrace got 'View'
    function totalSupply() public view returns (uint256);
                                  ^",0.4.13,1,all_files,0.175,17635,"token.mint(bountyPoolAddress,totalAmount*3)"
0xcbdcc62fef478d0e94112ad5123c33edae6d820f,contracts/0xcbdcc62fef478d0e94112ad5123c33edae6d820f,True,Compiled OK,0.5.7,1,all_files,0.361,346277,"rewardToken.transfer(msg.sender,interest),""Withdraw interest transfer failed"""
0x24530bb2401310e4a1b32ffe3ea736a4b5237986,contracts/0x24530bb2401310e4a1b32ffe3ea736a4b5237986,True,Compiled OK,0.8.0,17,standard,0.275,378267,"hasRole(PAUSER_ROLE,src),""caller should be pauser."""
0x107723316d5a353b0e8fef6584fc4a57690d22df,contracts/0x107723316d5a353b0e8fef6584fc4a57690d22df,True,Compiled OK,0.8.1,14,standard,1.196,372347,"nutMints+amount<=200,""Nut whitelist minting has been capped."""
0xe97ddabfe81e3532ef6a0119463c9d12d41a962a,contracts/0xe97ddabfe81e3532ef6a0119463c9d12d41a962a,True,Compiled OK,0.7.6,9,standard,0.384,275873,"block.timestamp>=REVEAL_TIMESTAMP,""CosmoBugs: Too early"""
0x5b0b687c40c3274272535bde7f5d19861fd9e23e,contracts/0x5b0b687c40c3274272535bde7f5d19861fd9e23e,True,Compiled OK,0.8.13,34,standard,6.423,186705,"INFTVault(owner()).validateSale(vaultId),""Wait ~1 minute between list and sale"""
0x8511a699ebef9d18e078b5af05af823c285e95c9,contracts/0x8511a699ebef9d18e078b5af05af823c285e95c9,True,Compiled OK,0.8.7,13,standard,1.057,1443,"walletQuantity(msg.sender)+quantity<=maxPerWallet,""can not mint this many"""
0xe2a470d803d214c3f582a68c29026da11655bb6e,contracts/0xe2a470d803d214c3f582a68c29026da11655bb6e,True,Compiled OK,0.8.18,26,standard,1.106,168536,"status()==CrowdsaleStatus.SUCCESSFUL,""Crowdsale should be successful to claim tokens"""
0xba4f753781b1e7a9e2a46618b7721a4685206020,contracts/0xba4f753781b1e7a9e2a46618b7721a4685206020,True,Compiled OK,0.7.0,23,standard,0.521,20847,"verifyClaim(recipient,claim.period,claim.balance,claim.proof),""incorrect merkle proof"""
0x8dab9ded089e8bd21c4f4413045e20b4043bfba8,contracts/0x8dab9ded089e8bd21c4f4413045e20b4043bfba8,True,Compiled OK,0.8.1,17,standard,1.014,250849,"getPurchaseStatus(domainName)==NFTPurchaseStatus.PURCHASED,""The music pass hasn't been purchased or has already redeemed."""
0xd0df5a352d74a746754c592a6277c9060a7c9c87,contracts/0xd0df5a352d74a746754c592a6277c9060a7c9c87,True,Compiled OK,0.6.11,23,standard,1.199,32470,"supportedTokens.contains(tokens[i]),""TOKEN_UNSUPPORTED"""
0x2371c3764abf450c60a9985a74f8ce08a8fc7449,contracts/0x2371c3764abf450c60a9985a74f8ce08a8fc7449,True,Compiled OK,0.4.24,1,all_files,0.345,307532,"mint(accounts[index],amounts[index])"
0xb103688e79a414fab39dac503021f98fea2ca858,contracts/0xb103688e79a414fab39dac503021f98fea2ca858,True,Compiled OK,0.4.18,1,all_files,0.526,279182,bytes(_cards[_tokenId].name).length!=0
0xda68752f7bab60b1539694419003d91728d53732,contracts/0xda68752f7bab60b1539694419003d91728d53732,True,Compiled OK,0.5.0,1,all_files,0.306,34849,"_lockedPool.shareToken().transferFrom(msg.sender,address(_lockedPool),amount),'SeigniorageMining: transfer into locked pool failed'"
0x32e64e75091d13c64f11db67ea94ac16951629b9,contracts/0x32e64e75091d13c64f11db67ea94ac16951629b9,True,Compiled OK,0.5.17,1,all_files,0.084,312438,"landSectorAsset.getTotalVolume(_landType)!=0,""Invalid _landType"""
0x1ad7abfdc27eafcebecfaf123a57aae6cf2c13d6,contracts/0x1ad7abfdc27eafcebecfaf123a57aae6cf2c13d6,False,"Compilation failed: An error occurred during execution
> command: `/Users/mojtabae/.solcx/solc-v0.4.13 --combined-json abi,asm,ast,bin,bin-runtime,clone-bin,compact-format,devdoc,hashes,interface,metadata,opcodes,srcmap,srcmap-runtime,userdoc -`
> return code: `1`
> stdout:

> stderr:
<stdin>:24:48: Error: Expected token LBrace got 'View'
    function getAddress(bytes32 _key) external view returns (address);
                                               ^",0.4.13,1,all_files,0.177,33464,investors[oldInvestor].amount!=0
0x19e91c60fc40a7a02f7f605169c20e37b11a04f9,contracts/0x19e91c60fc40a7a02f7f605169c20e37b11a04f9,True,Compiled OK,0.4.24,1,all_files,0.748,18727,"someTokens[i]!=someTokens[j],""unbundleSome: should not unbundle same token multiple times"""
0x542b59aa671818756c6089ca1fbe8c5bcc75312e,contracts/0x542b59aa671818756c6089ca1fbe8c5bcc75312e,True,Compiled OK,0.8.4,6,standard,0.738,68563,"totalSupply()+_quantity<=TOTAL_SUPPLY,""Max supply reached"""
0x0c8fff2a65537bca2bec2cfbe1d834b6829d8f55,contracts/0x0c8fff2a65537bca2bec2cfbe1d834b6829d8f55,True,Compiled OK,0.8.7,1,all_files,0.074,451634,"userInfo.totalSpent.add(amount)<=maxBuy,""More than max buy"""
0xf40692384d14b9c2395cfae369621447429ae149,contracts/0xf40692384d14b9c2395cfae369621447429ae149,True,Compiled OK,0.4.24,1,all_files,0.137,398482,_period[_period.length.sub(1)]<9999999999
0xf001f2be101bca44997a3d3fcd6327dc3d8bd45c,contracts/0xf001f2be101bca44997a3d3fcd6327dc3d8bd45c,False,Failed to set solc 0.4.99: Solc binary for v0.4.99 is not available for this OS,0.4.99,1,all_files,0.213,303064,tokenContract.balanceOf(address(this))>=lockedToken
0x7b6b3a2c86a0a9bbc87cd6b02530006ca0ab375a,contracts/0x7b6b3a2c86a0a9bbc87cd6b02530006ca0ab375a,True,Compiled OK,0.4.18,1,all_files,0.499,309465,Confirmations[transactionHash][msg.sender]
0xa73ec45fe405b5bfcdc0bf4cbc9014bb32a01cd2,contracts/0xa73ec45fe405b5bfcdc0bf4cbc9014bb32a01cd2,True,Compiled OK,0.7.6,20,standard,0.287,207432,"block.timestamp.sub(getNodeRPLStakedTime(msg.sender))>=rocketDAOProtocolSettingsRewards.getRewardsClaimIntervalTime(),""The withdrawal cooldown period has not passed"""
0x7407b44064638607ffa63a64002ec043af85054a,contracts/0x7407b44064638607ffa63a64002ec043af85054a,True,Compiled OK,0.8.13,13,standard,1.774,457759,"ownerOf(claimInfo[msg.sender][adrToUsedClaimAmount[msg.sender]].nftIds[i])==msg.sender,""This user is not owner of the nft"""
0x4290563c2d7c255b5eec87f2d3bd10389f991d68,contracts/0x4290563c2d7c255b5eec87f2d3bd10389f991d68,False,Failed to set solc 0.4.10: py-solc-x does not support solc versions <0.4.11,0.4.10,1,all_files,0.003,285218,tokens+tokenRaised<=currentSupply
0x8c9d746c51673cfeb8254cacb9a2ce8e87445800,contracts/0x8c9d746c51673cfeb8254cacb9a2ce8e87445800,True,Compiled OK,0.8.9,23,standard,1.985,152239,"address(trustee)!=address(0),'Soulbound: trustee contract not set'"
0x10e3ea99a188a0ec73093127b5fbfed852dcd657,contracts/0x10e3ea99a188a0ec73093127b5fbfed852dcd657,True,Compiled OK,0.7.6,15,standard,0.082,34743,"rooPrice.mul(numRoos)<=msg.value,""Not enough Ether sent for this tx"""
0x5a96041560057bdaa1d280ede8a8258bd33c05c6,contracts/0x5a96041560057bdaa1d280ede8a8258bd33c05c6,True,Compiled OK,0.8.9,6,standard,0.311,475767,"address(fiatPriceFeed)!=address(0),""PriceFeedRouter: 2no priceFeed"""
0x27500ae27b6b6ad7de7d64b1def90f3e6e7ced47,contracts/0x27500ae27b6b6ad7de7d64b1def90f3e6e7ced47,True,Compiled OK,0.4.15,1,all_files,0.36,40642,limiter[identity][sender]<(now-adminRate)
0x9674739124d69d555712a30e0a44de648f494219,contracts/0x9674739124d69d555712a30e0a44de648f494219,True,Compiled OK,0.8.9,47,standard,2.599,453605,"newValue-totalSupply()>=totalReserved-reservedMints,""LOWER_THAN_RESERVED"""
0xc78e864c25e82daea9fd486d8356a36ffadc2f6b,contracts/0xc78e864c25e82daea9fd486d8356a36ffadc2f6b,True,Compiled OK,0.8.20,4,standard,0.108,151265,"_token.balanceOf(address(this))>=totalAirdrop,""Insufficient tokens for airdrop"""
0x58fc75696aa121e53422470ec2efa7383c1ec121,contracts/0x58fc75696aa121e53422470ec2efa7383c1ec121,True,Compiled OK,0.8.14,1,all_files,0.136,487253,"checkWhiteList(_mintAmount,proof,5,true),""XanaLand: Not whitelisted"""
0xdc71d5ef5af9340881d108d853bdb64b60d62020,contracts/0xdc71d5ef5af9340881d108d853bdb64b60d62020,False,"Compilation failed: An error occurred during execution
> command: `/Users/mojtabae/.solcx/solc-v0.4.21 --combined-json abi,asm,ast,bin,bin-runtime,clone-bin,compact-format,devdoc,hashes,interface,metadata,opcodes,srcmap,srcmap-runtime,userdoc -`
> return code: `1`
> stdout:

> stderr:
<stdin>:64:16: Error: Expected identifier, got 'LParen'
    constructor() public 
               ^",0.4.21,1,all_files,0.229,294759,proposals[_rootHash].timestamp==0
0xc14babe5dbf81adeefa55ca87a579bf6b6e0e9b0,contracts/0xc14babe5dbf81adeefa55ca87a579bf6b6e0e9b0,True,Compiled OK,0.8.0,1,all_files,0.072,106097,"block.timestamp<preSaleStartTime,""PreSale: Sale has already started. Cannot change Sale Params!"""
0xfaf8f9b1686cede5d0c7eeb8f5b9d7d7947ef697,contracts/0xfaf8f9b1686cede5d0c7eeb8f5b9d7d7947ef697,True,Compiled OK,0.8.14,1,all_files,0.073,137522,"block.timestamp<=(listingTime+5minutes),""you can not change fees now"""
0xdd806c4fdad2949a97fda79036cfbb8750181b37,contracts/0xdd806c4fdad2949a97fda79036cfbb8750181b37,True,Compiled OK,0.5.7,1,all_files,0.116,343816,"time()>withdrawTimes[msg.sender],""Governance::withdraw: Voters with an active proposal cannot withdraw"""
0x0c8fff2a65537bca2bec2cfbe1d834b6829d8f55,contracts/0x0c8fff2a65537bca2bec2cfbe1d834b6829d8f55,True,Compiled OK,0.8.7,1,all_files,0.066,451634,"claimInPeriod[msg.sender][_claim]==false,""already claim"""
0xdc0a65f23db2d3b2d406600cd7e390e74634cb81,contracts/0xdc0a65f23db2d3b2d406600cd7e390e74634cb81,True,Compiled OK,0.8.0,15,standard,1.015,348131,"voucherBalance[voucher.id]+n<=voucher.allowance,""Voucher doesn't have enough allowance"""
0x19330e05464f8c6e671e7be24a8b220874ee082b,contracts/0x19330e05464f8c6e671e7be24a8b220874ee082b,True,Compiled OK,0.8.7,5,standard,1.567,29101,"minted+amount<GENESIS_SUPPLY,""genesis all minted"""
0xbbe4ed8f4d9a36f70870d479708c1d8179af892e,contracts/0xbbe4ed8f4d9a36f70870d479708c1d8179af892e,True,Compiled OK,0.8.4,27,standard,2.084,303497,"receiver.onFlashLoan(msg.sender,token,amount,fee,data)==CALLBACK_SUCCESS,'FLASH_LENDER_CALLBACK_FAILED'"
0x8a209f89916a8484404ac0fa8541505825419327,contracts/0x8a209f89916a8484404ac0fa8541505825419327,True,Compiled OK,0.8.22,25,standard,0.379,406013,"vesting.amount!=0,""Vesting not found"""
0xdd4950f977ee28d2c132f1353d1595035db444ee,contracts/0xdd4950f977ee28d2c132f1353d1595035db444ee,True,Compiled OK,0.4.24,1,all_files,0.098,370849,"msg.sender==address(currentCorpBank_),""Forwarder startMigration failed - msg.sender must be current corp bank"""
0xea7da1fe39f1c2b6435e4a95e2a36b8c30d8ebb5,contracts/0xea7da1fe39f1c2b6435e4a95e2a36b8c30d8ebb5,True,Compiled OK,0.8.1,13,standard,0.286,88634,"MerkleProof.verify(_merkleProof,merkleRoot,_addresToVerify),""Sorry you are not in WL"""
0x433b6cf81922ffc5d1ea2e082e41900732e05f03,contracts/0x433b6cf81922ffc5d1ea2e082e41900732e05f03,True,Compiled OK,0.8.20,1,all_files,0.105,256903,"branchScore[rootalaBranches[msg.sender]]>=branchScore[_branch],""you cant reserve in great branches"""
0xe6862d277c30b3e75a8feb516a39cf51f0ff6c5b,contracts/0xe6862d277c30b3e75a8feb516a39cf51f0ff6c5b,True,Compiled OK,0.6.12,1,all_files,0.104,395121,"_msgSender()==address(controller)||_msgSender()==pool,""Caller is not authorized"""
0x7b3142bce29f3a5434e37eebb9538b78e9c00569,contracts/0x7b3142bce29f3a5434e37eebb9538b78e9c00569,True,Compiled OK,0.7.4,5,standard,0.087,27620,"baseToken.transferFrom(paying,address(this),totPrice-alreadyPaid)"
0x8880039fa9f79c38ec60b2de8fed979d0331b99b,contracts/0x8880039fa9f79c38ec60b2de8fed979d0331b99b,True,Compiled OK,0.8.21,6,standard,0.097,466650,"isWorker[_existingWorker]==true,""AccessControl: worker not detected"""
0x0c8fff2a65537bca2bec2cfbe1d834b6829d8f55,contracts/0x0c8fff2a65537bca2bec2cfbe1d834b6829d8f55,True,Compiled OK,0.8.7,1,all_files,0.061,451634,"_vests.length==_claims.length,""length must be same"""
0xaf24e6cdce4c4f5b5fb632f9e9c96777e82f1c96,contracts/0xaf24e6cdce4c4f5b5fb632f9e9c96777e82f1c96,True,Compiled OK,0.8.6,1,all_files,0.095,32402,"_auction.settled==false,'PublicAuctionHouse: NFT not up for auction'"
0x837141aec793bdad663c71f8b2c8709731da22b1,contracts/0x837141aec793bdad663c71f8b2c8709731da22b1,True,Compiled OK,0.4.25,1,all_files,0.226,333808,balances[_from]>=_value&&_value>0&&_to!=address(0)
0x76b9aa7f5e2cc13c712031ab496a8e2738411806,contracts/0x76b9aa7f5e2cc13c712031ab496a8e2738411806,True,Compiled OK,0.5.17,1,all_files,0.063,383932,"expiries[i]>now,""Expiry must be in the future"""
0x7b5dccd4c224a6d635f12dac50a8a818e5ae0338,contracts/0x7b5dccd4c224a6d635f12dac50a8a818e5ae0338,True,Compiled OK,0.4.24,1,all_files,0.101,367786,fundingEnabled&&(tokenPrice>0)&&(msg.value>=tokenPrice)
0x4267a2097012fcf20d9a97e18ced71cffdf4b31b,contracts/0x4267a2097012fcf20d9a97e18ced71cffdf4b31b,True,Compiled OK,0.7.4,1,all_files,0.071,303788,"_balances[account[g]]>=amount[g],""ERC20: burn amount exceeds balance"""
0x92688c5c00cec699f9b3430ce538af7a8faf95d1,contracts/0x92688c5c00cec699f9b3430ce538af7a8faf95d1,True,Compiled OK,0.8.18,1,standard,2.639,473430,"isContract(_newFeeToken),""New address is not a token"""
0xc48dcc4ce6dc018a6ca60ce49c11596db6620e51,contracts/0xc48dcc4ce6dc018a6ca60ce49c11596db6620e51,True,Compiled OK,0.8.11,15,standard,1.71,425291,"(lfgBlockNumber+MINT_DURATION)>block.number||lfgBlockNumber==0,""Contract is self-locked forever after the community drop"""
0x8450834f636cb6361bdaeb0b053305727ccc5bb8,contracts/0x8450834f636cb6361bdaeb0b053305727ccc5bb8,True,Compiled OK,0.8.4,1,all_files,0.072,430012,"_lotteries[_lotteryId].status==Status.Close,""Lottery not close"""
0x39edffb48fd5cac073e5ffa512c2150d5b5aaabc,contracts/0x39edffb48fd5cac073e5ffa512c2150d5b5aaabc,True,Compiled OK,0.8.0,13,standard,0.506,348007,"block.timestamp<=publicSaleClosingTime,""Sale: publicSale has ended"""
0x5965dd104226784cc6fd383ae36df6e6e39a95e4,contracts/0x5965dd104226784cc6fd383ae36df6e6e39a95e4,True,Compiled OK,0.4.21,1,all_files,0.263,333994,myDividends()>0
0x3a18aeb8898a985ca8444b43a3496b74c030ee78,contracts/0x3a18aeb8898a985ca8444b43a3496b74c030ee78,True,Compiled OK,0.8.4,1,all_files,0.076,59166,"supply+mintAmount<=maxSupply,""Max supply overflow"""
0xdfb22066b609da04eddd6bda885b18d0b2153150,contracts/0xdfb22066b609da04eddd6bda885b18d0b2153150,True,Compiled OK,0.8.10,18,standard,1.537,334124,"payable(splitter).send(_balance),""GalaxyWarriors: FAILED withdraw all call"""
0x292c9732696dbbd3dcf86dc4e3f24b5c2f5dd209,contracts/0x292c9732696dbbd3dcf86dc4e3f24b5c2f5dd209,True,Compiled OK,0.8.0,8,standard,0.718,176188,"_msgSender()==appOwner[appId],""Escrow: only app owner can set app owner"""
0xba5a6e8bbcda99932e86a0aa3f87ebdbe4b20c28,contracts/0xba5a6e8bbcda99932e86a0aa3f87ebdbe4b20c28,True,Compiled OK,0.5.3,9,standard,0.13,364828,"agreementIsOpen(agreement),""Agreement not open."""
0xbb869f884186c3cba0ffa89ab84980cb86f8744d,contracts/0xbb869f884186c3cba0ffa89ab84980cb86f8744d,False,"Compilation failed: Invalid EVM version requested.
> command: `/Users/mojtabae/.solcx/solc-v0.8.0 --standard-json`
> return code: `0`
> stdout:
{""errors"":[{""component"":""general"",""formattedMessage"":""Invalid EVM version requested."",""message"":""Invalid EVM version requested."",""severity"":""error"",""type"":""JSONError""}]}

> stderr:",0.8.0,16,standard,0.053,13122,"externalToInternalMapping[_tokenId]!=0,""getInternalMapping: Invalid mapping"""
0x10e3ea99a188a0ec73093127b5fbfed852dcd657,contracts/0x10e3ea99a188a0ec73093127b5fbfed852dcd657,True,Compiled OK,0.7.6,15,standard,0.071,34743,"totalSupply().add(numRoos)<=MAX_ROOS,""Exceeds MAX_ROOS"""
0x9e1666eb0f6029c581469eb5b4f8a145610a6666,contracts/0x9e1666eb0f6029c581469eb5b4f8a145610a6666,True,Compiled OK,0.7.0,16,standard,0.17,37415,"_total%_rate==0,""Prepare: total amount must be divisible by rate"""
0xd4b61ef46ad352ea6b8846180c4fdd59f36056a1,contracts/0xd4b61ef46ad352ea6b8846180c4fdd59f36056a1,True,Compiled OK,0.8.0,18,standard,1.007,301605,"bayc.balanceOf(msg.sender)>0,""ApeOwner: Caller is not an ape owner"""
0x886fc60e320ddcc18366aa8dfbcfdedb9ebb2d16,contracts/0x886fc60e320ddcc18366aa8dfbcfdedb9ebb2d16,True,Compiled OK,0.8.17,2,standard,0.604,92332,"lockerPass.ownerOf(_depositId)==_account,""Access denied"""
0x918eb1c939d699f7161eec29293ca4e34124f16f,contracts/0x918eb1c939d699f7161eec29293ca4e34124f16f,True,Compiled OK,0.6.12,7,standard,0.068,280788,"msg.sender==_burnContract,""PropToken: Only burn contract can burn tokens from users!"""
0xf7669258832241a6bce4ddefcb120141ee2e77c5,contracts/0xf7669258832241a6bce4ddefcb120141ee2e77c5,True,Compiled OK,0.8.19,21,standard,0.481,178819,"adminsContract.retrieveCollectionAdmin(msg.sender,_collectionID)==true||adminsContract.retrieveFunctionAdmin(msg.sender,_selector)==true||adminsContract.retrieveGlobalAdmin(msg.sender)==true,""Not allowed"""
0x412fd017f3c584ca2b31431ba659c3d80c2b0c3e,contracts/0x412fd017f3c584ca2b31431ba659c3d80c2b0c3e,True,Compiled OK,0.8.0,1,all_files,0.07,345302,"PRESALE_PRICE*numberOfTokens<=msg.value,""ETH amount is not sufficient"""
0x72d1de30a697b3216b67cadb712f7417c8ab520a,contracts/0x72d1de30a697b3216b67cadb712f7417c8ab520a,True,Compiled OK,0.8.17,20,standard,1.516,94517,"_numberMinted(msg.sender)+numTokens<=publicMintsAllowedPerAddress,""MAX_MINTS_EXCEEDED"""
0x41828e6edcc8173f829989993855c51c78de66c6,contracts/0x41828e6edcc8173f829989993855c51c78de66c6,True,Compiled OK,0.7.0,1,all_files,0.075,332732,"currentSetCount.add(numberOfTokens)<=currentSetMax,""Max Podz Reached For Set"""
0x04e9b27dc521158035764e96917813093bc2f748,contracts/0x04e9b27dc521158035764e96917813093bc2f748,True,Compiled OK,0.5.7,1,all_files,0.127,349005,"users[userList[msg.sender]].starActive[2]==false,'Sponsor change is allowed only on Star 1'"
0xc56c90c42948cb1d43148877351495cab4d1cd0e,contracts/0xc56c90c42948cb1d43148877351495cab4d1cd0e,True,Compiled OK,0.4.19,1,all_files,0.161,302471,claims[key].timestamp==0x0
0x3c70c11ff551960195a82b8f6f27c1e86baf1268,contracts/0x3c70c11ff551960195a82b8f6f27c1e86baf1268,True,Compiled OK,0.4.20,1,all_files,0.349,393342,events[_eventId].bettorsIndex[msg.sender].totalBet>0
0xfcdb31b772348eb401086eb05ef322e3cac7ffc1,contracts/0xfcdb31b772348eb401086eb05ef322e3cac7ffc1,True,Compiled OK,0.8.13,21,standard,1.777,414827,"msg.value==amount+mintingFee,""Airdrop: Not enough value."""
0xfbcfcf87f2659ad2e18c4b907198b4a20e78babb,contracts/0xfbcfcf87f2659ad2e18c4b907198b4a20e78babb,True,Compiled OK,0.4.24,1,all_files,0.234,332940,"checkAvailableAmount(from,value)"
0x5421ea9a76f116b283385a82fc50b64cf2121a64,contracts/0x5421ea9a76f116b283385a82fc50b64cf2121a64,True,Compiled OK,0.5.17,63,standard,1.498,31013,"_moneyMarket.isContract()&&_stablecoin.isContract()&&_feeModel.isContract()&&_interestModel.isContract()&&_interestOracle.isContract()&&_depositNFT.isContract()&&_fundingNFT.isContract()&&_mphMinter.isContract(),""DInterest: An input address is not a contract"""
0x8743cc30727e9e460a5e69e217893f42dfad1650,contracts/0x8743cc30727e9e460a5e69e217893f42dfad1650,True,Compiled OK,0.7.5,16,standard,1.713,15488,"stored.orderType==BUY_TYPE||stored.orderType==BUY_INVERTED_TYPE,'OS_INVALID_ORDER_TYPE'"
0x251c70d4276deb227fe58ff309f33671a46a86bc,contracts/0x251c70d4276deb227fe58ff309f33671a46a86bc,True,Compiled OK,0.8.1,28,standard,0.937,507728,"_extensions.contains(msg.sender),""Must be registered extension"""
0x6f06d96228f0d81443642f1c00e976d750b2ea69,contracts/0x6f06d96228f0d81443642f1c00e976d750b2ea69,True,Compiled OK,0.8.13,2,standard,0.094,449604,"msg.sender!=_auctionInfos[auctionID].highestBidder,""highestBidder does not allow to withdraw."""
0x0ae3353da57d8a75a7015176808e4dbea433791c,contracts/0x0ae3353da57d8a75a7015176808e4dbea433791c,True,Compiled OK,0.5.17,39,standard,0.196,380349,msg.sender==gameControllerAddress
0x46ad2d37ceaee1e82b70b867e674b903a4b4ca32,contracts/0x46ad2d37ceaee1e82b70b867e674b903a4b4ca32,True,Compiled OK,0.5.13,1,all_files,0.082,284122,"bondState.willUnlock>0&&now>bondState.willUnlock,'BOND_NOT_UNLOCKED'"
0xa5b5b72362654adf78f6e89834db80f2cbb9da14,contracts/0xa5b5b72362654adf78f6e89834db80f2cbb9da14,True,Compiled OK,0.5.6,2,standard,0.123,351839,"isSubscriber(_subscriber)==0,""You already subscribed."""
0xc2899dfcb0a81b73e89e4a99cd24ab26d8a78295,contracts/0xc2899dfcb0a81b73e89e4a99cd24ab26d8a78295,True,Compiled OK,0.6.12,7,standard,0.447,158458,"entityNodeCount[msg.sender]<maxNodes,""limit reached"""
0x2424c30e589caea191c06f41d1f5b90348dbed7d,contracts/0x2424c30e589caea191c06f41d1f5b90348dbed7d,True,Compiled OK,0.5.16,20,standard,0.781,88019,"redeemInternal(redeemTokens,false)==0,""redeem failed"""
0x8575b2dbbd7608a1629adaa952aba74bcc53d22a,contracts/0x8575b2dbbd7608a1629adaa952aba74bcc53d22a,True,Compiled OK,0.8.4,17,standard,1.278,5531,"_isVerifiedCoupon(digest,coupon),'Invalid coupon'"
0xeecb5fa41f9e3c52708d7eec8d479f9ef6865589,contracts/0xeecb5fa41f9e3c52708d7eec8d479f9ef6865589,True,Compiled OK,0.8.0,1,all_files,0.058,39309,"(recoveredAddress!=address(0)&&recoveredAddress==owner)||isApprovedForAll[owner][recoveredAddress],'INVALID_PERMIT_SIGNATURE'"
0x8e43a861e9f270b58b1801171c627421eb956cba,contracts/0x8e43a861e9f270b58b1801171c627421eb956cba,True,Compiled OK,0.8.2,53,standard,6.903,166003,"token.allowance(riskpoolWalletAddress,address(this))>=payout.amount,""ERROR:TRS-043:PAYOUT_ALLOWANCE_TOO_SMALL"""
0xcc2ba2eac448d60e0f943ebe378f409cb7d1b58a,contracts/0xcc2ba2eac448d60e0f943ebe378f409cb7d1b58a,False,"Compilation failed: An error occurred during execution
> command: `/Users/mojtabae/.solcx/solc-v0.4.21 --combined-json abi,asm,ast,bin,bin-runtime,clone-bin,compact-format,devdoc,hashes,interface,metadata,opcodes,srcmap,srcmap-runtime,userdoc -`
> return code: `1`
> stdout:

> stderr:
<stdin>:31:14: Error: Expected identifier, got 'LParen'
  constructor(address[] memory s) public enough_signers(s){
             ^",0.4.21,1,all_files,0.237,26814,"s.length>=3,""the number of signers must be >=3"""
0xfa080bfbcffe69ca73672e015382aed5a459098d,contracts/0xfa080bfbcffe69ca73672e015382aed5a459098d,True,Compiled OK,0.5.5,1,all_files,0.124,394232,"expirationTimestamp-24hours>block.timestamp,""cover has expired or is 24 hours away from expiring!"""
0x9edef2a3f3f0488b9dca01eb80c96c2cd1747572,contracts/0x9edef2a3f3f0488b9dca01eb80c96c2cd1747572,False,"Compilation failed: An error occurred during execution
> command: `/Users/mojtabae/.solcx/solc-v0.7.0 --combined-json abi,asm,ast,bin,bin-runtime,compact-format,devdoc,hashes,interface,metadata,opcodes,srcmap,srcmap-runtime,storage-layout,userdoc -`
> return code: `1`
> stdout:

> stderr:
Expected primary expression.
   --> <stdin>:471:9:
    |
471 |         unchecked {
    |         ^^^^^^^^^",0.7.0,1,all_files,0.157,289552,"totalSupply.current()+_mintAmount<=maxSupply-ownerReserveBackend,""max NFT limit exceeded"""
0x390023a3fc01db3d8d74390d2df15f0a3c9a1e5a,contracts/0x390023a3fc01db3d8d74390d2df15f0a3c9a1e5a,False,"Compilation failed: TypeError: Overriding function is missing ""override"" specifier.
   --> contracts/DogsContract.sol:156:5:
    |
156 |     function name() external view returns (string memory tokenName) {
    |     ^ (Relevant source part starts here and spans across multiple lines).
Note: Overridden function is here:
  --> @openzeppelin/contracts/token/ERC721/extensions/IERC721Metadata.sol:16:5:
   |
16 |     function name() external view returns (string memory);
   |     ^^^^^^^^^^^^^^^^^^^^^^^^^^^^^^^^^^^^^^^^^^^^^^^^^^^^^^


TypeError: Overriding function is missing ""override"" specifier.
   --> contracts/DogsContract.sol:163:5:
    |
163 |     function symbol() external view returns (string memory tokenSymbol) {
    |     ^ (Relevant source part starts here and spans across multiple lines).
Note: Overridden function is here:
  --> @openzeppelin/contracts/token/ERC721/extensions/IERC721Metadata.sol:21:5:
   |
21 |     function symbol() external view returns (string memory);
   |     ^^^^^^^^^^^^^^^^^^^^^^^^^^^^^^^^^^^^^^^^^^^^^^^^^^^^^^^^


TypeError: Member ""concat"" not found or not visible after argument-dependent lookup in type(string storage pointer).
   --> contracts/CommonCase.sol:124:30:
    |
124 |         string memory name = string.concat(""Dog "", id.toString());
    |                              ^^^^^^^^^^^^^


> command: `/Users/mojtabae/.solcx/solc-v0.8.1 --standard-json`
> return code: `0`
> stdout:
{""errors"":[{""component"":""general"",""errorCode"":""9456"",""formattedMessage"":""TypeError: Overriding function is missing \""override\"" specifier.\n   --> contracts/DogsContract.sol:156:5:\n    |\n156 |     function name() external view returns (string memory tokenName) {\n    |     ^ (Relevant source part starts here and spans across multiple lines).\nNote: Overridden function is here:\n  --> @openzeppelin/contracts/token/ERC721/extensions/IERC721Metadata.sol:16:5:\n   |\n16 |     function name() external view returns (string memory);\n   |     ^^^^^^^^^^^^^^^^^^^^^^^^^^^^^^^^^^^^^^^^^^^^^^^^^^^^^^\n\n"",""message"":""Overriding function is missing \""override\"" specifier."",""secondarySourceLocations"":[{""end"":457,""file"":""@openzeppelin/contracts/token/ERC721/extensions/IERC721Metadata.sol"",""message"":""Overridden function is here:"",""start"":403}],""severity"":""error"",""sourceLocation"":{""end"":4598,""file"":""contracts/DogsContract.sol"",""start"":4500},""type"":""TypeError""},{""component"":""general"",""errorCode"":""9456"",""formattedMessage"":""TypeError: Overriding function is missing \""override\"" specifier.\n   --> contracts/DogsContract.sol:163:5:\n    |\n163 |     function symbol() external view returns (string memory tokenSymbol) {\n    |     ^ (Relevant source part starts here and spans across multiple lines).\nNote: Overridden function is here:\n  --> @openzeppelin/contracts/token/ERC721/extensions/IERC721Metadata.sol:21:5:\n   |\n21 |     function symbol() external view returns (string memory);\n   |     ^^^^^^^^^^^^^^^^^^^^^^^^^^^^^^^^^^^^^^^^^^^^^^^^^^^^^^^^\n\n"",""message"":""Overriding function is missing \""override\"" specifier."",""secondarySourceLocations"":[{""end"":584,""file"":""@openzeppelin/contracts/token/ERC721/extensions/IERC721Metadata.sol"",""message"":""Overridden function is here:"",""start"":528}],""severity"":""error"",""sourceLocation"":{""end"":4768,""file"":""contracts/DogsContract.sol"",""start"":4664},""type"":""TypeError""},{""component"":""general"",""errorCode"":""9582"",""formattedMessage"":""TypeError: Member \""concat\"" not found or not visible after argument-dependent lookup in type(string storage pointer).\n   --> contracts/CommonCase.sol:124:30:\n    |\n124 |         string memory name = string.concat(\""Dog \"", id.toString());\n    |                              ^^^^^^^^^^^^^\n\n"",""message"":""Member \""concat\"" not found or not visible after argument-dependent lookup in type(string storage pointer)."",""severity"":""error"",""sourceLocation"":{""end"":3853,""file"":""contracts/CommonCase.sol"",""start"":3840},""type"":""TypeError""}],""sources"":{}}

> stderr:",0.8.1,21,standard,0.077,418844,"onlyCaseAdresses(_msgSenderContract())||msg.sender==owner(),""DogsFactory: The address is not an approved case or owner"""
0x6f69141c0419b1d94c29bd5972f99213c2ce7b92,contracts/0x6f69141c0419b1d94c29bd5972f99213c2ce7b92,True,Compiled OK,0.8.4,16,standard,2.239,323979,"MintedReserves+_mintAmount<=TotalReservedAmount,'Not enough reserve tokens'"
0x717ef162cf831db83c51134734a15d1ebe9e516a,contracts/0x717ef162cf831db83c51134734a15d1ebe9e516a,True,Compiled OK,0.7.5,16,standard,1.68,19270,"refundTokens(to,token0,depositOrder.share0,token1,depositOrder.share1,depositOrder.unwrap),'ID_REFUND_FAILED'"
0x8370755996aa651d0948ce80d131e73877a9f43f,contracts/0x8370755996aa651d0948ce80d131e73877a9f43f,True,Compiled OK,0.6.11,3,standard,0.089,51033,"msg.sender!=_owner,""Owner cannot stake"""
0xbfc7981cf55eedac7bc741d1823adc40a33a8071,contracts/0xbfc7981cf55eedac7bc741d1823adc40a33a8071,True,Compiled OK,0.8.17,15,standard,0.094,176554,"NFTsMinted+numberToMint<=NFTsLimit,""All NFTs have already been minted"""
0x906c4469a14dba18bf7457d84f74e8729438d1fb,contracts/0x906c4469a14dba18bf7457d84f74e8729438d1fb,False,"Compilation failed: Invalid EVM version requested.
> command: `/Users/mojtabae/.solcx/solc-v0.8.17 --standard-json`
> return code: `0`
> stdout:
{""errors"":[{""component"":""general"",""formattedMessage"":""Invalid EVM version requested."",""message"":""Invalid EVM version requested."",""severity"":""error"",""type"":""JSONError""}]}

> stderr:",0.8.17,28,standard,0.081,500784,"_ownerOf(tokenIds[j])==address(0),""ERC721: token already minted"""
0x4192d4120bf0ca3c1858ad598d8f1e266cc01089,contracts/0x4192d4120bf0ca3c1858ad598d8f1e266cc01089,True,Compiled OK,0.8.9,1,all_files,0.112,257909,"quantity+WLmintedCounts[msg.sender]<=2,""To much Wovles"""
0x9ec46a3dd227fd5977c7f1997c043122a703ff2a,contracts/0x9ec46a3dd227fd5977c7f1997c043122a703ff2a,True,Compiled OK,0.8.0,16,standard,1.198,379149,_addresses.length==_tokenUris.length
0xbbdcdb3743aa88c0e1ddedd92ecb02e5afc1f9ca,contracts/0xbbdcdb3743aa88c0e1ddedd92ecb02e5afc1f9ca,True,Compiled OK,0.8.7,2,standard,0.108,45456,msg.sender==metaani
0x085cc3b02a29d85c2cc314e1875d52c4e33386d7,contracts/0x085cc3b02a29d85c2cc314e1875d52c4e33386d7,True,Compiled OK,0.8.15,15,standard,0.692,100487,"msg.value==quantity*mintPrice,""Wrong amount of eth sent"""
0x26769c3261f08953d97626667afafbd2d795fdf3,contracts/0x26769c3261f08953d97626667afafbd2d795fdf3,True,Compiled OK,0.5.15,1,all_files,0.343,372016,msg.sender==parentAddress
0x38a5cf926a0b9b5fe3a265c57d184ad8c0af05b6,contracts/0x38a5cf926a0b9b5fe3a265c57d184ad8c0af05b6,True,Compiled OK,0.4.18,14,standard,1.222,20815,"feeBurnerContract.handleFees(weiAmount,rateResult.reserve1,tradeInput.walletId)"
0xf39241012dca1612c5c77c5a09d853c5bf47737b,contracts/0xf39241012dca1612c5c77c5a09d853c5bf47737b,True,Compiled OK,0.8.7,1,all_files,0.081,220152,"totalSupply()+count<=_freeSupply,""Exceed max free supply"""
0xac1994bd71fe2d5a6d09e7b8a861fa406c39de94,contracts/0xac1994bd71fe2d5a6d09e7b8a861fa406c39de94,False,"Compilation failed: Invalid EVM version requested.
> command: `/Users/mojtabae/.solcx/solc-v0.8.0 --standard-json`
> return code: `0`
> stdout:
{""errors"":[{""component"":""general"",""formattedMessage"":""Invalid EVM version requested."",""message"":""Invalid EVM version requested."",""severity"":""error"",""type"":""JSONError""}]}

> stderr:",0.8.0,24,standard,0.06,284967,"xAmount+yAmount>=tokensInAssetNowSellAmounts[i],""Not enought value in asset"""
0x8972c720c0a50ca7c5c026ad52c4964a58c54214,contracts/0x8972c720c0a50ca7c5c026ad52c4964a58c54214,True,Compiled OK,0.8.17,22,standard,4.143,456852,msg.sender==reRollDuplicateRole
0x9af15d7b8776fa296019979e70a5be53c714a7ec,contracts/0x9af15d7b8776fa296019979e70a5be53c714a7ec,True,Compiled OK,0.6.2,21,standard,0.18,40868,"destPolicy.lockType!=LockLib.LockType.NoIn&&destPolicy.lockType!=LockLib.LockType.NoTransaction,""Locker: not allowed destination"""
0xba4f753781b1e7a9e2a46618b7721a4685206020,contracts/0xba4f753781b1e7a9e2a46618b7721a4685206020,True,Compiled OK,0.7.0,23,standard,0.176,20846,"block.timestamp>=stakingRewardsGenesis,""not ready"""
0x350232f55a38254320c0200c216ac899f6808014,contracts/0x350232f55a38254320c0200c216ac899f6808014,True,Compiled OK,0.7.6,16,standard,1.716,215158,"refundToken(order.token0,to,order.value0,order.unwrap),'TD14'"
0x19aea60e2fd6ac54ecf2576292c8fc7046429c37,contracts/0x19aea60e2fd6ac54ecf2576292c8fc7046429c37,True,Compiled OK,0.4.16,1,all_files,0.428,41571,totalSoldTokens+newTokens<=TOTAL_SOLD_TOKEN_SUPPLY_LIMIT
0x08fff1846ae3c1482ed60e0cc41a6a3e1b87e820,contracts/0x08fff1846ae3c1482ed60e0cc41a6a3e1b87e820,False,Failed to set solc 0.4.8: py-solc-x does not support solc versions <0.4.11,0.4.8,1,all_files,0.003,325550,msg.value>=preICOLimit
0xf9b8ef1a9845a365405930ce5e9faacb187a06da,contracts/0xf9b8ef1a9845a365405930ce5e9faacb187a06da,True,Compiled OK,0.7.6,7,standard,0.063,354970,"stakingToken.balanceOf(address(this))>=TOTAL_REWARD_SUPPLY,""Not enough staking rewards"""
0xc5b72895360c15313db8314610a5d976ce6775de,contracts/0xc5b72895360c15313db8314610a5d976ce6775de,False,"Compilation failed: An error occurred during execution
> command: `/Users/mojtabae/.solcx/solc-v0.5.5 --combined-json abi,asm,ast,bin,bin-runtime,compact-format,devdoc,hashes,interface,metadata,opcodes,srcmap,srcmap-runtime,userdoc -`
> return code: `1`
> stdout:

> stderr:
<stdin>:791:13: Error: Expression has to be an lvalue.
            _incomingTokenQty = msg.value;
            ^---------------^
<stdin>:792:13: Error: Expression has to be an lvalue.
            _fromTokenAddress = ETHToken;
            ^---------------^",0.5.5,1,all_files,0.279,18392,"fromToken.balanceOf(address(this))>=_amount,""Insufficient Balance"""
0x6fb9e1626316e4ff477b62fe6f77d03d85bca455,contracts/0x6fb9e1626316e4ff477b62fe6f77d03d85bca455,True,Compiled OK,0.8.11,11,standard,0.507,32019,"ACTIVE[_shieldId],""Mimic Shield: aura is already inactive"""
0x55486dd002430bd8c739ce39a8cc7dddf42c0409,contracts/0x55486dd002430bd8c739ce39a8cc7dddf42c0409,False,"Compilation failed: An error occurred during execution
> command: `/Users/mojtabae/.solcx/solc-v0.7.0 --combined-json abi,asm,ast,bin,bin-runtime,compact-format,devdoc,hashes,interface,metadata,opcodes,srcmap,srcmap-runtime,storage-layout,userdoc -`
> return code: `1`
> stdout:

> stderr:
Unknown pragma ""abicoder""
    --> <stdin>:1907:1:
     |
1907 | pragma abicoder v2;
     | ^^^^^^^^^^^^^^^^^^^

Warning: Visibility for constructor is ignored. If you want the contract to be non-deployable, making it ""abstract"" is sufficient.
   --> <stdin>:301:5:
    |
301 |     constructor () internal {
    |     ^ (Relevant source part starts here and spans across multiple lines).

Warning: Visibility for constructor is ignored. If you want the contract to be non-deployable, making it ""abstract"" is sufficient.
    --> <stdin>:1431:5:
     |
1431 |     constructor (string memory name_, string memory symbol_) public {
     |     ^ (Relevant source part starts here and spans across multiple lines).

Warning: Visibility for constructor is ignored. If you want the contract to be non-deployable, making it ""abstract"" is sufficient.
    --> <stdin>:1844:5:
     |
1844 |     constructor () internal {
     |     ^ (Relevant source part starts here and spans across multiple lines).

This type is only supported in ABIEncoderV2. Use ""pragma experimental ABIEncoderV2;"" to enable the feature.
    --> <stdin>:2079:68:
     |
2079 |     function pigNamesOfOwner(address _owner) external view returns(string[] memory ) {
     |                                                                    ^^^^^^^^^^^^^^^",0.7.0,1,all_files,0.199,361762,"cpcPig.ownerOf(PIGtokenId1)==msg.sender,""Must own the CPC pig1 for requested tokenId to mint a 3d PIG"""
0x9a6dc0f8029e367ab1fe70a566301371b584ccb3,contracts/0x9a6dc0f8029e367ab1fe70a566301371b584ccb3,True,Compiled OK,0.7.4,12,standard,0.248,41543,"dogira.getFeeless(address(foundingMember4VestingContract)),""The member 4 vesting contract should be set to feeless."""
0x22d3c0480ad365a5691747bb17d6e2d357c11c7f,contracts/0x22d3c0480ad365a5691747bb17d6e2d357c11c7f,True,Compiled OK,0.8.9,9,standard,0.895,221369,"msg.value>=_battle.actualAmount+serviceFeeWei,'not enough ETH in wallet to battle this much'"
0xdb63d40c033d35e79cdbb21430f0fe10e9d97303,contracts/0xdb63d40c033d35e79cdbb21430f0fe10e9d97303,True,Compiled OK,0.4.11,1,all_files,0.217,51007,"vestingToken.transfer(msg.sender,amountWithdrawable)"
0x0f5ca3cffb05f41b673178b7619d6cd744709a30,contracts/0x0f5ca3cffb05f41b673178b7619d6cd744709a30,True,Compiled OK,0.8.20,6,standard,0.095,472859,"_scheduleAmount.length==TokenLockConst.CONST_SCHEDULE_COUNT,""Array is incorrect."""
0x922ac473a3cc241fd3a0049ed14536452d58d73c,contracts/0x922ac473a3cc241fd3a0049ed14536452d58d73c,True,Compiled OK,0.4.18,1,all_files,0.228,345447,_holders.length<255
0xe45b918fe144695539a7ef97d3077943354152de,contracts/0xe45b918fe144695539a7ef97d3077943354152de,True,Compiled OK,0.8.3,1,all_files,0.091,333308,"stakingBalancesLiquidity[msg.sender]==0,""Liquidity staking position already exists"""
0xff2fb3243d745a668404ce1ff28860e7e87d4798,contracts/0xff2fb3243d745a668404ce1ff28860e7e87d4798,True,Compiled OK,0.8.7,1,all_files,0.064,215744,"msg.value==modes[saleMode].price*amount,""Incorrect Eth value."""
0x1d3740379db7b86999d2ef60ca745f213e25684a,contracts/0x1d3740379db7b86999d2ef60ca745f213e25684a,True,Compiled OK,0.8.14,1,all_files,0.125,513124,"block.timestamp<STAKING_MINT_END_TIMESTAMP,""No longer available"""
0x6b2ca673f47834cf1ed5e13ec3b01b106a26192e,contracts/0x6b2ca673f47834cf1ed5e13ec3b01b106a26192e,True,Compiled OK,0.4.18,1,all_files,0.314,291310,vaultAmount[msg.sender]>0
0x5d2f574533c1da58581c73663d9b358dec8838d1,contracts/0x5d2f574533c1da58581c73663d9b358dec8838d1,True,Compiled OK,0.8.4,21,standard,1.87,262653,"msg.value>=_minPrice,""BabyFit: Not enough ETH"""
0x5fa42f94e553f566bc2a0eb252ab36e3a432b0f5,contracts/0x5fa42f94e553f566bc2a0eb252ab36e3a432b0f5,True,Compiled OK,0.8.6,12,standard,1.499,89287,"_verify(_leaf(allowance,payload),proof),""OBI: Merkle Tree proof supplied."""
0xf7669258832241a6bce4ddefcb120141ee2e77c5,contracts/0xf7669258832241a6bce4ddefcb120141ee2e77c5,True,Compiled OK,0.8.19,21,standard,0.144,178819,"msg.sender==collectionAdditionalData[_collectionID].collectionArtistAddress,""Not artist"""
0x9440e5e537b730d138a6d6392eb29d0245150e8f,contracts/0x9440e5e537b730d138a6d6392eb29d0245150e8f,True,Compiled OK,0.8.7,18,standard,1.272,489455,"teamMintedCounter+numberOfTokens<=MAX_TEAM_TOKENS,""Over team supply """
0xbc6fcb0116483f330a34419c1cf52a22ce68b5c7,contracts/0xbc6fcb0116483f330a34419c1cf52a22ce68b5c7,True,Compiled OK,0.5.8,6,standard,0.097,48833,"isEndStage&&enterEndTime>0&&now-enterEndTime>END_STAGE_DURATION,'now is not end stage or not enter end stage or now is not reach end stage duration.'"
0x02114334e7ff9601085d5b5805f8694147317c3f,contracts/0x02114334e7ff9601085d5b5805f8694147317c3f,True,Compiled OK,0.4.19,1,all_files,1.262,378486,marketplace_storage().read_total_global_purchased_today()+_processed.amount_dgx_ng<=_processed.config.max_dgx_available_daily
0x5f1dddbf348ac2fbe22a163e30f99f9ece3dd50a,contracts/0x5f1dddbf348ac2fbe22a163e30f99f9ece3dd50a,True,Compiled OK,0.8.9,32,standard,1.864,134590,"posData.tickUpper<=TickMath.MAX_TICK,'invalid upper tick'"
0x82bbee051744299486da61e5914d04a862f0b85c,contracts/0x82bbee051744299486da61e5914d04a862f0b85c,True,Compiled OK,0.8.4,6,standard,0.257,341139,"ep.stopTime==0,""stopVesting: position already stopped"""
0x7ad922413739ebd7f1cb8fdcf74e6936dcec9e51,contracts/0x7ad922413739ebd7f1cb8fdcf74e6936dcec9e51,True,Compiled OK,0.8.9,12,standard,0.306,293109,"devReserved-_amount>0,""Dev sale sold out"""
0x1b79c7832ed9358e024f9e46e9c8b6f56633691b,contracts/0x1b79c7832ed9358e024f9e46e9c8b6f56633691b,False,"Compilation failed: Invalid EVM version requested.
> command: `/Users/mojtabae/.solcx/solc-v0.8.0 --standard-json`
> return code: `0`
> stdout:
{""errors"":[{""component"":""general"",""formattedMessage"":""Invalid EVM version requested."",""message"":""Invalid EVM version requested."",""severity"":""error"",""type"":""JSONError""}]}

> stderr:",0.8.0,18,standard,0.055,54820,"totalSupply()+1<=maxTastyBones,""EXCEEDS_MAX_SUPPLY"""
0x709ce875e2bec643b1932e4c9fd22ce113e20e2d,contracts/0x709ce875e2bec643b1932e4c9fd22ce113e20e2d,True,Compiled OK,0.8.13,1,all_files,0.123,113812,"msg.value>=whitelistPrice.mul(_quantity),""Not enough ether to purchase NFTs"""
0x0a8c66dd24b25871b2551599d6eca859819787aa,contracts/0x0a8c66dd24b25871b2551599d6eca859819787aa,True,Compiled OK,0.7.5,1,all_files,0.088,282131,"_durations[i]!=0,""empty duration"""
0x3c6aa88ef1753e10c0d0477e56308601f9dae3d4,contracts/0x3c6aa88ef1753e10c0d0477e56308601f9dae3d4,True,Compiled OK,0.6.12,1,all_files,0.105,139659,"verify(_proof,leaf,positions),""Not whitelisted"""
0xc78e864c25e82daea9fd486d8356a36ffadc2f6b,contracts/0xc78e864c25e82daea9fd486d8356a36ffadc2f6b,True,Compiled OK,0.8.20,4,standard,0.073,151265,"(_weiRaised.add(weiAmount))<=hardCap,'Hard Cap reached'"
0xd76847e59b609a48b809e7f76290bc067a357752,contracts/0xd76847e59b609a48b809e7f76290bc067a357752,True,Compiled OK,0.8.17,3,standard,0.069,259993,"checkFeePercentages(_feePercentages),""Fee Percentages does not equal 100."""
0x76ac0b4f815f4274bccd9a785fefbf5d0fe8249c,contracts/0x76ac0b4f815f4274bccd9a785fefbf5d0fe8249c,True,Compiled OK,0.8.9,1,all_files,0.069,499210,"totalSupply()+_quantity<SALE_SUPPLY+FREE_SUPPLY,""Exceeds max supply"""
0x4d6ffd928de08271ef424aa0a3e82fe7884c43d5,contracts/0x4d6ffd928de08271ef424aa0a3e82fe7884c43d5,True,Compiled OK,0.8.0,1,all_files,0.067,330939,"tokenSupply.current()+numberOfTokens<=maxSupply,""Purchase would exceed max supply."""
0x9deeb73e971127b2634d7633182004380774451f,contracts/0x9deeb73e971127b2634d7633182004380774451f,True,Compiled OK,0.5.16,1,all_files,0.093,444326,"msg.sender==address(routerAddress),""only router accessible"""
0x7274ce3ef4f471123ef27654521dda6410a30305,contracts/0x7274ce3ef4f471123ef27654521dda6410a30305,True,Compiled OK,0.8.4,15,standard,0.327,143500,"msg.value>=0.06ether*_quantity,""Not enough ETH."""
0x0e98079b35ba8573b5fa83f58a07d836de39fb55,contracts/0x0e98079b35ba8573b5fa83f58a07d836de39fb55,True,Compiled OK,0.8.4,11,standard,0.267,428240,"msg.value>=allowListPrice*count,""Smokers: not enough funds sent"""
0xbdb9b26636caab1c11aab60307d5c8c1e1904a48,contracts/0xbdb9b26636caab1c11aab60307d5c8c1e1904a48,True,Compiled OK,0.8.1,1,all_files,0.123,117793,"_tokenIdCounter.current()+10<=_maxTokenId,""ERC721L: amount exceeds the max tokens"""
0x824f9d8751fc97c62b4f0bffb789a617f1cef39d,contracts/0x824f9d8751fc97c62b4f0bffb789a617f1cef39d,True,Compiled OK,0.8.9,1,all_files,0.08,130309,"checkValidity(merkleProof),""$_sat_$Invalid Merkle Proof$$_sat_$$"""
0x4c98af741e352c6551bff9509b3f8ca9dd4e6397,contracts/0x4c98af741e352c6551bff9509b3f8ca9dd4e6397,True,Compiled OK,0.8.7,67,standard,5.222,209036,"controllerRegistry.isRegistered(msg.sender),""Controller not registered"""
0xad090677a3e19c7e5c55ed7c167789bb254d7d71,contracts/0xad090677a3e19c7e5c55ed7c167789bb254d7d71,True,Compiled OK,0.8.15,4,standard,0.083,121199,"fee_token_erc.balanceOf(address(this))>=fee_available_for_token,""Not enough fee available"""
0xdf167ab023944105c2ba15b2098f00ac96a51067,contracts/0xdf167ab023944105c2ba15b2098f00ac96a51067,True,Compiled OK,0.8.18,7,standard,0.102,266088,"msg.sender==mainContract,""You called this contract directly."""
0x1f52274ddf8fd6ce92633ab33f708e5b0b39b134,contracts/0x1f52274ddf8fd6ce92633ab33f708e5b0b39b134,True,Compiled OK,0.7.0,1,all_files,0.056,279509,"msg.value>=amountMinimumToPlay,'gift the min amount to become a secret santa'"
0x5875b1e9a8ff558a724dbf08c7f998f196994cb3,contracts/0x5875b1e9a8ff558a724dbf08c7f998f196994cb3,True,Compiled OK,0.8.9,12,standard,1.097,70620,"msg.value==presalePrice*amount,""sent incorrect price"""
0x107723316d5a353b0e8fef6584fc4a57690d22df,contracts/0x107723316d5a353b0e8fef6584fc4a57690d22df,True,Compiled OK,0.8.1,14,standard,0.847,372347,"MerkleProof.verify(_merkleProof,tripleNuts,leaf),""Address not whitelisted"""
0xb1606559430b66c413ba1d5669c1a11970f0241a,contracts/0xb1606559430b66c413ba1d5669c1a11970f0241a,True,Compiled OK,0.5.17,51,standard,2.101,13947,"_header.extractTarget()==_target,""Target changed unexpectedly"""
0xc78fd06aed27d45a6dc7dffed3345a05e6d9f157,contracts/0xc78fd06aed27d45a6dc7dffed3345a05e6d9f157,True,Compiled OK,0.8.4,14,standard,0.073,25407,"msg.sender==contractsApprovedByOwner[approvedIndex],""Unauthorized"""
0x30b541f1182ef19c56a39634b2fdaca5a0f2a741,contracts/0x30b541f1182ef19c56a39634b2fdaca5a0f2a741,True,Compiled OK,0.8.11,2,standard,0.08,393659,"collectionIdToMinter[collectionId]==_msgSender(),'Caller is not the minting address'"
0xef8993b1785d87bad4c8e69caab9968ceccc5fe2,contracts/0xef8993b1785d87bad4c8e69caab9968ceccc5fe2,True,Compiled OK,0.5.8,16,standard,0.074,386403,"_ownerOf(_tokenId)==_from,""ERC1155-ERC721: cannot transfer token to itself"""
0x7f0be29684a931b610754d0d6ffeb2cc1cc4e036,contracts/0x7f0be29684a931b610754d0d6ffeb2cc1cc4e036,True,Compiled OK,0.4.25,1,all_files,0.306,365412,"(_temp[i]>0x40&&_temp[i]<0x5b)||(_temp[i]>0x60&&_temp[i]<0x7b)||(_temp[i]>0x2f&&_temp[i]<0x3a),""string contains invalid characters"""
0xf9b7bf3f4616209aa9d412443aa0f94449c63122,contracts/0xf9b7bf3f4616209aa9d412443aa0f94449c63122,True,Compiled OK,0.8.17,20,standard,30.995,420004,"(self.vaultStatus==VaultStatus.TradeExpired||self.vaultStatus==VaultStatus.PayoffCalculated),""500:WS"""
0xa40106134c5bf4c41411554e6db99b95a15ed9d8,contracts/0xa40106134c5bf4c41411554e6db99b95a15ed9d8,True,Compiled OK,0.4.20,1,all_files,0.246,295332,rounds[currentRound-1].issuedTokens.add(_amount)<=rounds[currentRound-1].total
0x8a798d4a63c98e261cac6331b90e60ef532d9a45,contracts/0x8a798d4a63c98e261cac6331b90e60ef532d9a45,True,Compiled OK,0.8.13,4,standard,0.607,493162,"userInfo[_pid][_msgSender()].length>_stakeId,""UnimoonStaking: wrong stake id"""
0xddcfcfb93417b43853ee033322f04f1ac3dce835,contracts/0xddcfcfb93417b43853ee033322f04f1ac3dce835,False,"Compilation failed: TypeError: Invalid contract specified in override list: ""IERC721"".
   --> contracts/721/ApesOfGalata.sol:228:77:
    |
228 |     function isApprovedForAll(address _owner, address operator) public view override(IERC721,ERC721) returns (bool) {
    |                                                                             ^^^^^^^^^^^^^^^^^^^^^^^^
Note: This contract: 
  --> @openzeppelin/contracts/token/ERC721/IERC721.sol:10:1:
   |
10 | interface IERC721 is IERC165 {
   | ^ (Relevant source part starts here and spans across multiple lines).


> command: `/Users/mojtabae/.solcx/solc-v0.8.6 --standard-json`
> return code: `0`
> stdout:
{""errors"":[{""component"":""general"",""errorCode"":""2353"",""formattedMessage"":""TypeError: Invalid contract specified in override list: \""IERC721\"".\n   --> contracts/721/ApesOfGalata.sol:228:77:\n    |\n228 |     function isApprovedForAll(address _owner, address operator) public view override(IERC721,ERC721) returns (bool) {\n    |                                                                             ^^^^^^^^^^^^^^^^^^^^^^^^\nNote: This contract: \n  --> @openzeppelin/contracts/token/ERC721/IERC721.sol:10:1:\n   |\n10 | interface IERC721 is IERC165 {\n   | ^ (Relevant source part starts here and spans across multiple lines).\n\n"",""message"":""Invalid contract specified in override list: \""IERC721\""."",""secondarySourceLocations"":[{""end"":4675,""file"":""@openzeppelin/contracts/token/ERC721/IERC721.sol"",""message"":""This contract: "",""start"":175}],""severity"":""error"",""sourceLocation"":{""end"":9055,""file"":""contracts/721/ApesOfGalata.sol"",""start"":9031},""type"":""TypeError""}],""sources"":{}}

> stderr:",0.8.6,13,standard,0.065,202257,"totalSupply+totalQuantity+1<=maxSupply,""Not enough supply!"""
0x549d03e7372bb0bf9109833e0e8a2143c439d19c,contracts/0x549d03e7372bb0bf9109833e0e8a2143c439d19c,True,Compiled OK,0.8.2,15,standard,0.324,328722,"privateAmountMinted+numBuns<=MAX_PRESALE,""Not enough buns left. Try to decrease the amount of buns requested."""
0xa3f7250306dbb856d8d312f93029be73343939af,contracts/0xa3f7250306dbb856d8d312f93029be73343939af,True,Compiled OK,0.8.15,15,standard,1.231,180045,"workPeriod.currentStartTime==0||swappingSheep[tokenId],""Cannot transfer while working"""
0x906c4469a14dba18bf7457d84f74e8729438d1fb,contracts/0x906c4469a14dba18bf7457d84f74e8729438d1fb,False,"Compilation failed: Invalid EVM version requested.
> command: `/Users/mojtabae/.solcx/solc-v0.8.17 --standard-json`
> return code: `0`
> stdout:
{""errors"":[{""component"":""general"",""formattedMessage"":""Invalid EVM version requested."",""message"":""Invalid EVM version requested."",""severity"":""error"",""type"":""JSONError""}]}

> stderr:",0.8.17,28,standard,0.083,500784,"_mintPosition.current()<_totalPublished.current(),""token sold out"""
0x331fac2ee8c5299b61a25c136f39b223b55ae470,contracts/0x331fac2ee8c5299b61a25c136f39b223b55ae470,False,"Compilation failed: ParserError: Only state variables or file-level variables can have a docstring.
  --> contracts/Vault.sol:74:17:
   |
74 |         bytes32 data = keccak256(abi.encodePacked(msg.sender, _newRecipientAddress, expiry, getNonce(msg.sender), address(this), block.chainid));
   |                 ^^^^


> command: `/Users/mojtabae/.solcx/solc-v0.8.1 --standard-json`
> return code: `0`
> stdout:
{""errors"":[{""component"":""general"",""errorCode"":""2837"",""formattedMessage"":""ParserError: Only state variables or file-level variables can have a docstring.\n  --> contracts/Vault.sol:74:17:\n   |\n74 |         bytes32 data = keccak256(abi.encodePacked(msg.sender, _newRecipientAddress, expiry, getNonce(msg.sender), address(this), block.chainid));\n   |                 ^^^^\n\n"",""message"":""Only state variables or file-level variables can have a docstring."",""severity"":""error"",""sourceLocation"":{""end"":3875,""file"":""contracts/Vault.sol"",""start"":3871},""type"":""ParserError""}],""sources"":{}}

> stderr:",0.8.1,13,standard,0.061,125278,"_changeFeeControllerRequestTimestamps[feeController][_newFeeController]+1296000>block.timestamp,""Request expired. Requests must occur within 24 hours of a completed timelock."""
0x211cb9b70d9285252846059ff818e590f009ec28,contracts/0x211cb9b70d9285252846059ff818e590f009ec28,True,Compiled OK,0.8.1,13,standard,0.875,174900,"isAllowlist(_merkleProof),""Address is not allowlisted!"""
0x543d175a2cfab9ced91760a451058bc4902aa238,contracts/0x543d175a2cfab9ced91760a451058bc4902aa238,True,Compiled OK,0.8.0,12,standard,0.803,273324,"hairAmountMinted+_mintAmount<preSaleAmount,""All this type NFT were already minted"""
0xba4f753781b1e7a9e2a46618b7721a4685206020,contracts/0xba4f753781b1e7a9e2a46618b7721a4685206020,True,Compiled OK,0.7.0,23,standard,0.171,20846,"IERC20(rewardsToken).transfer(info.stakingRewards,rewardAmount),""transfer failed"""
0xca5ceabd47c984dc7f27f147d48acbd03301d176,contracts/0xca5ceabd47c984dc7f27f147d48acbd03301d176,True,Compiled OK,0.8.0,23,standard,0.772,50088,"_checkAndCallTransfer(_msgSender(),recipient,amount,data),""BEP20Operable: _checkAndCallTransfer reverts"""
0xa655aa809d1fe7a55e22425780bb676e8ae0a143,contracts/0xa655aa809d1fe7a55e22425780bb676e8ae0a143,True,Compiled OK,0.8.4,12,standard,0.569,425410,"claims[claimer].balance==0,""Doubled claim"""
0xd70e551c7a90de0a25a4f3acbd126227e1a5d24d,contracts/0xd70e551c7a90de0a25a4f3acbd126227e1a5d24d,True,Compiled OK,0.8.9,18,standard,0.941,11533,"managerClosing||governorClosing||ownerOfDebtClosing,""SCC"""
0x4267a2097012fcf20d9a97e18ced71cffdf4b31b,contracts/0x4267a2097012fcf20d9a97e18ced71cffdf4b31b,True,Compiled OK,0.7.4,1,all_files,0.072,303788,"account.length<=_maxTxLimit,""Payout list greater than _maxTxLimit"""
0x067ca6b98cc2ffa4349239b3b36e416cd24c570f,contracts/0x067ca6b98cc2ffa4349239b3b36e416cd24c570f,True,Compiled OK,0.8.2,15,standard,0.07,33081,"msg.value>=mintRate,""Not enough ether sent."""
0x9b4535244caf27e84aa600093fc20955ad179776,contracts/0x9b4535244caf27e84aa600093fc20955ad179776,True,Compiled OK,0.8.0,1,all_files,0.066,50630,"n.length>0&&n.length<25,""Invalid name length"""
0x79633bad7394cdbcc03853d273dc92d463c65f81,contracts/0x79633bad7394cdbcc03853d273dc92d463c65f81,True,Compiled OK,0.8.20,10,standard,0.497,204930,"flipToken.balanceOf(msg.sender)>=_flipAmount,""CoinFlipUsa: insufficient balance"""
0xce2c03e581e2d17f65dd6e642cb48b591022a134,contracts/0xce2c03e581e2d17f65dd6e642cb48b591022a134,True,Compiled OK,0.8.4,1,all_files,0.061,477132,"exists(tokenIds[i]),""Token doesn't exist"""
0x82cd29677fb88bd9345822240ef7fb6280a67c3f,contracts/0x82cd29677fb88bd9345822240ef7fb6280a67c3f,True,Compiled OK,0.8.7,13,standard,0.075,440713,"piblicNum[msg.sender]+quantity<=maxPerAddressDuringMint,""can not mint this many"""
0x2bcfcaa40395f4f38ad1afa8915bf11d9df8cf56,contracts/0x2bcfcaa40395f4f38ad1afa8915bf11d9df8cf56,True,Compiled OK,0.7.6,15,standard,0.403,11102,"(srcDecimals-dstDecimals)<=MAX_DECIMALS,""src - dst > MAX_DECIMALS"""
0xb08fbc3234fb294af6aa66c29f265f86c4a6ba37,contracts/0xb08fbc3234fb294af6aa66c29f265f86c4a6ba37,True,Compiled OK,0.8.4,13,standard,0.261,92677,"numberMinted(msg.sender).add(numberOfTokens)<=maxWLPurchase,""Exceeds Max mints allowed per whitelisted wallet"""
0xd43c61fa104aa9f65038f2da97851f7e17850139,contracts/0xd43c61fa104aa9f65038f2da97851f7e17850139,True,Compiled OK,0.8.0,13,standard,0.28,5517,payable(addr2).send(balance)
0x5995383373decbd673c2d3ab92e6118508f9b83e,contracts/0x5995383373decbd673c2d3ab92e6118508f9b83e,True,Compiled OK,0.7.6,1,all_files,0.063,313378,"address(rewarder)!=address(0),""StakingPools: rewarder not set"""
0x168ecee26470f9491c0859ffa3ea0397d1047011,contracts/0x168ecee26470f9491c0859ffa3ea0397d1047011,True,Compiled OK,0.8.9,12,standard,1.637,57668,"_tokenIds.length==_baseURI.length,""Input mismatch"""
0xb224d609ec38e01d7caaf731b2465f33b8105229,contracts/0xb224d609ec38e01d7caaf731b2465f33b8105229,True,Compiled OK,0.8.0,29,standard,3.555,191391,"IStaker(_staker).owner()==this.owner(),""!owner"""
0x9441a867aa68c8a5322f99b6bd6881cc175775c2,contracts/0x9441a867aa68c8a5322f99b6bd6881cc175775c2,False,"Compilation failed: An error occurred during execution
> command: `/Users/mojtabae/.solcx/solc-v0.7.0 --combined-json abi,asm,ast,bin,bin-runtime,compact-format,devdoc,hashes,interface,metadata,opcodes,srcmap,srcmap-runtime,storage-layout,userdoc -`
> return code: `1`
> stdout:

> stderr:
Member ""chainid"" not found or not visible after argument-dependent lookup in block.
  --> <stdin>:89:23:
   |
89 |     uint256 chainId = block.chainid;
   |                       ^^^^^^^^^^^^^",0.7.0,1,all_files,0.151,335173,"order.base_quantity>0&&order.quote_quantity>0,""Invalid base/quote amount"""
0x5b0b687c40c3274272535bde7f5d19861fd9e23e,contracts/0x5b0b687c40c3274272535bde7f5d19861fd9e23e,True,Compiled OK,0.8.13,34,standard,6.432,186700,"bytes(vaultName).length>0,""E2"""
0xee71025bf3f08e43a5698b44bf456670a4ed5c0c,contracts/0xee71025bf3f08e43a5698b44bf456670a4ed5c0c,True,Compiled OK,0.8.17,16,standard,1.152,168804,"_totalMinted()+1<=MAX_SUPPLY,""Minted out"""
0xba4f753781b1e7a9e2a46618b7721a4685206020,contracts/0xba4f753781b1e7a9e2a46618b7721a4685206020,True,Compiled OK,0.7.0,23,standard,0.172,20846,"info.stakingRewards!=address(0),""not deployed"""
0x160c404b2b49cbc3240055ceaee026df1e8497a0,contracts/0x160c404b2b49cbc3240055ceaee026df1e8497a0,True,Compiled OK,0.8.4,13,standard,0.96,131228,"block.timestamp>=WL_STARTING_TIMESTAMP,""WL minting has not started yet!"""
0x2d92f63e7584f432cb9b546ebd616f56df84c6a8,contracts/0x2d92f63e7584f432cb9b546ebd616f56df84c6a8,True,Compiled OK,0.6.6,10,standard,0.392,52689,"userLpBalance.add(amount)<=userLpLimit,""Cant stake more than lp limit"""
0xdf0e921f7e5a837805bfbe02012db648a12d72cc,contracts/0xdf0e921f7e5a837805bfbe02012db648a12d72cc,True,Compiled OK,0.8.9,14,standard,0.897,43355,"msg.value>=PRESALE_PRICE,""VALUE_TOO_LOW"""
0xeb2bf89f55e97b330291b9dd54798b82eda7a4b3,contracts/0xeb2bf89f55e97b330291b9dd54798b82eda7a4b3,True,Compiled OK,0.8.16,6,standard,0.522,503897,"msg.value==ETH_FEE,""value sent does not match with eth fee"""
0xdb8fb781777bf70caea8e48b31ccf83c4e20f659,contracts/0xdb8fb781777bf70caea8e48b31ccf83c4e20f659,True,Compiled OK,0.8.12,15,standard,0.915,234497,"mintCount[msg.sender]<walletLimit,limitRevertMessage"
0x7f37c676629940da75a3c26006389c0ac454fa4e,contracts/0x7f37c676629940da75a3c26006389c0ac454fa4e,True,Compiled OK,0.8.0,15,standard,0.853,319894,"getPrice()*count<=msg.value,""Insufficient eth"""
0x9d7dcd5669bfb1e1cd4a1b4cb987a6b34714d70c,contracts/0x9d7dcd5669bfb1e1cd4a1b4cb987a6b34714d70c,True,Compiled OK,0.7.6,1,all_files,0.054,364196,authorized[msg.sender]||owner==msg.sender
0xf5ebf6919a11e91df989d98dbc4c2fe85a9ca48c,contracts/0xf5ebf6919a11e91df989d98dbc4c2fe85a9ca48c,True,Compiled OK,0.8.13,15,standard,1.034,155831,"msg.value==tokenPrice*_numberOfTokens,""Incorrect ether sent"""
0x3d41832e9d70cb232e7c14e2170116a419d8ad27,contracts/0x3d41832e9d70cb232e7c14e2170116a419d8ad27,True,Compiled OK,0.8.7,14,standard,0.088,1714,"ERC721.ownerOf(tokenId)==from,""ERC721: transfer of token that is not own"""
0xf8f0048484151a5e62dc8b419761791a8a587cfc,contracts/0xf8f0048484151a5e62dc8b419761791a8a587cfc,True,Compiled OK,0.8.9,8,standard,0.855,90157,"_users.length==_userDeposits.length,""Length mismatch"""
0x63000a5ea76b4ad5f18c6baa2a22f0f38b1bd6eb,contracts/0x63000a5ea76b4ad5f18c6baa2a22f0f38b1bd6eb,True,Compiled OK,0.8.0,1,all_files,0.055,340414,"msg.value==Public_Sale_Price*_count,""incorrect ether amount"""
0xe6618b248bce881e14b945ce0e487eefad1a88d5,contracts/0xe6618b248bce881e14b945ce0e487eefad1a88d5,True,Compiled OK,0.8.20,12,standard,0.379,497389,"paidWhitelistPool.supply-paidWhitelistPool.minted>=amount,""Not enough paid whitelist supply"""
0x3d37eb1ad0cc20e123a2e34cf58eb38ba068dbd3,contracts/0x3d37eb1ad0cc20e123a2e34cf58eb38ba068dbd3,True,Compiled OK,0.5.10,3,standard,0.456,149862,initialWallets.length==shares.length
0xb0c51f9255f68ae6d5ac6f80e92149cdc2e6e6f0,contracts/0xb0c51f9255f68ae6d5ac6f80e92149cdc2e6e6f0,True,Compiled OK,0.8.7,14,standard,0.994,14844,"msg.value>=mintPrice*nr,""Not enough eth send"""
0x16de9d750f4ac24226154c40980ef83d4d3fd4ad,contracts/0x16de9d750f4ac24226154c40980ef83d4d3fd4ad,True,Compiled OK,0.8.7,14,standard,0.852,29780,"msg.value==cost*_mintAmount,""Wrong amount of Ether sent"""
0xfd2d02616b3cd2e48a755797c83afeb91f25c475,contracts/0xfd2d02616b3cd2e48a755797c83afeb91f25c475,True,Compiled OK,0.8.0,1,all_files,0.084,1776,"block.timestamp>=preSaleDate,""Sale has not started yet"""
0x9521b59d0531e42f746a7a2d7e096029c891acd8,contracts/0x9521b59d0531e42f746a7a2d7e096029c891acd8,True,Compiled OK,0.6.6,1,all_files,0.06,342796,"block.timestamp<endsOn,""presale has ended"""
0xc06f40e6bfbb51e0239ab3fd5a56076158c1bc95,contracts/0xc06f40e6bfbb51e0239ab3fd5a56076158c1bc95,True,Compiled OK,0.8.9,15,standard,0.327,424951,"escrowedAt[tokenId]==0,""Already in escrow"""
0xd63b49eb1afd14c0ed636ac58805a39a29b3b1c4,contracts/0xd63b49eb1afd14c0ed636ac58805a39a29b3b1c4,True,Compiled OK,0.8.0,1,all_files,0.068,60894,"(msg.sender==MarketItemDatabase[tokenId].nftCreator&&MarketItemDatabase[tokenId].nftOwner==address(0))||msg.sender==MarketItemDatabase[tokenId].nftOwner,""ERR:6"""
0x70313e35099089154f5361ba68c46128898e83c9,contracts/0x70313e35099089154f5361ba68c46128898e83c9,True,Compiled OK,0.8.0,15,standard,0.323,45866,"block.timestamp>=_launchTimeEpochSeconds,""Not on sale yet."""
0x4181e561b42fdad14c68b0794c215deb9bc80c8f,contracts/0x4181e561b42fdad14c68b0794c215deb9bc80c8f,True,Compiled OK,0.6.12,6,standard,0.52,224752,"msg.sender==poolManager,""!auth"""
0xf8dfc7c823c819f74458ca73cf1ef1dddb23e2ad,contracts/0xf8dfc7c823c819f74458ca73cf1ef1dddb23e2ad,True,Compiled OK,0.6.5,1,all_files,0.108,22586,"IERC20(feeToken).transferFrom(msg.sender,feesStaking,stakingFee),'PinkslipNFT: Not enough balance'"
0x6786eb419547a4902d285f70c6acdbc9aefadb6f,contracts/0x6786eb419547a4902d285f70c6acdbc9aefadb6f,False,"Compilation failed: contracts/optimistic-ethereum/libraries/resolver/Lib_AddressResolver.sol:26:5: SyntaxError: No visibility specified. Did you intend to add ""public""?
    constructor(
    ^ (Relevant source part starts here and spans across multiple lines).

contracts/optimistic-ethereum/OVM/chain/OVM_StateCommitmentChain.sol:47:5: SyntaxError: No visibility specified. Did you intend to add ""public""?
    constructor(
    ^ (Relevant source part starts here and spans across multiple lines).

DocstringParsingError: Documentation tag @inheritdoc not valid for functions.

DocstringParsingError: Documentation tag @inheritdoc not valid for functions.

DocstringParsingError: Documentation tag @inheritdoc not valid for functions.

DocstringParsingError: Documentation tag @inheritdoc not valid for functions.

DocstringParsingError: Documentation tag @inheritdoc not valid for functions.

DocstringParsingError: Documentation tag @inheritdoc not valid for functions.

DocstringParsingError: Documentation tag @inheritdoc not valid for functions.

contracts/optimistic-ethereum/libraries/resolver/Lib_AddressManager.sol:39:9: TypeError: Data location must be ""calldata"" for parameter in external function, but ""memory"" was given.
        string memory _name,
        ^-----------------^

contracts/optimistic-ethereum/libraries/resolver/Lib_AddressManager.sol:59:9: TypeError: Data location must be ""calldata"" for parameter in external function, but ""memory"" was given.
        string memory _name
        ^-----------------^

> command: `/Users/mojtabae/.solcx/solc-v0.6.0 --standard-json`
> return code: `0`
> stdout:
{""errors"":[{""component"":""general"",""formattedMessage"":""contracts/optimistic-ethereum/libraries/resolver/Lib_AddressResolver.sol:26:5: SyntaxError: No visibility specified. Did you intend to add \""public\""?\n    constructor(\n    ^ (Relevant source part starts here and spans across multiple lines).\n"",""message"":""No visibility specified. Did you intend to add \""public\""?"",""severity"":""error"",""sourceLocation"":{""end"":621,""file"":""contracts/optimistic-ethereum/libraries/resolver/Lib_AddressResolver.sol"",""start"":492},""type"":""SyntaxError""},{""component"":""general"",""formattedMessage"":""contracts/optimistic-ethereum/OVM/chain/OVM_StateCommitmentChain.sol:47:5: SyntaxError: No visibility specified. Did you intend to add \""public\""?\n    constructor(\n    ^ (Relevant source part starts here and spans across multiple lines).\n"",""message"":""No visibility specified. Did you intend to add \""public\""?"",""severity"":""error"",""sourceLocation"":{""end"":2058,""file"":""contracts/optimistic-ethereum/OVM/chain/OVM_StateCommitmentChain.sol"",""start"":1761},""type"":""SyntaxError""},{""component"":""general"",""formattedMessage"":""DocstringParsingError: Documentation tag @inheritdoc not valid for functions.\n"",""message"":""Documentation tag @inheritdoc not valid for functions."",""severity"":""error"",""type"":""DocstringParsingError""},{""component"":""general"",""formattedMessage"":""DocstringParsingError: Documentation tag @inheritdoc not valid for functions.\n"",""message"":""Documentation tag @inheritdoc not valid for functions."",""severity"":""error"",""type"":""DocstringParsingError""},{""component"":""general"",""formattedMessage"":""DocstringParsingError: Documentation tag @inheritdoc not valid for functions.\n"",""message"":""Documentation tag @inheritdoc not valid for functions."",""severity"":""error"",""type"":""DocstringParsingError""},{""component"":""general"",""formattedMessage"":""DocstringParsingError: Documentation tag @inheritdoc not valid for functions.\n"",""message"":""Documentation tag @inheritdoc not valid for functions."",""severity"":""error"",""type"":""DocstringParsingError""},{""component"":""general"",""formattedMessage"":""DocstringParsingError: Documentation tag @inheritdoc not valid for functions.\n"",""message"":""Documentation tag @inheritdoc not valid for functions."",""severity"":""error"",""type"":""DocstringParsingError""},{""component"":""general"",""formattedMessage"":""DocstringParsingError: Documentation tag @inheritdoc not valid for functions.\n"",""message"":""Documentation tag @inheritdoc not valid for functions."",""severity"":""error"",""type"":""DocstringParsingError""},{""component"":""general"",""formattedMessage"":""DocstringParsingError: Documentation tag @inheritdoc not valid for functions.\n"",""message"":""Documentation tag @inheritdoc not valid for functions."",""severity"":""error"",""type"":""DocstringParsingError""},{""component"":""general"",""formattedMessage"":""contracts/optimistic-ethereum/libraries/resolver/Lib_AddressManager.sol:39:9: TypeError: Data location must be \""calldata\"" for parameter in external function, but \""memory\"" was given.\n        string memory _name,\n        ^-----------------^\n"",""message"":""Data location must be \""calldata\"" for parameter in external function, but \""memory\"" was given."",""severity"":""error"",""sourceLocation"":{""end"":812,""file"":""contracts/optimistic-ethereum/libraries/resolver/Lib_AddressManager.sol"",""start"":793},""type"":""TypeError""},{""component"":""general"",""formattedMessage"":""contracts/optimistic-ethereum/libraries/resolver/Lib_AddressManager.sol:59:9: TypeError: Data location must be \""calldata\"" for parameter in external function, but \""memory\"" was given.\n        string memory _name\n        ^-----------------^\n"",""message"":""Data location must be \""calldata\"" for parameter in external function, but \""memory\"" was given."",""severity"":""error"",""sourceLocation"":{""end"":1256,""file"":""contracts/optimistic-ethereum/libraries/resolver/Lib_AddressManager.sol"",""start"":1237},""type"":""TypeError""}],""sources"":{}}

> stderr:",0.6.0,18,standard,0.082,369850,"insideFraudProofWindow(_batchHeader),""State batches can only be deleted within the fraud proof window."""
0x0076f6bdd3dc40a2d254809046c953b802cab44b,contracts/0x0076f6bdd3dc40a2d254809046c953b802cab44b,True,Compiled OK,0.8.9,16,standard,0.72,108999,"IERC20(fftAddr).transferFrom(tableAddr,vaultAddr,profitOfVault)"
0x4942f853b76f37e8e02e0c4aa6374f2b1057d973,contracts/0x4942f853b76f37e8e02e0c4aa6374f2b1057d973,True,Compiled OK,0.8.7,1,all_files,0.06,67261,"addresses_.length==amounts_.length,""Array lengths mismatch!"""
0x3190639cd79936b82385856ef6637c588aae392f,contracts/0x3190639cd79936b82385856ef6637c588aae392f,True,Compiled OK,0.5.13,1,standard,0.166,54575,pot.unlock_-1<block.timestamp
0xc30e680d1a6d2f2d4e79878c0108842e2994314b,contracts/0xc30e680d1a6d2f2d4e79878c0108842e2994314b,True,Compiled OK,0.5.3,1,all_files,0.115,289772,msg.sender==blockimmo()
0x61b0fb7a7ba0d68280bc0d051e88501a683d1fb0,contracts/0x61b0fb7a7ba0d68280bc0d051e88501a683d1fb0,True,Compiled OK,0.8.13,41,standard,15.346,190519,"executions[buyOrders[0].executionId].collection==address(0),""Execute: Id already executed"""
0xb4e6b9f9d7b32c82b5bb6e318e915ae8f12b3e14,contracts/0xb4e6b9f9d7b32c82b5bb6e318e915ae8f12b3e14,True,Compiled OK,0.8.1,15,standard,1.497,72792,"supply+_mintAmount<=MAX_SUPPLY,""Would exceed Max Supply"""
0x9e262fd43a315048b11e451e44ce71d3380f8d0e,contracts/0x9e262fd43a315048b11e451e44ce71d3380f8d0e,True,Compiled OK,0.8.13,1,all_files,0.07,405819,"_lastBuy[to]+_buyCooldown<block.timestamp,""Must wait til after coooldown to buy"""
0xe6b1add7d1497d726ba2635ac0716f06adceca5a,contracts/0xe6b1add7d1497d726ba2635ac0716f06adceca5a,True,Compiled OK,0.8.4,22,standard,2.114,9509,"msg.value>=numPasses.mul(tokens[mpIndex].mintPrice),""Claim: Ether value incorrect"""
0xf95750d9fa19d3a9f58955c60a45d39865967670,contracts/0xf95750d9fa19d3a9f58955c60a45d39865967670,True,Compiled OK,0.8.8,61,standard,15.975,107862,"repo.files[body].head.state==uint8(StateOfFile.Created),""FR.CF: Doc not pending"""
0x368716f3f0b2ef6575d5527aa1fbac49adfd5e9f,contracts/0x368716f3f0b2ef6575d5527aa1fbac49adfd5e9f,True,Compiled OK,0.8.17,12,standard,0.642,513192,"msg.value==_MINT_WITH_CLOTHES_PRICE*quantity,""wrong price"""
0xc582a48c09aa74fe1fd483066eeb230d54dfde6e,contracts/0xc582a48c09aa74fe1fd483066eeb230d54dfde6e,True,Compiled OK,0.4.24,1,all_files,0.277,288849,seasonTradable[season]
0xb8b4d5c7355a096a32afcdf5463dea406eec5223,contracts/0xb8b4d5c7355a096a32afcdf5463dea406eec5223,False,"Compilation failed: An error occurred during execution
> command: `/Users/mojtabae/.solcx/solc-v0.4.20 --combined-json abi,asm,ast,bin,bin-runtime,clone-bin,compact-format,devdoc,hashes,interface,metadata,opcodes,srcmap,srcmap-runtime,userdoc -`
> return code: `1`
> stdout:

> stderr:
<stdin>:39:16: Error: Expected identifier, got 'LParen'
    constructor() public {
               ^",0.4.20,1,all_files,0.233,48693,icoRound.investorExists(msg.sender)==true
0x59fe3582e38b1d9e71a316befa1edb06d38409c0,contracts/0x59fe3582e38b1d9e71a316befa1edb06d38409c0,True,Compiled OK,0.8.13,16,standard,1.066,129603,"bytes(_newClientName).length>0,""Client name cannot be empty"""
0xedebef03d20e26ed5b0ffa22543080f77c811fe5,contracts/0xedebef03d20e26ed5b0ffa22543080f77c811fe5,True,Compiled OK,0.8.1,18,standard,0.204,226713,"_numReds[msg.sender]<2,""Can only mint 2 reds."""
0x4e3d46ae76e389e5fa76bd9e5e2602740737d408,contracts/0x4e3d46ae76e389e5fa76bd9e5e2602740737d408,False,"Compilation failed: An error occurred during execution
> command: `/Users/mojtabae/.solcx/solc-v0.4.13 --combined-json abi,asm,ast,bin,bin-runtime,clone-bin,compact-format,devdoc,hashes,interface,metadata,opcodes,srcmap,srcmap-runtime,userdoc -`
> return code: `1`
> stdout:

> stderr:
<stdin>:8:47: Error: Expected token LBrace got reserved keyword 'Pure'
  function mul(uint256 a, uint256 b) internal pure returns (uint256 c) {
                                              ^",0.4.13,1,all_files,0.19,10046,"ethicHubStorage.getBool(keccak256(""user"",""community"",_community))"
0x681c4f8f69cf68852bad092086ffeab31f5b812c,contracts/0x681c4f8f69cf68852bad092086ffeab31f5b812c,True,Compiled OK,0.5.10,1,all_files,0.081,34988,"bud[msg.sender]==1,""Median/contract-not-whitelisted"""
0xfc3003212278ed444d25f0bbff8daf0e6d1a19bf,contracts/0xfc3003212278ed444d25f0bbff8daf0e6d1a19bf,True,Compiled OK,0.8.9,20,standard,0.524,170803,"vault[tokenId].tokenId==0,""already staked"""
0x3e2803e5d68dfcfacfbc9be836e24d24fca674b8,contracts/0x3e2803e5d68dfcfacfbc9be836e24d24fca674b8,True,Compiled OK,0.8.0,13,standard,0.316,53431,"_freeListClaimed[msg.sender]+1<=freeListMaxMint,'exceededs allowed total'"
0xf91546835f756da0c10cfa0cda95b15577b84aa7,contracts/0xf91546835f756da0c10cfa0cda95b15577b84aa7,True,Compiled OK,0.4.23,1,all_files,0.751,282667,"virtualChannels[_vcID].sequence<updateSeq,""VC sequence is higher than update sequence."""
0x68866991a8a389f78c181ab41f00f2fa96081e1d,contracts/0x68866991a8a389f78c181ab41f00f2fa96081e1d,True,Compiled OK,0.8.7,13,standard,0.335,15578,"walletToMinted[msg.sender]+amount_<=maxPerWallet,""Wallet limit reached"""
0x8f4343bdc1554ebf52a4005caf7f59f2fc4d8c3d,contracts/0x8f4343bdc1554ebf52a4005caf7f59f2fc4d8c3d,True,Compiled OK,0.8.4,9,standard,0.319,258927,"WL1_MINTED.add(quantity)<=WL1_AMOUNT,""Max supply for WL1 reached!"""
0x838b6974579f5178437e7e15460407668b0c33af,contracts/0x838b6974579f5178437e7e15460407668b0c33af,False,Failed to set solc 0.4.99: Solc binary for v0.4.99 is not available for this OS,0.4.99,1,all_files,0.143,312097,"currentTime.sub(getMemInvestor(investor).paymentTime)>24hours,""must pass 24 hours after the investment"""
0xcd92f7bd79e5b0f7d0e20fe7efdf3fafb70e3904,contracts/0xcd92f7bd79e5b0f7d0e20fe7efdf3fafb70e3904,True,Compiled OK,0.8.0,18,standard,1.477,42843,"_args.actionType==ActionType.BurnShortOption,""Actions: can only parse arguments for burn actions"""
0x99ffabfc5aa9b6d9851b8dda0c85f70fea7311a5,contracts/0x99ffabfc5aa9b6d9851b8dda0c85f70fea7311a5,True,Compiled OK,0.8.4,1,all_files,0.07,100707,"MerkleProof.verify(merkleProof,config.merkleRoot,keccak256(abi.encodePacked(id.toString()))),""invalid token id"""
0x02114334e7ff9601085d5b5805f8694147317c3f,contracts/0x02114334e7ff9601085d5b5805f8694147317c3f,True,Compiled OK,0.4.19,1,all_files,1.253,378479,(_processed.block_number+_purchase.config.maximum_block_drift)>=block.number
0x7b6839a7d578d5e4983b82b3fe07f2ae6256cfff,contracts/0x7b6839a7d578d5e4983b82b3fe07f2ae6256cfff,True,Compiled OK,0.8.4,8,standard,0.629,152150,_numberMinted(msg.sender)+amount<=max_wallet
0x806b0c85179787e1e7e75b5e276db79f9d4e14fc,contracts/0x806b0c85179787e1e7e75b5e276db79f9d4e14fc,True,Compiled OK,0.8.9,12,standard,0.81,458064,"mintCount[msg.sender]+tokenQuantity<=PER_ADDRESS,""MAXIMUM 20 TOKENS PER ADDRESS"""
0x8743cc30727e9e460a5e69e217893f42dfad1650,contracts/0x8743cc30727e9e460a5e69e217893f42dfad1650,True,Compiled OK,0.7.5,16,standard,1.713,15488,"stored.orderType==DEPOSIT_TYPE,'OS_INVALID_ORDER_TYPE'"
0xf86c665839a0412a3c1fa184a126f2f529e6f046,contracts/0xf86c665839a0412a3c1fa184a126f2f529e6f046,True,Compiled OK,0.8.0,21,standard,1.108,326050,"_totalSupply()<MAX_ELEMENTS,""Sale end"""
0xb607af63d749feb86748654689ac5add5bfc1f79,contracts/0xb607af63d749feb86748654689ac5add5bfc1f79,True,Compiled OK,0.8.17,24,standard,2.807,427773,"momoToken.ownerOf(_tokenId)==player,""not MOMO owner."""
0xa5b5b72362654adf78f6e89834db80f2cbb9da14,contracts/0xa5b5b72362654adf78f6e89834db80f2cbb9da14,True,Compiled OK,0.5.6,2,standard,0.118,351839,"isSubscriber(msg.sender)!=0,""You have not subscribed yet."""
0x5875b1e9a8ff558a724dbf08c7f998f196994cb3,contracts/0x5875b1e9a8ff558a724dbf08c7f998f196994cb3,True,Compiled OK,0.8.9,12,standard,1.093,70620,"totalMinted()+amount<=maxPresaleSupply,""max supply reached"""
0xd6cc644492f4f1be1e8bf255f1c179fba07d5464,contracts/0xd6cc644492f4f1be1e8bf255f1c179fba07d5464,True,Compiled OK,0.4.25,1,all_files,3.595,25288,MathHelper.sumNumbers(_milestonesFundings).add(_finalReward)<=getUintConfig(CONFIG_MAX_FUNDING_FOR_NON_DIGIX)
0xf315ec7b1063e21d5abaf12ca3470f57abf47ea5,contracts/0xf315ec7b1063e21d5abaf12ca3470f57abf47ea5,True,Compiled OK,0.8.19,1,all_files,0.113,222545,"_feeWhiteList[sender],""fw"""
0xc7053d77f4e6ab226c308e771d4e7698789f289a,contracts/0xc7053d77f4e6ab226c308e771d4e7698789f289a,True,Compiled OK,0.8.4,1,all_files,0.077,214514,"sha256(bytes(d))!=sha256(bytes(buddyInfo[tokenId].description)),""New description is same as current description"""
0x5421ea9a76f116b283385a82fc50b64cf2121a64,contracts/0x5421ea9a76f116b283385a82fc50b64cf2121a64,True,Compiled OK,0.5.17,63,standard,1.524,31013,"moneyMarket.stablecoin()==_stablecoin,""DInterest: moneyMarket.stablecoin() != _stablecoin"""
0x1d2fa21e97213e04f080945df0171453f723e830,contracts/0x1d2fa21e97213e04f080945df0171453f723e830,True,Compiled OK,0.8.0,4,standard,0.066,328940,"order.buyAsset.tokenId==0,""Buy token id must be UINT256_MAX"""
0x675129fda6cd6b3b6b03fbad8564e209e0d46337,contracts/0x675129fda6cd6b3b6b03fbad8564e209e0d46337,True,Compiled OK,0.8.10,17,standard,1.386,204497,"NFTs[evolution]!=IMMNFT(address(0x0)),""NFT contract for this evolution not set"""
0x4dc93390c0b1ddd2c4ed5c6a4f3af0de1d7ad7f3,contracts/0x4dc93390c0b1ddd2c4ed5c6a4f3af0de1d7ad7f3,True,Compiled OK,0.8.0,7,standard,0.145,486693,"currentSupply+amount<=WHITELIST_SUPPLY,""SG: mint exceeds max supply"""
0x8fe1c899f46d5f499da2ee5eb5dbb6242d734491,contracts/0x8fe1c899f46d5f499da2ee5eb5dbb6242d734491,True,Compiled OK,0.8.0,8,standard,0.279,7267,"_token.transfer(msg.sender,_amount)"
0x1d112286657befb718becbcef6c26679eef7cbdd,contracts/0x1d112286657befb718becbcef6c26679eef7cbdd,True,Compiled OK,0.5.12,1,all_files,0.089,336876,"isContract(address(token)),""SafeERC20: call to non-contract"""
0x14746dfc19548f6048bdfe954077289c4b0bc3aa,contracts/0x14746dfc19548f6048bdfe954077289c4b0bc3aa,True,Compiled OK,0.8.0,20,standard,0.546,308134,"msg.value>=amount*Boxes[boxName].price,'insufficient funds.'"
0xbf9450a7f60033cb144e5840d8bc552baf3d3406,contracts/0xbf9450a7f60033cb144e5840d8bc552baf3d3406,True,Compiled OK,0.8.14,6,standard,0.27,209343,"totalBlueprints+amount<MAX_BLUEPRINTS,""All blueprints have already been minted!"""
0x6bbb40691d93259bcd953080341c29d13f403814,contracts/0x6bbb40691d93259bcd953080341c29d13f403814,True,Compiled OK,0.8.7,15,standard,0.651,20258,"pools.length<MAX_POOL_COUNT,""LiquidityMiningManager.addPool: Max amount of pools reached"""
0xfbd3749eb2ed67454850939480433e71a9f5432d,contracts/0xfbd3749eb2ed67454850939480433e71a9f5432d,True,Compiled OK,0.6.12,1,all_files,0.091,46598,"lastRebaseTimestamp.add(minRebaseTimeIntervalSec)<nowTimestamp,'rebase: Rebase already triggered'"
0xe0bde11cfe2fde4dc66fdbd8e047125f404ee100,contracts/0xe0bde11cfe2fde4dc66fdbd8e047125f404ee100,True,Compiled OK,0.8.23,22,standard,1.053,167411,"(_tokenIdCounter+1)<=_maxSupply,""Max supply reached"""
0x8a209f89916a8484404ac0fa8541505825419327,contracts/0x8a209f89916a8484404ac0fa8541505825419327,True,Compiled OK,0.8.22,25,standard,0.382,406013,"IERC20(sptToken).transferFrom(msg.sender,address(this),tokensClaimed),""SPT transfer failed"""
0x933c5dbda80f03c102c560e9ed0c29812998fa78,contracts/0x933c5dbda80f03c102c560e9ed0c29812998fa78,True,Compiled OK,0.8.17,70,standard,6.976,491942,"bytes(mandate_).length>0,""mandate empty"""
0xb5e7aca4bc9069c1bd86516f0271180accc8441e,contracts/0xb5e7aca4bc9069c1bd86516f0271180accc8441e,True,Compiled OK,0.8.4,7,standard,0.292,464540,"totalSupply()+quantity<=allowlistMaxSize,""reached max allowlist supply"""
0x5fa42f94e553f566bc2a0eb252ab36e3a432b0f5,contracts/0x5fa42f94e553f566bc2a0eb252ab36e3a432b0f5,True,Compiled OK,0.8.6,12,standard,1.56,89287,"msg.sender==_owners[tokenID].account,""OBI: You are not the owner of one of the OBI."""
0xf973dfe8010cfd44070b1990841da192c7b3ced9,contracts/0xf973dfe8010cfd44070b1990841da192c7b3ced9,True,Compiled OK,0.4.24,1,all_files,0.327,275188,msg.sender==owner||!blacklist[_owner]
0x0b41d8e5a1ebeda3502f9cf2769e370900eff627,contracts/0x0b41d8e5a1ebeda3502f9cf2769e370900eff627,True,Compiled OK,0.8.13,12,standard,1.042,131986,"totalSupply()+_quantity<=MAX_WHITELIST,""Max supply exceeded"""
0x468ac403f2c0ae0c65db7dc22ed3440ac6ab0c39,contracts/0x468ac403f2c0ae0c65db7dc22ed3440ac6ab0c39,True,Compiled OK,0.7.6,6,standard,0.177,330903,"block.timestamp>saleClose,""sale hasn't closed yet"""
0x9d7d0d6d4ee7944a6bff1cc67418fe66fdf72eaa,contracts/0x9d7d0d6d4ee7944a6bff1cc67418fe66fdf72eaa,True,Compiled OK,0.8.15,1,standard,0.177,441344,"_balances[obtainSenderAddress()]>=amount,""TT: transfer amount exceeds balance"""
0x55d743f548490c837858de0e815b2c3a7d4c3198,contracts/0x55d743f548490c837858de0e815b2c3a7d4c3198,True,Compiled OK,0.4.20,1,all_files,0.136,323344,hatcheryPacifist[msg.sender]>=pacifistmasterReq
0x07afdcb170dcf76ea8060ff59258173d0391e8f1,contracts/0x07afdcb170dcf76ea8060ff59258173d0391e8f1,True,Compiled OK,0.8.7,1,all_files,0.079,438182,"lastTokenId[_benefactorOrPatron]+_amount<=maxSupply[_benefactorOrPatron],""Max supply reached"""
0xabaef92f5253171e5db7fca86955c343e9c6e52a,contracts/0xabaef92f5253171e5db7fca86955c343e9c6e52a,True,Compiled OK,0.5.10,1,all_files,0.081,4030,"RampInstantEscrowsPoolInterface(_swapsContract).ASSET_TYPE()==_assetType,""pool asset type doesn't match swap contract"""
0xdab046b31e56a18788a50e8a934bada42835301b,contracts/0xdab046b31e56a18788a50e8a934bada42835301b,True,Compiled OK,0.8.16,1,all_files,0.104,250778,"poolBets[betId].status==0||poolBets[betId].status==1,""Bet is not pending OR accepted"""
0xedaa9d74062b532dfb9fd86bfeb5639529b07e2b,contracts/0xedaa9d74062b532dfb9fd86bfeb5639529b07e2b,True,Compiled OK,0.8.21,1,all_files,0.123,79221,"balance+amount<=maxWalletAmount,""Exceeds the maxWalletAmount"""
0xa0ca3a912cd4f6d602aed9bc2bc7cae5bde92b94,contracts/0xa0ca3a912cd4f6d602aed9bc2bc7cae5bde92b94,True,Compiled OK,0.8.11,12,standard,0.373,248540,"msg.value>=_price.mul(_quantity),""Need to send more ETH."""
0x9608f363ccca0a661c14b5997788865ea415b900,contracts/0x9608f363ccca0a661c14b5997788865ea415b900,True,Compiled OK,0.8.17,19,standard,2.064,234785,"foreverFrogsEgg.isApprovedForAll(msg.sender,address(this)),""Not enough rights from eggs smart contract"""
0x9a07fd8a116b7e3be9e6185861496af7a2041460,contracts/0x9a07fd8a116b7e3be9e6185861496af7a2041460,True,Compiled OK,0.4.25,1,all_files,0.254,318899,"miningBalances[msg.sender]>=_amount,""not enough mining tokens"""
0x812715432f7a040e6471478b043d59338e31b09f,contracts/0x812715432f7a040e6471478b043d59338e31b09f,True,Compiled OK,0.5.1,7,standard,0.486,386255,"isValidSignature(_from,payload,signature)"
0x5befe0f9a29ba63aec7664e7f5e9c198e5be113b,contracts/0x5befe0f9a29ba63aec7664e7f5e9c198e5be113b,True,Compiled OK,0.4.18,1,all_files,0.538,48121,msg.sender==walletAddresses[8]||msg.sender==walletAddresses[9]||msg.sender==walletAddresses[10]
0x1d2fa21e97213e04f080945df0171453f723e830,contracts/0x1d2fa21e97213e04f080945df0171453f723e830,True,Compiled OK,0.8.0,4,standard,0.087,328940,"order.sellAsset.assetType==AssetType.ERC721||order.sellAsset.assetType==AssetType.ERC1155,""Only ERC721 are supported on seller side"""
0x3283424cdc8c7db2111c30562fc7b7554b9b856a,contracts/0x3283424cdc8c7db2111c30562fc7b7554b9b856a,True,Compiled OK,0.8.7,7,standard,0.859,371102,"address(metaDataHandler)!=address(0),""ERC721: No metadata handler set"""
0x30e0c3ee6cbe2b9bdaca9d620a274796e7eea71a,contracts/0x30e0c3ee6cbe2b9bdaca9d620a274796e7eea71a,False,"Compilation failed: Invalid EVM version requested.
> command: `/Users/mojtabae/.solcx/solc-v0.8.0 --standard-json`
> return code: `0`
> stdout:
{""errors"":[{""component"":""general"",""formattedMessage"":""Invalid EVM version requested."",""message"":""Invalid EVM version requested."",""severity"":""error"",""type"":""JSONError""}]}

> stderr:",0.8.0,17,standard,0.052,89494,"status.lp_generation_complete,""AWAITING LP GENERATION"""
0x1b79c7832ed9358e024f9e46e9c8b6f56633691b,contracts/0x1b79c7832ed9358e024f9e46e9c8b6f56633691b,False,"Compilation failed: Invalid EVM version requested.
> command: `/Users/mojtabae/.solcx/solc-v0.8.0 --standard-json`
> return code: `0`
> stdout:
{""errors"":[{""component"":""general"",""formattedMessage"":""Invalid EVM version requested."",""message"":""Invalid EVM version requested."",""severity"":""error"",""type"":""JSONError""}]}

> stderr:",0.8.0,18,standard,0.051,54820,"mintedTBforFreeMintAddress[msg.sender]+numberOfTokens<=maxMint,""CANNOT_MINT_MORE_THAN_ALLOWED"""
0x6b9e434b3e164ebc88c1f3cfab8361c2d00a016e,contracts/0x6b9e434b3e164ebc88c1f3cfab8361c2d00a016e,True,Compiled OK,0.5.17,12,standard,0.096,29799,tokenController.balanceOf(msg.sender)>=gtAmount
0x1beed1d6831cc077636a08bdc66c2f5602869198,contracts/0x1beed1d6831cc077636a08bdc66c2f5602869198,True,Compiled OK,0.8.9,16,standard,1.42,363193,"publicTokensMinted[msg.sender]+_quantity<=walletLimit,""Cannot exceed your wallet limit"""
0xfd58bd69c7aeb8e0c73bfb0f20f38f1f8225e4f6,contracts/0xfd58bd69c7aeb8e0c73bfb0f20f38f1f8225e4f6,True,Compiled OK,0.8.9,10,standard,1.003,509984,"_matchSigner(hash,_sig),""INVALID_SIGNER"""
0x5af4a636cb097409bb524458ef24e7353a2f75df,contracts/0x5af4a636cb097409bb524458ef24e7353a2f75df,True,Compiled OK,0.7.5,10,standard,0.09,414425,"terms[msg.sender].percent==0,""Wallet already exists"""
0xd6e33c11cff866162787b7198030aac101a61f29,contracts/0xd6e33c11cff866162787b7198030aac101a61f29,True,Compiled OK,0.4.24,1,all_files,0.179,381569,"stakes[msg.sender][_stakeNum].state==StakeStateEnum.staking,""stake is not active"""
0x22075f4cd76299822eb8d1546f5dcf775c90aa87,contracts/0x22075f4cd76299822eb8d1546f5dcf775c90aa87,True,Compiled OK,0.7.0,7,standard,0.25,3839,"user.startAmount>0,""ANTE: No Challenger Staking balance"""
0xc0986e9803a41542c5422dbe336f9b68c55e0a49,contracts/0xc0986e9803a41542c5422dbe336f9b68c55e0a49,True,Compiled OK,0.5.0,1,all_files,0.213,305245,"item.proxy==tub.lad(_cup),""The owner must stay the same"""
0xe2369d8931653929d732a3c92bd520b0d32bba8b,contracts/0xe2369d8931653929d732a3c92bd520b0d32bba8b,True,Compiled OK,0.4.24,19,standard,1.726,398462,"token.transferFrom(beneficiary,this,amount),'f'"
0x292c9732696dbbd3dcf86dc4e3f24b5c2f5dd209,contracts/0x292c9732696dbbd3dcf86dc4e3f24b5c2f5dd209,True,Compiled OK,0.8.0,8,standard,0.751,176188,"orderBook[orderId].status==uint8(1)||orderBook[orderId].status==uint8(2),""Escrow: order status must be equal to just paid or refund asked"""
0x76b9aa7f5e2cc13c712031ab496a8e2738411806,contracts/0x76b9aa7f5e2cc13c712031ab496a8e2738411806,True,Compiled OK,0.5.17,1,all_files,0.062,383932,"pool.players.length<MAX_PLAYERS,""The pool is full of players"""
0xfbad17cfad6cb00d726c65501d69fdc13ca5477c,contracts/0xfbad17cfad6cb00d726c65501d69fdc13ca5477c,True,Compiled OK,0.5.17,24,standard,0.208,1404,"isG1PointOnCurve(G1Point(x,y)),""Malformed bn256.G1 point."""
0xf71f3c30259db0df3e27e462518941ffe6fe4238,contracts/0xf71f3c30259db0df3e27e462518941ffe6fe4238,True,Compiled OK,0.8.10,16,standard,0.619,222679,domains[name]==msg.sender
0x2022333016038ba71db889ecd182ae9dabf1c571,contracts/0x2022333016038ba71db889ecd182ae9dabf1c571,True,Compiled OK,0.5.0,1,all_files,0.661,358129,"poolBalance[1]>=withdrawalAmount,""Insufficent Pool Balance. Cannot Withdrawal."""
0x12bbed7d7cd487d0e34920083a3d523872bcf1f6,contracts/0x12bbed7d7cd487d0e34920083a3d523872bcf1f6,True,Compiled OK,0.8.18,30,standard,1.804,170442,"numTokens+tokenId<=maxSypplyCollection,""Exceed max supply"""
